<?xml version="1.0" encoding="UTF-8"?>
<includes>

	<include name="defaultsettings_List_Content">
		<!-- General -->
		<control type="label" id="1">
			<description>General</description>
			<visible>Control.IsVisible(2)</visible>
			<include content="skinsettings_Default_Label" />
			<label>$LOCALIZE[128]</label>
		</control>
		<include content="defaultsettings_Radio_Button_Default_Off">
			<param name="id" value="2" />
			<param name="info" value="filelists.showparentdiritems" />
			<param name="label" value="$LOCALIZE[13306]" />
		</include>
		<!-- Videos -->
		<control type="label" id="3">
			<description>Video</description>
			<visible>Control.IsVisible(4) | Control.IsVisible(5) | Control.isVisible(6) | Control.IsVisible(7) | Control.IsVisible(8) | Control.IsVisible(9) | Control.IsVisible(10) | Control.IsVisible(11) | Control.IsVisible(12) | Control.IsVisible(13) | Control.IsVisible(14)</visible>
			<include content="skinsettings_Default_Label" />
			<label>$LOCALIZE[157]</label>
		</control>
		<include content="defaultsettings_Radio_Button_Default_Off">
			<param name="id" value="4" />
			<param name="info" value="videolibrary.showallitems" />
			<param name="label" value="$LOCALIZE[38011]" />
		</include>
		<include content="defaultsettings_Radio_Button_Default_On">
			<param name="id" value="5" />
			<param name="info" value="videolibrary.groupmoviesets" />
			<param name="label" value="$LOCALIZE[20458]" />
		</include>
		<include content="defaultsettings_Radio_Button_NoTexture">
			<param name="id" value="6" />
			<param name="info" value="videolibrary.flattentvshows" />
			<param name="label" value="$LOCALIZE[20412]" />
			<param name="label2" value="$VAR[defaultsettings_videolibrary.flattentvshows_Label2]" />
		</include>
		<include content="defaultsettings_Radio_Button_Default_Off">
			<param name="id" value="7" />
			<param name="info" value="videolibrary.showemptytvshows" />
			<param name="label" value="$LOCALIZE[20471]" />
		</include>
		<include content="defaultsettings_Radio_Button_NoTexture">
			<param name="id" value="8" />
			<param name="info" value="videolibrary.tvshowsselectfirstunwatcheditem" />
			<param name="label" value="$LOCALIZE[21416]" />
			<param name="label2" value="$VAR[defaultsettings_videolibrary.tvshowsselectfirstunwatcheditem_Label2]" />
		</include>
		<include content="defaultsettings_Radio_Button_NoTexture">
			<param name="id" value="9" />
			<param name="info" value="videolibrary.tvshowsincludeallseasonsandspecials" />
			<param name="label" value="$LOCALIZE[21472]" />
			<param name="label2" value="$VAR[defaultsettings_videolibrary.tvshowsincludeallseasonsandspecials_Label2]" />
		</include>
		<include content="defaultsettings_Radio_Button_NoTexture">
			<param name="id" value="10" />
			<param name="info" value="videolibrary.artworklevel" />
			<param name="label" value="$LOCALIZE[39137]" />
			<param name="label2" value="$VAR[defaultsettings_videolibrary.artworklevel_Label2]" />
		</include>
		<include content="defaultsettings_Radio_Button_NoTexture">
			<param name="id" value="11" />
			<param name="visible" value="Skin.HasSetting(videolibrary.artworklevel)" />
			<param name="info" value="videolibrary.movieartwhitelist" />
			<param name="label" value="$LOCALIZE[39143]" />
			<param name="label2" value="$VAR[defaultsettings_videolibrary.movieartwhitelist_Label2]" />
		</include>
		<include content="defaultsettings_Radio_Button_NoTexture_Disabled">
			<param name="id" value="12" />
			<param name="visible" value="!Skin.HasSetting(videolibrary.artworklevel)" />
			<param name="info" value="videolibrary.movieartwhitelist" />
			<param name="label" value="$LOCALIZE[39143]" />
			<param name="label2" value="$VAR[defaultsettings_videolibrary.movieartwhitelist_Label2]" />
		</include>
		<include content="defaultsettings_Radio_Button_NoTexture">
			<param name="id" value="13" />
			<param name="visible" value="Skin.HasSetting(videolibrary.artworklevel)" />
			<param name="info" value="videolibrary.tvshowartwhitelist" />
			<param name="label" value="$LOCALIZE[39145]" />
			<param name="label2" value="$VAR[defaultsettings_videolibrary.tvshowartwhitelist_Label2]" />
		</include>
		<include content="defaultsettings_Radio_Button_NoTexture_Disabled">
			<param name="id" value="14" />
			<param name="visible" value="!Skin.HasSetting(videolibrary.artworklevel)" />
			<param name="info" value="videolibrary.tvshowartwhitelist" />
			<param name="label" value="$LOCALIZE[39145]" />
			<param name="label2" value="$VAR[defaultsettings_videolibrary.tvshowartwhitelist_Label2]" />
		</include>
		<!-- Music -->
		<control type="label" id="15">
			<description>Music</description>
			<visible>Control.IsVisible(16) | Control.IsVisible(17)</visible>
			<include content="skinsettings_Default_Label" />
			<label>$LOCALIZE[2]</label>
		</control>
		<include content="defaultsettings_Radio_Button_Default_Off">
			<param name="id" value="16" />
			<param name="info" value="musiclibrary.showallitems" />
			<param name="label" value="$LOCALIZE[38011]" />
		</include>
		<include content="defaultsettings_Radio_Button_Default_Off">
			<param name="id" value="17" />
			<param name="info" value="musiclibrary.showcompilationartists" />
			<param name="label" value="$LOCALIZE[13414]" />
		</include>
		<!-- Pictures -->
		<control type="label" id="18">
			<description>Pictures</description>
			<visible>Control.IsVisible(19)</visible>
			<include content="skinsettings_Default_Label" />
			<label>$LOCALIZE[1]</label>
		</control>
		<include content="defaultsettings_Radio_Button_Default_On">
			<param name="id" value="19" />
			<param name="info" value="pictures.generatethumbs" />
			<param name="label" value="$LOCALIZE[13360]" />
		</include>
	</include>

	<include name="profiles_Left_List_Content">
		<control type="button" id="100">
			<onright>501</onright>
			<label>$LOCALIZE[128]</label>
			<usealttexture>!Control.HasFocus(500)</usealttexture>
			<texturefocus />
		</control>
		<control type="togglebutton" id="101">
			<onright>2</onright>
			<label>$LOCALIZE[13200]</label>
			<texturefocus />
		</control>
	</include>

	<include name="profiles_Right_List_Content">
		<control type="radiobutton" id="4">
			<description>Enable login screen</description>
			<label>20096</label>
		</control>
		<control type="button" id="5">
			<description>Auto login</description>
			<label>33084</label>
			<label2>$INFO[System.ProfileAutoLogin]</label2>
			<enable>!System.HasLoginScreen</enable>
		</control>
	</include>

	<include name="skinsettings_Left_List_Content">
		<control type="button" id="10">
			<description>General</description>
			<label>$LOCALIZE[31400]</label>
			<texturefocus />
		</control>
		<control type="button" id="12">
			<description>Menus</description>
			<label>$LOCALIZE[31416]</label>
			<texturefocus />
		</control>
		<control type="button" id="16">
			<description>Background</description>
			<label>$LOCALIZE[31432]</label>
			<texturefocus />
		</control>
		<control type="button" id="11">
			<description>Home</description>
			<label>$LOCALIZE[31401]</label>
			<texturefocus />
		</control>
		<control type="button" id="13">
			<description>Views</description>
			<label>$LOCALIZE[31403]</label>
			<texturefocus />
		</control>
		<control type="button" id="14">
			<description>Customisations</description>
			<label>$LOCALIZE[31404]</label>
			<texturefocus />
		</control>
		<control type="button" id="15">
			<description>Extras</description>
			<label>$LOCALIZE[31405]</label>
			<texturefocus />
		</control>
	</include>

	<include name="skinsettings_Right_List_Content_Home">
		<!-- General -->
		<control type="label" id="1000">
			<description>Look and feel</description>
			<visible>!ControlGroup(9).HasFocus(11) + !ControlGroup(9).HasFocus(12) + !ControlGroup(9).HasFocus(13) + !ControlGroup(9).HasFocus(14) + !ControlGroup(9).HasFocus(15) + !ControlGroup(9).HasFocus(16) + !ControlGroup(9).HasFocus(17)</visible>
			<include content="skinsettings_Default_Label" />
			<label>$LOCALIZE[24997]</label>
			<animation effect="slide" start="0" end="0,-1" condition="true">Conditional</animation>
		</control>
		<control type="image" id="1001">
			<description>Themes screenshot</description>
			<visible>!ControlGroup(9).HasFocus(11) + !ControlGroup(9).HasFocus(12) + !ControlGroup(9).HasFocus(13) + !ControlGroup(9).HasFocus(14) + !ControlGroup(9).HasFocus(15) + !ControlGroup(9).HasFocus(16) + !ControlGroup(9).HasFocus(17)</visible>
			<include content="skinsettings_Detfault_Image" />
			<texture>$VAR[skinsettings_Themes_Screenshots]</texture>
		</control>
		<control type="radiobutton" id="1002">
			<description>Night / Light</description>
			<visible>!ControlGroup(9).HasFocus(11) + !ControlGroup(9).HasFocus(12) + !ControlGroup(9).HasFocus(13) + !ControlGroup(9).HasFocus(14) + !ControlGroup(9).HasFocus(15) + !ControlGroup(9).HasFocus(16) + !ControlGroup(9).HasFocus(17)</visible>
			<label>$LOCALIZE[15111]</label>
			<label2>$VAR[Theme_Label]</label2>
			<selected>!Skin.String(Theme,Light)</selected>
			<onclick condition="!Skin.String(Theme,Light)">Skin.SetString(Theme,Light)</onclick>
			<onclick condition="Skin.String(Theme,Light)">Skin.SetString(Theme,Dark)</onclick>
			<textureradioonfocus />
			<textureradioofffocus />
			<textureradioonnofocus />
			<textureradiooffnofocus />
			<textureradioondisabled />
			<textureradiooffdisabled />
		</control>
		<control type="colorbutton" id="1003">
			<description>Accent colour</description>
			<visible>ControlGroup(9).HasFocus(10)</visible>
			<label>$LOCALIZE[31409]</label>
			<onclick>Skin.SetColor(User_Defined_Accent_Color,31410,ff5174)</onclick>
			<colorbox>$VAR[Accent_Color]</colorbox>
		</control>
		<control type="button" id="1004">
			<description>Reset accent colour</description>
			<visible>ControlGroup(9).HasFocus(10)</visible>
			<visible>!Skin.String(User_Defined_Accent_Color,copacetic_accent_color)</visible>
			<label>- $LOCALIZE[31411]</label>
			<onclick>Skin.SetString(User_Defined_Accent_Color,copacetic_accent_color)</onclick>
			<onclick>SetFocus(1004)</onclick>
		</control>
		<control type="button" id="1005">
			<description>Recommended Kodi settings</description>
			<visible>ControlGroup(9).HasFocus(10)</visible>
			<visible>!String.IsEmpty(Window(home).Property(Settings_To_Change))</visible>
			<label>$LOCALIZE[31412]</label>
			<onclick>ActivateWindow(1100)</onclick>
		</control>
		<control type="label" id="1006">
			<description>Recommended Kodi settings</description>
			<visible>ControlGroup(9).HasFocus(10)</visible>
			<visible>String.IsEmpty(Window(home).Property(Settings_To_Change))</visible>
			<textoffsetx>60</textoffsetx>
			<include content="skinsettings_Default_Label" />
			<textcolor>$VAR[Disabled_Color]</textcolor>
			<label>$LOCALIZE[31412]</label>
		</control>
		<control type="label" id="1015">
			<description>Artwork</description>
			<visible>ControlGroup(9).HasFocus(10)</visible>
			<include content="skinsettings_Default_Label" />
			<label>$LOCALIZE[39123]</label>
		</control>
		<control type="image" id="1018">
			<description>Themes screenshot</description>
			<visible>ControlGroup(9).HasFocus(10)</visible>
			<include content="skinsettings_Detfault_Image" />
			<texture>$VAR[skinsettings_Clearlogo_Cropper_Screenshots]</texture>
		</control>
		<control type="radiobutton" id="1019">
			<description>Enabled clearlogo cropper</description>
			<visible>ControlGroup(9).HasFocus(10)</visible>
			<label>$LOCALIZE[31421]</label>
			<onclick>Skin.ToggleSetting(Crop_Clearlogos)</onclick>
			<selected>Skin.HasSetting(Crop_Clearlogos)</selected>
		</control>
		<control type="button" id="1020">
			<description>Clear cache</description>
			<visible>ControlGroup(9).HasFocus(10)</visible>
			<label>- $LOCALIZE[31422]</label>
			<label2>$INFO[Window(home).Property(Addon_Data_Folder_Size)]</label2>
			<onclick condition="!String.Contains(Window(home).Property(Addon_Data_Folder_Size),bytes)">RunScript(script.copacetic.helper,action=clear_cache)</onclick>
		</control>
		<control type="radiobutton" id="1021">
			<description>Colorise media flags</description>
			<visible>ControlGroup(9).HasFocus(10) + Skin.HasSetting(Crop_Clearlogos)</visible>
			<label>- $LOCALIZE[31423]</label>
			<onclick>Skin.ToggleSetting(Colorise_Flags)</onclick>
			<selected>Skin.HasSetting(Colorise_Flags)</selected>
		</control>
		<include content="skinsettings_Double_Slider_Button">
			<param name="visible" value="Skin.HasSetting(Crop_Clearlogos) + Skin.HasSetting(Colorise_Flags)" />
			<param name="info" value="Background_Low_Threshold" />
			<param name="info2" value="Background_High_Threshold" />
			<param name="label" value="- $LOCALIZE[31424]" />
			<param name="label2" value="$INFO[Skin.String(Background_Low_Threshold)]$INFO[Skin.String(Background_High_Threshold), - ]" />
			<param name="category" value="10" />
			<param name="previous" value="1021" />
			<param name="id" value="1022" />
			<param name="next" value="1023" />
		</include>
		<control type="radiobutton" id="1023">
			<description>Prefer keyart to posters on infoscreens</description>
			<visible>ControlGroup(9).HasFocus(10)</visible>
			<label>$LOCALIZE[31428]</label>
			<onclick>Skin.ToggleSetting(Infoscreens_Prefer_Keyart)</onclick>
			<selected>Skin.HasSetting(Infoscreens_Prefer_Keyart)</selected>
		</control>
		<control type="radiobutton" id="1024">
			<description>Prefer landscape art to fanart on infoscreens</description>
			<visible>ControlGroup(9).HasFocus(10)</visible>
			<label>$LOCALIZE[31700]</label>
			<onclick>Skin.ToggleSetting(Infoscreens_Prefer_Landscape)</onclick>
			<selected>Skin.HasSetting(Infoscreens_Prefer_Landscape)</selected>
		</control>

		<!-- Menus -->
		<control type="button" id="1201">
			<description>Home menu</description>
			<visible>ControlGroup(9).HasFocus(12)</visible>
			<label>$LOCALIZE[31417]</label>
			<onclick>RunScript(script.skinshortcuts,type=manage&amp;group=mainmenu)</onclick>
		</control>
		<control type="button" id="1202">
			<description>Shutdown menu</description>
			<visible>ControlGroup(9).HasFocus(12)</visible>
			<label>$LOCALIZE[31418]</label>
			<onclick>RunScript(script.skinshortcuts,type=manage&amp;group=shutdownmenu)</onclick>
		</control>
		<control type="button" id="1203">
			<description>LibreELEC</description>
			<visible>ControlGroup(9).HasFocus(12) + System.AddonIsEnabled(service.libreelec.settings)</visible>
			<label>LibreELEC</label>
			<onclick>RunAddon(service.libreelec.settings)</onclick>
		</control>
		<control type="radiobutton" id="1204">
			<description>- Enable home shortcut in Shutdown menu</description>
			<visible>ControlGroup(9).HasFocus(12)</visible>
			<label>- $LOCALIZE[31492]</label>
			<onclick>Skin.ToggleSetting(Quick_Home_Disabled)</onclick>
			<selected>!Skin.HasSetting(Quick_Home_Disabled)</selected>
		</control>
		<control type="radiobutton" id="1205">
			<description>- Enable theme switcher shortcut in Shutdown menu</description>
			<visible>ControlGroup(9).HasFocus(12)</visible>
			<label>- $LOCALIZE[31493]</label>
			<onclick>Skin.ToggleSetting(Quick_Theme_Switcher_Disabled)</onclick>
			<selected>!Skin.HasSetting(Quick_Theme_Switcher_Disabled)</selected>
		</control>
		<control type="radiobutton" id="1206">
			<description>- Enable LibreELEC menu shortcut in Shutdown menu</description>
			<visible>ControlGroup(9).HasFocus(12) + System.AddonIsEnabled(service.libreelec.settings)</visible>
			<label>- $LOCALIZE[31494]</label>
			<onclick>Skin.ToggleSetting(Quick_LibreELEC_Menu_Disabled)</onclick>
			<selected>!Skin.HasSetting(Quick_LibreELEC_Menu_Disabled)</selected>
		</control>
		<control type="button" id="1207">
			<description>Reset menus</description>
			<visible>ControlGroup(9).HasFocus(12)</visible>
			<label>$LOCALIZE[31419]</label>
			<onclick>RunScript(script.skinshortcuts,type=resetall)</onclick>
		</control>

		<!-- Background -->
		<control type="label" id="1600">
			<description>Global</description>
			<visible>ControlGroup(9).HasFocus(16)</visible>
			<include content="skinsettings_Default_Label" />
			<label>$LOCALIZE[31425]</label>
		</control>
		<include content="skinsettings_Slider_Button">
			<param name="visible" value="ControlGroup(9).HasFocus(16)" />
			<param name="info" value="Background_Slideshow" />
			<param name="label" value="$LOCALIZE[31426]" />
			<param name="label2" value="$VAR[skinsettings_Background_Slideshow_Label]" />
			<param name="previous" value="1608" />
			<param name="id" value="1601" />
			<param name="next" value="1602" />
		</include>
		<control type="button" id="1602">
			<description>- Choose a custom path</description>
			<label>$VAR[skinsettings_Background_Slideshow_Custom_Path_Label,- ]</label>
			<onclick>RunScript(script.skinshortcuts,type=shortcuts&amp;custom=True&amp;showNone=False&amp;skinList=Background_Slideshow_Custom_Path)</onclick>
			<visible>ControlGroup(9).HasFocus(16) + [Skin.String(Background_Slideshow,Custom) | !$EXP[Library_Has_Content]]</visible>
		</control>
		<include content="skinsettings_Slider_Button">
			<param name="visible" value="ControlGroup(9).HasFocus(16)" />
			<param name="info" value="Background_Interval" />
			<param name="label" value="$LOCALIZE[31427]" />
			<param name="label2" value="$VAR[skinsettings_Background_Interval_Label]" />
			<param name="previous" value="1602" />
			<param name="id" value="1603" />
			<param name="next" value="1604" />
		</include>
		<include content="skinsettings_Slider_Button">
			<param name="visible" value="ControlGroup(9).HasFocus(16)" />
			<param name="info" value="Background_Brightness" />
			<param name="label" value="$LOCALIZE[31440]" />
			<param name="label2" value="$INFO[Skin.String(Background_Brightness)]" />
			<param name="previous" value="1603" />
			<param name="id" value="1604" />
			<param name="next" value="1605" />
		</include>
		<include content="skinsettings_Slider_Button">
			<param name="visible" value="ControlGroup(9).HasFocus(16)" />
			<param name="info" value="Background_Opacity" />
			<param name="label" value="$LOCALIZE[31487]" />
			<param name="label2" value="$VAR[skinsettings_Background_Opacity_Label]" />
			<param name="previous" value="1604" />
			<param name="id" value="1605" />
			<param name="next" value="1606" />
		</include>
		<control type="radiobutton" id="1606">
			<description>Show the name of currently displaying background artworks</description>
			<visible>ControlGroup(9).HasFocus(16)</visible>
			<label>$LOCALIZE[31495]</label>
			<onclick>Skin.ToggleSetting(Background_Label_Enabled)</onclick>
			<selected>Skin.HasSetting(Background_Label_Enabled)</selected>
		</control>
		<control type="label" id="1607">
			<description>Home</description>
			<visible>ControlGroup(9).HasFocus(16)</visible>
			<include content="skinsettings_Default_Label" />
			<label>$LOCALIZE[31401]</label>
		</control>
		<control type="radiobutton" id="1608">
			<description>Override home menu backgrounds</description>
			<visible>ControlGroup(9).HasFocus(16)</visible>
			<label>$LOCALIZE[31433]</label>
			<onclick>Skin.ToggleSetting(Home_Background_Override_Enabled)</onclick>
			<selected>Skin.HasSetting(Home_Background_Override_Enabled)</selected>
		</control>

		<!--Home-->
		<control type="label" id="1100">
			<description>Widgets</description>
			<visible>ControlGroup(9).HasFocus(11)</visible>
			<include content="skinsettings_Default_Label" />
			<label>$LOCALIZE[31402]</label>
		</control>
		<control type="radiobutton" id="1101">
			<description>Enable widgets</description>
			<visible>ControlGroup(9).HasFocus(11)</visible>
			<label>$LOCALIZE[31429]</label>
			<onclick>Skin.ToggleSetting(Widgets_Enabled)</onclick>
			<selected>Skin.HasSetting(Widgets_Enabled)</selected>
		</control>
		<control type="button" id="1113">
			<description>Configure widgets</description>
			<visible>ControlGroup(9).HasFocus(11) + Skin.HasSetting(Widgets_Enabled)</visible>
				<label>- $LOCALIZE[31489]</label>
			<onclick>ActivateWindow(1140)</onclick>
		</control>
		<control type="button" id="1103">
			<description>- Reset widgets</description>
			<label>- $LOCALIZE[31430]</label>
			<onclick>RunScript(script.copacetic.helper,action=dialog_yesno,heading=$LOCALIZE[31430],message=$LOCALIZE[31431],yes_actions=SetFocus(4200))</onclick>
			<visible>ControlGroup(9).HasFocus(11) + Skin.HasSetting(Widgets_Enabled) + System.AddonIsEnabled(script.copacetic.helper)</visible>
		</control>
		<control type="label" id="1104">
			<description>General</description>
			<visible>ControlGroup(9).HasFocus(11)</visible>
			<include content="skinsettings_Default_Label" />
			<label>$LOCALIZE[31400]</label>
		</control>
		<control type="radiobutton" id="1110">
			<description>Enable screensaver</description>
			<label>$LOCALIZE[31442]</label>
			<onclick>Skin.ToggleSetting(Home_Screensaver_Enabled)</onclick>
			<selected>Skin.HasSetting(Home_Screensaver_Enabled)</selected>
			<visible>ControlGroup(9).HasFocus(11)</visible>
		</control>
		<control type="radiobutton" id="1111">
			<description> - Show clearlogo</description>
			<label>- $LOCALIZE[31443]</label>
			<onclick>Skin.ToggleSetting(Home_Screensaver_Clearlogo_Enabled)</onclick>
			<selected>Skin.HasSetting(Home_Screensaver_Clearlogo_Enabled)</selected>
			<visible>ControlGroup(9).HasFocus(11) + Skin.HasSetting(Home_Screensaver_Enabled)</visible>
		</control>
		<control type="radiobutton" id="1112">
			<description>Hide clock</description>
			<label>$LOCALIZE[31444]</label>
			<onclick>Skin.ToggleSetting(Hide_Home_Clock)</onclick>
			<selected>Skin.HasSetting(Hide_Home_Clock)</selected>
			<visible>ControlGroup(9).HasFocus(11)</visible>
		</control>

		<!-- Views -->
		<control type="label" id="1350">
			<description>General</description>
			<visible>ControlGroup(9).HasFocus(13)</visible>
			<include content="skinsettings_Default_Label" />
			<label>$LOCALIZE[31400]</label>
		</control>
		<control type="radiobutton" id="1351">
			<description>Kiosk mode</description>
			<visible>ControlGroup(9).HasFocus(13)</visible>
			<label>$LOCALIZE[31475]</label>
			<onclick>Skin.ToggleSetting(Kiosk_Mode)</onclick>
			<selected>Skin.HasSetting(Kiosk_Mode)</selected>
		</control>
		<control type="radiobutton" id="1352">
			<description>Disable hidden options menu</description>
			<visible>ControlGroup(9).HasFocus(13) + Skin.HasSetting(Kiosk_Mode)</visible>
			<label>- $LOCALIZE[31486]</label>
			<onclick>Skin.ToggleSetting(Disable_Hidden_Menu)</onclick>
			<selected>Skin.HasSetting(Disable_Hidden_Menu)</selected>
		</control>
		<control type="radiobutton" id="1353">
			<description>Add shutdown menu shortcut to hidden menu</description>
			<visible>ControlGroup(9).HasFocus(13)</visible>
			<label>$LOCALIZE[31488]</label>
			<onclick>Skin.ToggleSetting(shutdownmenu_Shortcut)</onclick>
			<selected>Skin.HasSetting(shutdownmenu_Shortcut)</selected>
		</control>
		<control type="label" id="1354">
			<description>List</description>
			<visible>ControlGroup(9).HasFocus(13)</visible>
			<label>$LOCALIZE[31000]</label>
			<include content="skinsettings_Default_Label" />
		</control>
		<control type="radiobutton" id="1355">
			<description>Add movement</description>
			<label>$LOCALIZE[31441]</label>
			<onclick>Skin.ToggleSetting(List_Ken_Burns_Effect)</onclick>
			<selected>Skin.HasSetting(List_Ken_Burns_Effect)</selected>
			<visible>ControlGroup(9).HasFocus(13)</visible>
		</control>
		<control type="radiobutton" id="1356">
			<description>Prefer keyart for poster views</description>
			<visible>ControlGroup(9).HasFocus(13)</visible>
			<label>$LOCALIZE[31498]</label>
			<onclick>Skin.ToggleSetting(List_Prefer_Keyart)</onclick>
			<selected>Skin.HasSetting(List_Prefer_Keyart)</selected>
		</control>
		<control type="label" id="1300">
			<description>Billboard</description>
			<visible>ControlGroup(9).HasFocus(13)</visible>
			<label>$LOCALIZE[31001]</label>
			<include content="skinsettings_Default_Label" />
		</control>
		<control type="image" id="1301">
			<description>Billboard screenshot</description>
			<visible>ControlGroup(9).HasFocus(13)</visible>
			<include content="skinsettings_Detfault_Image" />
			<texture>$VAR[skinsettings_View_Billboard_Screenshots]</texture>
		</control>
		<control type="radiobutton" id="1302">
			<description>Billboard - Videos/Music</description>
			<label>$LOCALIZE[31446]</label>
			<visible>ControlGroup(9).HasFocus(13) + !Control.HasFocus(1301)</visible>
			<onclick>Skin.ToggleSetting(BillboardView_Enabled)</onclick>
			<selected>Skin.HasSetting(BillboardView_Enabled)</selected>
		</control>
		<control type="radiobutton" id="1303">
			<description>Billboard - Addons/Programs</description>
			<visible>ControlGroup(9).HasFocus(13)</visible>
			<label>$LOCALIZE[31447]</label>
			<onclick>Skin.ToggleSetting(BillboardView_Enabled_Addons)</onclick>
			<selected>Skin.HasSetting(BillboardView_Enabled_Addons)</selected>
		</control>
		<control type="radiobutton" id="1305">
			<description>Add movement</description>
			<label>$LOCALIZE[31441]</label>
			<onclick>Skin.ToggleSetting(Billboard_Ken_Burns_Effect)</onclick>
			<selected>Skin.HasSetting(Billboard_Ken_Burns_Effect)</selected>
			<visible>ControlGroup(9).HasFocus(13)</visible>
		</control>
		<control type="label" id="1310">
			<description>Showcase</description>
			<visible>ControlGroup(9).HasFocus(13)</visible>
			<label>$LOCALIZE[31002]</label>
			<include content="skinsettings_Default_Label" />
		</control>
		<control type="image" id="1311">
			<description>Showcase screenshot</description>
			<visible>ControlGroup(9).HasFocus(13)</visible>
			<include content="skinsettings_Detfault_Image" />
			<texture>$VAR[skinsettings_View_Showcase_Screenshots]</texture>
		</control>
		<control type="radiobutton" id="1312">
			<description>Showcase - Videos/Music</description>
			<visible>ControlGroup(9).HasFocus(13)</visible>
			<label>$LOCALIZE[31446]</label>
			<onclick>Skin.ToggleSetting(ShowcaseView_Enabled)</onclick>
			<selected>Skin.HasSetting(ShowcaseView_Enabled)</selected>
		</control>
		<control type="radiobutton" id="1315">
			<description>Prefer keyart for poster views</description>
			<visible>ControlGroup(9).HasFocus(13) + Skin.HasSetting(ShowcaseView_Enabled)</visible>
			<label>- $LOCALIZE[31498]</label>
			<onclick>Skin.ToggleSetting(Showcase_Prefer_Keyart)</onclick>
			<selected>Skin.HasSetting(Showcase_Prefer_Keyart)</selected>
		</control>
		<control type="radiobutton" id="1313">
			<description>Showcase - Pictures</description>
			<visible>ControlGroup(9).HasFocus(13)</visible>
			<label>$LOCALIZE[31448]</label>
			<onclick>Skin.ToggleSetting(ShowcaseView_Enabled_Pictures)</onclick>
			<selected>Skin.HasSetting(ShowcaseView_Enabled_Pictures)</selected>
		</control>
		<control type="radiobutton" id="1314">
			<description>Showcase - Addons/Programs</description>
			<visible>ControlGroup(9).HasFocus(13)</visible>
			<label>$LOCALIZE[31447]</label>
			<onclick>Skin.ToggleSetting(ShowcaseView_Enabled_Addons)</onclick>
			<selected>Skin.HasSetting(ShowcaseView_Enabled_Addons)</selected>
		</control>
		<control type="label" id="1320">
			<description>Strip</description>
			<visible>ControlGroup(9).HasFocus(13)</visible>
			<label>$LOCALIZE[31003]</label>
			<include content="skinsettings_Default_Label" />
		</control>
		<control type="image" id="1321">
			<description>Strip screenshot</description>
			<visible>ControlGroup(9).HasFocus(13)</visible>
			<include content="skinsettings_Detfault_Image" />
			<texture>$VAR[skinsettings_View_Strip_Screenshots]</texture>
		</control>
		<control type="radiobutton" id="1322">
			<description>Strip - Videos/Music</description>
			<visible>ControlGroup(9).HasFocus(13)</visible>
			<label>$LOCALIZE[31446]</label>
			<onclick>Skin.ToggleSetting(StripView_Enabled)</onclick>
			<selected>Skin.HasSetting(StripView_Enabled)</selected>
		</control>
		<control type="radiobutton" id="1325">
			<description>Prefer keyart for poster views</description>
			<visible>ControlGroup(9).HasFocus(13) + Skin.HasSetting(StripView_Enabled)</visible>
			<label>- $LOCALIZE[31498]</label>
			<onclick>Skin.ToggleSetting(Strip_Prefer_Keyart)</onclick>
			<selected>Skin.HasSetting(Strip_Prefer_Keyart)</selected>
		</control>
		<control type="radiobutton" id="1326">
			<description>Prefer landscape art for fanart views</description>
			<visible>ControlGroup(9).HasFocus(13) + Skin.HasSetting(StripView_Enabled)</visible>
			<label>- $LOCALIZE[31499]</label>
			<onclick>Skin.ToggleSetting(Strip_Prefer_Landscape)</onclick>
			<selected>Skin.HasSetting(Strip_Prefer_Landscape)</selected>
		</control>
		<control type="radiobutton" id="1323">
			<description>Strip - Pictures</description>
			<visible>ControlGroup(9).HasFocus(13)</visible>
			<label>$LOCALIZE[31448]</label>
			<onclick>Skin.ToggleSetting(StripView_Enabled_Pictures)</onclick>
			<selected>Skin.HasSetting(StripView_Enabled_Pictures)</selected>
		</control>
		<control type="radiobutton" id="1324">
			<description>Strip - Addons/Programs</description>
			<visible>ControlGroup(9).HasFocus(13)</visible>
			<label>$LOCALIZE[31447]</label>
			<onclick>Skin.ToggleSetting(StripView_Enabled_Addons)</onclick>
			<selected>Skin.HasSetting(StripView_Enabled_Addons)</selected>
		</control>
		<control type="label" id="1330">
			<description>Grid</description>
			<visible>ControlGroup(9).HasFocus(13)</visible>
			<label>$LOCALIZE[31004]</label>
			<include content="skinsettings_Default_Label" />
		</control>
		<control type="image" id="1331">
			<description>Grid screenshot</description>
			<visible>ControlGroup(9).HasFocus(13)</visible>
			<include content="skinsettings_Detfault_Image" />
			<texture>$VAR[skinsettings_View_Grid_Screenshots]</texture>
		</control>
		<control type="radiobutton" id="1332">
			<description>Grid - Videos/Music</description>
			<visible>ControlGroup(9).HasFocus(13)</visible>
			<label>$LOCALIZE[31446]</label>
			<onclick>Skin.ToggleSetting(GridView_Enabled)</onclick>
			<selected>Skin.HasSetting(GridView_Enabled)</selected>
		</control>
		<control type="radiobutton" id="1338">
			<description>Prefer keyart for poster views</description>
			<visible>ControlGroup(9).HasFocus(13) + Skin.HasSetting(GridView_Enabled)</visible>
			<label>- $LOCALIZE[31498]</label>
			<onclick>Skin.ToggleSetting(Grid_Prefer_Keyart)</onclick>
			<selected>Skin.HasSetting(Grid_Prefer_Keyart)</selected>
		</control>
		<control type="radiobutton" id="1339">
			<description>Prefer landscape art for fanart views</description>
			<visible>ControlGroup(9).HasFocus(13) + Skin.HasSetting(GridView_Enabled)</visible>
			<label>- $LOCALIZE[31499]</label>
			<onclick>Skin.ToggleSetting(Grid_Prefer_Landscape)</onclick>
			<selected>Skin.HasSetting(Grid_Prefer_Landscape)</selected>
		</control>
		<control type="image" id="1333">
			<description>Grid watched screenshot</description>
			<visible>ControlGroup(9).HasFocus(13) + Skin.HasSetting(GridView_Enabled)</visible>
			<include content="skinsettings_Detfault_Image" />
			<texture>$VAR[skinsettings_Grid_WatchedStatus_Screenshots]</texture>
		</control>
		<control type="radiobutton" id="1334">
			<description>Dim thumbnails for watched listitems</description>
			<visible>ControlGroup(9).HasFocus(13) + Skin.HasSetting(GridView_Enabled)</visible>
			<label>- $LOCALIZE[31449]</label>
			<onclick>Skin.ToggleSetting(GridView_WatchedStatus_Enabled)</onclick>
			<selected>Skin.HasSetting(GridView_WatchedStatus_Enabled)</selected>
		</control>
		<control type="radiobutton" id="1335">
			<description>Checkmarks instead of completed progress bar for watched items</description>
			<visible>ControlGroup(9).HasFocus(13) + Skin.HasSetting(GridView_Enabled)</visible>
			<label>- $LOCALIZE[31450]</label>
			<onclick>Skin.ToggleSetting(GridView_AltWatchedStatus_Enabled)</onclick>
			<selected>Skin.HasSetting(GridView_AltWatchedStatus_Enabled)</selected>
		</control>
		<control type="radiobutton" id="1336">
			<description>Grid - Pictures</description>
			<visible>ControlGroup(9).HasFocus(13)</visible>
			<label>$LOCALIZE[31448]</label>
			<onclick>Skin.ToggleSetting(GridView_Enabled_Pictures)</onclick>
			<selected>Skin.HasSetting(GridView_Enabled_Pictures)</selected>
		</control>
		<control type="radiobutton" id="1337">
			<description>Grid - Addons/Programs</description>
			<visible>ControlGroup(9).HasFocus(13)</visible>
			<label>$LOCALIZE[31447]</label>
			<onclick>Skin.ToggleSetting(GridView_Enabled_Addons)</onclick>
			<selected>Skin.HasSetting(GridView_Enabled_Addons)</selected>
		</control>

		<!-- Customisations -->
		<control type="label" id="1400">
			<description>Library</description>
			<include content="skinsettings_Default_Label" />
			<label>$LOCALIZE[14022]</label>
			<visible>ControlGroup(9).HasFocus(14)</visible>
		</control>
		<control type="image" id="1401">
			<description>Unwatched episode count image</description>
			<visible>ControlGroup(9).HasFocus(14)</visible>
			<include content="skinsettings_Detfault_Image">
				<param name="height" value="360" />
			</include>
			<texture>$VAR[skinsettings_Episode_Count_Screenshots]</texture>
		</control>
		<control type="radiobutton" id="1402">
			<description>Show unwatched episodes count</description>
			<label>$LOCALIZE[31451]</label>
			<onclick>Skin.ToggleSetting(Unwatched_Indicator)</onclick>
			<selected>Skin.HasSetting(Unwatched_Indicator)</selected>
			<visible>ControlGroup(9).HasFocus(14)</visible>
		</control>
		<control type="button" id="1403">
			<description>Choose preferred classification ratings...</description>
			<label>$VAR[skinsettings_Preferred_MPAA_Label]</label>
			<label2>$VAR[skinsettings_Preferred_MPAA_Label2]</label2>
			<onclick>Skin.SelectBool(31452, 31701|Preferred_Rating_BBFC, 31702|Preferred_Rating_MPAA, 31704|Preferred_Rating_CHVRS, 31703|Preferred_Rating_ACB, 31705|Preferred_Rating_DJCTQ, 31706|Preferred_Rating_EIRIN, 31707|Preferred_Rating_FSK, 31709|Preferred_Rating_KIJKWIJZER)</onclick>
			<visible>ControlGroup(9).HasFocus(14)</visible>
		</control>
		<control type="radiobutton" id="1404">
			<description>Scroll by sort letter</description>
			<label>$LOCALIZE[31453]</label>
			<onclick>Skin.ToggleSetting(SortLetter_Enabled)</onclick>
			<selected>Skin.HasSetting(SortLetter_Enabled)</selected>
			<visible>ControlGroup(9).HasFocus(14)</visible>
		</control>
		<include content="skinsettings_Slider_Button">
			<param name="visible" value="ControlGroup(9).HasFocus(14)" />
			<param name="info" value="Music_Rating_Like_Threshold" />
			<param name="label" value="$LOCALIZE[31454]" />
			<param name="label2" value="$VAR[skinsettings_Music_Rating_Like_Threshold_Label]" />
			<param name="previous" value="1404" />
			<param name="id" value="1405" />
			<param name="next" value="1406" />
		</include>
		<control type="label" id="1406">
			<description>Info screens</description>
			<include content="skinsettings_Default_Label" />
			<label>$LOCALIZE[31484]</label>
			<visible>ControlGroup(9).HasFocus(14)</visible>
		</control>
		<control type="radiobutton" id="1420">
			<description>Use jurialmunkey's TMDbHelper plugin as the content source for infoscreen widgets instead of local library content</description>
			<label>$LOCALIZE[31703]</label>
			<onclick>Skin.ToggleSetting(Infoscreen_Widget_Prefer_TMDbHelper)</onclick>
			<selected>Skin.HasSetting(Infoscreen_Widget_Prefer_TMDbHelper)</selected>
			<visible>ControlGroup(9).HasFocus(14) + System.AddonIsEnabled(plugin.video.themoviedb.helper)</visible>
		</control>
		<control type="radiobutton" id="1407">
			<description>Disable star ratings</description>
			<label>$LOCALIZE[31485]</label>
			<onclick>Skin.ToggleSetting(Star_Ratings_Disabled)</onclick>
			<selected>Skin.HasSetting(Star_Ratings_Disabled)</selected>
			<visible>ControlGroup(9).HasFocus(14)</visible>
		</control>
		<control type="label" id="1408">
			<description>Video Player</description>
			<include content="skinsettings_Default_Label" />
			<label>$LOCALIZE[31478]</label>
			<visible>ControlGroup(9).HasFocus(14)</visible>
		</control>
		<control type="radiobutton" id="1409">
			<description>Enable Up Next widget during playback</description>
			<label>$LOCALIZE[31490]</label>
			<onclick condition="System.HasAddon(service.upnext)">RunScript(script.copacetic.helper,action=toggle_addon,id=service.upnext)</onclick>
			<onclick condition="!System.HasAddon(service.upnext)">InstallAddon(service.upnext)</onclick>
			<selected>System.AddonIsEnabled(service.upnext)</selected>
			<visible>ControlGroup(9).HasFocus(14)</visible>
		</control>
		<include content="skinsettings_Slider_Button">
			<param name="visible" value="ControlGroup(9).HasFocus(14)" />
			<param name="info" value="script-upnext_Artwork" />
			<param name="visible" value="ControlGroup(9).HasFocus(14) + System.AddonIsEnabled(service.upnext)" />
			<param name="label" value="$LOCALIZE[31491]" />
			<param name="label2" value="$VAR[skinsettings_script-upnext_Artwork_Label2]" />
			<param name="previous" value="1409" />
			<param name="id" value="1410" />
			<param name="next" value="1411" />
		</include>
		<control type="radiobutton" id="1411">
			<description>Instantly hide progress bar on pause screen</description>
			<label>$LOCALIZE[31455]</label>
			<onclick>Skin.ToggleSetting(Player_Progress_Disabled)</onclick>
			<selected>Skin.HasSetting(Player_Progress_Disabled)</selected>
			<visible>ControlGroup(9).HasFocus(14)</visible>
		</control>
		<control type="radiobutton" id="1412">
			<description>Show info on pause screen</description>
			<label>$LOCALIZE[31456]</label>
			<onclick>Skin.ToggleSetting(Pause_Screen_Info_Enabled)</onclick>
			<selected>Skin.HasSetting(Pause_Screen_Info_Enabled)</selected>
			<visible>ControlGroup(9).HasFocus(14)</visible>
		</control>
		<control type="label" id="1413">
			<description>Music Player</description>
			<include content="skinsettings_Default_Label" />
			<label>$LOCALIZE[31479]</label>
			<visible>ControlGroup(9).HasFocus(14)</visible>
		</control>
		<control type="radiobutton" id="1414">
			<description>Enable background fanart</description>
			<label>$LOCALIZE[31480]</label>
			<onclick>Skin.ToggleSetting(visualisation_Disable_Background)</onclick>
			<selected>!Skin.HasSetting(visualisation_Disable_Background)</selected>
			<visible>ControlGroup(9).HasFocus(14)</visible>
		</control>
		<include content="skinsettings_Slider_Button">
			<param name="visible" value="ControlGroup(9).HasFocus(14)" />
			<param name="info" value="visualisation_Layout" />
			<param name="label" value="$LOCALIZE[31481]" />
			<param name="label2" value="$VAR[skinsettings_visualisation_Layout_Label2]" />
			<param name="previous" value="1414" />
			<param name="id" value="1415" />
			<param name="next" value="1416" />
		</include>
		<control type="label" id="1416">
			<description>Experiments</description>
			<visible>ControlGroup(9).HasFocus(14)</visible>
			<include content="skinsettings_Default_Label" />
			<label>$LOCALIZE[31406]</label>
		</control>
		<control type="radiobutton" id="1417">
			<description>Use unwatched count in info details</description>
			<visible>ControlGroup(9).HasFocus(14)</visible>
			<label>$LOCALIZE[31470]</label>
			<onclick>Skin.ToggleSetting(Experiment_Unwatched_Info)</onclick>
			<selected>Skin.HasSetting(Experiment_Unwatched_Info)</selected>
		</control>
		<control type="radiobutton" id="1418">
			<description>Enable fanart display for Grid view in Pictures window</description>
			<visible>ControlGroup(9).HasFocus(14)</visible>
			<label>$LOCALIZE[31471]</label>
			<onclick>Skin.ToggleSetting(Experiment_GridView_Fanart_Pictures)</onclick>
			<selected>Skin.HasSetting(Experiment_GridView_Fanart_Pictures)</selected>
		</control>
		<control type="radiobutton" id="1419">
			<description>Move to parent directory automatically if episode container is empty</description>
			<visible>ControlGroup(9).HasFocus(14)</visible>
			<label>$LOCALIZE[31702]</label>
			<onclick>Skin.ToggleSetting(Experiment_ParentDir_IfEmptyContainer)</onclick>
			<selected>Skin.HasSetting(Experiment_ParentDir_IfEmptyContainer)</selected>
		</control>

		<!-- Extras -->
		<control type="label" id="1500">
			<description>Embedded lists</description>
			<visible>ControlGroup(9).HasFocus(15)</visible>
			<include content="skinsettings_Default_Label" />
			<label>$LOCALIZE[31457]</label>
		</control>
		<control type="image" id="1501">
			<description>Embedded lists image</description>
			<visible>ControlGroup(9).HasFocus(15)</visible>
			<include content="skinsettings_Detfault_Image" />
			<texture>$VAR[skinsettings_Embedded_Lists_Screenshots]</texture>
		</control>
		<control type="radiobutton" id="1502">
			<description>Enable embedded lists for sets, tv shows and artists</description>
			<visible>ControlGroup(9).HasFocus(15)</visible>
			<label>$LOCALIZE[31458]</label>
			<onclick>Skin.ToggleSetting(Secondary_List_Enabled)</onclick>
			<selected>Skin.HasSetting(Secondary_List_Enabled)</selected>
		</control>
		<control type="label" id="1510">
			<description>Music player</description>
			<visible>ControlGroup(9).HasFocus(15)</visible>
			<include content="skinsettings_Default_Label" />
			<label>$LOCALIZE[31459]</label>
		</control>
		<control type="image" id="1511">
			<description>Music player image</description>
			<visible>ControlGroup(9).HasFocus(15)</visible>
			<include content="skinsettings_Detfault_Image" />
			<texture>$VAR[skinsettings_Music_Player_Screenshots]</texture>
		</control>
		<control type="multiimage" id="1512">
			<description>Music player multiimage</description>
			<visible>ControlGroup(9).HasFocus(15) + Skin.HasSetting(Music_Player_Enabled)</visible>
			<top>-450</top>
			<include content="skinsettings_Detfault_Image">
				<param name="fadetime" value="360" />
			</include>
			<imagepath>$VAR[skinsettings_Music_Player_Folder]</imagepath>
			<timeperimage>2000</timeperimage>
		</control>
		<control type="radiobutton" id="1513">
			<description>Enable embedded music player</description>
			<visible>ControlGroup(9).HasFocus(15)</visible>
			<label>$LOCALIZE[31460]</label>
			<onclick>Skin.ToggleSetting(Music_Player_Enabled)</onclick>
			<selected>Skin.HasSetting(Music_Player_Enabled)</selected>
		</control>
		<control type="label" id="1520">
			<description>Multiart slideshow</description>
			<visible>ControlGroup(9).HasFocus(15)</visible>
			<include content="skinsettings_Default_Label" />
			<label>$LOCALIZE[31461]</label>
		</control>
		<control type="image" id="1521">
			<description>Multiart slideshow image</description>
			<visible>ControlGroup(9).HasFocus(15)</visible>
			<include content="skinsettings_Detfault_Image" />
			<texture>$VAR[skinsettings_Multiart_Slideshow_Screenshots]</texture>
		</control>
		<control type="multiimage" id="1522">
			<description>Multiart slideshow multiimage</description>
			<visible>ControlGroup(9).HasFocus(15) + Skin.HasSetting(Multiart_Slideshow)</visible>
			<top>-450</top>
			<randomize>true</randomize>
			<include content="skinsettings_Detfault_Image">
				<param name="fadetime" value="360" />
			</include>
			<imagepath>$VAR[skinsettings_Multiart_Slideshow_Folder]</imagepath>
			<timeperimage>2000</timeperimage>
		</control>
		<control type="radiobutton" id="1523">
			<description>Enable multiart slideshows</description>
			<visible>ControlGroup(9).HasFocus(15)</visible>
			<label>$LOCALIZE[31462]</label>
			<onclick>Skin.ToggleSetting(Multiart_Slideshow)</onclick>
			<selected>Skin.HasSetting(Multiart_Slideshow)</selected>
		</control>
		<include content="skinsettings_Slider_Button">
			<param name="visible" value="ControlGroup(9).HasFocus(15) + Skin.HasSetting(Multiart_Slideshow)" />
			<param name="info" value="Multiart_Interval" />
			<param name="label" value="- $LOCALIZE[31427]" />
			<param name="label2" value="$VAR[skinsettings_Multiart_Interval_Label]" />
			<param name="previous" value="1523" />
			<param name="id" value="1524" />
			<param name="next" value="1530" />
		</include>
		<control type="label" id="1530">
			<description>Trailer autoplay</description>
			<include content="skinsettings_Default_Label" />
			<label>$LOCALIZE[31464]</label>
			<visible>ControlGroup(9).HasFocus(15)</visible>
		</control>
		<control type="radiobutton" id="1531">
			<description>Enable trailers to autoplay</description>
			<label>$LOCALIZE[31465]</label>
			<onclick>Skin.ToggleSetting(Trailer_Autoplay)</onclick>
			<selected>Skin.HasSetting(Trailer_Autoplay)</selected>
			<visible>ControlGroup(9).HasFocus(15)</visible>
		</control>
		<include content="skinsettings_Slider_Button">
			<param name="visible" value="ControlGroup(9).HasFocus(15) + Skin.HasSetting(Trailer_Autoplay)" />
			<param name="info" value="Trailer_Autoplay_Interval" />
			<param name="label" value="- $LOCALIZE[31466]" />
			<param name="label2" value="$INFO[Skin.String(Trailer_Autoplay_Interval)]" />
			<param name="category" value="15" />
			<param name="previous" value="1531" />
			<param name="id" value="1532" />
			<param name="next" value="1534" />
		</include>
		<control type="radiobutton" id="1534">
			<description>Videos / Movies</description>
			<label>- $LOCALIZE[31468]</label>
			<selected>Skin.String(Trailer_Autoplay_Movies_Enabled,true)</selected>
			<onclick condition="Skin.String(Trailer_Autoplay_Movies_Enabled,true)">Skin.SetString(Trailer_Autoplay_Movies_Enabled,false)</onclick>
			<onclick condition="!Skin.String(Trailer_Autoplay_Movies_Enabled,true)">Skin.SetString(Trailer_Autoplay_Movies_Enabled,true)</onclick>
			<visible>ControlGroup(9).HasFocus(15) + Skin.HasSetting(Trailer_Autoplay)</visible>
		</control>
		<control type="radiobutton" id="1535">
			<description>Videos / TV shows</description>
			<label>- $LOCALIZE[31469]</label>
			<selected>Skin.String(Trailer_Autoplay_TVShows_Enabled,true)</selected>
			<onclick condition="Skin.String(Trailer_Autoplay_TVShows_Enabled,true)">Skin.SetString(Trailer_Autoplay_TVShows_Enabled,false)</onclick>
			<onclick condition="!Skin.String(Trailer_Autoplay_TVShows_Enabled,true)">Skin.SetString(Trailer_Autoplay_TVShows_Enabled,true)</onclick>
			<visible>ControlGroup(9).HasFocus(15) + Skin.HasSetting(Trailer_Autoplay)</visible>
		</control>
	</include>

	<include name="systeminfo_Left_List_Content">
		<control type="button" id="95">
			<description>Summary</description>
			<onclick>SetFocus(500)</onclick>
			<texturefocus />
			<label>20037</label>
		</control>
		<control type="togglebutton" id="94">
			<description>Storage</description>
			<onclick>SetFocus(500)</onclick>
			<texturefocus />
			<label>13277</label>
		</control>
		<control type="button" id="96">
			<description>Network</description>
			<onclick>SetFocus(500)</onclick>
			<texturefocus />
			<label>13279</label>
		</control>
		<control type="button" id="97">
			<description>Video</description>
			<onclick>SetFocus(500)</onclick>
			<texturefocus />
			<label>13280</label>
		</control>
		<control type="button" id="98">
			<description>Hardware</description>
			<onclick>SetFocus(500)</onclick>
			<texturefocus />
			<label>13281</label>
		</control>
		<control type="button" id="99">
			<description>PVR</description>
			<onclick>SetFocus(500)</onclick>
			<texturefocus />
			<label>19191</label>
		</control>
		<control type="button" id="100">
			<description>Privacy Policy</description>
			<label>12389</label>
			<texturefocus />
			<onclick>SetFocus(62)</onclick>
			<onright>SetFocus(62)</onright>
		</control>
	</include>

	<include name="systeminfo_Right_List_Content">
		<control type="button" id="102">
			<label>$INFO[Control.GetLabel(2)]</label>
			<visible>!String.IsEmpty(Control.GetLabel(2))</visible>
		</control>
		<control type="button" id="103">
			<label>$INFO[Control.GetLabel(3)]</label>
			<visible>!String.IsEmpty(Control.GetLabel(3))</visible>
		</control>
		<control type="button" id="104">
			<label>$INFO[Control.GetLabel(4)]</label>
			<visible>!String.IsEmpty(Control.GetLabel(4))</visible>
		</control>
		<control type="button" id="105">
			<label>$INFO[Control.GetLabel(5)]</label>
			<visible>!String.IsEmpty(Control.GetLabel(5))</visible>
		</control>
		<control type="button" id="106">
			<label>$INFO[Control.GetLabel(6)]</label>
			<visible>!String.IsEmpty(Control.GetLabel(6))</visible>
		</control>
		<control type="button" id="107">
			<label>$INFO[Control.GetLabel(7)]</label>
			<visible>!String.IsEmpty(Control.GetLabel(7))</visible>
		</control>
		<control type="button" id="108">
			<label>$INFO[Control.GetLabel(8)]</label>
			<visible>!String.IsEmpty(Control.GetLabel(8))</visible>
		</control>
		<control type="button" id="109">
			<label>$INFO[Control.GetLabel(9)]</label>
			<visible>!String.IsEmpty(Control.GetLabel(9))</visible>
		</control>
		<control type="button" id="110">
			<label>$INFO[Control.GetLabel(10)]</label>
			<visible>!String.IsEmpty(Control.GetLabel(10))</visible>
		</control>
		<control type="button" id="111">
			<label>$INFO[Control.GetLabel(11)]</label>
			<visible>!String.IsEmpty(Control.GetLabel(11))</visible>
		</control>
	</include>

	<include name="widgetsettings_Content_Template">
		<include content="widgetsettings_$PARAM[side]_Content">
			<param name="previous_widget_position" value="9" />
			<param name="widget_position" value="1" />
			<param name="next_widget_position" value="2" />
		</include>
		<include content="widgetsettings_$PARAM[side]_Content">
			<param name="previous_widget_position" value="1" />
			<param name="widget_position" value="2" />
			<param name="next_widget_position" value="3" />
		</include>
		<include content="widgetsettings_$PARAM[side]_Content">
			<param name="previous_widget_position" value="2" />
			<param name="widget_position" value="3" />
			<param name="next_widget_position" value="4" />
		</include>
		<include content="widgetsettings_$PARAM[side]_Content">
			<param name="previous_widget_position" value="3" />
			<param name="widget_position" value="4" />
			<param name="next_widget_position" value="5" />
		</include>
		<include content="widgetsettings_$PARAM[side]_Content">
			<param name="previous_widget_position" value="4" />
			<param name="widget_position" value="5" />
			<param name="next_widget_position" value="6" />
		</include>
		<include content="widgetsettings_$PARAM[side]_Content">
			<param name="previous_widget_position" value="5" />
			<param name="widget_position" value="6" />
			<param name="next_widget_position" value="7" />
		</include>
		<include content="widgetsettings_$PARAM[side]_Content">
			<param name="previous_widget_position" value="6" />
			<param name="widget_position" value="7" />
			<param name="next_widget_position" value="8" />
		</include>
		<include content="widgetsettings_$PARAM[side]_Content">
			<param name="previous_widget_position" value="7" />
			<param name="widget_position" value="8" />
			<param name="next_widget_position" value="9" />
		</include>
		<include content="widgetsettings_$PARAM[side]_Content">
			<param name="previous_widget_position" value="8" />
			<param name="widget_position" value="9" />
			<param name="next_widget_position" value="1" />
		</include>
	</include>

	<include name="widgetsettings_Left_List_Content">
		<include content="widgetsettings_Content_Template">
			<param name="side" value="Left" />
		</include>
	</include>

	<include name="widgetsettings_Right_List_Content">
		<include content="widgetsettings_Content_Template">
			<param name="side" value="Right" />
		</include>
	</include>

</includes>