<?xml version="1.0" encoding="UTF-8"?>
<window>
	<!-- sliderdialog -->
	<defaultcontrol always="true">11</defaultcontrol>
	<controls>
		<include content="Hidden_Components">
			<control type="label" id="10" />
			<control type="label" id="12" />
		</include>
		<include content="Default_Dialog_Panel_Layout">
			<param name="visible" value="!Window.IsVisible(shutdownmenu)" />
			<param name="panel_edge_top" value="0" />
			<param name="panel_edge_bottom" value="900" />
			<param name="panel_edge_left" value="600" />
			<param name="panel_edge_right" value="600" />
			<control type="label">
				<centerleft>50%</centerleft>
				<width>720</width>
				<top>30</top>
				<height>33</height>
				<align>center</align>
				<font>MusicPlayer_Info</font>
				<textcolor>$VAR[Light_Color]</textcolor>
				<label>$INFO[Control.GetLabel(12)]</label>
			</control>
			<control type="grouplist">
				<width>720</width>
				<centerleft>50%</centerleft>
				<height>60</height>
				<top>60</top>
				<orientation>horizontal</orientation>
				<align>center</align>
				<itemgap>0</itemgap>
				<usecontrolcoords>true</usecontrolcoords>
				<control type="image">
					<animation effect="rotate" center="30,30" end="90" time="0" condition="true" reversible="false">Conditional</animation>
					<width>60</width>
					<height>60</height>
					<texture colordiffuse="$VAR[Light_Color]">dialogs/icon_arrow_focused.png</texture>
				</control>
				<control type="slider" id="11">
					<centertop>50%</centertop>
					<width>600</width>
					<height>30</height>
					<texturesliderbar colordiffuse="$VAR[sliderdialog_Bar_Color]">dialogs/dialogslider_background.png</texturesliderbar>
					<textureslidernib />
					<textureslidernibfocus colordiffuse="$VAR[Accent_Color]">dialogs/dialogslider_nib_30.png</textureslidernibfocus>
					<orientation>horizontal</orientation>
				</control>
				<control type="image">
					<animation effect="rotate" center="30,30" end="270" time="0" condition="true" reversible="false">Conditional</animation>
					<width>60</width>
					<height>60</height>
					<texture colordiffuse="$VAR[Light_Color]">dialogs/icon_arrow_focused.png</texture>
				</control>
			</control>
		</include>
	</controls>
</window>