<?xml version="1.0" encoding="UTF-8"?>
<includes>

	<variable name="defaultsettings_videolibrary.flattentvshows_Label2">
		<value condition="Skin.HasSetting(videolibrary.flattentvshows)">$LOCALIZE[20421]</value>
		<value condition="String.IsEqual(Window(home).Property(videolibrary.flattentvshows),2)">$LOCALIZE[20422]</value>
		<value>$LOCALIZE[20420]</value>
	</variable>
	<variable name="defaultsettings_videolibrary.tvshowsselectfirstunwatcheditem_Label2">
		<value condition="Skin.HasSetting(videolibrary.tvshowsselectfirstunwatcheditem)">$LOCALIZE[20422]</value>
		<value condition="String.IsEqual(Window(home).Property(videolibrary.tvshowsselectfirstunwatcheditem),1)">$LOCALIZE[21471]</value>
		<value>$LOCALIZE[31630]</value>
	</variable>
	<variable name="defaultsettings_videolibrary.tvshowsincludeallseasonsandspecials_Label2">
		<value condition="Skin.HasSetting(videolibrary.tvshowsincludeallseasonsandspecials)">$LOCALIZE[21477]</value>
		<value condition="String.IsEqual(Window(home).Property(videolibrary.tvshowsincludeallseasonsandspecials),2)">$LOCALIZE[21476]</value>
		<value condition="String.IsEqual(Window(home).Property(videolibrary.tvshowsincludeallseasonsandspecials),1)">$LOCALIZE[21475]</value>
		<value>$LOCALIZE[21474]</value>
	</variable>
	<variable name="defaultsettings_videolibrary.artworklevel_Label2">
		<value condition="Skin.HasSetting(videolibrary.artworklevel)">$LOCALIZE[39142]</value>
		<value condition="String.IsEqual(Window(home).Property(videolibrary.artworklevel),3)">$LOCALIZE[231]</value>
		<value condition="String.IsEqual(Window(home).Property(videolibrary.artworklevel),1)">$LOCALIZE[39141]</value>
		<value>$LOCALIZE[39140]</value>
	</variable>
	<variable name="defaultsettings_videolibrary.movieartwhitelist_Label2">
		<value condition="Skin.HasSetting(videolibrary.movieartwhitelist)">keyart, landscape, square, clearlogo, clearlogo-alt, clearlogo-billboard</value>
		<value condition="!String.IsEmpty(Window(home).Property(videolibrary.movieartwhitelist))">$INFO[Window(home).Property(videolibrary.movieartwhitelist)]</value>
		<value>$LOCALIZE[231]</value>
	</variable>
	<variable name="defaultsettings_videolibrary.tvshowartwhitelist_Label2">
		<value condition="Skin.HasSetting(videolibrary.tvshowartwhitelist)">keyart, landscape, square, clearlogo, clearlogo-alt, clearlogo-billboard</value>
		<value condition="!String.IsEmpty(Window(home).Property(videolibrary.tvshowartwhitelist))">$INFO[Window(home).Property(videolibrary.tvshowartwhitelist)]</value>
		<value>$LOCALIZE[231]</value>
	</variable>

	<variable name="loginscreen_Welcome_Label">
		<!-- Good morning / afternoon, / evening / Seasonal messages... Who's watching? -->
		<value condition="System.Date(12-25,12-26)">$LOCALIZE[31911]</value>
		<value condition="System.Date(04-22,04-23)">$LOCALIZE[31914]</value>
		<value condition="System.Date(04-21,04-22) | System.Date(06-28,06-29)">$LOCALIZE[31913]</value>
		<value condition="System.Date(03-12,03-13)">$LOCALIZE[31910]</value>
		<value condition="System.Date(03-11,03-12)">$LOCALIZE[31909]</value>
		<value condition="System.Date(03-22,03-23)">$LOCALIZE[31912]</value>
		<value condition="System.Date(03-08,03-09)">$LOCALIZE[31908][CR]</value>
		<value condition="System.Date(02-19,02-20)">$LOCALIZE[31907]</value>
		<value condition="System.Date(02-11,02-12)">$LOCALIZE[31906]</value>
		<value condition="System.Date(01-19,01-20)">$LOCALIZE[31905][CR]</value>
		<value condition="System.Date(01-01,01-02)">$LOCALIZE[31904]</value>
		<value condition="System.Time(17:00,00:00) + Integer.IsGreaterOrEqual(System.Time(hh),5)">$LOCALIZE[31901]</value>
		<value condition="System.Time(12:00,17:00)">$LOCALIZE[31902]</value>
		<value>$LOCALIZE[31903]</value>
	</variable>

	<variable name="musicplaylisteditor_Override_LeftLabel">
		<value condition="String.IsEqual(ListItem.DBType,song)">$VAR[TrackNumber_Label,,.]$INFO[ListItem.Title, ]</value>
		<value>$INFO[ListItem.Label]</value>
	</variable>
	<variable name="musicplaylisteditor_Override_LeftLabel2">
		<value condition="String.IsEqual(ListItem.DBType,song)">$INFO[ListItem.Label2]</value>
		<value />
	</variable>
	<variable name="musicplaylisteditor_Directory_Label">
		<!-- items / item / No items -->
		<value condition="Integer.IsGreater(Container(50).NumItems,1)">$INFO[Container(50).NumItems,, $LOCALIZE[31622]]</value>
		<value condition="Integer.IsGreater(Container(50).NumItems,0)">$INFO[Container(50).NumItems,, $LOCALIZE[31623]]</value>
		<value>$LOCALIZE[31625]</value>
	</variable>
	<variable name="musicplaylisteditor_Info_Label">
		<value condition="!Control.HasFocus(50) + !Control.HasFocus(60) + Integer.IsGreater(Container(100).NumItems,1)">$INFO[Container(100).ListItem.Artist][CR]$INFO[Container(100).ListItem.Album][CR]$INFO[Container(100).ListItem.Year]</value>
		<value condition="[Control.HasFocus(50) | Control.HasFocus(60)] + String.IsEqual(Container(50).ListItem.DBType,song)">$INFO[Container(50).ListItem.Artist][CR]$INFO[Container(50).ListItem.Artist][CR]$INFO[Container(50).ListItem.Year]</value>
		<value condition="[Control.HasFocus(50) | Control.HasFocus(60)] + String.IsEqual(Container(50).ListItem.DBType,album)">$INFO[Container(50).ListItem.Artist][CR]$INFO[Container(50).ListItem.Year]</value>
	</variable>
	<variable name="musicplaylisteditor_Playlist_Label">
		<!-- songs / song / No songs added -->
		<value condition="Integer.IsGreater(Container(100).NumItems,1)">$INFO[Container(100).NumItems,, $LOCALIZE[31626]]</value>
		<value condition="Integer.IsGreater(Container(100).NumItems,0)">$INFO[Container(100).NumItems,, $LOCALIZE[31627]]</value>
		<value>$LOCALIZE[31628]</value>
	</variable>

	<variable name="script-upnext_Label">
		<value condition="!Integer.IsGreater(Window.Property(Episode),9)">$VAR[Window_Property_Season_Divider_Bold]$INFO[Window.Property(season), ]$INFO[Window.Property(episode),x0]</value>
		<value>$VAR[Window_Property_Season_Divider_Bold]$INFO[Window.Property(season), ]$INFO[Window.Property(episode),x]</value>
	</variable>

	<variable name="seekbar_Left_Label">
		<value condition="Integer.IsGreater(Player.ChapterCount,0)">$VAR[seekbar_Chapter_Label]$VAR[seekbar_Chapter_Count_Label,/][CR]$INFO[Player.Time]</value>
		<value>$INFO[Player.Time]</value>
	</variable>
	<variable name="seekbar_Chapter_Label">
		<value condition="String.IsEqual(Player.Chapter,09)">9</value>
		<value condition="String.IsEqual(Player.Chapter,08)">8</value>
		<value condition="String.IsEqual(Player.Chapter,07)">7</value>
		<value condition="String.IsEqual(Player.Chapter,06)">6</value>
		<value condition="String.IsEqual(Player.Chapter,05)">5</value>
		<value condition="String.IsEqual(Player.Chapter,04)">4</value>
		<value condition="String.IsEqual(Player.Chapter,03)">3</value>
		<value condition="String.IsEqual(Player.Chapter,02)">2</value>
		<value condition="String.IsEqual(Player.Chapter,01)">1</value>
		<value>$INFO[Player.Chapter]</value>
	</variable>
	<variable name="seekbar_Chapter_Count_Label">
		<value condition="String.IsEqual(Player.ChapterCount,09)">9</value>
		<value condition="String.IsEqual(Player.ChapterCount,08)">8</value>
		<value condition="String.IsEqual(Player.ChapterCount,07)">7</value>
		<value condition="String.IsEqual(Player.ChapterCount,06)">6</value>
		<value condition="String.IsEqual(Player.ChapterCount,05)">5</value>
		<value condition="String.IsEqual(Player.ChapterCount,04)">4</value>
		<value condition="String.IsEqual(Player.ChapterCount,03)">3</value>
		<value condition="String.IsEqual(Player.ChapterCount,02)">2</value>
		<value condition="String.IsEqual(Player.ChapterCount,01)">1</value>
		<value>$INFO[Player.ChapterCount]</value>
	</variable>

	<variable name="selectdialog_List_Label">
		<value condition="Window.Is(selectvideoversion)">$INFO[ListItem.VideoVersionName]</value>
		<value>$INFO[ListItem.Label]</value>
	</variable>

	<variable name="selectdialog_Description_Label">
		<value condition="Window.Is(selectvideoversion)">$INFO[Container(6).ListItem.Duration]$VAR[Resolution_Label_6_Divider_Bold, ]$VAR[Resolution_Label_6, ]$VAR[AudioCodec_Label_6_Divider_Bold, ]$VAR[AudioCodec_Label_6, ]</value>
		<value>$INFO[Container(6).ListItem.Label2]</value>
	</variable>

	<variable name="skinsettings_Choose_Widget1_Path_Label">
		<value condition="Skin.String(Widget1_Custom_Path)">$INFO[Skin.String(Widget1_Custom_Path),- ]</value>
		<value>- $LOCALIZE[573]</value>
	</variable>
	<variable name="skinsettings_Choose_Widget2_Path_Label">
		<value condition="Skin.String(Widget2_Custom_Path)">$INFO[Skin.String(Widget2_Custom_Path),- ]</value>
		<value>- $LOCALIZE[573]</value>
	</variable>
	<variable name="skinsettings_Choose_Widget3_Path_Label">
		<value condition="Skin.String(Widget3_Custom_Path)">$INFO[Skin.String(Widget3_Custom_Path),- ]</value>
		<value>- $LOCALIZE[573]</value>
	</variable>
	<variable name="skinsettings_Choose_Widget4_Path_Label">
		<value condition="Skin.String(Widget4_Custom_Path)">$INFO[Skin.String(Widget4_Custom_Path),- ]</value>
		<value>- $LOCALIZE[573]</value>
	</variable>
	<variable name="skinsettings_Choose_Widget5_Path_Label">
		<value condition="Skin.String(Widget5_Custom_Path)">$INFO[Skin.String(Widget5_Custom_Path),- ]</value>
		<value>- $LOCALIZE[573]</value>
	</variable>
	<variable name="skinsettings_Choose_Widget6_Path_Label">
		<value condition="Skin.String(Widget6_Custom_Path)">$INFO[Skin.String(Widget6_Custom_Path),- ]</value>
		<value>- $LOCALIZE[573]</value>
	</variable>
	<variable name="skinsettings_Choose_Widget7_Path_Label">
		<value condition="Skin.String(Widget7_Custom_Path)">$INFO[Skin.String(Widget7_Custom_Path),- ]</value>
		<value>- $LOCALIZE[573]</value>
	</variable>
	<variable name="skinsettings_Choose_Widget8_Path_Label">
		<value condition="Skin.String(Widget8_Custom_Path)">$INFO[Skin.String(Widget8_Custom_Path),- ]</value>
		<value>- $LOCALIZE[573]</value>
	</variable>
	<variable name="skinsettings_Choose_Widget9_Path_Label">
		<value condition="Skin.String(Widget9_Custom_Path)">$INFO[Skin.String(Widget9_Custom_Path),- ]</value>
		<value>- $LOCALIZE[573]</value>
	</variable>
	<variable name="skinsettings_Hint_Label">
		<!-- Main menu -->
		<value condition="Control.HasFocus(10)">$LOCALIZE[31500]</value>
		<value condition="Control.HasFocus(11)">$LOCALIZE[31501]</value>
		<value condition="Control.HasFocus(12)">$LOCALIZE[31516]</value>
		<value condition="Control.HasFocus(13)">$LOCALIZE[31503]</value>
		<value condition="Control.HasFocus(14)">$LOCALIZE[31504]</value>
		<value condition="Control.HasFocus(15)">$LOCALIZE[31505]</value>
		<value condition="Control.HasFocus(16)">$LOCALIZE[31532]</value>
		<!-- General -->
		<value condition="Control.HasFocus(1002)">$LOCALIZE[31507]</value>
		<value condition="Control.HasFocus(1003)">$LOCALIZE[31509]</value>
		<value condition="Control.HasFocus(10240) | Control.HasFocus(10241) | Control.HasFocus(10242)">$LOCALIZE[31587]</value>
		<value condition="Control.HasFocus(1005)">$LOCALIZE[31512]</value>
		<value condition="Control.HasFocus(1019)">$LOCALIZE[31521]</value>
		<value condition="Control.HasFocus(1020)">$LOCALIZE[31522]</value>
		<value condition="Control.HasFocus(1021)">$LOCALIZE[31523]</value>
		<value condition="Control.HasFocus(10220) | Control.HasFocus(10221) | Control.HasFocus(10222)">$LOCALIZE[31524]</value>
		<value condition="Control.HasFocus(1023)">$LOCALIZE[31598]</value>
		<value condition="Control.HasFocus(1024)">$LOCALIZE[31599]</value>
		<!-- Menus -->
		<value condition="Control.HasFocus(1201)">$LOCALIZE[31517]</value>
		<value condition="Control.HasFocus(1202)">$LOCALIZE[31518]</value>


		<!-- Background -->
		<value condition="Control.HasFocus(16010) | Control.HasFocus(16011)">$LOCALIZE[31526]</value>
		<value condition="Control.HasFocus(16030) | Control.HasFocus(16031)">$LOCALIZE[31527]</value>
		<value condition="Control.HasFocus(16050) | Control.HasFocus(16051)">$LOCALIZE[31587]</value>
		<value condition="Control.HasFocus(1607)">$LOCALIZE[31533]</value>
		<!-- Home -->
		<value condition="Control.HasFocus(1101)">$LOCALIZE[31529]</value>
		<value condition="Control.HasFocus(1103)">$LOCALIZE[31530]</value>
		<value condition="Control.HasFocus(1110)">$LOCALIZE[31542]</value>
		<value condition="Control.HasFocus(1111)">$LOCALIZE[31543]</value>
		<!-- Views -->
		<value condition="Control.HasFocus(1305) | Control.HasFocus(1355)">$LOCALIZE[31541]</value>
		<value condition="Control.HasFocus(1315) | Control.HasFocus(1325) | Control.HasFocus(1338) | Control.HasFocus(1356)">$LOCALIZE[31598]</value>
		<value condition="Control.HasFocus(1326) | Control.HasFocus(1339)">$LOCALIZE[31599]</value>
		<value condition="Control.HasFocus(1351)">$LOCALIZE[31575]</value>
		<value condition="Control.HasFocus(1352)">$LOCALIZE[31586]</value>
		<value condition="Control.HasFocus(1302) | Control.HasFocus(1303) | Control.HasFocus(1304) | Control.HasFocus(1312) | Control.HasFocus(1313) | Control.HasFocus(1314) | Control.HasFocus(1315) | Control.HasFocus(1322) | Control.HasFocus(1323) | Control.HasFocus(1324) | Control.HasFocus(1325) | Control.HasFocus(1332) | Control.HasFocus(1336) | Control.HasFocus(1337) | Control.HasFocus(1338)">$LOCALIZE[31546]</value>
		<!-- Customisations -->
		<value condition="Control.HasFocus(1402)">$LOCALIZE[31551]</value>
		<value condition="Control.HasFocus(1403)">$LOCALIZE[31552]</value>
		<value condition="Control.HasFocus(1404)">$LOCALIZE[31553]</value>
		<value condition="Control.HasFocus(14050) | Control.HasFocus(1405)">$LOCALIZE[31554]</value>
		<value condition="Control.HasFocus(1411)">$LOCALIZE[31555]</value>
		<value condition="Control.HasFocus(1408)">$LOCALIZE[31556]</value>
		<value condition="Control.HasFocus(1417)">$LOCALIZE[31570]</value>
		<value condition="Control.HasFocus(1418)">$LOCALIZE[31571]</value>
		<value condition="Control.HasFocus(1419)">$LOCALIZE[31802]</value>
		<value condition="Control.HasFocus(1420)">$LOCALIZE[31803]</value>
		<!-- Extras -->
		<value condition="Control.HasFocus(1502)">$LOCALIZE[31558]</value>
		<value condition="Control.HasFocus(1513)">$LOCALIZE[31560]</value>
		<value condition="Control.HasFocus(1523)">$LOCALIZE[31562]</value>
		<value condition="Control.HasFocus(15240) | Control.HasFocus(15241)">$LOCALIZE[31563]</value>
		<value condition="Control.HasFocus(1531)">$LOCALIZE[31565]</value>
		<value condition="Control.HasFocus(15320) | Control.HasFocus(15321)">$LOCALIZE[31566]</value>
		<value condition="Control.HasFocus(1533)">$LOCALIZE[31567]</value>
		<value condition="Control.HasFocus(1534) | Control.HasFocus(1535)">$LOCALIZE[31568]</value>
		<!-- Experiments -->
		<value condition="Control.HasFocus(1700)">$LOCALIZE[31570]</value>
		<value condition="Control.HasFocus(1701)">$LOCALIZE[31571]</value>
	</variable>
	<variable name="skinsettings_Background_Interval_Label">
		<!-- Multiart Interval / Off -->
		<value condition="Skin.String(Background_Interval)">$INFO[Skin.String(Background_Interval)]</value>
		<value>10</value>
	</variable>
	<variable name="skinsettings_Background_Opacity_Label">
		<value condition="Skin.String(Background_Opacity)">$INFO[Skin.String(Background_Opacity)]</value>
	</variable>
	<variable name="skinsettings_Background_Slideshow_Label">
		<value condition="Skin.String(Background_Slideshow,Global) | !Skin.String(Background_Slideshow)">$LOCALIZE[31436]</value>
		<value condition="Skin.String(Background_Slideshow,Movies)">$LOCALIZE[342]</value>
		<value condition="Skin.String(Background_Slideshow,TVShows)">$LOCALIZE[20343]</value>
		<value condition="Skin.String(Background_Slideshow,Videos)">$LOCALIZE[31437]</value>
		<value condition="Skin.String(Background_Slideshow,Artists)">$LOCALIZE[133]</value>
		<value condition="Skin.String(Background_Slideshow,Custom)">$LOCALIZE[31438]</value>
	</variable>
	<variable name="skinsettings_Background_Slideshow_Custom_Path_Label">
		<!-- Choose new path... / [shows path] -->
		<value condition="Skin.String(Background_Slideshow_Custom_Path)">$INFO[Skin.String(Background_Slideshow_Custom_Path)]</value>
		<value>$LOCALIZE[31439]</value>
	</variable>
	<variable name="skinsettings_Multiart_Interval_Label">
		<!-- Multiart Interval / Off -->
		<value condition="Skin.String(Multiart_Interval)">$INFO[Skin.String(Multiart_Interval)]</value>
		<value>4</value>
	</variable>
	<variable name="skinsettings_Music_Rating_Like_Threshold_Label">
		<!-- Music_Rating_Liked_Threshold / Off -->
		<value condition="Integer.IsGreater(Skin.String(Music_Rating_Like_Threshold),0)">$INFO[Skin.String(Music_Rating_Like_Threshold)]</value>
		<value>$LOCALIZE[351]</value>
	</variable>
	<variable name="skinsettings_Preferred_MPAA_Label">
		<value condition="Skin.HasSetting(Preferred_Rating_BBFC) | Skin.HasSetting(Preferred_Rating_MPAA) | Skin.HasSetting(Preferred_Rating_CHVRS) | Skin.HasSetting(Preferred_Rating_ACB) | Skin.HasSetting(Preferred_Rating_FSK) | Skin.HasSetting(Preferred_Rating_DJCTQ) | Skin.HasSetting(Preferred_Rating_KIJKWIJZER) | Skin.HasSetting(Preferred_Rating_EIRIN)">$LOCALIZE[31452]</value>
		<value>$LOCALIZE[31624]</value>
	</variable>
	<variable name="skinsettings_Preferred_MPAA_Label2">
		<value condition="Skin.HasSetting(Preferred_Rating_BBFC)">$LOCALIZE[31951]</value>
		<value condition="Skin.HasSetting(Preferred_Rating_MPAA)">$LOCALIZE[31952]</value>
		<value condition="Skin.HasSetting(Preferred_Rating_CHVRS)">$LOCALIZE[31954]</value>
		<value condition="Skin.HasSetting(Preferred_Rating_ACB)">$LOCALIZE[31953]</value>
		<value condition="Skin.HasSetting(Preferred_Rating_FSK)">$LOCALIZE[31957]</value>
		<value condition="Skin.HasSetting(Preferred_Rating_DJCTQ)">$LOCALIZE[31955]</value>
		<value condition="Skin.HasSetting(Preferred_Rating_KIJKWIJZER)">$LOCALIZE[31959]</value>
		<value condition="Skin.HasSetting(Preferred_Rating_EIRIN)">$LOCALIZE[31956]</value>
		<value>$LOCALIZE[31624]</value>
	</variable>
	<variable name="skinsettings_script-upnext_Artwork_Label2">
		<value condition="Skin.String(script-upnext_Artwork,Square)">$LOCALIZE[31008]</value>
		<value condition="Skin.String(script-upnext_Artwork,Posters)">$LOCALIZE[31006]</value>
		<value>$LOCALIZE[31007]</value>
	</variable>
	<variable name="skinsettings_visualisation_Layout_Label2">
		<value condition="Skin.String(visualisation_Layout,Large)">$LOCALIZE[31483]</value>
		<value>$LOCALIZE[31482]</value>
	</variable>

	<variable name="skinshortcuts_Background_Override_Label2">
		<value condition="!String.IsEmpty(Container(211).ListItem.Property(backgroundPlaylist))">$INFO[Container(211).ListItem.Property(backgroundPlaylist)]</value>
		<value condition="!String.IsEmpty(Container(211).ListItem.Property(background))">$INFO[Container(211).ListItem.Property(background)]</value>
		<value />
	</variable>

	<variable name="subtitlesearch_Label">
		<value condition="ListItem.Property(hearingimp) + ListItem.Property(sync)">$INFO[ListItem.Label,, CC SYNC]$VAR[ListItem_Label2_Divider_Bold, , ]$INFO[ListItem.Label2]</value>
		<value condition="ListItem.Property(hearingimp)">$INFO[ListItem.Label,, CC]$VAR[ListItem_Label2_Divider_Bold, , ]$INFO[ListItem.Label2]</value>
		<value condition="ListItem.Property(sync)">$INFO[ListItem.Label,, SYNC]$VAR[ListItem_Label2_Divider_Bold, , ]$INFO[ListItem.Label2]</value>
		<value>$INFO[ListItem.Label]$VAR[ListItem_Label2_Divider_Bold, , ]$INFO[ListItem.Label2]</value>
	</variable>

	<variable name="tvguide_Group_Label">
		<value condition="Control.HasFocus(11)">$VAR[Copacetic_Chevron_Left] $INFO[Container(11).ListItem.Label] $VAR[Copacetic_Chevron_Right]</value>
		<value>$INFO[Container(11).ListItem.Label]</value>
	</variable>

	<variable name="videoosd_Subtitle_Toggle_Label">
		<!-- LANG / Disabled / Not available -->
		<value condition="VideoPlayer.SubtitlesEnabled + VideoPlayer.HasSubtitles">[UPPERCASE]$INFO[VideoPlayer.SubtitlesLanguage][/UPPERCASE]</value>
		<value condition="VideoPlayer.HasSubtitles">$LOCALIZE[1223]</value>
		<value>$LOCALIZE[10005]</value>
	</variable>

	<variable name="volumebar_Info_Label">
		<!-- Passthrough audio in use / Muted / 33% -->
		<value condition="Player.Passthrough">$LOCALIZE[29802]</value>
		<value condition="Player.Muted">$LOCALIZE[31629]</value>
		<value>$INFO[Control.GetLabel(63),,%]</value>
	</variable>

	<variable name="widgetsettings_Hint_Label">
		<value condition="Control.HasFocus(10) | Control.HasFocus(11) | Control.HasFocus(12) | Control.HasFocus(13)">$LOCALIZE[31502]</value>
		<value condition="Control.HasFocus(20) | Control.HasFocus(21) | Control.HasFocus(22) | Control.HasFocus(23)">$LOCALIZE[31502]</value>
		<value condition="Control.HasFocus(30) | Control.HasFocus(31) | Control.HasFocus(32) | Control.HasFocus(33)">$LOCALIZE[31502]</value>
		<value condition="Control.HasFocus(40) | Control.HasFocus(41) | Control.HasFocus(42) | Control.HasFocus(43)">$LOCALIZE[31502]</value>
		<value condition="Control.HasFocus(50) | Control.HasFocus(51) | Control.HasFocus(52) | Control.HasFocus(53)">$LOCALIZE[31502]</value>
		<value condition="Control.HasFocus(60) | Control.HasFocus(61) | Control.HasFocus(62) | Control.HasFocus(63)">$LOCALIZE[31502]</value>
		<value condition="Control.HasFocus(70) | Control.HasFocus(71) | Control.HasFocus(72) | Control.HasFocus(73)">$LOCALIZE[31502]</value>
		<value condition="Control.HasFocus(80) | Control.HasFocus(81) | Control.HasFocus(82) | Control.HasFocus(83)">$LOCALIZE[31502]</value>
		<value condition="Control.HasFocus(90) | Control.HasFocus(91) | Control.HasFocus(92) | Control.HasFocus(93)">$LOCALIZE[31502]</value>
		<value condition="Control.HasFocus(110) | Control.HasFocus(210) | Control.HasFocus(310) | Control.HasFocus(410) | Control.HasFocus(510) | Control.HasFocus(610) | Control.HasFocus(710) | Control.HasFocus(810) | Control.HasFocus(910)">$LOCALIZE[31596]</value>
		<value condition="Control.HasFocus(111) | Control.HasFocus(211) | Control.HasFocus(311) | Control.HasFocus(411) | Control.HasFocus(511) | Control.HasFocus(611) | Control.HasFocus(711) | Control.HasFocus(811) | Control.HasFocus(911)">$LOCALIZE[31567]</value>
		<value condition="Control.HasFocus(114) | Control.HasFocus(214) | Control.HasFocus(314) | Control.HasFocus(414) | Control.HasFocus(514) | Control.HasFocus(614) | Control.HasFocus(714) | Control.HasFocus(814) | Control.HasFocus(914)">$LOCALIZE[31598]</value>
		<value condition="Control.HasFocus(115) | Control.HasFocus(215) | Control.HasFocus(315) | Control.HasFocus(415) | Control.HasFocus(515) | Control.HasFocus(615) | Control.HasFocus(715) | Control.HasFocus(815) | Control.HasFocus(915)">$LOCALIZE[31599]</value>
	</variable>

</includes>