<?xml version="1.0" encoding="UTF-8"?>
<addon id="skin.copacetic" version="1.4.2" name="Copacetic" provider-name="realcopacetic">
	<requires>
		<import addon="xbmc.gui" version="5.17.0" />
		<import addon="script.copacetic.helper" version="1.0.16" />
		<import addon="resource.fonts.copacetic" version="1.0.5" />
		<import addon="script.skinshortcuts" version="1.1.5" />
		<import addon="service.upnext" version="1.1.9+MATRIX.1" />
	</requires>
	<extension point="xbmc.gui.skin" defaultthemename="Textures.xbt" effectslowdown="0.7" debugging="false">
		<res width="1920" height="1080" aspect="16:9" default="true" folder="16x9" />
	</extension>
	<extension point="xbmc.addon.metadata">
		<platform>all</platform>
		<license>Creative Commons Attribution Non-Commercial Share-Alike 4.0</license>
		<assets>
			<icon>resources/icon.png</icon>
			<fanart>resources/fanart.jpg</fanart>
			<screenshot>resources/screenshot-01.jpg</screenshot>
			<screenshot>resources/screenshot-02.jpg</screenshot>
			<screenshot>resources/screenshot-03.jpg</screenshot>
			<screenshot>resources/screenshot-04.jpg</screenshot>
			<screenshot>resources/screenshot-05.jpg</screenshot>
			<screenshot>resources/screenshot-06.jpg</screenshot>
			<screenshot>resources/screenshot-07.jpg</screenshot>
			<screenshot>resources/screenshot-08.jpg</screenshot>
			<screenshot>resources/screenshot-09.jpg</screenshot>
			<screenshot>resources/screenshot-10.jpg</screenshot>
			<screenshot>resources/screenshot-11.jpg</screenshot>
			<screenshot>resources/screenshot-12.jpg</screenshot>
			<screenshot>resources/screenshot-13.jpg</screenshot>
		</assets>
		<summary lang="en_GB">A real good time with your media.</summary>
		<summary lang="es_ES">Un buen rato con tu contenido multimedia.</summary>
		<summary lang="fi_FI">Nauti ajasta mediasi kanssa.</summary>
		<summary lang="fr_FR">Un vrai bon moment avec vos médias.</summary>
		<summary lang="it_IT">Un vero divertimento con i tuoi media.</summary>
		<summary lang="pl_PL">To naprawdę dobry czas z twoimi mediami.</summary>
		<summary lang="pt_PT">Um bom tempo com a tua media.</summary>
		<summary lang="zh_CN">与您的媒体共度美好时光。</summary>
		<description lang="en_GB">Clear away the clutter with a minimal skin designed to bring maximum impact to the artwork that you curate for your favourite movies, shows and music. Copacetic is a labour of love more than five years in the making. I hope you enjoy it.</description>
		<description lang="es_ES">Despeja el desorden con un skin minimalista diseñado para dar el máximo impacto a las ilustraciones que seleccionas para tus películas, series y música favoritas. Copacetic es un trabajo realizado con amor durante más de cinco años. Espero que lo disfrutes.</description>
		<description lang="fr_FR">Débarrassez-vous du superflu avec un habillage minimal conçu pour donner un impact maximal aux œuvres d&apos;art que sont vos films, émissions et musiques préférés. Copacetic est le fruit d&apos;un travail passionné de plus de cinq ans. J&apos;espère que vous l&apos;apprécierez.</description>
		<description lang="it_IT">Elimina il disordine con una skin minimale progettata per dare il massimo impatto alle artwork per i tuoi film, serie e musica preferiti. Copacetic è un lavoro d&apos;amore che dura da più di cinque anni. Spero che vi piaccia.</description>
		<description lang="zh_CN">使用简洁的外观清除杂乱，旨在为您和为您喜爱的电影、剧集和音乐的艺术作品带来最大的影响。 Copacetic 是五年多来的心血结晶。我希望你喜欢它。</description>
	</extension>
</addon>
