<?xml version="1.0" encoding="UTF-8"?>
<window type="dialog" id="1115">
	<visible>$EXP[TransparentDialog_IsVisible] | [VideoPlayer.IsFullscreen + [Player.Paused | Window.IsVisible(videoosd) | Window.IsVisible(fullscreeninfo)]]</visible>
	<visible>!$EXP[Infoscreen_IsVisible]</visible>
	<visible>!String.IsEqual(Window(home).Property(OptionsMenu),Active)</visible>
	<visible>!$EXP[OpaqueDialog_IsVisible]</visible>
	<visible>!Window.IsVisible(mediasource) + !Window.IsVisible(smartplaylisteditor)</visible>
	<visible>![Window.IsVisible(home) + String.IsEmpty(Window(home).Property(HomeWidget))]</visible>
	<visible>![$EXP[Background_IsFanart] + $EXP[PanelDialog_IsVisible]]</visible>
	<visible>![Window.IsActive(addonbrowser) + !Container.Content(addons)]</visible>
	<visible>![Window.IsVisible(addonbrowser) + Window.IsVisible(selectdialog)]</visible>
	<visible>!Window.IsVisible(loginscreen)</visible>
	<visible>!Window.IsVisible(musicplaylisteditor)</visible>
	<include content="WindowOpenClose_Fade_Animation" />
	<zorder>0</zorder>
	<controls>
		<include content="Transparent_Dialog_Background" />
	</controls>
</window>