<?xml version="1.0" encoding="UTF-8"?>
<addon id="skin.copacetic" version="1.0.3" name="Copacetic" provider-name="realcopacetic">
	<requires>
		<import addon="xbmc.gui" version="5.16.0" />
		<import addon="script.copacetic.helper" version="1.0.1" />
		<import addon="resource.fonts.copacetic" version="1.0.0" />
		<import addon="script.skinshortcuts" version="1.1.5" />
		<import addon="visualization.waveform" version="20.2.1" />
	</requires>
	<extension point="xbmc.gui.skin" defaultthemename="Textures.xbt" effectslowdown="0.8" debugging="false">
		<res width="1920" height="1080" aspect="16:9" default="true" folder="16x9" />
	</extension>
	<extension point="xbmc.addon.metadata">
		<platform>all</platform>
		<license>Creative Commons Attribution Non-Commercial Share-Alike 4.0</license>
		<assets>
			<icon>resources/icon.png</icon>
			<fanart>resources/fanart.jpg</fanart>
			<screenshot>resources/screenshot-01.jpg</screenshot>
			<screenshot>resources/screenshot-02.jpg</screenshot>
			<screenshot>resources/screenshot-03.jpg</screenshot>
			<screenshot>resources/screenshot-04.jpg</screenshot>
			<screenshot>resources/screenshot-05.jpg</screenshot>
			<screenshot>resources/screenshot-06.jpg</screenshot>
			<screenshot>resources/screenshot-07.jpg</screenshot>
			<screenshot>resources/screenshot-08.jpg</screenshot>
			<screenshot>resources/screenshot-09.jpg</screenshot>
			<screenshot>resources/screenshot-10.jpg</screenshot>
			<screenshot>resources/screenshot-11.jpg</screenshot>
			<screenshot>resources/screenshot-12.jpg</screenshot>
			<screenshot>resources/screenshot-13.jpg</screenshot>
		</assets>
		<summary lang="en_GB">A real good time with your media.</summary>
		<summary lang="es_ES">Un buen rato con tu contenido multimedia.</summary>
		<summary lang="it_IT">Un vero divertimento con i tuoi media.</summary>
		<description lang="en_GB">Clear away the clutter with a minimal skin designed to bring maximum impact to the artwork that you curate for your favourite movies, shows and music. Copacetic is a labour of love more than five years in the making. I hope you enjoy it.</description>
		<description lang="es_ES">Elimina el desorden con un skin minimalista diseñado para dar el máximo impacto a las ilustraciones que creas para tus películas, series y música favoritas. Copacetic es un trabajo realizado con amor durante más de cinco años. Espero que lo disfrutes.</description>
		<description lang="it_IT">Elimina il disordine con una skin minimale progettata per dare il massimo impatto alle artwork per i tuoi film, serie e musica preferiti. Copacetic è un lavoro d&apos;amore che dura da più di cinque anni. Spero che vi piaccia.</description>
	</extension>
</addon>