<?xml version="1.0" encoding="UTF-8"?>
<window>
	<!-- profiles -->
	<defaultcontrol always="true">3009</defaultcontrol>
	<backgroundcolor>$VAR[Fanart_Slideshow_Global_Background_Color]</backgroundcolor>
	<include content="Settings_WindowOpenClose_Fade_Delayed_Animation" />
	<controls>
		<include content="Light_Theme_Background" condition="Skin.HasSetting(Fanart_Slideshow_Global_Disabled)" />
		<include content="Fanart_Slideshow_Global" condition="!Skin.HasSetting(Fanart_Slideshow_Global_Disabled)" />
		<include content="Default_Settings_Panel_Layout">
			<param name="left_list_id" value="500" />
			<param name="right_list_id" value="2" />
			<param name="alt_right_id" value="501" />
			<param name="alt_right_condition" value="ControlGroup(500).HasFocus(100)" />
			<include content="Settings_Grouplist_Template">
				<param name="id" value="500" />
				<param name="onleft" value="3009" />
				<param name="onright" value="2" />
				<param name="onright_condition" value="ControlGroup(500).HasFocus(101)" />
				<param name="onright2" vale="501" />
				<param name="onright2_condition" value="!ControlGroup(500).HasFocus(101)" />
				<param name="include_permanent_underline" value="true" />
				<param name="include_scrollbar" value="false" />
				<include content="profiles_Left_List_Content" />
			</include>
			<include content="Settings_Grouplist_Template">
				<param name="id" value="501" />
				<param name="left" value="570" />
				<param name="width" value="1260" />
				<param name="onleft" value="100" />
				<param name="onright" value="3009" />
				<param name="include_scrollbar" value="false" />
				<visible>!ControlGroup(500).HasFocus(101)</visible>
				<defaultcontrol always="true">4</defaultcontrol>
				<include content="profiles_Right_List_Content" />
			</include>
			<include content="Settings_List_Template">
				<param name="visible" value="ControlGroup(500).HasFocus(101)" />
				<param name="id" value="2" />
				<param name="width" value="1260" />
				<param name="top" value="225" />
				<param name="onleft" value="101" />
				<param name="onright" value="3009" />
				<param name="focus_border_visible" value="Control.HasFocus(2)" />
				<param name="focus_border_margin_right" value="60" />
				<param name="focus_color" value="$VAR[Settings_Grouplist_Label_Color]" />
			</include>
			<include content="Simple_ListIcon">
				<param name="left" value="150" />
				<param name="top" value="435" />
				<param name="width" value="390" />
				<param name="height" value="390" />
				<param name="texture" value="$VAR[profiles_Icon_Texture]" />
				<param name="fallback" value="flags/fallback-square.png" />
				<param name="fadetime" value="180" />
			</include>
			<include content="Dialog_Divider">
				<param name="left" value="570" />
				<param name="height" value="630" />
			</include>
			<include content="Dialog_Divider">
				<animation effect="rotate" start="0" end="-90" center="auto" time="0" condition="true">Conditional</animation>
				<animation effect="slide" start="0" end="315,0" center="auto" time="0" condition="true">Conditional</animation>
				<param name="height" value="420" />
			</include>
		</include>
	</controls>
</window>