<?xml version="1.0" encoding="UTF-8"?>
<window>
	<!-- videobookmarks -->
	<defaultcontrol always="true">4010</defaultcontrol>
	<include content="WindowOpenClose_Fade_Animation" />
	<controls>
		<include content="videobookmarks_Hidden" />
		<include content="Default_Dialog_Panel_Layout">
			<param name="visible" value="![$EXP[Hidden_Focus_Setter] | Window.IsVisible(shutdownmenu) | Window.IsVisible(sliderdialog) | Window.IsVisible(selectdialog) | Window.IsVisible(filebrowser) | Window.IsVisible(subtitlesearch) | Window.IsVisible(virtualkeyboard)]" />
			<param name="visible_animation" value="Visible_Fade_Delayed_Extra_Long_Animation" />
			<param name="panel_edge_top" value="540" />
			<param name="panel_edge_bottom" value="0" />
			<param name="panel_edge_left" value="0" />
			<param name="panel_edge_right" value="0" />
			<include content="Breadcrumb_Label">
				<param name="bar" value="false" />
				<param name="title_label" value="$INFO[Container(11).ListItem.Label]" />
				<param name="info_label_visible" value="true" />
				<param name="info_label" value="$INFO[Container(11).ListItem.Label2,$LOCALIZE[31001] ]" />
				<param name="label_color" value="$VAR[Light_Color]" />
				<animation effect="slide" start="0" end="12,911" time="0" condition="true">Conditional</animation>
			</include>
			<include content="Button_Group_Template">
				<param name="right" value="72" />
				<param name="onup" value="11" />
				<param name="onleft" value="11" />
				<param name="include_textures" value="false" />
				<param name="include_labels" value="true" />
				<param name="show_labels" value="true" />
				<param name="button1" value="true" />
				<param name="button1_id" value="2" />
				<param name="button1_label" value="$LOCALIZE[31530]" />
				<param name="button2" value="true" />
				<param name="button2_id" value="3" />
				<param name="button2_label" value="$LOCALIZE[31531]" />
				<param name="button3" value="true" />
				<param name="button3_id" value="4" />
				<param name="button3_label" value="$LOCALIZE[31532]" />
			</include>
		</include>
		<include content="GridView_Art_Fanart">
			<param name="target_id" value="11" />
			<param name="art_icon" value="videobookmarks" />
			<param name="focus_border_visible" value="!ControlGroup(4000).HasFocus" />
			<visible>![$EXP[Hidden_Focus_Setter] | Window.IsVisible(shutdownmenu) | Window.IsVisible(sliderdialog) | Window.IsVisible(selectdialog) | Window.IsVisible(filebrowser) | Window.IsVisible(subtitlesearch) | Window.IsVisible(virtualkeyboard)]</visible>
			<include content="Visible_Fade_Delayed_Long_Animation" />
			<animation effect="slide" start="0" end="0,234" time="0" condition="true">Conditional</animation>
		</include>
	</controls>
</window>