<?xml version="1.0" encoding="UTF-8"?>
<overrides>
  <doNotShareMenu/>
  <doNotShareLevels/>

  <background label="::PLAYLIST::">1</background>
  <backgroundBrowse>True</backgroundBrowse>
  <defaultwidgetsGetMore>False</defaultwidgetsGetMore>

  <groupoverride group="shutdownmenu" condition="Window.IsActive(DialogButtonMenu.xml)">Dialog.Close(all)</groupoverride>

  <!-- Management dialog navigation -->
  <onback to="304">401</onback>
  <onback to="304">305</onback>
  <onback to="304">307</onback>
  <onback to="304">310</onback>
  <onback to="10">301</onback>
  <onback to="10">302</onback>
  <onback to="10">303</onback>
  <onback to="10">304</onback>
  <onback to="10">308</onback>
  <onback to="10">999</onback>

  <!-- Widget Sort method -->
  <WidgetSortMethod-groupings>
      <shortcut label="$LOCALIZE[551]">name</shortcut>
      <shortcut label="$LOCALIZE[590]">random</shortcut>
      <shortcut label="$LOCALIZE[570]">dateadded</shortcut>
      <shortcut label="$LOCALIZE[568]">lastplayed</shortcut>
      <shortcut label="$LOCALIZE[567]">playcount</shortcut>
      <shortcut label="$LOCALIZE[562]">year</shortcut>
      <shortcut label="$LOCALIZE[553]">rating</shortcut>
      <shortcut label="$LOCALIZE[38018]">userrating</shortcut>
      <shortcut label="$LOCALIZE[205]">votes</shortcut>
      <shortcut label="$LOCALIZE[515]">genre</shortcut>
      <shortcut label="$LOCALIZE[574]">country</shortcut>
      <shortcut label="$LOCALIZE[572]">studio</shortcut>
      <shortcut label="$LOCALIZE[559]">playlistorder</shortcut>
      <shortcut label="$LOCALIZE[20359]">episodenumber</shortcut>
      <shortcut label="$LOCALIZE[20373]">season</shortcut>
      <shortcut label="Number of episodes">numberofepisodes</shortcut>
      <shortcut label="Number of watched episodes">numberofwatchedepisodes</shortcut>
      <shortcut label="TV show status">tvshowstatus</shortcut>
      <shortcut label="$LOCALIZE[20364]">tvshowtitle</shortcut>
      <shortcut label="$LOCALIZE[561]">file</shortcut>
      <shortcut label="$LOCALIZE[556]">title</shortcut>
      <shortcut label="$LOCALIZE[554]">tracknumber</shortcut>
      <shortcut label="$LOCALIZE[555]">time</shortcut>
      <shortcut label="$LOCALIZE[557]">artist</shortcut>
      <shortcut label="$LOCALIZE[558]">album</shortcut>
      <shortcut label="$LOCALIZE[12014]">lastupdated</shortcut>
      <shortcut label="$LOCALIZE[12012]">lastused</shortcut>
      <shortcut label="$LOCALIZE[552]">date</shortcut>
  </WidgetSortMethod-groupings>

</overrides>
