<?xml version="1.0" encoding="UTF-8"?>
<window>
	<!-- musicplaylisteditor -->
	<onload>ClearProperty(ActiveList,musicplaylisteditor)</onload>
	<onunload>ClearProperty(ActiveList,musicplaylisteditor)</onunload>
	<defaultcontrol always="true">4010</defaultcontrol>
	<backgroundcolor>$VAR[Dark_Color]</backgroundcolor>
	<views>50</views>
	<controls>
		<include content="musicplaylisteditor_Hidden" />
		<include content="Background_Global">
			<param name="texture_path" value="$VAR[musicplaylisteditor_Background_Texture]" />
		</include>
		<include content="Default_Dialog_Panel_And_Lists_Layout">
			<param name="window_name" value="musicplaylisteditor" />
			<param name="grouplist_itemgap" value="360" />
			<param name="left_list_visible" value="![Window.IsVisible(contextmenu) + String.IsEqual(Window(musicplaylisteditor).Property(ActiveList),Right)]" />
			<param name="left_list_id" value="50" />
			<param name="left_list_width" value="690" />
			<param name="left_list_onleft" value="8" />
			<param name="left_list_label" value="$VAR[musicplaylisteditor_Override_LeftLabel]" />
			<param name="left_list_label2" value="$VAR[musicplaylisteditor_Override_LeftLabel2]" />
			<param name="right_list_visible" value="![Window.IsVisible(contextmenu) + String.IsEqual(Window(musicplaylisteditor).Property(ActiveList),Left)]" />
			<param name="right_list_id" value="100" />
			<param name="right_list_width" value="690" />
			<param name="right_list_onright" value="6" />
			<param name="right_list_focus_border_visible" value="Control.HasFocus(100)" />
			<param name="right_list_label" value="$INFO[ListItem.CurrentItem,,.]$INFO[ListItem.Title, ]" />
			<param name="right_list_divider_visible" value="true" />
			<include content="Simple_ListIcon">
				<param name="left" value="810" />
				<param name="top" value="390" />
				<param name="width" value="300" />
				<param name="height" value="300" />
				<param name="texture" value="$VAR[musicplaylisteditor_Icon_Texture]" />
				<param name="fadetime" value="360" />
			</include>
			<!-- Middle label -->
			<include content="Description_Label">
				<param name="textcolor" value="$VAR[Unfocused_Color]" />
				<param name="label" value="$VAR[musicplaylisteditor_Info_Label]" />
				<param name="left" value="810" />
				<param name="right" value="810" />
				<param name="height" value="120" />
				<param name="bottom" value="240" />
				<param name="align" value="center" />
				<param name="aligny" value="top" />
				<wrapmultiline>true</wrapmultiline>
			</include>
			<!-- Left side label -->
			<include content="Description_Label">
				<param name="type" value="label" />
				<param name="textcolor" value="$VAR[Light_Color]" />
				<param name="label" value="$VAR[musicplaylisteditor_Directory_Label]" />
				<param name="left" value="150" />
				<param name="right" value="1200" />
				<param name="height" value="60" />
				<param name="bottom" value="60" />
			</include>
			<!-- Right side label -->
			<include content="Description_Label">
				<param name="type" value="label" />
				<param name="textcolor" value="$VAR[Light_Color]" />
				<param name="label" value="$VAR[musicplaylisteditor_Playlist_Label]" />
				<param name="left" value="1200" />
				<param name="right" value="150" />
				<param name="height" value="60" />
				<param name="bottom" value="60" />
				<param name="align" value="right" />
			</include>
			<include content="Button_Group_Template">
				<param name="right" value="780" />
				<param name="onleft" value="100" />
				<param name="onright" value="50" />
				<param name="button1" value="true" />
				<param name="button1_id" value="6" />
				<param name="button1_texture" value="Browse" />
				<param name="button2" value="true" />
				<param name="button2_id" value="7" />
				<param name="button3" value="true" />
				<param name="button3_id" value="8" />
				<param name="button3_texture" value="Refresh" />
			</include>
		</include>
	</controls>
</window>