<?xml version="1.0" encoding="UTF-8"?>
<includes>
	<include name="Script_UpNext_Layout">
		<param name="Title_Breadcrumb_Label" />
		<param name="Info_Breadcrumb_Label_visible" default="false" />
		<param name="Info_Breadcrumb_Label" />
		<param name="show_icon" default="false" />
		<definition>
			<!-- Hidden list -->
			<control type="grouplist">
				<defaultcontrol always="true">3012</defaultcontrol>
				<visible allowhiddenfocus="true">false</visible>
				<orientation>horizontal</orientation>
				<control type="button" id="3012">
					<label>$INFO[Player.TimeRemaining(ss),in ]</label>
				</control>
				<control type="button" id="3013">
					<label>$ADDON[service.upnext 30035]</label>
				</control>
			</control>
			<!-- Details -->
			<control type="grouplist">
				<top>0</top>
				<height>180</height>
				<width>1800</width>
				<right>60</right>
				<orientation>vertical</orientation>
				<align>center</align>
				<itemgap>0</itemgap>
				<control type="label">
					<height>40</height>
					<label>$PARAM[Title_Breadcrumb_Label]</label>
					<font>MusicPlayer_Title</font>
					<textcolor>$VAR[Light_Color]</textcolor>
					<align>right</align>
				</control>
				<control type="label">
					<visible>$PARAM[Info_Breadcrumb_Label_visible]</visible>
					<height>35</height>
					<label>$PARAM[Info_Breadcrumb_Label]</label>
					<font>MusicPlayer_Info</font>
					<textcolor>$VAR[Light_Color]</textcolor>
					<align>right</align>
				</control>
			</control>
			<!-- Thumbnail -->
			<control type="group">
				<visible>$PARAM[show_icon]</visible>
				<width>320</width>
				<height>180</height>
				<right>0</right>
				<bottom>120</bottom>
				<control type="image">
					<animation effect="fadediffuse" end="ff555555" time="0" condition="true">Conditional</animation>
					<texture>$INFO[Window.Property(fanart)]</texture>
				</control>
				<control type="progress" id="3014">
					<height>6</height>
					<bottom>0</bottom>
					<texturebg colordiffuse="$VAR[Progress_Light_Background_Color]">views/white_100.png</texturebg>
					<midtexture colordiffuse="$VAR[Light_Color]">views/white_100.png</midtexture>
				</control>
			</control>
			<!-- Button menu -->
			<control type="grouplist">
				<animation effect="slide" start="0" end="24" time="0" condition="$PARAM[show_icon]">Conditional</animation>
				<right>60</right>
				<bottom>36</bottom>
				<width>100%</width>
				<height>60</height>
				<itemgap>8</itemgap>
				<align>right</align>
				<orientation>horizontal</orientation>
				<usecontrolcoords>true</usecontrolcoords>
				<control type="group">
					<width>60</width>
					<height>60</height>
					<include content="Button_Template">
						<param name="target_id" value="3012" />
						<param name="width" value="60" />
						<param name="texture" value="Play" />
					</include>
				</control>
				<control type="label">
					<left>-6</left>
					<top>6</top>
					<height>48</height>
					<width>auto</width>
					<visible>Control.HasFocus(3012)</visible>
					<label>$INFO[Control.GetLabel(3012)]</label>
					<font>Title_Breadcrumb_Label</font>
					<textcolor>$VAR[Light_Color]</textcolor>
				</control>
				<control type="label">
					<left>-12</left>
					<top>20</top>
					<height>28</height>
					<width>auto</width>
					<visible>!Control.HasFocus(3012)</visible>
					<label>$INFO[Control.GetLabel(3012)]</label>
					<font>Info_Breadcrumb_Label</font>
					<textcolor>$VAR[Light_Color]</textcolor>
				</control>
				<control type="label">
					<top>16</top>
					<height>28</height>
					<width>auto</width>
					<label>$VAR[Copacetic_Divider_Bold]</label>
					<font>Info_Breadcrumb_Label</font>
					<textcolor>$VAR[Light_Color]</textcolor>
				</control>
				<control type="label">
					<top>6</top>
					<height>48</height>
					<width>auto</width>
					<visible>Control.HasFocus(3013)</visible>
					<label>$INFO[Control.GetLabel(3013)]</label>
					<font>Title_Breadcrumb_Label</font>
					<textcolor>$VAR[Light_Color]</textcolor>
				</control>
				<control type="label">
					<top>20</top>
					<height>28</height>
					<width>auto</width>
					<visible>!Control.HasFocus(3013)</visible>
					<label>$INFO[Control.GetLabel(3013)]</label>
					<font>Info_Breadcrumb_Label</font>
					<textcolor>$VAR[Light_Color]</textcolor>
				</control>
			</control>
		</definition>
	</include>
</includes>