<?xml version="1.0" encoding="UTF-8"?>
<window>
	<!-- addonbrowser -->
	<onload condition="!String.Contains(Control.GetLabel(8),*) | String.IsEmpty(Skin.String(AddonBroken))">Skin.SetString(AddonBroken,off)</onload>
	<onunload>ClearProperty(OptionsMenu,home)</onunload>
	<onunload>ClearProperty(Scrollbars,home)</onunload>
	<defaultcontrol always="true">50</defaultcontrol>
	<menucontrol>3000</menucontrol>
	<backgroundcolor>$VAR[Dark_Color]</backgroundcolor>
	<views>50,502,504,505</views>
	<include content="WindowOpenClose_Fade_Animation" />
	<controls>
		<include content="AddonBrowser_Controls" />
		<include content="MyViews_Common_Controls" />
		<include content="MyViews_Addons" />
		<include content="MyViews_Menu_and_Scrollbars" />
	</controls>
</window>