<?xml version="1.0" encoding="UTF-8"?>
<includes>
	<include name="Infoscreen_Path_Tracer_Button">
		<control type="button" id="4020">
			<visible allowhiddenfocus="true">false</visible>

			<onfocus condition="String.IsEqual(window(movieinformation).property(Breadcrumb_Level),1)">ClearProperty(ContainerPath_1,movieinformation)</onfocus>
			<onfocus condition="String.IsEqual(window(movieinformation).property(Breadcrumb_Level),1)">ClearProperty(Breadcrumb_Level,movieinformation)</onfocus>
			<onfocus condition="String.IsEqual(window(movieinformation).property(Breadcrumb_Level),1)">Dialog.Close(all,true)</onfocus>

			<onfocus condition="String.IsEqual(window(movieinformation).property(Breadcrumb_Level),2) + !String.IsEqual(Window(movieinformation).Property(ContainerPath_1),HOME)">Container.Update($INFO[window(movieinformation).property(ContainerPath_1)],replace)</onfocus>
			<onfocus condition="String.IsEqual(window(movieinformation).property(Breadcrumb_Level),2) + String.IsEqual(Window(movieinformation).Property(ContainerPath_1),HOME)">ActivateWindowAndFocus(home,3000)</onfocus>
			<onfocus condition="String.IsEqual(window(movieinformation).property(Breadcrumb_Level),2)">ClearProperty(ContainerPath_2,movieinformation)</onfocus>
			<onfocus condition="String.IsEqual(window(movieinformation).property(Breadcrumb_Level),2)">SetProperty(Breadcrumb_Level,1,movieinformation)</onfocus>

			<onfocus condition="String.IsEqual(window(movieinformation).property(Breadcrumb_Level),3)">Container.Update($INFO[window(movieinformation).property(ContainerPath_2)],replace)</onfocus>
			<onfocus condition="String.IsEqual(window(movieinformation).property(Breadcrumb_Level),3)">ClearProperty(ContainerPath_3,movieinformation)</onfocus>
			<onfocus condition="String.IsEqual(window(movieinformation).property(Breadcrumb_Level),3)">SetProperty(Breadcrumb_Level,2,movieinformation)</onfocus>

			<onfocus condition="String.IsEqual(window(movieinformation).property(Breadcrumb_Level),4)">Container.Update($INFO[window(movieinformation).property(ContainerPath_3)],replace)</onfocus>
			<onfocus condition="String.IsEqual(window(movieinformation).property(Breadcrumb_Level),4)">SetProperty(Breadcrumb_Level,3,movieinformation)</onfocus>
			<onfocus condition="String.IsEqual(window(movieinformation).property(Breadcrumb_Level),4)">ClearProperty(ContainerPath_4,movieinformation)</onfocus>

			<onfocus condition="String.IsEqual(window(movieinformation).property(Breadcrumb_Level),5)">Container.Update($INFO[window(movieinformation).property(ContainerPath_4)],replace)</onfocus>
			<onfocus condition="String.IsEqual(window(movieinformation).property(Breadcrumb_Level),5)">ClearProperty(ContainerPath_5,movieinformation)</onfocus>
			<onfocus condition="String.IsEqual(window(movieinformation).property(Breadcrumb_Level),5)">SetProperty(Breadcrumb_Level,4,movieinformation)</onfocus>

			<onfocus condition="String.IsEqual(window(movieinformation).property(Breadcrumb_Level),6)">Container.Update($INFO[window(movieinformation).property(ContainerPath_5)],replace)</onfocus>
			<onfocus condition="String.IsEqual(window(movieinformation).property(Breadcrumb_Level),6)">ClearProperty(ContainerPath_6,movieinformation)</onfocus>
			<onfocus condition="String.IsEqual(window(movieinformation).property(Breadcrumb_Level),6)">SetProperty(Breadcrumb_Level,5,movieinformation)</onfocus>

			<onfocus condition="String.IsEqual(window(movieinformation).property(Breadcrumb_Level),7)">Container.Update($INFO[window(movieinformation).property(ContainerPath_6)],replace)</onfocus>
			<onfocus condition="String.IsEqual(window(movieinformation).property(Breadcrumb_Level),7)">ClearProperty(ContainerPath_7,movieinformation)</onfocus>
			<onfocus condition="String.IsEqual(window(movieinformation).property(Breadcrumb_Level),7)">SetProperty(Breadcrumb_Level,6,movieinformation)</onfocus>

			<onfocus condition="String.IsEqual(window(movieinformation).property(Breadcrumb_Level),8)">Container.Update($INFO[window(movieinformation).property(ContainerPath_7)],replace)</onfocus>
			<onfocus condition="String.IsEqual(window(movieinformation).property(Breadcrumb_Level),8)">ClearProperty(ContainerPath_8,movieinformation)</onfocus>
			<onfocus condition="String.IsEqual(window(movieinformation).property(Breadcrumb_Level),8)">SetProperty(Breadcrumb_Level,7,movieinformation)</onfocus>

			<onfocus condition="String.IsEqual(window(movieinformation).property(Breadcrumb_Level),9)">Container.Update($INFO[window(movieinformation).property(ContainerPath_8)],replace)</onfocus>
			<onfocus condition="String.IsEqual(window(movieinformation).property(Breadcrumb_Level),9)">ClearProperty(ContainerPath_9,movieinformation)</onfocus>
			<onfocus condition="String.IsEqual(window(movieinformation).property(Breadcrumb_Level),9)">SetProperty(Breadcrumb_Level,8,movieinformation)</onfocus>

			<onfocus condition="String.IsEqual(window(movieinformation).property(Breadcrumb_Level),10)">Container.Update($INFO[window(movieinformation).property(ContainerPath_9)],replace)</onfocus>
			<onfocus condition="String.IsEqual(window(movieinformation).property(Breadcrumb_Level),10)">ClearProperty(ContainerPath_10,movieinformation)</onfocus>
			<onfocus condition="String.IsEqual(window(movieinformation).property(Breadcrumb_Level),10)">SetProperty(Breadcrumb_Level,9,movieinformation)</onfocus>

			<onfocus condition="!String.IsEqual(window(movieinformation).property(Breadcrumb_Level),1)">SetProperty(Refresh,true,movieinformation)</onfocus>
			<onfocus condition="!String.IsEqual(window(movieinformation).property(Breadcrumb_Level),1)">SetProperty(Breadcrumb_GoToPrevious,true,movieinformation)</onfocus>
			<onfocus condition="!String.IsEqual(window(movieinformation).property(Breadcrumb_Level),1)">Dialog.Close(all,true)</onfocus>
			<onfocus condition="!String.IsEqual(window(movieinformation).property(Breadcrumb_Level),1)">SetFocus(6001)</onfocus>

		</control>
	</include>
</includes>
