<?xml version="1.0" encoding="UTF-8"?>
<window>
	<!-- shutdownmenu -->
	<defaultcontrol always="true">3001</defaultcontrol>
	<include content="WindowOpenClose_Fade_Delayed_Animation" />
	<controls>
		<include content="Horizontal_List">
			<param name="hidden_id" value="3001" />
			<param name="focused_color" value="$VAR[shutdownmenu_Label_Color]" />
			<param name="unfocused_color" value="$VAR[shutdownmenu_Label_Color]" />
		</include>
		<include content="Clock" />
		<control type="list" id="3001">
			<visible allowhiddenfocus="true">false</visible>
			<onup>Close</onup>
			<ondown>Close</ondown>
			<width>1680</width>
			<onleft>0</onleft>
			<onright>0</onright>
			<orientation>horizontal</orientation>
			<itemlayout width="100" />
			<focusedlayout width="100" />
			<content>
				<include content="shutdownmenu_Content" />
				<include content="skinshortcuts-group-shutdownmenu" />
			</content>
		</control>
	</controls>
</window>