<?xml version="1.0" encoding="UTF-8"?>
<includes>

	<!-- Default Transitions -->
	<constant name="Default_Transition_0.25x">90</constant>
	<constant name="Default_Transition_0.5x">180</constant>
	<constant name="Default_Transition_0.75x">270</constant>
	<constant name="Default_Transition_1x">360</constant>
	<constant name="Default_Transition_1.5x">540</constant>
	<constant name="Default_Transition_2x">720</constant>
	<constant name="Default_Transition_3x">1080</constant>
	<constant name="Default_Transition_4x">1440</constant>
	<constant name="Default_Transition_5x">1800</constant>
	<constant name="Default_Transition_6x">2160</constant>
	<constant name="Default_Transition_7x">2520</constant>
	<constant name="Default_Transition_10x">3600</constant>

	<!-- Quick Transitions -->
	<constant name="Quick_Transition_0.25x">25</constant>
	<constant name="Quick_Transition_0.5x">50</constant>
	<constant name="Quick_Transition_0.75x">75</constant>
	<constant name="Quick_Transition_1x">100</constant>
	<constant name="Quick_Transition_1.5x">100</constant>
	<constant name="Quick_Transition_2x">100</constant>
	<constant name="Quick_Transition_3x">100</constant>
	<constant name="Quick_Transition_4x">100</constant>
	<constant name="Quick_Transition_5x">100</constant>
	<constant name="Quick_Transition_6x">100</constant>
	<constant name="Quick_Transition_7x">100</constant>

	<!-- Autoscroll -->
	<constant name="Autoscroll_Delay">5000</constant>
	<constant name="Autoscroll_Time">5000</constant>
	<constant name="Autoscroll_Repeat">2000</constant>

	<!-- Now playing bars animation-->
	<constant name="NowPlaying_Bar_1">240</constant>
	<constant name="NowPlaying_Bar_1_Delay">111</constant>
	<constant name="NowPlaying_Bar_2">240</constant>
	<constant name="NowPlaying_Bar_3">190</constant>

	<!-- DO NOT CHANGE -->
	<constant name="Forced_Delay">1000</constant>
	
</includes>
