<?xml version="1.0" encoding="UTF-8"?>
<includes>

	<!-- Values -->
	<variable name="Copacetic_Chevron_Left">
		<value>[COLOR $VAR[Accent_Color]]‹[/COLOR]</value>
	</variable>

	<variable name="Copacetic_Chevron_Right">
		<value>[COLOR $VAR[Accent_Color]]›[/COLOR]</value>
	</variable>

	<variable name="Copacetic_Divider">
		<value>[COLOR $VAR[Accent_Color]]/[/COLOR]</value>
	</variable>

	<variable name="Copacetic_Divider_Bold">
		<value>[B][COLOR $VAR[Accent_Color]]/[/COLOR][/B]</value>
	</variable>

	<variable name="Copacetic_Divider_Dominant">
		<value condition="$EXP[Dominant_Color_View_Conditions] + Skin.String(Theme,Light) + !String.IsEmpty(Window(home).Property(clearlogo-alt_cropped-color)) + !String.IsEqual(Window(home).Property(clearlogo-alt_cropped-color),ff000000) + Integer.IsLessOrEqual(Window(home).Property(clearlogo-alt_cropped-luminosity),Skin.String(Background_High_Threshold))">[COLOR $INFO[Window(home).Property(clearlogo-alt_cropped-color)]]/[/COLOR]</value>
		<value condition="$EXP[Dominant_Color_View_Conditions] + Skin.String(Theme,Light) + String.IsEmpty(Window(home).Property(clearlogo-alt_cropped-color)) + !String.IsEmpty(Window(home).Property(clearlogo_cropped-color)) + !String.IsEqual(Window(home).Property(clearlogo_cropped-color),ff000000) + Integer.IsLessOrEqual(Window(home).Property(clearlogo_cropped-luminosity),Skin.String(Background_High_Threshold))">[COLOR $INFO[Window(home).Property(clearlogo_cropped-color)]]/[/COLOR]</value>
		<value condition="$EXP[Dominant_Color_View_Conditions] + !Skin.String(Theme,Light) + String.IsEmpty(Window(home).Property(clearlogo-alt_cropped-color)) + !String.IsEmpty(Window(home).Property(clearlogo_cropped-color)) + !String.IsEqual(Window(home).Property(clearlogo_cropped-color),ffffffff) + Integer.IsGreaterOrEqual(Window(home).Property(clearlogo_cropped-luminosity),Skin.String(Background_Low_Threshold))">[COLOR $INFO[Window(home).Property(clearlogo_cropped-color)]]/[/COLOR]</value>
		<value>[COLOR $VAR[Accent_Color]]/[/COLOR]</value>
	</variable>

	<variable name="Copacetic_Divider_Bold_Dominant">
		<value condition="$EXP[Dominant_Color_View_Conditions] + Skin.String(Theme,Light) + !String.IsEmpty(Window(home).Property(clearlogo-alt_cropped-color)) + !String.IsEqual(Window(home).Property(clearlogo-alt_cropped-color),ff000000) + Integer.IsLessOrEqual(Window(home).Property(clearlogo-alt_cropped-luminosity),Skin.String(Background_High_Threshold))">[B][COLOR $INFO[Window(home).Property(clearlogo-alt_cropped-color)]]/[/COLOR][/B]</value>
		<value condition="$EXP[Dominant_Color_View_Conditions] + Skin.String(Theme,Light) + String.IsEmpty(Window(home).Property(clearlogo-alt_cropped-color)) + !String.IsEmpty(Window(home).Property(clearlogo_cropped-color)) + !String.IsEqual(Window(home).Property(clearlogo_cropped-color),ff000000) + Integer.IsLessOrEqual(Window(home).Property(clearlogo_cropped-luminosity),Skin.String(Background_High_Threshold))">[B][COLOR $INFO[Window(home).Property(clearlogo_cropped-color)]]/[/COLOR][/B]</value>
		<value condition="$EXP[Dominant_Color_View_Conditions] + !Skin.String(Theme,Light) + String.IsEmpty(Window(home).Property(clearlogo-alt_cropped-color)) + !String.IsEmpty(Window(home).Property(clearlogo_cropped-color)) + !String.IsEqual(Window(home).Property(clearlogo_cropped-color),ffffffff) + Integer.IsGreaterOrEqual(Window(home).Property(clearlogo_cropped-luminosity),Skin.String(Background_Low_Threshold))">[B][COLOR $INFO[Window(home).Property(clearlogo_cropped-color)]]/[/COLOR][/B]</value>
		<value>[B][COLOR $VAR[Accent_Color]]/[/COLOR][/B]</value>
	</variable>

	<!-- Containers -->
	<variable name="6_ListItem_Label_Divider">
		<value condition="!String.IsEmpty(Container(6).ListItem.Label)">$VAR[Copacetic_Divider_Bold]</value>
	</variable>
	<variable name="6_ListItem_Label2_Divider">
		<value condition="!String.IsEmpty(Container(6).ListItem.Label2)">$VAR[Copacetic_Divider_Bold]</value>
	</variable>

	<variable name="11_ListItem_Label2_Divider_Bold">
		<value condition="!String.IsEmpty(Container(11).ListItem.Label2)">$VAR[Copacetic_Divider_Bold]</value>
	</variable>

	<variable name="50_ListItem_NumItems_Divider_Bold">
		<value condition="!String.IsEmpty(Container(50).NumItems)">$VAR[Copacetic_Divider_Bold]</value>
	</variable>

	<variable name="3100_ListItem_Duration_Divider">
		<value condition="!String.IsEmpty(Container(3100).ListItem.Duration)">$VAR[Copacetic_Divider_Dominant]</value>
	</variable>
	<variable name="3100_ListItem_Duration_Divider_Bold">
		<value condition="!String.IsEmpty(Container(3100).ListItem.Duration)">$VAR[Copacetic_Divider_Bold_Dominant]</value>
	</variable>
	<variable name="3100_ListItem_UnwatchedEpisodes_Divider">
		<value condition="!String.IsEmpty(Container(3100).ListItem.Property(UnwatchedEpisodes))">$VAR[Copacetic_Divider_Dominant]</value>
	</variable>
	<variable name="3100_ListItem_UnwatchedEpisodes_Divider_Bold">
		<value condition="!String.IsEmpty(Container(3100).ListItem.Property(UnwatchedEpisodes))">$VAR[Copacetic_Divider_Bold_Dominant]</value>
	</variable>
	<variable name="3100_ListItem_WatchedEpisodes_Divider">
		<value condition="!String.IsEmpty(Container(3100).ListItem.Property(WatchedEpisodes))">$VAR[Copacetic_Divider_Dominant]</value>
	</variable>
	<variable name="3100_ListItem_Year_Divider">
		<value condition="!String.IsEmpty(Container(3100).ListItem.Year)">$VAR[Copacetic_Divider_Dominant]</value>
	</variable>
	<variable name="3100_ListItem_Year_Divider_Bold">
		<value condition="!String.IsEmpty(Container(3100).ListItem.Year)">$VAR[Copacetic_Divider_Bold_Dominant]</value>
	</variable>
	<variable name="3100_NumItems_Divider">
		<value condition="!String.IsEmpty(Container(3100).NumItems)">$VAR[Copacetic_Divider_Dominant]</value>
	</variable>
	<variable name="3100_NumItems_Divider_Bold">
		<value condition="!String.IsEmpty(Container(3100).NumItems)">$VAR[Copacetic_Divider_Bold_Dominant]</value>
	</variable>

	<variable name="3201_ListItem_Duration_Divider">
		<value condition="!String.IsEmpty(Container(3201).ListItem.Duration)">$VAR[Copacetic_Divider]</value>
	</variable>
	<variable name="3201_ListItem_Duration_Divider_Bold">
		<value condition="!String.IsEmpty(Container(3201).ListItem.Duration)">$VAR[Copacetic_Divider_Bold]</value>
	</variable>
	<variable name="3202_ListItem_UnwatchedEpisodes_Divider">
		<value condition="!String.IsEmpty(Container(3202).ListItem.Property(UnwatchedEpisodes))">$VAR[Copacetic_Divider]</value>
	</variable>
	<variable name="3202_ListItem_UnwatchedEpisodes_Divider_Bold">
		<value condition="!String.IsEmpty(Container(3202).ListItem.Property(UnwatchedEpisodes))">$VAR[Copacetic_Divider_Bold]</value>
	</variable>
	<variable name="3202_ListItem_WatchedEpisodes_Divider">
		<value condition="!String.IsEmpty(Container(3202).ListItem.Property(WatchedEpisodes))">$VAR[Copacetic_Divider]</value>
	</variable>
	<variable name="3202_ListItem_WatchedEpisodes_Divider_Bold">
		<value condition="!String.IsEmpty(Container(3202).ListItem.Property(WatchedEpisodes))">$VAR[Copacetic_Divider_Bold]</value>
	</variable>
	<variable name="3202_NumItems_Divider_Bold">
		<value condition="!String.IsEmpty(Container(3202).NumItems)">$VAR[Copacetic_Divider_Bold]</value>
	</variable>

	<variable name="3203_ListItem_TotalSeasons_Divider">
		<value condition="!String.IsEmpty(Container(3203).ListItem.Property(TotalSeasons))">$VAR[Copacetic_Divider]</value>
	</variable>
	<variable name="3203_ListItem_TotalSeasons_Divider_Bold">
		<value condition="!String.IsEmpty(Container(3203).ListItem.Property(TotalSeasons))">$VAR[Copacetic_Divider_Bold]</value>
	</variable>

	<variable name="3205_ListItem_Artist_Divider">
		<value condition="!String.IsEmpty(Container(3205).ListItem.Artist)">$VAR[Copacetic_Divider]</value>
	</variable>
	<variable name="3205_ListItem_Artist_Divider_Bold">
		<value condition="!String.IsEmpty(Container(3205).ListItem.Artist)">$VAR[Copacetic_Divider_Bold]</value>
	</variable>
	<variable name="3205_ListItem_Duration_Divider">
		<value condition="!String.IsEmpty(Container(3205).ListItem.Duration)">$VAR[Copacetic_Divider]</value>
	</variable>
	<variable name="3205_ListItem_Duration_Divider_Bold">
		<value condition="!String.IsEmpty(Container(3205).ListItem.Duration)">$VAR[Copacetic_Divider_Bold]</value>
	</variable>

	<variable name="3206_ListItem_Duration_Divider">
		<value condition="!String.IsEmpty(Container(3206).ListItem.Duration)">$VAR[Copacetic_Divider]</value>
	</variable>
	<variable name="3206_ListItem_Duration_Divider_Bold">
		<value condition="!String.IsEmpty(Container(3206).ListItem.Duration)">$VAR[Copacetic_Divider_Bold]</value>
	</variable>

	<variable name="3207_ListItem_Duration_Divider">
		<value condition="!String.IsEmpty(Container(3207).ListItem.Duration)">$VAR[Copacetic_Divider]</value>
	</variable>
	<variable name="3207_ListItem_Duration_Divider_Bold">
		<value condition="!String.IsEmpty(Container(3207).ListItem.Duration)">$VAR[Copacetic_Divider_Bold]</value>
	</variable>
	<variable name="3207_ListItem_Year_Divider">
		<value condition="!String.IsEmpty(Container(3207).ListItem.Year)">$VAR[Copacetic_Divider]</value>
	</variable>
	<variable name="3207_ListItem_Year_Divider_Bold">
		<value condition="!String.IsEmpty(Container(3207).ListItem.Year)">$VAR[Copacetic_Divider_Bold]</value>
	</variable>
	<variable name="3207_ListItem_TotalSeasons_Divider">
		<value condition="!String.IsEmpty(Container(3207).ListItem.Property(TotalSeasons))">$VAR[Copacetic_Divider]</value>
	</variable>
	<variable name="3207_ListItem_TotalSeasons_Divider_Bold">
		<value condition="!String.IsEmpty(Container(3207).ListItem.Property(TotalSeasons))">$VAR[Copacetic_Divider_Bold]</value>
	</variable>
	<variable name="3207_ListItem_WatchedEpisodes_Divider">
		<value condition="!String.IsEmpty(Container(3207).ListItem.Property(WatchedEpisodes))">$VAR[Copacetic_Divider]</value>
	</variable>
	<variable name="3207_ListItem_WatchedEpisodes_Divider_Bold">
		<value condition="!String.IsEmpty(Container(3207).ListItem.Property(WatchedEpisodes))">$VAR[Copacetic_Divider_Bold]</value>
	</variable>

	<!-- Addons -->
	<variable name="ListItem_AddonCreator_Divider">
		<value condition="!String.IsEmpty(ListItem.AddonCreator)">$VAR[Copacetic_Divider]</value>
	</variable>
	<variable name="ListItem_AddonCreator_Divider_Bold">
		<value condition="!String.IsEmpty(ListItem.AddonCreator)">$VAR[Copacetic_Divider_Bold]</value>
	</variable>
	<variable name="ListItem_AddonType_Divider_Bold">
		<value condition="!String.IsEmpty(ListItem.AddonType)">$VAR[Copacetic_Divider_Bold]</value>
	</variable>
	<variable name="ListItem_AddonVersion_Divider">
		<value condition="!String.IsEmpty(ListItem.AddonVersion)">$VAR[Copacetic_Divider]</value>
	</variable>
	<variable name="ListItem_AddonVersion_Divider_Bold">
		<value condition="!String.IsEmpty(ListItem.AddonVersion)">$VAR[Copacetic_Divider_Bold]</value>
	</variable>
	
	<!-- ListItems -->
	<variable name="ListItem_Album_Divider">
		<value condition="!String.IsEmpty(ListItem.Album)">$VAR[Copacetic_Divider]</value>
	</variable>
	<variable name="ListItem_Album_Divider_Bold">
		<value condition="!String.IsEmpty(ListItem.Album)">$VAR[Copacetic_Divider_Bold]</value>
	</variable>
	<variable name="ListItem_Appearances_Divider_Bold">
		<value condition="!String.IsEmpty(ListItem.Appearances)">$VAR[Copacetic_Divider_Bold]</value>
	</variable>
	<variable name="ListItem_Artist_Divider">
		<value condition="!String.IsEmpty(ListItem.Artist)">$VAR[Copacetic_Divider]</value>
	</variable>
	<variable name="ListItem_Artist_Divider_Bold">
		<value condition="!String.IsEmpty(ListItem.Artist)">$VAR[Copacetic_Divider_Bold]</value>
	</variable>
	<variable name="ListItem_Artist_YearsActive_Divider_Bold">
		<value condition="!String.IsEmpty(ListItem.Property(Artist_YearsActive))">$VAR[Copacetic_Divider_Bold]</value>
	</variable>
	<variable name="ListItem_AudioLanguage_Divider_Bold">
		<value condition="!String.IsEmpty(ListItem.AudioLanguage)">$VAR[Copacetic_Divider_Bold_Dominant]</value>
	</variable>
	<variable name="ListItem_Director_Divider">
		<value condition="!String.IsEmpty(ListItem.Director)">$VAR[Copacetic_Divider_Dominant]</value>
	</variable>
	<variable name="ListItem_Director_Divider_Bold">
		<value condition="!String.IsEmpty(ListItem.Director)">$VAR[Copacetic_Divider_Bold_Dominant]</value>
	</variable>
	<variable name="ListItem_Duration_Divider">
		<value condition="!String.IsEmpty(ListItem.Duration)">$VAR[Copacetic_Divider_Dominant]</value>
	</variable>
	<variable name="ListItem_Duration_Divider_Bold">
		<value condition="!String.IsEmpty(ListItem.Duration)">$VAR[Copacetic_Divider_Bold_Dominant]</value>
	</variable>
	<variable name="ListItem_Endtime_Divider">
		<value condition="!String.IsEmpty(ListItem.Endtime)">$VAR[Copacetic_Divider]</value>
	</variable>
	<variable name="ListItem_Endtime_Divider_Bold">
		<value condition="!String.IsEmpty(ListItem.Endtime)">$VAR[Copacetic_Divider_Bold]</value>
	</variable>
	<variable name="ListItem_EpisodeName_Divider_Bold">
		<value condition="!String.IsEmpty(ListItem.EpisodeName)">$VAR[Copacetic_Divider_Bold]</value>
	</variable>
	<variable name="ListItem_Genre_Divider">
		<value condition="!String.IsEmpty(ListItem.Genre)">$VAR[Copacetic_Divider_Dominant]</value>
	</variable>
	<variable name="ListItem_Genre_Divider_Bold">
		<value condition="!String.IsEmpty(ListItem.Genre)">$VAR[Copacetic_Divider_Bold_Dominant]</value>
	</variable>
	<variable name="ListItem_Label2_Divider_Bold">
		<value condition="!String.IsEmpty(ListItem.Label2)">$VAR[Copacetic_Divider_Bold]</value>
	</variable>
	<variable name="ListItem_NPlayers_Divider">
		<value condition="!String.IsEmpty(ListItem.Property(nplayers))">$VAR[Copacetic_Divider]</value>
	</variable>
	<variable name="ListItem_NPlayers_Divider_Bold">
		<value condition="!String.IsEmpty(ListItem.Property(nplayers))">$VAR[Copacetic_Divider_Bold]</value>
	</variable>
	<variable name="ListItem_PictureByline_Divider_Bold">
		<value condition="!String.IsEmpty(ListItem.PictureByline)">$VAR[Copacetic_Divider_Bold]</value>
	</variable>
	<variable name="ListItem_PictureResolution_Divider">
		<value condition="!String.IsEmpty(ListItem.PictureResolution)">$VAR[Copacetic_Divider]</value>
	</variable>
	<variable name="ListItem_PictureResolution_Divider_Bold">
		<value condition="!String.IsEmpty(ListItem.PictureResolution)">$VAR[Copacetic_Divider_Bold]</value>
	</variable>
	<variable name="ListItem_Premiered_Divider">
		<value condition="!String.IsEmpty(ListItem.Premiered)">$VAR[Copacetic_Divider_Dominant]</value>
	</variable>
	<variable name="ListItem_Premiered_Divider_Bold">
		<value condition="!String.IsEmpty(ListItem.Premiered)">$VAR[Copacetic_Divider_Bold]</value>
	</variable>
	<variable name="ListItem_Season_Divider_Bold">
		<value condition="!String.IsEmpty(ListItem.Season)">$VAR[Copacetic_Divider_Bold]</value>
	</variable>
	<variable name="ListItem_Size_Divider">
		<value condition="!String.IsEmpty(ListItem.Size)">$VAR[Copacetic_Divider]</value>
	</variable>
	<variable name="ListItem_Size_Divider_Bold">
		<value condition="!String.IsEmpty(ListItem.Size)">$VAR[Copacetic_Divider_Bold]</value>
	</variable>
	<variable name="ListItem_SortLetter_Divider_Bold">
		<value condition="!String.IsEmpty(ListItem.SortLetter)">$VAR[Copacetic_Divider_Bold]</value>
	</variable>
	<variable name="ListItem_StartTime_Divider_Bold">
		<value condition="!String.IsEmpty(ListItem.StartTime)">$VAR[Copacetic_Divider_Bold]</value>
	</variable>
	<variable name="ListItem_Studio_Divider_Bold">
		<value condition="!String.IsEmpty(ListItem.Studio)">$VAR[Copacetic_Divider_Bold]</value>
	</variable>
	<variable name="ListItem_TotalEpisodes_Divider">
		<value condition="!String.IsEmpty(ListItem.Property(TotalEpisodes))">$VAR[Copacetic_Divider]</value>
	</variable>
	<variable name="ListItem_TotalEpisodes_Divider_Bold">
		<value condition="!String.IsEmpty(ListItem.Property(TotalEpisodes))">$VAR[Copacetic_Divider_Bold]</value>
	</variable>
	<variable name="ListItem_TotalSeasons_Divider">
		<value condition="!String.IsEmpty(ListItem.Property(TotalSeasons))">$VAR[Copacetic_Divider_Dominant]</value>
	</variable>
	<variable name="ListItem_TotalSeasons_Divider_Bold">
		<value condition="!String.IsEmpty(ListItem.Property(TotalSeasons))">$VAR[Copacetic_Divider_Bold_Dominant]</value>
	</variable>
	<variable name="ListItem_TrackNumber_Divider_Bold">
		<value condition="!String.IsEmpty(ListItem.TrackNumber)">$VAR[Copacetic_Divider_Bold]</value>
	</variable>
	<variable name="ListItem_TVShowTitle_Divider">
		<value condition="!String.IsEmpty(ListItem.TVShowTitle)">$VAR[Copacetic_Divider]</value>
	</variable>
	<variable name="ListItem_TVShowTitle_Divider_Bold">
		<value condition="!String.IsEmpty(ListItem.TVShowTitle)">$VAR[Copacetic_Divider_Bold]</value>
	</variable>
	<variable name="ListItem_UnwatchedEpisodes_Divider">
		<value condition="!String.IsEmpty(ListItem.Property(UnwatchedEpisodes))">$VAR[Copacetic_Divider_Dominant]</value>
	</variable>
	<variable name="ListItem_UnwatchedEpisodes_Divider_Bold">
		<value condition="!String.IsEmpty(ListItem.Property(UnwatchedEpisodes))">$VAR[Copacetic_Divider_Bold_Dominant]</value>
	</variable>
	<variable name="ListItem_WatchedEpisodes_Divider">
		<value condition="!String.IsEmpty(ListItem.Property(WatchedEpisodes))">$VAR[Copacetic_Divider_Dominant]</value>
	</variable>
	<variable name="ListItem_WatchedEpisodes_Divider_Bold">
		<value condition="!String.IsEmpty(ListItem.Property(WatchedEpisodes))">$VAR[Copacetic_Divider_Bold_Dominant]</value>
	</variable>
	<variable name="ListItem_Year_Divider">
		<value condition="!String.IsEmpty(ListItem.Year)">$VAR[Copacetic_Divider_Dominant]</value>
	</variable>
	<variable name="ListItem_Year_Divider_Bold">
		<value condition="!String.IsEmpty(ListItem.Year)">$VAR[Copacetic_Divider_Bold_Dominant]</value>
	</variable>

	<!-- PVR -->
	<variable name="ListItem_ChannelName_Divider_Bold">
		<value condition="!String.IsEmpty(ListItem.ChannelName)">$VAR[Copacetic_Divider_Bold_Dominant]</value>
	</variable>

	<!-- Player -->
	<variable name="MusicPlayer_Album_Divider">
		<value condition="!String.IsEmpty(MusicPlayer.Album)">$VAR[Copacetic_Divider_Bold]</value>
	</variable>
	<variable name="MusicPlayer_Year_Divider">
		<value condition="!String.IsEmpty(MusicPlayer.Year)">$VAR[Copacetic_Divider_Bold]</value>
	</variable>
	<variable name="MusicPlayer_Offset(1)_Title_Divider">
		<value condition="!String.IsEmpty(MusicPlayer.offset(1).Title)">$VAR[Copacetic_Divider_Bold]</value>
	</variable>
	<variable name="MusicPlayer_Offset(1)_Artist_Divider">
		<value condition="!String.IsEmpty(MusicPlayer.offset(1).Artist)">$VAR[Copacetic_Divider_Bold]</value>
	</variable>

	<variable name="Player_FinishTime_Divider">
		<value condition="!String.IsEmpty(Player.FinishTime)">$VAR[Copacetic_Divider]</value>
	</variable>
	<variable name="Player_FinishTime_Divider_Bold">
		<value condition="!String.IsEmpty(Player.FinishTime)">$VAR[Copacetic_Divider_Bold]</value>
	</variable>

	<variable name="VideoPlayer_AudioLanguage_Divider">
		<value condition="!String.IsEmpty(VideoPlayer.AudioLanguage)">$VAR[Copacetic_Divider]</value>
	</variable>
	<variable name="VideoPlayer_Duration_Divider">
		<value condition="!String.IsEmpty(VideoPlayer.Duration)">$VAR[Copacetic_Divider]</value>
	</variable>
	<variable name="VideoPlayer_Season_Divider_Bold">
		<value condition="!String.IsEmpty(VideoPlayer.Season)">$VAR[Copacetic_Divider_Bold]</value>
	</variable>
	<variable name="VideoPlayer_TVShowTitle_Divider">
		<value condition="!String.IsEmpty(VideoPlayer.TVShowTitle)">$VAR[Copacetic_Divider]</value>
	</variable>
	<variable name="VideoPlayer_Year_Divider_Bold">
		<value condition="!String.IsEmpty(VideoPlayer.Year)">$VAR[Copacetic_Divider_Bold]</value>
	</variable>

	<!-- Window Properties -->
	<variable name="Window_Property_Season_Divider_Bold">
		<value condition="!String.IsEmpty(Window.Property(season))">$VAR[Copacetic_Divider_Bold]</value>
	</variable>
	<variable name="Window_Property_Season_Year_Divider_Bold">
		<value condition="!String.IsEmpty(Window(home).Property(Season_Year))">$VAR[Copacetic_Divider_Bold]</value>
	</variable>
	<variable name="Window_Property_Title_Divider_Bold">
		<value condition="!String.IsEmpty(Window.Property(title))">$VAR[Copacetic_Divider_Bold]</value>
	</variable>

	<!-- Viewtypes -->
	<variable name="ListView_Info_Label_Divider">
		<value condition="Control.HasFocus(3100) + [Skin.HasSetting(Experiment_Unwatched_Info) | String.IsEmpty(Container(3100).ListItem.Property(WatchedEpisodes))] + String.IsEqual(ListItem.DBType,tvshow) + !String.IsEmpty(Container(3100).ListItem.Property(UnWatchedEpisodes))">$VAR[Copacetic_Divider]</value>
		<value condition="Control.HasFocus(3100) + String.IsEqual(ListItem.DBType,tvshow) + !String.IsEmpty(Container(3100).ListItem.Property(WatchedEpisodes))">$VAR[Copacetic_Divider]</value>
		<value condition="Control.HasFocus(3100) + String.IsEqual(ListItem.DBType,movie) + !String.IsEmpty(Container(3100).ListItem.Duration)">$VAR[Copacetic_Divider]</value>
		<value condition="Control.HasFocus(3100) + String.IsEqual(ListItem.DBType,set) + !String.IsEmpty(Container(3100).ListItem.Duration)">$VAR[Copacetic_Divider]</value>
		<value condition="Control.HasFocus(3100) + String.IsEqual(ListItem.DBType,artist) + !String.IsEmpty(Container(3100).ListItem.Year)">$VAR[Copacetic_Divider]</value>
		<value condition="ListItem.IsCollection + !String.IsEmpty(Container(3100).NumItems)">$VAR[Copacetic_Divider]</value>
		<value condition="String.IsEqual(ListItem.DBType,movie) + !String.IsEmpty(ListItem.Duration)">$VAR[Copacetic_Divider]</value>
		<value condition="String.IsEqual(ListItem.DBType,tvshow) + !String.IsEmpty(ListItem.Property(WatchedEpisodes))">$VAR[Copacetic_Divider]</value>
		<value condition="String.IsEqual(ListItem.DBType,season) + !String.IsEmpty(ListItem.Year)">$VAR[Copacetic_Divider]</value>
		<value condition="String.IsEqual(ListItem.DBType,episode) + !String.IsEmpty(ListItem.Duration)">$VAR[Copacetic_Divider]</value>
		<value condition="String.IsEqual(ListItem.DBType,artist) + !String.IsEmpty(ListItem.Property(Artist_Genre))">$VAR[Copacetic_Divider]</value>
		<value condition="String.IsEqual(ListItem.DBType,song) + !String.IsEmpty(ListItem.Duration)">$VAR[Copacetic_Divider]</value>
		<value condition="String.IsEqual(ListItem.DBType,song) + !String.IsEmpty(ListItem.Year)">$VAR[Copacetic_Divider]</value>
		<value condition="String.IsEqual(ListItem.DBType,musicvideo) + !String.IsEmpty(ListItem.Year)">$VAR[Copacetic_Divider]</value>
		<value condition="Container.Content(addons) + !String.IsEmpty(ListItem.AddonType)">$VAR[Copacetic_Divider]</value>
		<value condition="Window.IsVisible(programs) + !String.IsEmpty(ListItem.Year)">$VAR[Copacetic_Divider]</value>
		<value condition="Window.IsVisible(tvsearch) + ListItem.HasEPG + !String.IsEmpty(ListItem.ChannelName)">$VAR[Copacetic_Divider]</value>
		<value condition="Container.Content(actors) + !String.IsEmpty(ListItem.Appearances)">$VAR[Copacetic_Divider]</value>
		<value condition="Container.Content(files) + !String.IsEmpty(ListItem.Duration)">$VAR[Copacetic_Divider]</value>
	</variable>

	<variable name="GridView_Info_Label_Divider_Bold">
		<value condition="$EXP[Infoscreen_IsVisible] + Control.HasFocus(50) + !String.IsEmpty(Container(50).ListItem.Label2)">$VAR[Copacetic_Divider_Bold]</value>
		<value condition="$EXP[Infoscreen_IsVisible] + Control.HasFocus(3201) + !String.IsEmpty(Container(3201).ListItem.Year)">$VAR[Copacetic_Divider_Bold]</value>
		<value condition="$EXP[Infoscreen_IsVisible] + Control.HasFocus(3202) + !String.IsEmpty(Container(3202).ListItem.Property(WatchedEpisodes))">$VAR[Copacetic_Divider_Bold]</value>
		<value condition="$EXP[Infoscreen_IsVisible] + Control.HasFocus(3203) + !String.IsEmpty(Container(3203).ListItem.Year)">$VAR[Copacetic_Divider_Bold]</value>
		<value condition="$EXP[Infoscreen_IsVisible] + Control.HasFocus(3205) + !String.IsEmpty(Container(3205).ListItem.Year)">$VAR[Copacetic_Divider_Bold]</value>
		<value condition="$EXP[Infoscreen_IsVisible] + Control.HasFocus(3206) + !String.IsEmpty(Container(3206).ListItem.Year)">$VAR[Copacetic_Divider_Bold]</value>
		<value condition="$EXP[Infoscreen_IsVisible] + Control.HasFocus(3207) + String.IsEqual(Container(3207).ListItem.DBType,artist) + !String.IsEmpty(Container(3207).ListItem.Genre)">$VAR[Copacetic_Divider_Bold]</value>
		<value condition="$EXP[Infoscreen_IsVisible] + Control.HasFocus(3207) + String.IsEqual(Container(3207).ListItem.DBType,album) + !String.IsEmpty(Container(3207).ListItem.Artist)">$VAR[Copacetic_Divider_Bold]</value>
		<value condition="$EXP[Infoscreen_IsVisible] + !String.IsEmpty(Container(3207).ListItem.Year)">$VAR[Copacetic_Divider_Bold]</value>
		<value condition="Window.Is(home) + String.IsEqual(ListItem.DBType,episode) + !String.IsEmpty(ListItem.Episode)">$VAR[Copacetic_Divider_Bold]</value>
		<value condition="Window.Is(home) + !String.IsEmpty(ListItem.Year)">$VAR[Copacetic_Divider_Bold]</value>
	</variable>

	<!-- Resolution / Codec details -->
	<variable name="Resolution_Label_FullscreenVideo_Divider">
		<value condition="!String.IsEmpty(VideoPlayer.VideoResolution)">$VAR[Copacetic_Divider]</value>
	</variable>
	<variable name="Resolution_Label_FullscreenVideo_Divider_Bold">
		<value condition="!String.IsEmpty(VideoPlayer.VideoResolution)">$VAR[Copacetic_Divider_Bold]</value>
	</variable>

	<variable name="Resolution_Label_3207_Divider">
		<value condition="!String.IsEmpty(Container(3207).ListItem.VideoResolution) | String.Contains(Container(3207).ListItem.FileNameAndPath,4320p) | String.Contains(Container(3207).ListItem.FileNameAndPath,2160p) | String.Contains(Container(3207).ListItem.FileNameAndPath,1080p) | String.Contains(Container(3207).ListItem.FileNameAndPath,720p)">$VAR[Copacetic_Divider]</value>
	</variable>
	<variable name="Resolution_Label_3207_Divider_Bold">
		<value condition="!String.IsEmpty(Container(3207).ListItem.VideoResolution) | String.Contains(Container(3207).ListItem.FileNameAndPath,4320p) | String.Contains(Container(3207).ListItem.FileNameAndPath,2160p) | String.Contains(Container(3207).ListItem.FileNameAndPath,1080p) | String.Contains(Container(3207).ListItem.FileNameAndPath,720p)">$VAR[Copacetic_Divider_Bold]</value>
	</variable>

	<variable name="Resolution_Label_3206_Divider">
		<value condition="!String.IsEmpty(Container(3206).ListItem.VideoResolution) | String.Contains(Container(3206).ListItem.FileNameAndPath,4320p) | String.Contains(Container(3206).ListItem.FileNameAndPath,2160p) | String.Contains(Container(3206).ListItem.FileNameAndPath,1080p) | String.Contains(Container(3206).ListItem.FileNameAndPath,720p)">$VAR[Copacetic_Divider]</value>
	</variable>
	<variable name="Resolution_Label_3206_Divider_Bold">
		<value condition="!String.IsEmpty(Container(3206).ListItem.VideoResolution) | String.Contains(Container(3206).ListItem.FileNameAndPath,4320p) | String.Contains(Container(3206).ListItem.FileNameAndPath,2160p) | String.Contains(Container(3206).ListItem.FileNameAndPath,1080p) | String.Contains(Container(3206).ListItem.FileNameAndPath,720p)">$VAR[Copacetic_Divider_Bold]</value>
	</variable>

	<variable name="Resolution_Label_3205_Divider">
		<value condition="!String.IsEmpty(Container(3205).ListItem.VideoResolution) | String.Contains(Container(3205).ListItem.FileNameAndPath,4320p) | String.Contains(Container(3205).ListItem.FileNameAndPath,2160p) | String.Contains(Container(3205).ListItem.FileNameAndPath,1080p) | String.Contains(Container(3205).ListItem.FileNameAndPath,720p)">$VAR[Copacetic_Divider_Bold]</value>
	</variable>
	<variable name="Resolution_Label_3205_Divider_Bold">
		<value condition="!String.IsEmpty(Container(3205).ListItem.VideoResolution) | String.Contains(Container(3205).ListItem.FileNameAndPath,4320p) | String.Contains(Container(3205).ListItem.FileNameAndPath,2160p) | String.Contains(Container(3205).ListItem.FileNameAndPath,1080p) | String.Contains(Container(3205).ListItem.FileNameAndPath,720p)">$VAR[Copacetic_Divider_Bold]</value>
	</variable>

	<variable name="Resolution_Label_3201_Divider">
		<value condition="!String.IsEmpty(Container(3201).ListItem.VideoResolution) | String.Contains(Container(3201).ListItem.FileNameAndPath,4320p) | String.Contains(Container(3201).ListItem.FileNameAndPath,2160p) | String.Contains(Container(3201).ListItem.FileNameAndPath,1080p) | String.Contains(Container(3201).ListItem.FileNameAndPath,720p)">$VAR[Copacetic_Divider]</value>
	</variable>
	<variable name="Resolution_Label_3201_Divider_Bold">
		<value condition="!String.IsEmpty(Container(3201).ListItem.VideoResolution) | String.Contains(Container(3201).ListItem.FileNameAndPath,4320p) | String.Contains(Container(3201).ListItem.FileNameAndPath,2160p) | String.Contains(Container(3201).ListItem.FileNameAndPath,1080p) | String.Contains(Container(3201).ListItem.FileNameAndPath,720p)">$VAR[Copacetic_Divider_Bold]</value>
	</variable>

	<variable name="Resolution_Label_3100_Divider">
		<value condition="!String.IsEmpty(Container(3100).ListItem.VideoResolution) | String.Contains(Container(3100).ListItem.FileNameAndPath,4320p) | String.Contains(Container(3100).ListItem.FileNameAndPath,2160p) | String.Contains(Container(3100).ListItem.FileNameAndPath,1080p) | String.Contains(Container(3100).ListItem.FileNameAndPath,720p)">$VAR[Copacetic_Divider_Dominant]</value>
	</variable>
	<variable name="Resolution_Label_3100_Divider_Bold">
		<value condition="!String.IsEmpty(Container(3100).ListItem.VideoResolution) | String.Contains(Container(3100).ListItem.FileNameAndPath,4320p) | String.Contains(Container(3100).ListItem.FileNameAndPath,2160p) | String.Contains(Container(3100).ListItem.FileNameAndPath,1080p) | String.Contains(Container(3100).ListItem.FileNameAndPath,720p)">$VAR[Copacetic_Divider_Bold_Dominant]</value>
	</variable>

	<variable name="Resolution_Label_Divider">
		<value condition="!String.IsEmpty(ListItem.VideoResolution) | String.Contains(ListItem.FileNameAndPath,4320p) | String.Contains(ListItem.FileNameAndPath,2160p) | String.Contains(ListItem.FileNameAndPath,1080p) | String.Contains(ListItem.FileNameAndPath,720p)">$VAR[Copacetic_Divider_Dominant]</value>
	</variable>
	<variable name="Resolution_Label_Divider_Bold">
		<value condition="!String.IsEmpty(ListItem.VideoResolution) | String.Contains(ListItem.FileNameAndPath,4320p) | String.Contains(ListItem.FileNameAndPath,2160p) | String.Contains(ListItem.FileNameAndPath,1080p) | String.Contains(ListItem.FileNameAndPath,720p)">$VAR[Copacetic_Divider_Bold_Dominant]</value>
	</variable>

	<variable name="AudioChannels_Label_Divider_Bold">
		<value condition="!String.IsEmpty(VideoPlayer.AudioChannels)">$VAR[Copacetic_Divider_Bold]</value>
	</variable>

	<variable name="AudioCodec_Label_Divider_Bold">
		<value condition="VideoPlayer.IsFullscreen + !String.IsEmpty(VideoPlayer.AudioCodec)">$VAR[Copacetic_Divider_Bold]</value>
		<value condition="VideoPlayer.IsFullscreen + String.Contains(Player.FilenameAndPath,.DTS-HD.MA)">$VAR[Copacetic_Divider_Bold]</value>
		<value condition="VideoPlayer.IsFullscreen + String.Contains(Player.FilenameAndPath,.EAC3)">$VAR[Copacetic_Divider_Bold]</value>
		<value condition="VideoPlayer.IsFullscreen + [String.Contains(Player.FilenameAndPath,.DD) | String.Contains(Player.FilenameAndPath,.AC3)]">$VAR[Copacetic_Divider_Bold]</value>
		<value condition="!String.IsEmpty(ListItem.AudioCodec)">$VAR[Copacetic_Divider_Bold]</value>
		<value condition="String.Contains(ListItem.FilenameAndPath,.DTS-HD.MA)">$VAR[Copacetic_Divider_Bold]</value>
		<value condition="String.Contains(ListItem.FilenameAndPath,.EAC3)">$VAR[Copacetic_Divider_Bold]</value>
		<value condition="String.Contains(ListItem.FilenameAndPath,.DD) | String.Contains(ListItem.FilenameAndPath,.AC3)">$VAR[Copacetic_Divider_Bold]</value>
	</variable>

</includes>