<?xml version="1.0" encoding="UTF-8"?>
<window>
	<!-- extendedprogressdialog -->
	<include content="Notification_OpenClose_Fade_Delayed_Animation" />
	<zorder>5</zorder>
	<controls>
		<include content="Hidden_Components">
			<control type="label" id="30" />
			<control type="label" id="31" />
		</include>
		<include content="Shared_Dialog_Layouts">
			<param name="type" value="Notification" />
			<param name="visible" value="$EXP[Music_Player_IsVisible]" />
			<param name="content_visible" value="true" />
			<param name="label1" value="$VAR[Notification_Widget_Title_Label]" />
			<param name="label2" value="$VAR[Notification_Widget_Info_Label]" />
		</include>
		<include content="Notification_Dialog_Layouts">
			<param name="content_visible" value="true" />
		</include>
	</controls>
</window>