<?xml version="1.0" encoding="UTF-8"?>
<window>
	<!-- videos -->
	<include content="Multiart_Reset_OnLoad" />
	<onunload>ClearProperty(OptionsMenu,home)</onunload>
	<onunload>ClearProperty(Scrollbars,home)</onunload>
	<onunload condition="String.IsEqual(Window(home).Property(Trailer_Autoplay),true)">PlayerControl(Stop)</onunload>
	<onunload condition="String.IsEqual(Window(home).Property(Trailer_Autoplay),true)">ClearProperty(Trailer_Autoplay,home)</onunload>
	<defaultcontrol always="true">50</defaultcontrol>
	<menucontrol>3000</menucontrol>
	<backgroundcolor>$VAR[Dark_Color]</backgroundcolor>
	<views>50,501,502,504,505</views>
	<include content="WindowOpenClose_Fade_Delayed_Animation" />
	<controls>
		<include content="MyViews_Common_Controls" />
		<include content="MyVideoNav_Controls" />
		<include content="MyViews_Multiart_Labels" condition="Skin.HasSetting(Multiart_Slideshow)" />
		<include content="MyViews_Main" />
		<include content="MyViews_Menu_and_Scrollbars" />
		<control type="label">
			<label>$INFO[ListItem.Art(clearlogo)]</label>
		</control>
	</controls>
</window>