<?xml version="1.0" encoding="UTF-8"?>
<includes>

	<include name="PVR_Info_Box">
		<param name="visible" default="true" />
		<param name="left" />
		<param name="right" />
		<param name="bottom" />
		<param name="height" />
		<param name="plot_height_max" />
		<param name="align" default="center" />
		<param name="title_label" default="$VAR[PVR_Info_Box_Title_Label]" />
		<param name="info_label" default="$VAR[PVR_Info_Box_Info_Label]" />
		<definition>
			<control type="grouplist">
				<visible>$PARAM[visible]</visible>
				<include content="Visible_Fade_Animation" />
				<left>$PARAM[left]</left>
				<right>$PARAM[right]</right>
				<bottom>$PARAM[bottom]</bottom>
				<height>$PARAM[height]</height>
				<itemgap>0</itemgap>
				<align>$PARAM[align]</align>
				<usecontrolcoords>true</usecontrolcoords>
				<nested />
				<control type="textbox">
					<height min="45" max="180">auto</height>
					<font>MusicPlayer_Title</font>
					<label>$PARAM[title_label]</label>
					<textcolor>$VAR[Light_Color]</textcolor>
					<visible>!String.IsEmpty(ListItem.Label)</visible>
				</control>
				<control type="label">
					<height>35</height>
					<font>Grid_Info</font>
					<label>$PARAM[info_label]</label>
					<textcolor>$VAR[Light_Color]</textcolor>
				</control>
				<control type="textbox">
					<top>10</top>
					<height min="90" max="$PARAM[plot_height_max]">auto</height>
					<font>Description</font>
					<label>$INFO[ListItem.Plot]</label>
					<visible>!String.IsEmpty(ListItem.Plot)</visible>
				</control>
			</control>
		</definition>
	</include>

	<include name="PVR_Progress">
		<control type="progress">
			<visible>ListItem.HasEpg</visible>
			<width>90</width>
			<left>15</left>
			<height>6</height>
			<centertop>50%</centertop>
			<info>ListItem.Progress</info>
			<texturebg colordiffuse="$VAR[Progress_Light_Background_Color]">views/white_100.png</texturebg>
			<midtexture colordiffuse="$VAR[Light_Color]">views/white_100.png</midtexture>
		</control>
	</include>

	<include name="PVR_ChannelList_Item">
		<param name="color" default="$VAR[Unfocused_Color]" />
		<definition>
			<control type="progress">
				<visible>ListItem.HasEpg</visible>
				<height>100%</height>
				<width>100%</width>
				<texturebg colordiffuse="$VAR[Blank_Color]">views/white_100.png</texturebg>
				<midtexture colordiffuse="$VAR[PVR_Channel_Progress_Color]">views/white_100.png</midtexture>
				<info>ListItem.Progress</info>
			</control>
			<control type="label">
				<width>90</width>
				<label>$INFO[ListItem.ChannelNumberLabel]</label>
				<align>center</align>
				<textcolor>$PARAM[color]</textcolor>
				<font>Player_Status</font>
			</control>
			<control type="label">
				<height>40</height>
				<top>10</top>
				<left>105</left>
				<right>120</right>
				<label>$INFO[ListItem.Label]</label>
				<font>PVR_Channel</font>
				<textcolor>$PARAM[color]</textcolor>
			</control>
			<control type="label">
				<height>30</height>
				<bottom>10</bottom>
				<left>105</left>
				<right>120</right>
				<label>$INFO[ListItem.EpisodeName]</label>
				<font>PVR_Channel2</font>
				<textcolor>$PARAM[color]</textcolor>
			</control>
			<control type="image">
				<right>30</right>
				<top>15</top>
				<height>60</height>
				<width>90</width>
				<texture colordiffuse="$PARAM[color]">$INFO[ListItem.Art(thumb)]</texture>
				<aspectratio align="center">keep</aspectratio>
			</control>
		</definition>
	</include>

	<include name="PVR_Now_Playing_Info">
		<param name="visible" default="VideoPlayer.HasEpg" />
		<param name="label" default="$INFO[VideoPlayer.ChannelNumberLabel,$LOCALIZE[31634] ]   " />
		<param name="top" default="225" />
		<param name="label_width" default="470" />
		<param name="label_align" default="right" />
		<param name="line_bottom" default="0" />
		<param name="include_logo" default="true" />
		<definition>
			<control type="group">
				<visible>$PARAM[visible]</visible>
				<include content="Visible_Fade_Delayed_Animation" />
				<top>$PARAM[top]</top>
				<height>90</height>
				<width>600</width>
				<left>1200</left>
				<control type="grouplist">
					<left>30</left>
					<top>15</top>
					<bottom>15</bottom>
					<orientation>horizontal</orientation>
					<align>right</align>
					<itemgap>10</itemgap>
					<control type="label">
						<height>57</height>
						<width>$PARAM[label_width]</width>
						<label>[UPPERCASE]$PARAM[label][/UPPERCASE]</label>
						<align>$PARAM[label_align]</align>
						<aligny>center</aligny>
						<font>Unwatched_Indicator</font>
						<textcolor>$VAR[Light_Color]</textcolor>
					</control>
					<control type="image">
						<right>120</right>
						<top>240</top>
						<height>60</height>
						<width>90</width>
						<texture colordiffuse="$PARAM[color]">$INFO[Player.Art(thumb)]</texture>
						<aspectratio align="center">keep</aspectratio>
						<visible>$PARAM[include_logo]</visible>
					</control>
				</control>
				<control type="image">
					<height>1</height>
					<bottom>$PARAM[line_bottom]</bottom>
					<texture colordiffuse="$VAR[Unfocused_Color]">views/white_100.png</texture>
				</control>
			</control>
		</definition>
	</include>

</includes>