<?xml version="1.0" encoding="UTF-8"?>
<includes>

	<include name="Keyboard_Label">
		<definition>
			<item>
				<description>$PARAM[description]</description>
				<visible>!String.IsEmpty(Control.GetLabel($PARAM[id]))</visible>
				<label>$INFO[Control.GetLabel($PARAM[id])]</label>
				<onclick>Sendclick($PARAM[id])</onclick>
			</item>
		</definition>
	</include>

	<include name="Special_Keyboard_Label">
		<param name="label" default="" />
		<definition>
			<item>
				<description>$PARAM[description]</description>
				<label>$PARAM[label]</label>
				<onclick>Sendclick($PARAM[id])</onclick>
			</item>
		</definition>
	</include>

	<include name="Keyboard_Row_List">
		<param name="visible" default="true" />
		<definition>
			<control type="wraplist" id="$PARAM[rowid]">
				<visible>$PARAM[visible]</visible>
				<orientation>horizontal</orientation>
				<preloaditems>2</preloaditems>
				<itemlayout />
				<focusedlayout />
				<content>
					<include content="Keyboard_Label">
						<param name="id" value="$PARAM[button1id]" />
					</include>
					<include content="Keyboard_Label">
						<param name="id" value="$PARAM[button2id]" />
					</include>
					<include content="Keyboard_Label">
						<param name="id" value="$PARAM[button3id]" />
					</include>
					<include content="Keyboard_Label">
						<param name="id" value="$PARAM[button4id]" />
					</include>
					<include content="Keyboard_Label">
						<param name="id" value="$PARAM[button5id]" />
					</include>
					<include content="Keyboard_Label">
						<param name="id" value="$PARAM[button6id]" />
					</include>
					<include content="Keyboard_Label">
						<param name="id" value="$PARAM[button7id]" />
					</include>
					<include content="Keyboard_Label">
						<param name="id" value="$PARAM[button8id]" />
					</include>
					<include content="Keyboard_Label">
						<param name="id" value="$PARAM[button9id]" />
					</include>
					<include content="Keyboard_Label">
						<param name="id" value="$PARAM[button10id]" />
					</include>
					<include content="Keyboard_Label">
						<param name="id" value="$PARAM[button11id]" />
					</include>
					<include content="Keyboard_Label">
						<param name="id" value="$PARAM[button12id]" />
					</include>
					<include content="Keyboard_Label">
						<param name="id" value="$PARAM[button13id]" />
					</include>
					<include content="Keyboard_Label">
						<param name="id" value="$PARAM[button14id]" />
					</include>
					<include content="Keyboard_Label">
						<param name="id" value="$PARAM[button15id]" />
					</include>
					<include content="Keyboard_Label">
						<param name="id" value="$PARAM[button16id]" />
					</include>
					<include content="Keyboard_Label">
						<param name="id" value="$PARAM[button17id]" />
					</include>
					<include content="Keyboard_Label">
						<param name="id" value="$PARAM[button18id]" />
					</include>
					<include content="Keyboard_Label">
						<param name="id" value="$PARAM[button19id]" />
					</include>
					<include content="Keyboard_Label">
						<param name="id" value="$PARAM[button20id]" />
					</include>
					<include content="Keyboard_Label">
						<param name="id" value="$PARAM[button21id]" />
					</include>
					<include content="Keyboard_Label">
						<param name="id" value="$PARAM[button22id]" />
					</include>
					<include content="Keyboard_Label">
						<param name="id" value="$PARAM[button23id]" />
					</include>
					<include content="Keyboard_Label">
						<param name="id" value="$PARAM[button24id]" />
					</include>
					<include content="Keyboard_Label">
						<param name="id" value="$PARAM[button25id]" />
					</include>
					<include content="Keyboard_Label">
						<param name="id" value="$PARAM[button26id]" />
					</include>
				</content>
			</control>
		</definition>
	</include>

	<include name="Special_Keyboard_Row_List">
		<param name="visible" default="true" />
		<definition>
			<control type="wraplist" id="$PARAM[rowid]">
				<visible>$PARAM[visible]</visible>
				<orientation>horizontal</orientation>
				<preloaditems>2</preloaditems>
				<itemlayout />
				<focusedlayout />
				<content>
					<include content="Special_Keyboard_Label">
						<param name="id" value="$PARAM[button1id]" />
						<param name="label" value="$PARAM[button1label]" />
					</include>
					<include content="Special_Keyboard_Label">
						<param name="id" value="$PARAM[button2id]" />
						<param name="label" value="$PARAM[button2label]" />
					</include>
					<include content="Special_Keyboard_Label">
						<param name="id" value="$PARAM[button3id]" />
						<param name="label" value="$PARAM[button3label]" />
					</include>
					<include content="Special_Keyboard_Label">
						<param name="id" value="$PARAM[button4id]" />
						<param name="label" value="$PARAM[button4label]" />
					</include>
					<include content="Special_Keyboard_Label">
						<param name="id" value="$PARAM[button5id]" />
						<param name="label" value="$PARAM[button5label]" />
					</include>
					<include content="Special_Keyboard_Label">
						<param name="id" value="$PARAM[button6id]" />
						<param name="label" value="$PARAM[button6label]" />
					</include>
					<include content="Special_Keyboard_Label">
						<param name="id" value="$PARAM[button7id]" />
						<param name="label" value="$PARAM[button7label]" />
					</include>
					<include content="Special_Keyboard_Label">
						<param name="id" value="$PARAM[button8id]" />
						<param name="label" value="$PARAM[button8label]" />
					</include>
					<include content="Special_Keyboard_Label">
						<param name="id" value="$PARAM[button9id]" />
						<param name="label" value="$PARAM[button9label]" />
					</include>
				</content>
			</control>
		</definition>
	</include>

	<include name="Keyboard_Label_Button">
		<param name="id" default="" />
		<param name="position" default="" />
		<param name="width" default="90" />
		<definition>
			<control type="group">
				<height>$PARAM[width]</height>
				<width>$PARAM[width]</width>
				<control type="group">
					<visible>Control.HasFocus($PARAM[id])</visible>
					<control type="image">
						<visible>Container($PARAM[id]).Position($PARAM[position])</visible>
						<left>15</left>
						<right>15</right>
						<bottom>0</bottom>
						<height>6</height>
						<texture colordiffuse="$VAR[Accent_Color]">views/white_100.png</texture>
					</control>
					<control type="label">
						<align>center</align>
						<aligny>center</aligny>
						<label>$INFO[Container($PARAM[id]).ListItemNoWrap($PARAM[position]).Label]</label>
						<font>Keyboard_Button_$PARAM[position]</font>
						<textcolor>$VAR[Light_Color]</textcolor>
					</control>
				</control>
				<control type="label">
					<visible>!Control.HasFocus($PARAM[id])</visible>
					<align>center</align>
					<aligny>center</aligny>
					<label>$INFO[Container($PARAM[id]).ListItemNoWrap($PARAM[position]).Label]</label>
					<font>Keyboard_Button_5</font>
					<textcolor>$VAR[Unfocused_Color]</textcolor>
				</control>
			</control>
		</definition>
	</include>

	<include name="Special_Keyboard_Label_Button">
		<param name="id" default="" />
		<param name="position" default="" />
		<param name="width" default="90" />
		<definition>
			<control type="group">
				<height>$PARAM[width]</height>
				<width>$PARAM[width]</width>
				<control type="group">
					<visible>Control.HasFocus($PARAM[id])</visible>
					<control type="image">
						<visible>Container($PARAM[id]).Position($PARAM[position])</visible>
						<left>15</left>
						<right>15</right>
						<bottom>0</bottom>
						<height>6</height>
						<texture colordiffuse="$VAR[Accent_Color]">views/white_100.png</texture>
					</control>
					<control type="image">
						<animation effect="zoom" end="0,0,20,1" center="45,30" time="0" condition="String.IsEqual(Container($PARAM[id]).ListItemNoWrap(-5).Label,↓)">Conditional</animation>
						<animation effect="zoom" end="0,0,20,1" center="45,30" time="0" condition="String.IsEqual(Container($PARAM[id]).ListItemNoWrap(-4).Label,↓)">Conditional</animation>
						<animation effect="zoom" end="0,0,20,1" center="45,30" time="0" condition="String.IsEqual(Container($PARAM[id]).ListItemNoWrap(-3).Label,↓)">Conditional</animation>
						<animation effect="zoom" end="0,0,30,2" center="45,30" time="0" condition="String.IsEqual(Container($PARAM[id]).ListItemNoWrap(-2).Label,↓)">Conditional</animation>
						<animation effect="zoom" end="0,0,35,4" center="45,30" time="0" condition="String.IsEqual(Container($PARAM[id]).ListItemNoWrap(-1).Label,↓)">Conditional</animation>
						<animation effect="zoom" end="0,0,35,4" center="45,30" time="0" condition="String.IsEqual(Container($PARAM[id]).ListItemNoWrap(1).Label,↓)">Conditional</animation>
						<animation effect="zoom" end="0,0,30,2" center="45,30" time="0" condition="String.IsEqual(Container($PARAM[id]).ListItemNoWrap(2).Label,↓)">Conditional</animation>
						<animation effect="zoom" end="0,0,20,1" center="45,30" time="0" condition="String.IsEqual(Container($PARAM[id]).ListItemNoWrap(3).Label,↓)">Conditional</animation>
						<visible>String.IsEqual(Container($PARAM[id]).ListItemNoWrap($PARAM[position]).Label,↓)</visible>
						<left>22</left>
						<right>22</right>
						<top>13</top>
						<height>6</height>
						<texture colordiffuse="$VAR[Light_Color]">views/white_100.png</texture>
					</control>
					<control type="label">
						<animation effect="rotate" start="0" end="-90" center="auto" time="0" condition="String.IsEqual(Container($PARAM[id]).ListItemNoWrap($PARAM[position]).Label,Ⅲ)">Conditional</animation>
						<animation effect="rotate" start="0" end="180" center="auto" time="0" condition="String.IsEqual(Container($PARAM[id]).ListItemNoWrap($PARAM[position]).Label,↓)">Conditional</animation>
						<animation effect="slide" start="0" end="0,7" time="0" condition="String.IsEqual(Container($PARAM[id]).ListItemNoWrap($PARAM[position]).Label,¹²³)">Conditional</animation>
						<animation effect="slide" start="0" end="0,4" time="0" condition="String.IsEqual(Container($PARAM[id]).ListItemNoWrap($PARAM[position]).Label,¹²³) + Integer.IsEqual(Container($PARAM[id]).CurrentItem,1)">Conditional</animation>
						<animation effect="slide" start="0" end="0,5" time="0" condition="String.IsEqual(Container($PARAM[id]).ListItemNoWrap($PARAM[position]).Label,¹²³) + Integer.IsEqual(Container($PARAM[id]).CurrentItem,2)">Conditional</animation>
						<animation effect="slide" start="0" end="0,4" time="0" condition="String.IsEqual(Container($PARAM[id]).ListItemNoWrap($PARAM[position]).Label,¹²³) + Integer.IsEqual(Container($PARAM[id]).CurrentItem,3)">Conditional</animation>
						<align>center</align>
						<aligny>center</aligny>
						<label>$INFO[Container($PARAM[id]).ListItemNoWrap($PARAM[position]).Label]</label>
						<font>Special_Keyboard_Button_$PARAM[position]</font>
						<textcolor>$VAR[Light_Color]</textcolor>
					</control>
				</control>
				<control type="group">
					<visible>!Control.HasFocus($PARAM[id])</visible>
					<control type="label">
						<animation effect="rotate" start="0" end="-90" center="auto" time="0" condition="String.IsEqual(Container($PARAM[id]).ListItemNoWrap($PARAM[position]).Label,Ⅲ)">Conditional</animation>
						<animation effect="rotate" start="0" end="180" center="auto" time="0" condition="String.IsEqual(Container($PARAM[id]).ListItemNoWrap($PARAM[position]).Label,↓)">Conditional</animation>
						<animation effect="slide" start="0" end="0,7" time="0" condition="String.IsEqual(Container($PARAM[id]).ListItemNoWrap($PARAM[position]).Label,¹²³)">Conditional</animation>
						<align>center</align>
						<aligny>center</aligny>
						<label>$INFO[Container($PARAM[id]).ListItemNoWrap($PARAM[position]).Label]</label>
						<font>Special_Keyboard_Button_5</font>
						<textcolor>$VAR[Unfocused_Color]</textcolor>
					</control>
					<control type="image">
						<visible>String.IsEqual(Container($PARAM[id]).ListItemNoWrap($PARAM[position]).Label,↓)</visible>
						<left>35</left>
						<right>35</right>
						<top>27</top>
						<height>1</height>
						<texture colordiffuse="$VAR[Unfocused_Color]">views/white_100.png</texture>
					</control>
				</control>
			</control>
		</definition>
	</include>

	<include name="Numeric_Label_Button">
		<param name="id" default="1000" />
		<param name="position" default="" />
		<param name="width" default="90" />
		<definition>
			<control type="group">
				<width>$PARAM[width]</width>
				<height>$PARAM[width]</height>
				<control type="group">
					<visible>Control.HasFocus($PARAM[id]) + Container($PARAM[id]).Position($PARAM[position])</visible>
					<control type="label">
						<align>center</align>
						<aligny>center</aligny>
						<label>$INFO[Container($PARAM[id]).ListItemPosition($PARAM[position]).Label]</label>
						<font>Special_Keyboard_Button_0</font>
						<textcolor>$VAR[Light_Color]</textcolor>
					</control>
					<control type="image">
						<left>15</left>
						<right>15</right>
						<bottom>0</bottom>
						<height>6</height>
						<texture colordiffuse="$VAR[Accent_Color]">views/white_100.png</texture>
					</control>
				</control>
				<control type="label">
					<visible>![Control.HasFocus($PARAM[id]) + Container($PARAM[id]).Position($PARAM[position])]</visible>
					<align>center</align>
					<aligny>center</aligny>
					<label>$INFO[Container($PARAM[id]).ListItemPosition($PARAM[position]).Label]</label>
					<font>Special_Keyboard_Button_5</font>
					<textcolor>$VAR[Unfocused_Color]</textcolor>
				</control>
			</control>
		</definition>
	</include>

	<include name="Keyboard_Row_Layout">
		<param name="id" default="" />
		<param name="visible" default="true" />
		<param name="buttonwidth" default="90" />
		<definition>
			<control type="grouplist">
				<width>100%</width>
				<height>$PARAM[buttonwidth]</height>
				<orientation>horizontal</orientation>
				<align>center</align>
				<visible>$PARAM[visible]</visible>
				<itemgap>0</itemgap>
				<scrolltime tween="sine" easing="inout">360</scrolltime>
				<include content="Keyboard_Label_Button">
					<param name="id" value="$PARAM[id]" />
					<param name="position" value="-7" />
					<param name="width" value="$PARAM[buttonwidth]" />
				</include>
				<include content="Keyboard_Label_Button">
					<param name="id" value="$PARAM[id]" />
					<param name="position" value="-6" />
					<param name="width" value="$PARAM[buttonwidth]" />
				</include>
				<include content="Keyboard_Label_Button">
					<param name="id" value="$PARAM[id]" />
					<param name="position" value="-5" />
					<param name="width" value="$PARAM[buttonwidth]" />
				</include>
				<include content="Keyboard_Label_Button">
					<param name="id" value="$PARAM[id]" />
					<param name="position" value="-4" />
					<param name="width" value="$PARAM[buttonwidth]" />
				</include>
				<include content="Keyboard_Label_Button">
					<param name="id" value="$PARAM[id]" />
					<param name="position" value="-3" />
					<param name="width" value="$PARAM[buttonwidth]" />
				</include>
				<include content="Keyboard_Label_Button">
					<param name="id" value="$PARAM[id]" />
					<param name="position" value="-2" />
					<param name="width" value="$PARAM[buttonwidth]" />
				</include>
				<include content="Keyboard_Label_Button">
					<param name="id" value="$PARAM[id]" />
					<param name="position" value="-1" />
					<param name="width" value="$PARAM[buttonwidth]" />
				</include>
				<include content="Keyboard_Label_Button">
					<param name="id" value="$PARAM[id]" />
					<param name="position" value="0" />
					<param name="width" value="$PARAM[buttonwidth]" />
				</include>
				<include content="Keyboard_Label_Button">
					<param name="id" value="$PARAM[id]" />
					<param name="position" value="1" />
					<param name="width" value="$PARAM[buttonwidth]" />
				</include>
				<include content="Keyboard_Label_Button">
					<param name="id" value="$PARAM[id]" />
					<param name="position" value="2" />
					<param name="width" value="$PARAM[buttonwidth]" />
				</include>
				<include content="Keyboard_Label_Button">
					<param name="id" value="$PARAM[id]" />
					<param name="position" value="3" />
					<param name="width" value="$PARAM[buttonwidth]" />
				</include>
				<include content="Keyboard_Label_Button">
					<param name="id" value="$PARAM[id]" />
					<param name="position" value="4" />
					<param name="width" value="$PARAM[buttonwidth]" />
				</include>
				<include content="Keyboard_Label_Button">
					<param name="id" value="$PARAM[id]" />
					<param name="position" value="5" />
					<param name="width" value="$PARAM[buttonwidth]" />
				</include>
				<include content="Keyboard_Label_Button">
					<param name="id" value="$PARAM[id]" />
					<param name="position" value="6" />
					<param name="width" value="$PARAM[buttonwidth]" />
				</include>
				<include content="Keyboard_Label_Button">
					<param name="id" value="$PARAM[id]" />
					<param name="position" value="7" />
					<param name="width" value="$PARAM[buttonwidth]" />
				</include>
			</control>
		</definition>
	</include>

	<include name="Special_Keyboard_Row_Layout">
		<param name="id" default="" />
		<param name="visible" default="true" />
		<param name="buttonwidth" default="90" />
		<definition>
			<control type="grouplist">
				<width>100%</width>
				<height>$PARAM[buttonwidth]</height>
				<orientation>horizontal</orientation>
				<align>center</align>
				<itemgap>0</itemgap>
				<visible>$PARAM[visible]</visible>
				<scrolltime tween="sine" easing="inout">360</scrolltime>
				<include content="Special_Keyboard_Label_Button">
					<param name="id" value="$PARAM[id]" />
					<param name="position" value="-7" />
					<param name="width" value="$PARAM[buttonwidth]" />
				</include>
				<include content="Special_Keyboard_Label_Button">
					<param name="id" value="$PARAM[id]" />
					<param name="position" value="-6" />
					<param name="width" value="$PARAM[buttonwidth]" />
				</include>
				<include content="Special_Keyboard_Label_Button">
					<param name="id" value="$PARAM[id]" />
					<param name="position" value="-5" />
					<param name="width" value="$PARAM[buttonwidth]" />
				</include>
				<include content="Special_Keyboard_Label_Button">
					<param name="id" value="$PARAM[id]" />
					<param name="position" value="-4" />
					<param name="width" value="$PARAM[buttonwidth]" />
				</include>
				<include content="Special_Keyboard_Label_Button">
					<param name="id" value="$PARAM[id]" />
					<param name="position" value="-3" />
					<param name="width" value="$PARAM[buttonwidth]" />
				</include>
				<include content="Special_Keyboard_Label_Button">
					<param name="id" value="$PARAM[id]" />
					<param name="position" value="-2" />
					<param name="width" value="$PARAM[buttonwidth]" />
				</include>
				<include content="Special_Keyboard_Label_Button">
					<param name="id" value="$PARAM[id]" />
					<param name="position" value="-1" />
					<param name="width" value="$PARAM[buttonwidth]" />
				</include>
				<include content="Special_Keyboard_Label_Button">
					<param name="id" value="$PARAM[id]" />
					<param name="position" value="0" />
					<param name="width" value="$PARAM[buttonwidth]" />
				</include>
				<include content="Special_Keyboard_Label_Button">
					<param name="id" value="$PARAM[id]" />
					<param name="position" value="1" />
					<param name="width" value="$PARAM[buttonwidth]" />
				</include>
				<include content="Special_Keyboard_Label_Button">
					<param name="id" value="$PARAM[id]" />
					<param name="position" value="2" />
					<param name="width" value="$PARAM[buttonwidth]" />
				</include>
				<include content="Special_Keyboard_Label_Button">
					<param name="id" value="$PARAM[id]" />
					<param name="position" value="3" />
					<param name="width" value="$PARAM[buttonwidth]" />
				</include>
				<include content="Special_Keyboard_Label_Button">
					<param name="id" value="$PARAM[id]" />
					<param name="position" value="4" />
					<param name="width" value="$PARAM[buttonwidth]" />
				</include>
				<include content="Special_Keyboard_Label_Button">
					<param name="id" value="$PARAM[id]" />
					<param name="position" value="5" />
					<param name="width" value="$PARAM[buttonwidth]" />
				</include>
				<include content="Special_Keyboard_Label_Button">
					<param name="id" value="$PARAM[id]" />
					<param name="position" value="6" />
					<param name="width" value="$PARAM[buttonwidth]" />
				</include>
				<include content="Special_Keyboard_Label_Button">
					<param name="id" value="$PARAM[id]" />
					<param name="position" value="7" />
					<param name="width" value="$PARAM[buttonwidth]" />
				</include>
			</control>
		</definition>
	</include>

	<include name="DialogKeyboard_Autocomplete">
		<include content="Transparent_Dialog_Panel">
			<param name="visible" value="Integer.IsGreater(Container(3100).NumItems,0)" />
			<param name="bottom" value="645" />
			<include content="Visible_Fade_Animation" />
		</include>
		<control type="panel" id="3100">
			<animation effect="fade" start="0" end="100" time="360" delay="360" tween="sine" easing="inout" condition="Integer.IsGreater(Container(3100).NumItems,0) | Container(3100).IsUpdating">Conditional</animation>
			<visible allowhiddenfocus="true">!Control.IsVisible(313)</visible>
			<centerleft>50%</centerleft>
			<width>1620</width>
			<top>225</top>
			<height>120</height>
			<scrolltime tween="sine" easing="inout">360</scrolltime>
			<orientation>vertical</orientation>
			<pagecontrol>60</pagecontrol>
			<ondown>312</ondown>
			<itemlayout width="540" height="60">
				<control type="label">
					<height>60</height>
					<textoffsetx>30</textoffsetx>
					<label>$INFO[ListItem.Label]</label>
					<font>Keyboard_Button_5</font>
					<textcolor>$VAR[Unfocused_Color]</textcolor>
					<aligny>center</aligny>
					<align>center</align>
				</control>
			</itemlayout>
			<focusedlayout width="540" height="60">
				<control type="label">
					<height>60</height>
					<textoffsetx>30</textoffsetx>
					<label>$INFO[ListItem.Label]</label>
					<font>Keyboard_Button_5</font>
					<textcolor>$VAR[Light_Color]</textcolor>
					<aligny>center</aligny>
					<align>center</align>
				</control>
				<control type="image">
					<width>100%</width>
					<bottom>0</bottom>
					<height>1</height>
					<texture colordiffuse="$VAR[Unfocused_Color]">views/white_100.png</texture>
				</control>
			</focusedlayout>
			<content>$VAR[AutoComplete_Path]</content>
		</control>
		<!-- Scrollbar for autocomplete-->
		<include content="Dialog_Divider_With_Scrollbar">
			<param name="visible" value="Control.HasFocus(3100)" />
			<param name="scrollbarvisible" value="true" />
			<param name="height" value="120" />
			<param name="left" value="150" />
			<param name="scrollbaralignleft" value="true" />
			<include content="Visible_Fade_Animation" />
			<animation effect="slide" end="0,-255" time="0" condition="true">Conditional</animation>
		</include>
	</include>

</includes>