<?xml version="1.0" encoding="UTF-8"?>
<window>
	<!-- filebrowser -->
	<defaultcontrol always="true">4010</defaultcontrol>
	<include content="WindowOpenClose_Fade_Delayed_Animation" />
	<zorder>2</zorder>
	<controls>
		<include content="filebrowser_Hidden" />
		<include content="DialogSelect_Template">
			<param name="breadcrumb_label_id" value="411" />
			<param name="description_label_id" value="412" />
			<param name="thumb_visible" value="true" />
			<param name="thumb_texture" value="$INFO[ListItem.Art(thumb)]" />
			<include content="Simple_List">
				<param name="id" value="450" />
			</include>
			<include content="Simple_List">
				<param name="id" value="451" />
			</include>
			<include content="Button_Group_Template">
				<param name="visible" value="!Window.IsVisible(favourites)" />
				<param name="onleft" value="4010" />
				<param name="button1" value="true" />
				<param name="button1_id" value="415" />
				<param name="button1_texture" value="Plus" />
				<param name="button2" value="true" />
				<param name="button2_id" value="416" />
				<param name="button2_texture" value="Mirrored" />
				<param name="button3" value="true" />
				<param name="button3_id" value="414" />
				<param name="button3_texture" value="Cross" />
				<param name="button4" value="true" />
				<param name="button4_id" value="413" />
				<param name="button4_texture" value="Check" />
			</include>
		</include>
	</controls>
</window>