<?xml version="1.0" encoding="UTF-8"?>
<window>
	<!-- selectdialog -->
	<onload condition="String.IsEqual(Window(home).Property(SelectDialog),Active)">SetProperty(SelectDialog,Active2,home)</onload>
	<onload condition="String.IsEmpty(Window(home).Property(SelectDialog))">SetProperty(SelectDialog,Active,home)</onload>
	<onunload condition="String.IsEqual(Window(home).Property(SelectDialog),Active)">ClearProperty(SelectDialog,home)</onunload>
	<onunload condition="String.IsEqual(Window(home).Property(SelectDialog),Active2)">SetProperty(SelectDialog,Active,home)</onunload>
	<defaultcontrol always="true">4010</defaultcontrol>
	<zorder>2</zorder>
	<controls>
		<include content="DialogSelect_Template">
			<param name="breadcrumb_label_id" value="1" />
			<param name="description_label" value="$INFO[Container(6).ListItem.Label2]" />
			<param name="thumb_visible" value="Control.IsVisible(6)" />
			<param name="thumb_texture" value="$VAR[selectdialog_Icon_Texture]" />
			<include content="Simple_List">
				<param name="id" value="3" />
				<param name="left" value="360" />
				<param name="width" value="1200" />
				<param name="label_maxwidth" value="1200" />
			</include>
			<include content="Simple_List">
				<param name="id" value="6" />
			</include>
			<include content="Button_Group_Template">
				<param name="toggle_button" value="true" />
				<param name="onleft" value="4010" />
				<param name="onright" value="noop" />
				<param name="button1" value="Window.Is(selectdialog)" />
				<param name="button1_id" value="8" />
				<param name="button1_texture" value="Plus" />
				<param name="button2" value="true" />
				<param name="button2_id" value="5" />
				<param name="button2_texture" value="Plus" />
				<param name="button2_toggle_button" value="true" />
				<param name="button2_alt_texture" value="Check" />
				<param name="button2_use_alt_texture" value="String.IsEqual(Control.GetLabel(5),$LOCALIZE[186])" />
				<param name="button3" value="true" />
				<param name="button3_id" value="7" />
				<param name="button3_texture" value="Cross" />
			</include>
		</include>
		<!-- Hidden controls -->
		<control type="button" id="4010">
			<visible allowhiddenfocus="true">false</visible>
			<onfocus condition="Control.IsVisible(3)">SetFocus(3)</onfocus>
			<onfocus condition="Control.IsVisible(6)">SetFocus(6)</onfocus>
		</control>
	</controls>
</window>