<?xml version="1.0" encoding="UTF-8"?>
<includes>

	<variable name="Fallback(0)_Texture">
		<value condition="!String.IsEmpty(ListItem.ActualIcon)">$INFO[ListItem.ActualIcon]</value>
		<value>views/dark_grey_100.png</value>
	</variable>

	<variable name="Cropped_Clearlogo">
		<!-- VideoPlayer -->
		<value condition="VideoPlayer.IsFullscreen + Skin.HasSetting(Crop_Clearlogos) + !String.IsEmpty(Window(home).Property(clearlogo-billboard_cropped))">$INFO[Window(home).Property(clearlogo-billboard_cropped)]</value>
		<value condition="VideoPlayer.IsFullscreen + !String.IsEmpty(VideoPlayer.Art(clearlogo-billboard))">$INFO[VideoPlayer.Art(clearlogo-billboard)]</value>
		<value condition="VideoPlayer.IsFullscreen + Skin.HasSetting(Crop_Clearlogos) + !String.IsEmpty(Window(home).Property(clearlogo_cropped))">$INFO[Window(home).Property(clearlogo_cropped)]</value>
		<value condition="VideoPlayer.IsFullscreen + !String.IsEmpty(VideoPlayer.Art(clearlogo))">$INFO[VideoPlayer.Art(clearlogo)]</value>
		<!-- Secondary list -->
		<value condition="Control.HasFocus(3100) + $EXP[BillboardView_IsVisible] + Skin.HasSetting(Crop_Clearlogos) + !String.IsEmpty(Window(home).Property(clearlogo-billboard_cropped))">$INFO[Window(home).Property(clearlogo-billboard_cropped)]</value>
		<value condition="Control.HasFocus(3100) + $EXP[BillboardView_IsVisible] + !String.IsEmpty(Container(3100).ListItem.Art(clearlogo-billboard))">$INFO[Container(3100).ListItem.Art(clearlogo-billboard)]</value>
		<value condition="Control.HasFocus(3100) + !$EXP[BillboardView_IsVisible] + Skin.HasSetting(Crop_Clearlogos) + Skin.String(Theme,Light) + !String.IsEmpty(Window(home).Property(clearlogo-alt_cropped))">$INFO[Window(home).Property(clearlogo-alt_cropped)]</value>
		<value condition="Control.HasFocus(3100) + !$EXP[BillboardView_IsVisible] + Skin.String(Theme,Light) + !String.IsEmpty(Container(3100).ListItem.Art(clearlogo-alt))">$INFO[Container(3100).ListItem.Art(clearlogo-alt)]</value>
		<value condition="Control.HasFocus(3100) + Skin.HasSetting(Crop_Clearlogos) + !String.IsEmpty(Window(home).Property(clearlogo_cropped))">$INFO[Window(home).Property(clearlogo_cropped)]</value>
		<value condition="Control.HasFocus(3100) + !String.IsEmpty(Container(3100).ListItem.Art(clearlogo))">$INFO[Container(3100).ListItem.Art(clearlogo)]</value>
		<!-- Primary list -->
		<value condition="$EXP[BillboardView_IsVisible] + Skin.HasSetting(Crop_Clearlogos) + !String.IsEmpty(Window(home).Property(clearlogo-billboard_cropped))">$INFO[Window(home).Property(clearlogo-billboard_cropped)]</value>
		<value condition="$EXP[BillboardView_IsVisible] + !String.IsEmpty(ListItem.Art(clearlogo-billboard))">$INFO[ListItem.Art(clearlogo-billboard)]</value>
		<value condition="!$EXP[BillboardView_IsVisible] + Skin.HasSetting(Crop_Clearlogos) + Skin.String(Theme,Light) + !String.IsEmpty(Window(home).Property(clearlogo-alt_cropped))">$INFO[Window(home).Property(clearlogo-alt_cropped)]</value>
		<value condition="!$EXP[BillboardView_IsVisible] + Skin.String(Theme,Light) + !String.IsEmpty(ListItem.Art(clearlogo-alt))">$INFO[ListItem.Art(clearlogo-alt)]</value>
		<value condition="Skin.HasSetting(Crop_Clearlogos) + !String.IsEmpty(Window(home).Property(clearlogo_cropped))">$INFO[Window(home).Property(clearlogo_cropped)]</value>
		<value condition="!String.IsEmpty(ListItem.Art(clearlogo))">$INFO[ListItem.Art(clearlogo)]</value>
	</variable>

	<variable name="Clearlogo_Texture">
		<value condition="VideoPlayer.IsFullscreen + !String.IsEmpty(VideoPlayer.Art(clearlogo-billboard))">$INFO[VideoPlayer.Art(clearlogo-billboard)]</value>
		<value condition="VideoPlayer.IsFullscreen + !String.IsEmpty(VideoPlayer.Art(clearlogo))">$INFO[VideoPlayer.Art(clearlogo)]</value>
		<value condition="Control.HasFocus(3100) + $EXP[BillboardView_IsVisible] + !String.IsEmpty(Container(3100).ListItem.Art(clearlogo-billboard))">$INFO[Container(3100).ListItem.Art(clearlogo-billboard)]</value>
		<value condition="Control.HasFocus(3100) + !$EXP[BillboardView_IsVisible] + Skin.String(Theme,Light) + !String.IsEmpty(Container(3100).ListItem.Art(clearlogo-alt))">$INFO[Container(3100).ListItem.Art(clearlogo-alt)]</value>
		<value condition="Control.HasFocus(3100)">$INFO[Container(3100).ListItem.Art(clearlogo)]</value>
		<value condition="$EXP[BillboardView_IsVisible] + !String.IsEmpty(ListItem.Art(clearlogo-billboard))">$INFO[ListItem.Art(clearlogo-billboard)]</value>
		<value condition="!$EXP[BillboardView_IsVisible] + Skin.String(Theme,Light) + !String.IsEmpty(ListItem.Art(clearlogo-alt))">$INFO[ListItem.Art(clearlogo-alt)]</value>
		<value condition="!String.IsEmpty(ListItem.Art(clearlogo))">$INFO[ListItem.Art(clearlogo)]</value>
	</variable>

	<variable name="Background_Home_Texture">
		<value condition="Skin.HasSetting(Home_Background_Override_Enabled) + !Skin.HasSetting(Background_Disabled) + [Skin.String(Home_Background_Override_Source,Global) | !Skin.String(Home_Background_Override_Source)] + Skin.String(Background_Global_Fanart)">$INFO[Skin.String(Background_Global_Fanart)]</value>
		<value condition="Skin.HasSetting(Home_Background_Override_Enabled) + !Skin.HasSetting(Background_Disabled) + Skin.String(Home_Background_Override_Source,Movies) + Skin.String(Background_Movies_Fanart)">$INFO[Skin.String(Background_Movies_Fanart)]</value>
		<value condition="Skin.HasSetting(Home_Background_Override_Enabled) + !Skin.HasSetting(Background_Disabled) + Skin.String(Home_Background_Override_Source,TVShows) + Skin.String(Background_TVShows_Fanart)">$INFO[Skin.String(Background_TVShows_Fanart)]</value>
		<value condition="Skin.HasSetting(Home_Background_Override_Enabled) + !Skin.HasSetting(Background_Disabled) + Skin.String(Home_Background_Override_Source,Videos) + Skin.String(Background_Videos_Fanart)">$INFO[Skin.String(Background_Videos_Fanart)]</value>
		<value condition="Skin.HasSetting(Home_Background_Override_Enabled) + !Skin.HasSetting(Background_Disabled) + Skin.String(Home_Background_Override_Source,Artists) + Skin.String(Background_Artists_Fanart)">$INFO[Skin.String(Background_Artists_Fanart)]</value>
		<value condition="Skin.HasSetting(Home_Background_Override_Enabled) + Skin.String(Home_Background_Override_Path)">$INFO[Container(3300).ListItem.Art(fanart)]</value>
		<value condition="!String.IsEmpty(Container(3000).ListItem.Property(backgroundPlaylist))">$INFO[Container(3300).ListItem.Art(fanart)]</value>
		<value condition="!String.IsEmpty(Container(3000).ListItem.Property(background))">$INFO[Container(3000).ListItem.Property(background)]</value>
		<value>$INFO[Container(3300).ListItem.Art(fanart)]</value>
	</variable>

	<variable name="Background_Home_Clearlogo_Texture">
		<value condition="Skin.HasSetting(Home_Background_Override_Enabled) + !Skin.HasSetting(Background_Disabled) + [Skin.String(Home_Background_Override_Source,Global) | !Skin.String(Home_Background_Override_Source)] + Skin.String(Background_Global_Clearlogo)">$INFO[Skin.String(Background_Global_Clearlogo)]</value>
		<value condition="Skin.HasSetting(Home_Background_Override_Enabled) + !Skin.HasSetting(Background_Disabled) + Skin.String(Home_Background_Override_Source,Movies) + Skin.String(Background_Movies_Clearlogo)">$INFO[Skin.String(Background_Movies_Clearlogo)]</value>
		<value condition="Skin.HasSetting(Home_Background_Override_Enabled) + !Skin.HasSetting(Background_Disabled) + Skin.String(Home_Background_Override_Source,TVShows) + Skin.String(Background_TVShows_Clearlogo)">$INFO[Skin.String(Background_TVShows_Clearlogo)]</value>
		<value condition="Skin.HasSetting(Home_Background_Override_Enabled) + !Skin.HasSetting(Background_Disabled) + Skin.String(Home_Background_Override_Source,Videos) + Skin.String(Background_Videos_Clearlogo)">$INFO[Skin.String(Background_Videos_Clearlogo)]</value>
		<value condition="Skin.HasSetting(Home_Background_Override_Enabled) + !Skin.HasSetting(Background_Disabled) + Skin.String(Home_Background_Override_Source,Artists) + Skin.String(Background_Artists_Clearlogo)">$INFO[Skin.String(Background_Artists_Clearlogo)]</value>
		<value condition="Skin.HasSetting(Home_Background_Override_Enabled) + Skin.String(Home_Background_Override_Path)">$INFO[Container(3300).ListItem.Art(clearlogo)]</value>
		<value condition="String.IsEmpty(Container(3000).ListItem.Property(backgroundPlaylist)) + !String.IsEmpty(Container(3000).ListItem.Property(background))" />
		<value>$INFO[Container(3300).ListItem.Art(clearlogo)]</value>
	</variable>

	<variable name="Background_Global_Texture">
		<value condition="Window.Is(addonsettings) + !String.IsEmpty(ListItem.Art(fanart))">$INFO[ListItem.Art(fanart)]</value>
		<value condition="Window.Is(loginscreen) + !String.IsEmpty(Container(3300).ListItem.Art(fanart))">$INFO[Container(3300).ListItem.Art(fanart)]</value>
		<value condition="!String.Contains(Container.FolderPath,plugin://) + $EXP[Background_Containers] + !String.IsEmpty(Container(3300).ListItem.Art(fanart))">$INFO[Container(3300).ListItem.Art(fanart)]</value>
		<value condition="!Skin.HasSetting(Background_Disabled) + Window.IsVisible(videos) + Skin.String(Background_Videos)">$INFO[Skin.String(Background_Videos)]</value>
		<value condition="!Skin.HasSetting(Background_Disabled) + Window.IsVisible(music) + Skin.String(Background_Artists)">$INFO[Skin.String(Background_Artists)]</value>
		<value condition="!Skin.HasSetting(Background_Disabled) + Skin.String(Background_Global_Fanart)">$INFO[Skin.String(Background_Global_Fanart)]</value>
	</variable>

	<variable name="Infoscreen_Background_Texture">
		<value condition="String.IsEqual(ListItem.DBType,episode) + !String.IsEmpty(ListItem.Art(thumb))">$INFO[ListItem.Art(thumb)]</value>
		<value condition="String.IsEqual(Container.FolderName,ListItem.TVShowTitle) + !String.IsEmpty(ListItem.TVShowTitle) + !String.IsEmpty(Window(home).Property(Season_Fanart))">$INFO[Window(home).Property(Season_Fanart)]</value>
		<value condition="!String.IsEmpty(ListItem.Art(fanart))">$INFO[ListItem.Art(fanart)]</value>
		<value condition="!String.IsEmpty(ListItem.Art(thumb))">$INFO[ListItem.Art(thumb)]</value>
	</variable>

	<variable name="musicplaylisteditor_Background_Texture">
		<value condition="String.IsEqual(Window(musicplaylisteditor).Property(ActiveList),Right) + String.IsEqual(Container(100).ListItem.DBType,album) + !String.IsEmpty(Container(100).ListItem.Art(fanart))">$INFO[Container(100).ListItem.Art(fanart)]</value>
		<value condition="String.IsEqual(Window(musicplaylisteditor).Property(ActiveList),Right) + String.IsEqual(Container(100).ListItem.DBType,song) + !String.IsEmpty(Container(100).ListItem.Art(album.fanart))">$INFO[Container(100).ListItem.Art(album.fanart)]</value>
		<value condition="String.IsEqual(Window(musicplaylisteditor).Property(ActiveList),Right) + [String.IsEqual(Container(100).ListItem.DBType,album) | String.IsEqual(Container(100).ListItem.DBType,song)] + !String.IsEmpty(Container(100).ListItem.Art(artist.fanart))">$INFO[Container(100).ListItem.Art(artist.fanart)]</value>
		<value condition="String.IsEqual(Window(musicplaylisteditor).Property(ActiveList),Right) + [String.IsEqual(Container(100).ListItem.DBType,album) | String.IsEqual(Container(100).ListItem.DBType,song)] + !String.IsEmpty(Container(100).ListItem.Art(artist.thumb))">$INFO[Container(100).ListItem.Art(artist.thumb)]</value>
		<value condition="String.IsEqual(Window(musicplaylisteditor).Property(ActiveList),Right) + !String.IsEmpty(Container(100).ListItem.Art(fanart))">$INFO[Container(100).ListItem.Art(fanart)]</value>
		<value condition="String.IsEqual(Window(musicplaylisteditor).Property(ActiveList),Right) + !String.IsEmpty(Container(100).ListItem.Art(thumb))">$INFO[Container(100).ListItem.Art(thumb)]</value>
		<value condition="String.IsEqual(Container(50).ListItem.DBType,album) + !String.IsEmpty(Container(50).ListItem.Art(fanart))">$INFO[Container(50).ListItem.Art(fanart)]</value>
		<value condition="String.IsEqual(Container(50).ListItem.DBType,song) + !String.IsEmpty(Container(50).ListItem.Art(album.fanart))">$INFO[Container(50).ListItem.Art(album.fanart)]</value>
		<value condition="[String.IsEqual(Container(50).ListItem.DBType,album) | String.IsEqual(Container(50).ListItem.DBType,song)] + !String.IsEmpty(Container(50).ListItem.Art(artist.fanart))">$INFO[Container(50).ListItem.Art(artist.fanart)]</value>
		<value condition="[String.IsEqual(Container(50).ListItem.DBType,album) | String.IsEqual(Container(50).ListItem.DBType,song)] + !String.IsEmpty(Container(50).ListItem.Art(artist.thumb))">$INFO[Container(50).ListItem.Art(artist.thumb)]</value>
		<value condition="!String.IsEmpty(ListItem.Art(fanart))">$INFO[ListItem.Art(fanart)]</value>
		<value condition="!String.IsEmpty(ListItem.Art(thumb))">$INFO[ListItem.Art(thumb)]</value>
		<value condition="Skin.String(Background_Artists)">$INFO[Skin.String(Background_Artists)]</value>
	</variable>

	<variable name="Grid(0)Content">
		<value condition="!String.IsEmpty(ListItem(0).Art(square)) + $EXP[GridView_Display_IsSquare]">$INFO[ListItem(0).Art(square)]</value>
		<value condition="!String.IsEmpty(ListItem(0).Art(snap)) + $EXP[GridView_Display_IsSquare]">$INFO[ListItem(0).Art(snap)]</value>
		<value condition="!String.IsEmpty(ListItem(0).Art(icon)) + $EXP[GridView_Display_IsSquare] + $EXP[Programs_Container_IsFolders]">$INFO[ListItem(0).Art(icon)]</value>
		<value condition="!String.IsEmpty(ListItem(0).Art(thumb)) + [[$EXP[GridView_Display_IsSquare] + String.IsEqual(ListItem(0).DBType,artist)] | String.IsEqual(ListItem(0).DBType,episode) | String.IsEqual(ListItem(0).DBType,album) | Container.Content(addons)]">$INFO[ListItem(0).Art(thumb)]</value>
		<value condition="!String.IsEmpty(ListItem(0).Art(fanart)) + !$EXP[GridView_Display_IsPosters]">$INFO[ListItem(0).Art(fanart)]</value>
		<value condition="!String.IsEmpty(ListItem(0).Art(tvshow.fanart)) + !$EXP[GridView_Display_IsPosters]">$INFO[ListItem(0).Art(tvshow.fanart)]</value>
		<value condition="!String.IsEmpty(ListItem(0).Art(tvshow.square)) + !$EXP[GridView_Display_IsPosters]">$INFO[ListItem(0).Art(tvshow.square)]</value>
		<value condition="!String.IsEmpty(ListItem(0).Art(keyart)) + [$EXP[GridView_Details_On] | $EXP[Prefer_Keyart]]">$INFO[ListItem(0).Art(keyart)]</value>
		<value condition="!String.IsEmpty(ListItem(0).Art(poster))">$INFO[ListItem(0).Art(poster)]</value>
		<value condition="!String.IsEmpty(ListItem(0).Art(boxfront))">$INFO[ListItem(0).Art(boxfront)]</value>
		<value condition="!String.IsEmpty(ListItem(0).Art(tvshow.keyart)) + $EXP[Prefer_Keyart]">$INFO[ListItem(0).Art(tvshow.keyart)]</value>
		<value condition="!String.IsEmpty(ListItem(0).Art(tvshow.poster))">$INFO[ListItem(0).Art(tvshow.poster)]</value>
		<value condition="!String.IsEmpty(ListItem(0).Icon)">$INFO[ListItem(0).Icon]</value>
	</variable>

	<variable name="Showcase(-3)Content">
		<value />
	</variable>
	<variable name="Showcase(-2)Content">
		<value />
	</variable>
	<variable name="Showcase(-1)Content">
		<value condition="!String.IsEmpty(ListItemNoWrap(-1).Art(square)) + $EXP[ShowcaseView_Display_IsSquare]">$INFO[ListItem(-1).Art(square)]</value>
		<value condition="!String.IsEmpty(ListItemNoWrap(-1).Art(snap)) + $EXP[ShowcaseView_Display_IsSquare]">$INFO[ListItem(-1).Art(snap)]</value>
		<value condition="!String.IsEmpty(ListItemNoWrap(-1).Art(icon)) + $EXP[ShowcaseView_Display_IsSquare] + $EXP[Programs_Container_IsFolders]">$INFO[ListItem(-1).Art(icon)]</value>
		<value condition="!String.IsEmpty(ListItemNoWrap(-1).Art(thumb)) + [String.IsEqual(ListItem(-1).DBType,artist) | String.IsEqual(ListItem(-1).DBType,album) | Container.Content(addons)]">$INFO[ListItem(-1).Art(thumb)]</value>
		<value condition="!String.IsEmpty(ListItemNoWrap(-1).Art(fanart)) + $EXP[ShowcaseView_Display_IsSquare]">$INFO[ListItem(-1).Art(fanart)]</value>
		<value condition="!String.IsEmpty(ListItemNoWrap(-1).Art(keyart)) + $EXP[ShowcaseView_Display_IsSquare]">$INFO[ListItem(-1).Art(keyart)]</value>
		<value condition="!String.IsEmpty(ListItemNoWrap(-1).Art(tvshow.square)) + $EXP[ShowcaseView_Display_IsSquare]">$INFO[ListItem(-1).Art(tvshow.square)]</value>
		<value condition="!String.IsEmpty(ListItemNoWrap(-1).Art(tvshow.fanart)) + $EXP[ShowcaseView_Display_IsSquare]">$INFO[ListItem(-1).Art(tvshow.fanart)]</value>
		<value condition="!String.IsEmpty(ListItemNoWrap(-1).Art(keyart)) + [[$EXP[ShowcaseView_Logo_On] + !String.IsEmpty(ListItem(-1).Art(clearlogo))] | $EXP[ShowcaseView_Details_Overlay_IsVisible] | $EXP[Prefer_Keyart]]">$INFO[ListItem(-1).Art(keyart)]</value>
		<value condition="!String.IsEmpty(ListItemNoWrap(-1).Art(poster))">$INFO[ListItem(-1).Art(poster)]</value>
		<value condition="!String.IsEmpty(ListItemNoWrap(-1).Art(boxfront))">$INFO[ListItem(-1).Art(boxfront)]</value>
		<value condition="!String.IsEmpty(ListItemNoWrap(-1).Art(tvshow.keyart)) + [$EXP[ShowcaseView_Details_Overlay_IsVisible] | $EXP[Prefer_Keyart]]">$INFO[ListItem(-1).Art(tvshow.keyart)]</value>
		<value condition="!String.IsEmpty(ListItemNoWrap(-1).Art(tvshow.poster))">$INFO[ListItem(-1).Art(tvshow.poster)]</value>
		<value condition="!String.IsEmpty(ListItemNoWrap(-1).Icon)">$INFO[ListItem(-1).Icon]</value>
	</variable>
	<variable name="Showcase(0)Content">
		<value condition="!String.IsEmpty(ListItemNoWrap(0).Art(square)) + $EXP[ShowcaseView_Display_IsSquare]">$INFO[ListItem(0).Art(square)]</value>
		<value condition="!String.IsEmpty(ListItemNoWrap(0).Art(snap)) + $EXP[ShowcaseView_Display_IsSquare]">$INFO[ListItem(0).Art(snap)]</value>
		<value condition="!String.IsEmpty(ListItemNoWrap(0).Art(icon)) + $EXP[ShowcaseView_Display_IsSquare] + $EXP[Programs_Container_IsFolders]">$INFO[ListItem(0).Art(icon)]</value>
		<value condition="!String.IsEmpty(ListItemNoWrap(0).Art(thumb)) + [String.IsEqual(ListItem(0).DBType,artist) | String.IsEqual(ListItem(0).DBType,album) | Container.Content(addons)]">$INFO[ListItem(0).Art(thumb)]</value>
		<value condition="!String.IsEmpty(ListItemNoWrap(0).Art(fanart)) + $EXP[ShowcaseView_Display_IsSquare]">$INFO[ListItem(0).Art(fanart)]</value>
		<value condition="!String.IsEmpty(ListItemNoWrap(0).Art(keyart)) + $EXP[ShowcaseView_Display_IsSquare]">$INFO[ListItem(0).Art(keyart)]</value>
		<value condition="!String.IsEmpty(ListItemNoWrap(0).Art(tvshow.square)) + $EXP[ShowcaseView_Display_IsSquare]">$INFO[ListItem(0).Art(tvshow.square)]</value>
		<value condition="!String.IsEmpty(ListItemNoWrap(0).Art(tvshow.fanart)) + $EXP[ShowcaseView_Display_IsSquare]">$INFO[ListItem(0).Art(tvshow.fanart)]</value>
		<value condition="!String.IsEmpty(ListItemNoWrap(0).Art(keyart)) + [[$EXP[ShowcaseView_Logo_On] + !String.IsEmpty(ListItem(0).Art(clearlogo))] | $EXP[ShowcaseView_Details_Overlay_IsVisible] | $EXP[Prefer_Keyart]]">$INFO[ListItem(0).Art(keyart)]</value>
		<value condition="!String.IsEmpty(ListItemNoWrap(0).Art(poster))">$INFO[ListItem(0).Art(poster)]</value>
		<value condition="!String.IsEmpty(ListItemNoWrap(0).Art(boxfront))">$INFO[ListItem(0).Art(boxfront)]</value>
		<value condition="!String.IsEmpty(ListItemNoWrap(0).Art(tvshow.keyart)) + [$EXP[ShowcaseView_Details_Overlay_IsVisible] | $EXP[Prefer_Keyart]]">$INFO[ListItem(0).Art(tvshow.keyart)]</value>
		<value condition="!String.IsEmpty(ListItemNoWrap(0).Art(tvshow.poster))">$INFO[ListItem(0).Art(tvshow.poster)]</value>
		<value condition="!String.IsEmpty(ListItemNoWrap(0).Icon)">$INFO[ListItem(0).Icon]</value>
	</variable>
	<variable name="Showcase(1)Content">
		<value condition="!String.IsEmpty(ListItemNoWrap(1).Art(square)) + $EXP[ShowcaseView_Display_IsSquare]">$INFO[ListItem(1).Art(square)]</value>
		<value condition="!String.IsEmpty(ListItemNoWrap(1).Art(snap)) + $EXP[ShowcaseView_Display_IsSquare]">$INFO[ListItem(1).Art(snap)]</value>
		<value condition="!String.IsEmpty(ListItemNoWrap(1).Art(icon)) + $EXP[ShowcaseView_Display_IsSquare] + $EXP[Programs_Container_IsFolders]">$INFO[ListItem(1).Art(icon)]</value>
		<value condition="!String.IsEmpty(ListItemNoWrap(1).Art(thumb)) + [String.IsEqual(ListItem(1).DBType,artist) | String.IsEqual(ListItem(1).DBType,album) | Container.Content(addons)]">$INFO[ListItem(1).Art(thumb)]</value>
		<value condition="!String.IsEmpty(ListItemNoWrap(1).Art(fanart)) + $EXP[ShowcaseView_Display_IsSquare]">$INFO[ListItem(1).Art(fanart)]</value>
		<value condition="!String.IsEmpty(ListItemNoWrap(1).Art(keyart)) + $EXP[ShowcaseView_Display_IsSquare]">$INFO[ListItem(1).Art(keyart)]</value>
		<value condition="!String.IsEmpty(ListItemNoWrap(1).Art(tvshow.square)) + $EXP[ShowcaseView_Display_IsSquare]">$INFO[ListItem(1).Art(tvshow.square)]</value>
		<value condition="!String.IsEmpty(ListItemNoWrap(1).Art(tvshow.fanart)) + $EXP[ShowcaseView_Display_IsSquare]">$INFO[ListItem(1).Art(tvshow.fanart)]</value>
		<value condition="!String.IsEmpty(ListItemNoWrap(1).Art(keyart)) + [[$EXP[ShowcaseView_Logo_On] + !String.IsEmpty(ListItem(1).Art(clearlogo))] | $EXP[ShowcaseView_Details_Overlay_IsVisible] | $EXP[Prefer_Keyart]]">$INFO[ListItem(1).Art(keyart)]</value>
		<value condition="!String.IsEmpty(ListItemNoWrap(1).Art(poster))">$INFO[ListItem(1).Art(poster)]</value>
		<value condition="!String.IsEmpty(ListItemNoWrap(1).Art(boxfront))">$INFO[ListItem(1).Art(boxfront)]</value>
		<value condition="!String.IsEmpty(ListItemNoWrap(1).Art(tvshow.keyart)) + [$EXP[ShowcaseView_Details_Overlay_IsVisible] | $EXP[Prefer_Keyart]]">$INFO[ListItem(1).Art(tvshow.keyart)]</value>
		<value condition="!String.IsEmpty(ListItemNoWrap(1).Art(tvshow.poster))">$INFO[ListItem(1).Art(tvshow.poster)]</value>
		<value condition="!String.IsEmpty(ListItemNoWrap(1).Icon)">$INFO[ListItem(1).Icon]</value>
	</variable>
	<variable name="Showcase(2)Content">
		<value condition="!String.IsEmpty(ListItemNoWrap(2).Art(square)) + $EXP[ShowcaseView_Display_IsSquare]">$INFO[ListItem(2).Art(square)]</value>
		<value condition="!String.IsEmpty(ListItemNoWrap(2).Art(snap)) + $EXP[ShowcaseView_Display_IsSquare]">$INFO[ListItem(2).Art(snap)]</value>
		<value condition="!String.IsEmpty(ListItemNoWrap(2).Art(icon)) + $EXP[ShowcaseView_Display_IsSquare] + $EXP[Programs_Container_IsFolders]">$INFO[ListItem(2).Art(icon)]</value>
		<value condition="!String.IsEmpty(ListItemNoWrap(2).Art(thumb)) + [String.IsEqual(ListItem(2).DBType,artist) | String.IsEqual(ListItem(2).DBType,album) | Container.Content(addons)]">$INFO[ListItem(2).Art(thumb)]</value>
		<value condition="!String.IsEmpty(ListItemNoWrap(2).Art(fanart)) + $EXP[ShowcaseView_Display_IsSquare]">$INFO[ListItem(2).Art(fanart)]</value>
		<value condition="!String.IsEmpty(ListItemNoWrap(2).Art(keyart)) + $EXP[ShowcaseView_Display_IsSquare]">$INFO[ListItem(2).Art(keyart)]</value>
		<value condition="!String.IsEmpty(ListItemNoWrap(2).Art(tvshow.square)) + $EXP[ShowcaseView_Display_IsSquare]">$INFO[ListItem(2).Art(tvshow.square)]</value>
		<value condition="!String.IsEmpty(ListItemNoWrap(2).Art(tvshow.fanart)) + $EXP[ShowcaseView_Display_IsSquare]">$INFO[ListItem(2).Art(tvshow.fanart)]</value>
		<value condition="!String.IsEmpty(ListItemNoWrap(2).Art(keyart)) + [[$EXP[ShowcaseView_Logo_On] + !String.IsEmpty(ListItem(2).Art(clearlogo))] | $EXP[ShowcaseView_Details_Overlay_IsVisible] | $EXP[Prefer_Keyart]]">$INFO[ListItem(2).Art(keyart)]</value>
		<value condition="!String.IsEmpty(ListItemNoWrap(2).Art(poster))">$INFO[ListItem(2).Art(poster)]</value>
		<value condition="!String.IsEmpty(ListItemNoWrap(2).Art(boxfront))">$INFO[ListItem(2).Art(boxfront)]</value>
		<value condition="!String.IsEmpty(ListItemNoWrap(2).Art(tvshow.keyart)) + [$EXP[ShowcaseView_Details_Overlay_IsVisible] | $EXP[Prefer_Keyart]]">$INFO[ListItem(2).Art(tvshow.keyart)]</value>
		<value condition="!String.IsEmpty(ListItemNoWrap(2).Art(tvshow.poster))">$INFO[ListItem(2).Art(tvshow.poster)]</value>
		<value condition="!String.IsEmpty(ListItemNoWrap(2).Icon)">$INFO[ListItem(2).Icon]</value>
	</variable>
	<variable name="Showcase(3)Content">
		<value condition="!String.IsEmpty(ListItemNoWrap(3).Art(keyart)) + [[$EXP[ShowcaseView_Logo_On] + !String.IsEmpty(ListItem(3).Art(clearlogo))] | $EXP[ShowcaseView_Details_Overlay_IsVisible] | $EXP[Prefer_Keyart]]">$INFO[ListItem(3).Art(keyart)]</value>
		<value condition="!String.IsEmpty(ListItemNoWrap(3).Art(poster))">$INFO[ListItem(3).Art(poster)]</value>
		<value condition="!String.IsEmpty(ListItemNoWrap(3).Art(boxfront))">$INFO[ListItem(3).Art(boxfront)]</value>
		<value condition="!String.IsEmpty(ListItemNoWrap(3).Art(tvshow.keyart)) + [$EXP[ShowcaseView_Details_Overlay_IsVisible] | $EXP[Prefer_Keyart]]">$INFO[ListItem(3).Art(tvshow.keyart)]</value>
		<value condition="!String.IsEmpty(ListItemNoWrap(3).Art(tvshow.poster))">$INFO[ListItem(3).Art(tvshow.poster)]</value>
		<value condition="!String.IsEmpty(ListItemNoWrap(3).Icon)">$INFO[ListItem(3).Icon]</value>
	</variable>

	<variable name="Strip(-3)Content">
		<value condition="!String.IsEmpty(ListItemNoWrap(-3).Art(square)) + $EXP[StripView_Display_IsSquare]">$INFO[ListItem(-3).Art(square)]</value>
		<value condition="!String.IsEmpty(ListItemNoWrap(-3).Art(snap)) + $EXP[StripView_Display_IsSquare]">$INFO[ListItem(-3).Art(snap)]</value>
		<value condition="!String.IsEmpty(ListItemNoWrap(-3).Art(icon)) + $EXP[StripView_Display_IsSquare] + $EXP[Programs_Container_IsFolders]">$INFO[ListItem(-3).Art(icon)]</value>
		<value condition="!String.IsEmpty(ListItemNoWrap(-3).Art(thumb)) + [[$EXP[StripView_Display_IsSquare] + String.IsEqual(ListItem(-3).DBType,artist)] | String.IsEqual(ListItem(-3).DBType,episode) | String.IsEqual(ListItem(-3).DBType,album) | Container.Content(addons)]">$INFO[ListItem(-3).Art(thumb)]</value>
		<value condition="!String.IsEmpty(ListItemNoWrap(-3).Art(fanart)) + !$EXP[StripView_Display_IsPosters]">$INFO[ListItem(-3).Art(fanart)]</value>
		<value condition="!String.IsEmpty(ListItemNoWrap(-3).Art(tvshow.fanart)) + !$EXP[StripView_Display_IsPosters]">$INFO[ListItem(-3).Art(tvshow.fanart)]</value>
		<value condition="!String.IsEmpty(ListItemNoWrap(-3).Art(tvshow.square)) + !$EXP[StripView_Display_IsPosters]">$INFO[ListItem(-3).Art(tvshow.square)]</value>
		<value condition="!String.IsEmpty(ListItemNoWrap(-3).Art(keyart)) + [[$EXP[StripView_Logo_On] + !String.IsEmpty(ListItem(-3).Art(clearlogo))] | $EXP[Prefer_Keyart]]">$INFO[ListItem(-3).Art(keyart)]</value>
		<value condition="!String.IsEmpty(ListItemNoWrap(-3).Art(poster))">$INFO[ListItem(-3).Art(poster)]</value>
		<value condition="!String.IsEmpty(ListItemNoWrap(-3).Art(boxfront))">$INFO[ListItem(-3).Art(boxfront)]</value>
		<value condition="!String.IsEmpty(ListItemNoWrap(-3).Art(tvshow.keyart)) + $EXP[Prefer_Keyart]">$INFO[ListItem(-3).Art(tvshow.keyart)]</value>
		<value condition="!String.IsEmpty(ListItemNoWrap(-3).Art(tvshow.poster))">$INFO[ListItem(-3).Art(tvshow.poster)]</value>
		<value condition="!String.IsEmpty(ListItemNoWrap(-3).Icon)">$INFO[ListItem(-3).Icon]</value>
	</variable>
	<variable name="Strip(-2)Content">
		<value condition="!String.IsEmpty(ListItemNoWrap(-2).Art(square)) + $EXP[StripView_Display_IsSquare]">$INFO[ListItem(-2).Art(square)]</value>
		<value condition="!String.IsEmpty(ListItemNoWrap(-2).Art(snap)) + $EXP[StripView_Display_IsSquare]">$INFO[ListItem(-2).Art(snap)]</value>
		<value condition="!String.IsEmpty(ListItemNoWrap(-2).Art(icon)) + $EXP[StripView_Display_IsSquare] + $EXP[Programs_Container_IsFolders]">$INFO[ListItem(-2).Art(icon)]</value>
		<value condition="!String.IsEmpty(ListItemNoWrap(-2).Art(thumb)) + [[$EXP[StripView_Display_IsSquare] + String.IsEqual(ListItem(-2).DBType,artist)] | String.IsEqual(ListItem(-2).DBType,episode) | String.IsEqual(ListItem(-2).DBType,album) | Container.Content(addons)]">$INFO[ListItem(-2).Art(thumb)]</value>
		<value condition="!String.IsEmpty(ListItemNoWrap(-2).Art(fanart)) + !$EXP[StripView_Display_IsPosters]">$INFO[ListItem(-2).Art(fanart)]</value>
		<value condition="!String.IsEmpty(ListItemNoWrap(-2).Art(tvshow.fanart)) + !$EXP[StripView_Display_IsPosters]">$INFO[ListItem(-2).Art(tvshow.fanart)]</value>
		<value condition="!String.IsEmpty(ListItemNoWrap(-2).Art(tvshow.square)) + !$EXP[StripView_Display_IsPosters]">$INFO[ListItem(-2).Art(tvshow.square)]</value>
		<value condition="!String.IsEmpty(ListItemNoWrap(-2).Art(keyart)) + [[$EXP[StripView_Logo_On] + !String.IsEmpty(ListItem(-2).Art(clearlogo))] | $EXP[Prefer_Keyart]]">$INFO[ListItem(-2).Art(keyart)]</value>
		<value condition="!String.IsEmpty(ListItemNoWrap(-2).Art(poster))">$INFO[ListItem(-2).Art(poster)]</value>
		<value condition="!String.IsEmpty(ListItemNoWrap(-2).Art(boxfront))">$INFO[ListItem(-2).Art(boxfront)]</value>
		<value condition="!String.IsEmpty(ListItemNoWrap(-2).Art(tvshow.keyart)) + $EXP[Prefer_Keyart]">$INFO[ListItem(-2).Art(tvshow.keyart)]</value>
		<value condition="!String.IsEmpty(ListItemNoWrap(-2).Art(tvshow.poster))">$INFO[ListItem(-2).Art(tvshow.poster)]</value>
		<value condition="!String.IsEmpty(ListItemNoWrap(-2).Icon)">$INFO[ListItem(-2).Icon]</value>
	</variable>
	<variable name="Strip(-1)Content">
		<value condition="!String.IsEmpty(ListItemNoWrap(-1).Art(square)) + $EXP[StripView_Display_IsSquare]">$INFO[ListItem(-1).Art(square)]</value>
		<value condition="!String.IsEmpty(ListItemNoWrap(-1).Art(snap)) + $EXP[StripView_Display_IsSquare]">$INFO[ListItem(-1).Art(snap)]</value>
		<value condition="!String.IsEmpty(ListItemNoWrap(-1).Art(icon)) + $EXP[StripView_Display_IsSquare] + $EXP[Programs_Container_IsFolders]">$INFO[ListItem(-1).Art(icon)]</value>
		<value condition="!String.IsEmpty(ListItemNoWrap(-1).Art(thumb)) + [[$EXP[StripView_Display_IsSquare] + String.IsEqual(ListItem(-1).DBType,artist)] | String.IsEqual(ListItem(-1).DBType,episode) | String.IsEqual(ListItem(-1).DBType,album) | Container.Content(addons)]">$INFO[ListItem(-1).Art(thumb)]</value>
		<value condition="!String.IsEmpty(ListItemNoWrap(-1).Art(fanart)) + !$EXP[StripView_Display_IsPosters]">$INFO[ListItem(-1).Art(fanart)]</value>
		<value condition="!String.IsEmpty(ListItemNoWrap(-1).Art(tvshow.fanart)) + !$EXP[StripView_Display_IsPosters]">$INFO[ListItem(-1).Art(tvshow.fanart)]</value>
		<value condition="!String.IsEmpty(ListItemNoWrap(-1).Art(tvshow.square)) + !$EXP[StripView_Display_IsPosters]">$INFO[ListItem(-1).Art(tvshow.square)]</value>
		<value condition="!String.IsEmpty(ListItemNoWrap(-1).Art(keyart)) + [[$EXP[StripView_Logo_On] + !String.IsEmpty(ListItem(-1).Art(clearlogo))] | $EXP[Prefer_Keyart]]">$INFO[ListItem(-1).Art(keyart)]</value>
		<value condition="!String.IsEmpty(ListItemNoWrap(-1).Art(poster))">$INFO[ListItem(-1).Art(poster)]</value>
		<value condition="!String.IsEmpty(ListItemNoWrap(-1).Art(boxfront))">$INFO[ListItem(-1).Art(boxfront)]</value>
		<value condition="!String.IsEmpty(ListItemNoWrap(-1).Art(tvshow.keyart)) + $EXP[Prefer_Keyart]">$INFO[ListItem(-1).Art(tvshow.keyart)]</value>
		<value condition="!String.IsEmpty(ListItemNoWrap(-1).Art(tvshow.poster))">$INFO[ListItem(-1).Art(tvshow.poster)]</value>
		<value condition="!String.IsEmpty(ListItemNoWrap(-1).Icon)">$INFO[ListItem(-1).Icon]</value>
	</variable>
	<variable name="Strip(0)Content">
		<value condition="!String.IsEmpty(ListItemNoWrap(0).Art(square)) + $EXP[StripView_Display_IsSquare]">$INFO[ListItem(0).Art(square)]</value>
		<value condition="!String.IsEmpty(ListItemNoWrap(0).Art(snap)) + $EXP[StripView_Display_IsSquare]">$INFO[ListItem(0).Art(snap)]</value>
		<value condition="!String.IsEmpty(ListItemNoWrap(0).Art(icon)) + $EXP[StripView_Display_IsSquare] + $EXP[Programs_Container_IsFolders]">$INFO[ListItem(0).Art(icon)]</value>
		<value condition="!String.IsEmpty(ListItemNoWrap(0).Art(thumb)) + [[$EXP[StripView_Display_IsSquare] + String.IsEqual(ListItem(0).DBType,artist)] | String.IsEqual(ListItem(0).DBType,episode) | String.IsEqual(ListItem(0).DBType,album) | Container.Content(addons)]">$INFO[ListItem(0).Art(thumb)]</value>
		<value condition="!String.IsEmpty(ListItemNoWrap(0).Art(fanart)) + !$EXP[StripView_Display_IsPosters]">$INFO[ListItem(0).Art(fanart)]</value>
		<value condition="!String.IsEmpty(ListItemNoWrap(0).Art(tvshow.fanart)) + !$EXP[StripView_Display_IsPosters]">$INFO[ListItem(0).Art(tvshow.fanart)]</value>
		<value condition="!String.IsEmpty(ListItemNoWrap(0).Art(tvshow.square)) + !$EXP[StripView_Display_IsPosters]">$INFO[ListItem(0).Art(tvshow.square)]</value>
		<value condition="!String.IsEmpty(ListItemNoWrap(0).Art(keyart)) + [[$EXP[StripView_Logo_On] + !String.IsEmpty(ListItem(0).Art(clearlogo))] | $EXP[Prefer_Keyart]]">$INFO[ListItem(0).Art(keyart)]</value>
		<value condition="!String.IsEmpty(ListItemNoWrap(0).Art(poster))">$INFO[ListItem(0).Art(poster)]</value>
		<value condition="!String.IsEmpty(ListItemNoWrap(0).Art(boxfront))">$INFO[ListItem(0).Art(boxfront)]</value>
		<value condition="!String.IsEmpty(ListItemNoWrap(0).Art(tvshow.keyart)) + $EXP[Prefer_Keyart]">$INFO[ListItem(0).Art(tvshow.keyart)]</value>
		<value condition="!String.IsEmpty(ListItemNoWrap(0).Art(tvshow.poster))">$INFO[ListItem(0).Art(tvshow.poster)]</value>
		<value condition="!String.IsEmpty(ListItemNoWrap(0).Icon)">$INFO[ListItem(0).Icon]</value>
	</variable>
	<variable name="Strip(1)Content">
		<value condition="!String.IsEmpty(ListItemNoWrap(1).Art(square)) + $EXP[StripView_Display_IsSquare]">$INFO[ListItem(1).Art(square)]</value>
		<value condition="!String.IsEmpty(ListItemNoWrap(1).Art(snap)) + $EXP[StripView_Display_IsSquare]">$INFO[ListItem(1).Art(snap)]</value>
		<value condition="!String.IsEmpty(ListItemNoWrap(1).Art(icon)) + $EXP[StripView_Display_IsSquare] + $EXP[Programs_Container_IsFolders]">$INFO[ListItem(1).Art(icon)]</value>
		<value condition="!String.IsEmpty(ListItemNoWrap(1).Art(thumb)) + [[$EXP[StripView_Display_IsSquare] + String.IsEqual(ListItem(1).DBType,artist)] | String.IsEqual(ListItem(1).DBType,episode) | String.IsEqual(ListItem(1).DBType,album) | Container.Content(addons)]">$INFO[ListItem(1).Art(thumb)]</value>
		<value condition="!String.IsEmpty(ListItemNoWrap(1).Art(fanart)) + !$EXP[StripView_Display_IsPosters]">$INFO[ListItem(1).Art(fanart)]</value>
		<value condition="!String.IsEmpty(ListItemNoWrap(1).Art(tvshow.fanart)) + !$EXP[StripView_Display_IsPosters]">$INFO[ListItem(1).Art(tvshow.fanart)]</value>
		<value condition="!String.IsEmpty(ListItemNoWrap(1).Art(tvshow.square)) + !$EXP[StripView_Display_IsPosters]">$INFO[ListItem(1).Art(tvshow.square)]</value>
		<value condition="!String.IsEmpty(ListItemNoWrap(1).Art(keyart)) + [[$EXP[StripView_Logo_On] + !String.IsEmpty(ListItem(1).Art(clearlogo))] | $EXP[Prefer_Keyart]]">$INFO[ListItem(1).Art(keyart)]</value>
		<value condition="!String.IsEmpty(ListItemNoWrap(1).Art(poster))">$INFO[ListItem(1).Art(poster)]</value>
		<value condition="!String.IsEmpty(ListItemNoWrap(1).Art(boxfront))">$INFO[ListItem(1).Art(boxfront)]</value>
		<value condition="!String.IsEmpty(ListItemNoWrap(1).Art(tvshow.keyart)) + $EXP[Prefer_Keyart]">$INFO[ListItem(1).Art(tvshow.keyart)]</value>
		<value condition="!String.IsEmpty(ListItemNoWrap(1).Art(tvshow.poster))">$INFO[ListItem(1).Art(tvshow.poster)]</value>
		<value condition="!String.IsEmpty(ListItemNoWrap(1).Icon)">$INFO[ListItem(1).Icon]</value>
	</variable>
	<variable name="Strip(2)Content">
		<value condition="!String.IsEmpty(ListItemNoWrap(2).Art(square)) + $EXP[StripView_Display_IsSquare]">$INFO[ListItem(2).Art(square)]</value>
		<value condition="!String.IsEmpty(ListItemNoWrap(2).Art(snap)) + $EXP[StripView_Display_IsSquare]">$INFO[ListItem(2).Art(snap)]</value>
		<value condition="!String.IsEmpty(ListItemNoWrap(2).Art(icon)) + $EXP[StripView_Display_IsSquare] + $EXP[Programs_Container_IsFolders]">$INFO[ListItem(2).Art(icon)]</value>
		<value condition="!String.IsEmpty(ListItemNoWrap(2).Art(thumb)) + [[$EXP[StripView_Display_IsSquare] + String.IsEqual(ListItem(2).DBType,artist)] | String.IsEqual(ListItem(2).DBType,episode) | String.IsEqual(ListItem(2).DBType,album) | Container.Content(addons)]">$INFO[ListItem(2).Art(thumb)]</value>
		<value condition="!String.IsEmpty(ListItemNoWrap(2).Art(fanart)) + !$EXP[StripView_Display_IsPosters]">$INFO[ListItem(2).Art(fanart)]</value>
		<value condition="!String.IsEmpty(ListItemNoWrap(2).Art(tvshow.fanart)) + !$EXP[StripView_Display_IsPosters]">$INFO[ListItem(2).Art(tvshow.fanart)]</value>
		<value condition="!String.IsEmpty(ListItemNoWrap(2).Art(tvshow.square)) + !$EXP[StripView_Display_IsPosters]">$INFO[ListItem(2).Art(tvshow.square)]</value>
		<value condition="!String.IsEmpty(ListItemNoWrap(2).Art(keyart)) + [[$EXP[StripView_Logo_On] + !String.IsEmpty(ListItem(2).Art(clearlogo))] | $EXP[Prefer_Keyart]]">$INFO[ListItem(2).Art(keyart)]</value>
		<value condition="!String.IsEmpty(ListItemNoWrap(2).Art(poster))">$INFO[ListItem(2).Art(poster)]</value>
		<value condition="!String.IsEmpty(ListItemNoWrap(2).Art(boxfront))">$INFO[ListItem(2).Art(boxfront)]</value>
		<value condition="!String.IsEmpty(ListItemNoWrap(2).Art(tvshow.keyart)) + $EXP[Prefer_Keyart]">$INFO[ListItem(2).Art(tvshow.keyart)]</value>
		<value condition="!String.IsEmpty(ListItemNoWrap(2).Art(tvshow.poster))">$INFO[ListItem(2).Art(tvshow.poster)]</value>
		<value condition="!String.IsEmpty(ListItemNoWrap(2).Icon)">$INFO[ListItem(2).Icon]</value>
	</variable>
	<variable name="Strip(3)Content">
		<value condition="!String.IsEmpty(ListItemNoWrap(3).Art(square)) + $EXP[StripView_Display_IsSquare]">$INFO[ListItem(3).Art(square)]</value>
		<value condition="!String.IsEmpty(ListItemNoWrap(3).Art(snap)) + $EXP[StripView_Display_IsSquare]">$INFO[ListItem(3).Art(snap)]</value>
		<value condition="!String.IsEmpty(ListItemNoWrap(3).Art(icon)) + $EXP[StripView_Display_IsSquare] + $EXP[Programs_Container_IsFolders]">$INFO[ListItem(3).Art(icon)]</value>
		<value condition="!String.IsEmpty(ListItemNoWrap(3).Art(thumb)) + [[$EXP[StripView_Display_IsSquare] + String.IsEqual(ListItem(3).DBType,artist)] | String.IsEqual(ListItem(3).DBType,episode) | String.IsEqual(ListItem(3).DBType,album) | Container.Content(addons)]">$INFO[ListItem(3).Art(thumb)]</value>
		<value condition="!String.IsEmpty(ListItemNoWrap(3).Art(fanart)) + !$EXP[StripView_Display_IsPosters]">$INFO[ListItem(3).Art(fanart)]</value>
		<value condition="!String.IsEmpty(ListItemNoWrap(3).Art(tvshow.fanart)) + !$EXP[StripView_Display_IsPosters]">$INFO[ListItem(3).Art(tvshow.fanart)]</value>
		<value condition="!String.IsEmpty(ListItemNoWrap(3).Art(tvshow.square)) + !$EXP[StripView_Display_IsPosters]">$INFO[ListItem(3).Art(tvshow.square)]</value>
		<value condition="!String.IsEmpty(ListItemNoWrap(3).Art(keyart)) + [[$EXP[StripView_Logo_On] + !String.IsEmpty(ListItem(3).Art(clearlogo))] | $EXP[Prefer_Keyart]]">$INFO[ListItem(3).Art(keyart)]</value>
		<value condition="!String.IsEmpty(ListItemNoWrap(3).Art(poster))">$INFO[ListItem(3).Art(poster)]</value>
		<value condition="!String.IsEmpty(ListItemNoWrap(3).Art(boxfront))">$INFO[ListItem(3).Art(boxfront)]</value>
		<value condition="!String.IsEmpty(ListItemNoWrap(3).Art(tvshow.keyart)) + $EXP[Prefer_Keyart]">$INFO[ListItem(3).Art(tvshow.keyart)]</value>
		<value condition="!String.IsEmpty(ListItemNoWrap(3).Art(tvshow.poster))">$INFO[ListItem(3).Art(tvshow.poster)]</value>
		<value condition="!String.IsEmpty(ListItemNoWrap(3).Icon)">$INFO[ListItem(3).Icon]</value>
	</variable>

	<variable name="Thumbnail(-3)Content">
		<value />
	</variable>
	<variable name="Thumbnail(-2)Content">
		<value />
	</variable>
	<variable name="Thumbnail(-1)Content">
		<value condition="!String.IsEmpty(ListItem(-1).Art(thumb)) + [String.IsEqual(ListItem(-1).DBType,episode) | [String.IsEqual(ListItem(-1).DBType,artist) + $EXP[ListView_Display_IsThumbnails_Artists]] | [String.IsEqual(ListItem(-1).DBType,album) + !$EXP[ListView_Display_IsBackground_Albums]] | [String.IsEqual(ListItem(-1).DBType,song) + !$EXP[ListView_Display_IsBackground_Songs]] | [Container.Content(addons) + $EXP[ListView_IsVisible]]]">$INFO[ListItem(-1).Art(thumb)]</value>
		<value condition="!String.IsEmpty(ListItem(-1).Art(album.fanart)) + !$EXP[ListView_Display_IsThumbnails]">$INFO[ListItem(-1).Art(album.fanart)]</value>
		<value condition="!String.IsEmpty(ListItem(-1).Art(fanart)) + !$EXP[ListView_Display_IsThumbnails]">$INFO[ListItem(-1).Art(fanart)]</value>
		<value condition="!String.IsEmpty(ListItem(-1).Art(tvshow.fanart)) + !$EXP[ListView_Display_IsThumbnails]">$INFO[ListItem(-1).Art(tvshow.fanart)]</value>
		<value condition="!String.IsEmpty(ListItem(-1).Art(artist.fanart)) + !$EXP[ListView_Display_IsThumbnails]">$INFO[ListItem(-1).Art(artist.fanart)]</value>
		<value condition="!String.IsEmpty(ListItem(-1).Art(keyart)) + $EXP[ListView_Display_IsThumbnails] + $EXP[Prefer_Keyart]">$INFO[ListItem(-1).Art(keyart)]</value>
		<value condition="!String.IsEmpty(ListItem(-1).Art(poster)) + $EXP[ListView_Display_IsThumbnails]">$INFO[ListItem(-1).Art(poster)]</value>
		<value condition="!String.IsEmpty(ListItem(-1).Art(boxfront)) + $EXP[ListView_Display_IsThumbnails]">$INFO[ListItem(-1).Art(boxfront)]</value>
		<value condition="!String.IsEmpty(ListItem(-1).Art(tvshow.keyart)) + $EXP[ListView_Display_IsThumbnails] + $EXP[Prefer_Keyart]">$INFO[ListItem(-1).Art(tvshow.keyart)]</value>
		<value condition="!String.IsEmpty(ListItem(-1).Art(tvshow.poster)) + $EXP[ListView_Display_IsThumbnails]">$INFO[ListItem(-1).Art(tvshow.poster)]</value>
		<value condition="!String.IsEmpty(ListItem(-1).Art(artist.thumb))">$INFO[ListItem(-1).Art(artist.thumb)]</value>
		<value condition="!String.IsEmpty(ListItem(-1).Art(fanart))">$INFO[ListItem(-1).Art(fanart)]</value>
		<value condition="!String.IsEmpty(ListItem(-1).Icon)">$INFO[ListItem(-1).Icon]</value>
	</variable>
	<variable name="Thumbnail(0)Content">
		<value condition="!String.IsEmpty(ListItem(0).Art(thumb)) + [String.IsEqual(ListItem(0).DBType,episode) | [String.IsEqual(ListItem(0).DBType,artist) + $EXP[ListView_Display_IsThumbnails_Artists]] | [String.IsEqual(ListItem(0).DBType,album) + !$EXP[ListView_Display_IsBackground_Albums]] | [String.IsEqual(ListItem(0).DBType,song) + !$EXP[ListView_Display_IsBackground_Songs]] | [Container.Content(addons) + $EXP[ListView_IsVisible]]]">$INFO[ListItem(0).Art(thumb)]</value>
		<value condition="!String.IsEmpty(ListItem(0).Art(album.fanart)) + !$EXP[ListView_Display_IsThumbnails]">$INFO[ListItem(0).Art(album.fanart)]</value>
		<value condition="!String.IsEmpty(ListItem(0).Art(fanart)) + !$EXP[ListView_Display_IsThumbnails]">$INFO[ListItem(0).Art(fanart)]</value>
		<value condition="!String.IsEmpty(ListItem(0).Art(tvshow.fanart)) + !$EXP[ListView_Display_IsThumbnails]">$INFO[ListItem(0).Art(tvshow.fanart)]</value>
		<value condition="!String.IsEmpty(ListItem(0).Art(artist.fanart)) + !$EXP[ListView_Display_IsThumbnails]">$INFO[ListItem(0).Art(artist.fanart)]</value>
		<value condition="!String.IsEmpty(ListItem(0).Art(keyart)) + $EXP[ListView_Display_IsThumbnails] + $EXP[Prefer_Keyart]">$INFO[ListItem(0).Art(keyart)]</value>
		<value condition="!String.IsEmpty(ListItem(0).Art(poster)) + $EXP[ListView_Display_IsThumbnails]">$INFO[ListItem(0).Art(poster)]</value>
		<value condition="!String.IsEmpty(ListItem(0).Art(boxfront)) + $EXP[ListView_Display_IsThumbnails]">$INFO[ListItem(0).Art(boxfront)]</value>
		<value condition="!String.IsEmpty(ListItem(0).Art(tvshow.keyart)) + $EXP[ListView_Display_IsThumbnails] + $EXP[Prefer_Keyart]">$INFO[ListItem(0).Art(tvshow.keyart)]</value>
		<value condition="!String.IsEmpty(ListItem(0).Art(tvshow.poster)) + $EXP[ListView_Display_IsThumbnails]">$INFO[ListItem(0).Art(tvshow.poster)]</value>
		<value condition="!String.IsEmpty(ListItem(0).Art(artist.thumb))">$INFO[ListItem(0).Art(artist.thumb)]</value>
		<value condition="!String.IsEmpty(ListItem(0).Art(fanart))">$INFO[ListItem(0).Art(fanart)]</value>
		<value condition="!String.IsEmpty(ListItem(0).Icon)">$INFO[ListItem(0).Icon]</value>
	</variable>
	<variable name="Thumbnail(1)Content">
		<value condition="!String.IsEmpty(ListItem(1).Art(thumb)) + [String.IsEqual(ListItem(1).DBType,episode) | [String.IsEqual(ListItem(1).DBType,artist) + $EXP[ListView_Display_IsThumbnails_Artists]] | [String.IsEqual(ListItem(1).DBType,album) + !$EXP[ListView_Display_IsBackground_Albums]] | [String.IsEqual(ListItem(1).DBType,song) + !$EXP[ListView_Display_IsBackground_Songs]] | [Container.Content(addons) + $EXP[ListView_IsVisible]]]">$INFO[ListItem(1).Art(thumb)]</value>
		<value condition="!String.IsEmpty(ListItem(1).Art(album.fanart)) + !$EXP[ListView_Display_IsThumbnails]">$INFO[ListItem(1).Art(album.fanart)]</value>
		<value condition="!String.IsEmpty(ListItem(1).Art(fanart)) + !$EXP[ListView_Display_IsThumbnails]">$INFO[ListItem(1).Art(fanart)]</value>
		<value condition="!String.IsEmpty(ListItem(1).Art(tvshow.fanart)) + !$EXP[ListView_Display_IsThumbnails]">$INFO[ListItem(1).Art(tvshow.fanart)]</value>
		<value condition="!String.IsEmpty(ListItem(1).Art(artist.fanart)) + !$EXP[ListView_Display_IsThumbnails]">$INFO[ListItem(1).Art(artist.fanart)]</value>
		<value condition="!String.IsEmpty(ListItem(1).Art(keyart)) + $EXP[ListView_Display_IsThumbnails] + $EXP[Prefer_Keyart]">$INFO[ListItem(1).Art(keyart)]</value>
		<value condition="!String.IsEmpty(ListItem(1).Art(poster)) + $EXP[ListView_Display_IsThumbnails]">$INFO[ListItem(1).Art(poster)]</value>
		<value condition="!String.IsEmpty(ListItem(1).Art(boxfront)) + $EXP[ListView_Display_IsThumbnails]">$INFO[ListItem(1).Art(boxfront)]</value>
		<value condition="!String.IsEmpty(ListItem(1).Art(tvshow.keyart)) + $EXP[ListView_Display_IsThumbnails] + $EXP[Prefer_Keyart]">$INFO[ListItem(1).Art(tvshow.keyart)]</value>
		<value condition="!String.IsEmpty(ListItem(1).Art(tvshow.poster)) + $EXP[ListView_Display_IsThumbnails]">$INFO[ListItem(1).Art(tvshow.poster)]</value>
		<value condition="!String.IsEmpty(ListItem(1).Art(artist.thumb))">$INFO[ListItem(1).Art(artist.thumb)]</value>
		<value condition="!String.IsEmpty(ListItem(1).Art(fanart))">$INFO[ListItem(1).Art(fanart)]</value>
		<value condition="!String.IsEmpty(ListItem(1).Icon)">$INFO[ListItem(1).Icon]</value>
	</variable>
	<variable name="Thumbnail(2)Content">
		<value />
	</variable>
	<variable name="Thumbnail(3)Content">
		<value />
	</variable>
	<variable name="Thumbnail(4)Content">
		<value />
	</variable>
	<variable name="Thumbnail(5)Content">
		<value />
	</variable>
	<variable name="Thumbnail(6)Content">
		<value />
	</variable>

	<variable name="Multiart_Type">
		<value condition="Control.HasFocus(3201) + Skin.HasSetting(Widget1_Display_Posters) + String.IsEqual(ListItem.DBType,episode) + $EXP[Prefer_Keyart] + !String.IsEmpty(ListItem.Art(tvshow.keyart1))">tvshow.keyart</value>
		<value condition="Control.HasFocus(3201) + Skin.HasSetting(Widget1_Display_Posters) + String.IsEqual(ListItem.DBType,episode) + [!$EXP[Prefer_Keyart] | String.IsEmpty(ListItem.Art(tvshow.keyart))] + !String.IsEmpty(ListItem.Art(tvshow.poster1))">tvshow.poster</value>
		<value condition="Control.HasFocus(3201) + Skin.HasSetting(Widget1_Display_Fanart) + String.IsEqual(ListItem.DBType,episode) + !String.IsEmpty(ListItem.Art(tvshow.fanart1))">tvshow.fanart</value>
		<value condition="Control.HasFocus(3201) + Skin.HasSetting(Widget1_Display_Square) + String.IsEqual(ListItem.DBType,episode) + !String.IsEmpty(ListItem.Art(tvshow.square1))">tvshow.square</value>
		<value condition="Control.HasFocus(3202) + Skin.HasSetting(Widget2_Display_Posters) + String.IsEqual(ListItem.DBType,episode) + $EXP[Prefer_Keyart] + !String.IsEmpty(ListItem.Art(tvshow.keyart1))">tvshow.keyart</value>
		<value condition="Control.HasFocus(3202) + Skin.HasSetting(Widget2_Display_Posters) + String.IsEqual(ListItem.DBType,episode) + [!$EXP[Prefer_Keyart] | String.IsEmpty(ListItem.Art(tvshow.keyart))] + !String.IsEmpty(ListItem.Art(tvshow.poster1))">tvshow.poster</value>
		<value condition="Control.HasFocus(3202) + Skin.HasSetting(Widget2_Display_Fanart) + String.IsEqual(ListItem.DBType,episode) + !String.IsEmpty(ListItem.Art(tvshow.fanart1))">tvshow.fanart</value>
		<value condition="Control.HasFocus(3202) + Skin.HasSetting(Widget2_Display_Square) + String.IsEqual(ListItem.DBType,episode) + !String.IsEmpty(ListItem.Art(tvshow.square1))">tvshow.square</value>
		<value condition="Control.HasFocus(3203) + Skin.HasSetting(Widget3_Display_Posters) + String.IsEqual(ListItem.DBType,episode) + $EXP[Prefer_Keyart] + !String.IsEmpty(ListItem.Art(tvshow.keyart1))">tvshow.keyart</value>
		<value condition="Control.HasFocus(3203) + Skin.HasSetting(Widget3_Display_Posters) + String.IsEqual(ListItem.DBType,episode) + [!$EXP[Prefer_Keyart] | String.IsEmpty(ListItem.Art(tvshow.keyart))] + !String.IsEmpty(ListItem.Art(tvshow.poster1))">tvshow.poster</value>
		<value condition="Control.HasFocus(3203) + Skin.HasSetting(Widget3_Display_Fanart) + String.IsEqual(ListItem.DBType,episode) + !String.IsEmpty(ListItem.Art(tvshow.fanart1))">tvshow.fanart</value>
		<value condition="Control.HasFocus(3203) + Skin.HasSetting(Widget3_Display_Square) + String.IsEqual(ListItem.DBType,episode) + !String.IsEmpty(ListItem.Art(tvshow.square1))">tvshow.square</value>
		<value condition="Control.HasFocus(3204) + Skin.HasSetting(Widget4_Display_Posters) + String.IsEqual(ListItem.DBType,episode) + $EXP[Prefer_Keyart] + !String.IsEmpty(ListItem.Art(tvshow.keyart1))">tvshow.keyart</value>
		<value condition="Control.HasFocus(3204) + Skin.HasSetting(Widget4_Display_Posters) + String.IsEqual(ListItem.DBType,episode) + [!$EXP[Prefer_Keyart] | String.IsEmpty(ListItem.Art(tvshow.keyart))] + !String.IsEmpty(ListItem.Art(tvshow.poster1))">tvshow.poster</value>
		<value condition="Control.HasFocus(3204) + Skin.HasSetting(Widget4_Display_Fanart) + String.IsEqual(ListItem.DBType,episode) + !String.IsEmpty(ListItem.Art(tvshow.fanart1))">tvshow.fanart</value>
		<value condition="Control.HasFocus(3204) + Skin.HasSetting(Widget4_Display_Square) + String.IsEqual(ListItem.DBType,episode) + !String.IsEmpty(ListItem.Art(tvshow.square1))">tvshow.square</value>
		<value condition="Control.HasFocus(3205) + Skin.HasSetting(Widget5_Display_Posters) + String.IsEqual(ListItem.DBType,episode) + $EXP[Prefer_Keyart] + !String.IsEmpty(ListItem.Art(tvshow.keyart1))">tvshow.keyart</value>
		<value condition="Control.HasFocus(3205) + Skin.HasSetting(Widget5_Display_Posters) + String.IsEqual(ListItem.DBType,episode) + [!$EXP[Prefer_Keyart] | String.IsEmpty(ListItem.Art(tvshow.keyart))] + !String.IsEmpty(ListItem.Art(tvshow.poster1))">tvshow.poster</value>
		<value condition="Control.HasFocus(3205) + Skin.HasSetting(Widget5_Display_Fanart) + String.IsEqual(ListItem.DBType,episode) + !String.IsEmpty(ListItem.Art(tvshow.fanart1))">tvshow.fanart</value>
		<value condition="Control.HasFocus(3205) + Skin.HasSetting(Widget5_Display_Square) + String.IsEqual(ListItem.DBType,episode) + !String.IsEmpty(ListItem.Art(tvshow.square1))">tvshow.square</value>
		<value condition="Control.HasFocus(3206) + Skin.HasSetting(Widget6_Display_Posters) + String.IsEqual(ListItem.DBType,episode) + $EXP[Prefer_Keyart] + !String.IsEmpty(ListItem.Art(tvshow.keyart1))">tvshow.keyart</value>
		<value condition="Control.HasFocus(3206) + Skin.HasSetting(Widget6_Display_Posters) + String.IsEqual(ListItem.DBType,episode) + [!$EXP[Prefer_Keyart] | String.IsEmpty(ListItem.Art(tvshow.keyart))] + !String.IsEmpty(ListItem.Art(tvshow.poster1))">tvshow.poster</value>
		<value condition="Control.HasFocus(3206) + Skin.HasSetting(Widget6_Display_Fanart) + String.IsEqual(ListItem.DBType,episode) + !String.IsEmpty(ListItem.Art(tvshow.fanart1))">tvshow.fanart</value>
		<value condition="Control.HasFocus(3206) + Skin.HasSetting(Widget6_Display_Square) + String.IsEqual(ListItem.DBType,episode) + !String.IsEmpty(ListItem.Art(tvshow.square1))">tvshow.square</value>
		<value condition="Control.HasFocus(3207) + Skin.HasSetting(Widget7_Display_Posters) + String.IsEqual(ListItem.DBType,episode) + $EXP[Prefer_Keyart] + !String.IsEmpty(ListItem.Art(tvshow.keyart1))">tvshow.keyart</value>
		<value condition="Control.HasFocus(3207) + Skin.HasSetting(Widget7_Display_Posters) + String.IsEqual(ListItem.DBType,episode) + [!$EXP[Prefer_Keyart] | String.IsEmpty(ListItem.Art(tvshow.keyart))] + !String.IsEmpty(ListItem.Art(tvshow.poster1))">tvshow.poster</value>
		<value condition="Control.HasFocus(3207) + Skin.HasSetting(Widget7_Display_Fanart) + String.IsEqual(ListItem.DBType,episode) + !String.IsEmpty(ListItem.Art(tvshow.fanart1))">tvshow.fanart</value>
		<value condition="Control.HasFocus(3207) + Skin.HasSetting(Widget7_Display_Square) + String.IsEqual(ListItem.DBType,episode) + !String.IsEmpty(ListItem.Art(tvshow.square1))">tvshow.square</value>
		<value condition="Control.HasFocus(3208) + Skin.HasSetting(Widget8_Display_Posters) + String.IsEqual(ListItem.DBType,episode) + $EXP[Prefer_Keyart] + !String.IsEmpty(ListItem.Art(tvshow.keyart1))">tvshow.keyart</value>
		<value condition="Control.HasFocus(3208) + Skin.HasSetting(Widget8_Display_Posters) + String.IsEqual(ListItem.DBType,episode) + [!$EXP[Prefer_Keyart] | String.IsEmpty(ListItem.Art(tvshow.keyart))] + !String.IsEmpty(ListItem.Art(tvshow.poster1))">tvshow.poster</value>
		<value condition="Control.HasFocus(3208) + Skin.HasSetting(Widget8_Display_Fanart) + String.IsEqual(ListItem.DBType,episode) + !String.IsEmpty(ListItem.Art(tvshow.fanart1))">tvshow.fanart</value>
		<value condition="Control.HasFocus(3208) + Skin.HasSetting(Widget8_Display_Square) + String.IsEqual(ListItem.DBType,episode) + !String.IsEmpty(ListItem.Art(tvshow.square1))">tvshow.square</value>
		<value condition="Control.HasFocus(3209) + Skin.HasSetting(Widget9_Display_Posters) + String.IsEqual(ListItem.DBType,episode) + $EXP[Prefer_Keyart] + !String.IsEmpty(ListItem.Art(tvshow.keyart1))">tvshow.keyart</value>
		<value condition="Control.HasFocus(3209) + Skin.HasSetting(Widget9_Display_Posters) + String.IsEqual(ListItem.DBType,episode) + [!$EXP[Prefer_Keyart] | String.IsEmpty(ListItem.Art(tvshow.keyart))] + !String.IsEmpty(ListItem.Art(tvshow.poster1))">tvshow.poster</value>
		<value condition="Control.HasFocus(3209) + Skin.HasSetting(Widget9_Display_Fanart) + String.IsEqual(ListItem.DBType,episode) + !String.IsEmpty(ListItem.Art(tvshow.fanart1))">tvshow.fanart</value>
		<value condition="Control.HasFocus(3209) + Skin.HasSetting(Widget9_Display_Square) + String.IsEqual(ListItem.DBType,episode) + !String.IsEmpty(ListItem.Art(tvshow.square1))">tvshow.square</value>
		<value condition="!Window.IsActive(home) + [String.IsEqual(ListItem.DBType,episode) | String.IsEqual(ListItem.DBType,album) | String.IsEqual(ListItem.DBType,song)] + !String.IsEmpty(ListItem.Art(thumb1))">thumb</value>
		<value condition="$EXP[ListView_Display_IsThumbnails] + String.IsEqual(ListItem.DBType,artist) + !String.IsEmpty(ListItem.Art(thumb1))">thumb</value>
		<value condition="$EXP[ListView_Display_IsThumbnails] + $EXP[Prefer_Keyart] + !String.IsEmpty(ListItem.Art(keyart1))">keyart</value>
		<value condition="$EXP[ListView_Display_IsThumbnails] + [!$EXP[Prefer_Keyart] | String.IsEmpty(ListItem.Art(keyart))] + !String.IsEmpty(ListItem.Art(poster1))">poster</value>
		<value condition="![String.Contains(ListItem.Path,themoviedb.helper) + !Window.Is(home)] + [$EXP[ListView_Display_IsBackground] | $EXP[BillboardView_IsVisible]] + !String.IsEmpty(ListItem.Art(fanart1))">fanart</value>
		<value condition="$EXP[ShowcaseView_Display_IsPosters] + $EXP[ShowcaseView_Details_Overlay_IsVisible] + !String.IsEmpty(ListItem.Art(keyart1))">keyart</value>
		<value condition="$EXP[ShowcaseView_Display_IsPosters] + $EXP[ShowcaseView_Logo_On] + !String.IsEmpty(ListItem.Art(clearlogo)) + !String.IsEmpty(ListItem.Art(keyart1))">keyart</value>
		<value condition="$EXP[ShowcaseView_Display_IsPosters] + $EXP[Prefer_Keyart] + !String.IsEmpty(ListItem.Art(keyart1))">keyart</value>
		<value condition="$EXP[ShowcaseView_Display_IsPosters] + [!$EXP[Prefer_Keyart] | String.IsEmpty(ListItem.Art(keyart))] + !String.IsEmpty(ListItem.Art(poster1))">poster</value>
		<value condition="$EXP[ShowcaseView_Display_IsSquare] + String.IsEqual(ListItem.DBType,artist) + !String.IsEmpty(ListItem.Art(thumb1))">thumb</value>
		<value condition="$EXP[ShowcaseView_Display_IsSquare] + !String.IsEmpty(ListItem.Art(square1))">square</value>
		<value condition="$EXP[StripView_Display_IsPosters] + $EXP[Prefer_Keyart] + !String.IsEmpty(ListItem.Art(keyart1))">keyart</value>
		<value condition="$EXP[StripView_Display_IsPosters] + [!$EXP[Prefer_Keyart] | String.IsEmpty(ListItem.Art(keyart))] + !String.IsEmpty(ListItem.Art(poster1))">poster</value>
		<value condition="![String.Contains(ListItem.Path,themoviedb.helper) + !Window.Is(home)] + $EXP[StripView_Display_IsFanart] + !String.IsEmpty(ListItem.Art(fanart1))">fanart</value>
		<value condition="$EXP[StripView_Display_IsSquare] + String.IsEqual(ListItem.DBType,artist) + !String.IsEmpty(ListItem.Art(thumb1))">thumb</value>
		<value condition="$EXP[StripView_Display_IsSquare] + !String.IsEmpty(ListItem.Art(square1))">square</value>
		<value condition="$EXP[GridView_Display_IsPosters] + $EXP[Prefer_Keyart] + !String.IsEmpty(ListItem.Art(keyart1))">keyart</value>
		<value condition="$EXP[GridView_Display_IsPosters] + [!$EXP[Prefer_Keyart] | String.IsEmpty(ListItem.Art(keyart))] + $EXP[GridView_Details_On] + !String.IsEmpty(ListItem.Art(keyart1))">keyart</value>
		<value condition="$EXP[GridView_Display_IsPosters] + !String.IsEmpty(ListItem.Art(poster1))">poster</value>
		<value condition="![String.Contains(ListItem.Path,themoviedb.helper) + !Window.Is(home)] + $EXP[GridView_Display_IsFanart] + !String.IsEmpty(ListItem.Art(fanart1))">fanart</value>
		<value condition="$EXP[GridView_Display_IsSquare] + String.IsEqual(ListItem.DBType,artist) + !String.IsEmpty(ListItem.Art(thumb1))">thumb</value>
		<value condition="$EXP[GridView_Display_IsSquare] + !String.IsEmpty(ListItem.Art(square1))">square</value>
		<value>flags/blank.png</value>
	</variable>

	<variable name="addonbrowser(-3)Content">
		<value condition="!String.IsEmpty(ListItemNoWrap(-3).Label) + !String.IsEmpty(ListItem(-3).Icon)">$INFO[ListItem(-3).Icon]</value>
	</variable>
	<variable name="addonbrowser(-2)Content">
		<value condition="!String.IsEmpty(ListItemNoWrap(-2).Label) + !String.IsEmpty(ListItem(-2).Icon)">$INFO[ListItem(-2).Icon]</value>
	</variable>
	<variable name="addonbrowser(-1)Content">
		<value condition="!String.IsEmpty(ListItemNoWrap(-1).Label) + !String.IsEmpty(ListItem(-1).Icon)">$INFO[ListItem(-1).Icon]</value>
	</variable>
	<variable name="addonbrowser(0)Content">
		<value condition="!String.IsEmpty(ListItem(0).Icon)">$INFO[ListItem(0).Icon]</value>
	</variable>
	<variable name="addonbrowser(1)Content">
		<value condition="!String.IsEmpty(ListItemNoWrap(1).Label) + !String.IsEmpty(ListItem(1).Icon)">$INFO[ListItem(1).Icon]</value>
	</variable>
	<variable name="addonbrowser(2)Content">
		<value condition="!String.IsEmpty(ListItemNoWrap(2).Label) + !String.IsEmpty(ListItem(2).Icon)">$INFO[ListItem(2).Icon]</value>
	</variable>
	<variable name="addonbrowser(3)Content">
		<value condition="!String.IsEmpty(ListItemNoWrap(3).Label) + !String.IsEmpty(ListItem(3).Icon)">$INFO[ListItem(3).Icon]</value>
	</variable>

	<variable name="AEL(0)Content">
		<value condition="String.IsEqual(Container.FolderPath,plugin://plugin.program.advanced.emulator.launcher/) + $EXP[GridView_IsVisible] + $EXP[GridView_Display_IsPosters] + !String.IsEmpty(ListItem(0).Art(poster))">$INFO[ListItem(0).Art(poster)]</value>
		<value condition="String.IsEqual(Container.FolderPath,plugin://plugin.program.advanced.emulator.launcher/) + $EXP[GridView_IsVisible] + $EXP[GridView_Display_IsSquare] + !String.IsEmpty(ListItem(0).Art(icon))">$INFO[ListItem(0).Art(icon)]</value>
		<value condition="String.IsEqual(Container.FolderPath,plugin://plugin.program.advanced.emulator.launcher/) + $EXP[GridView_IsVisible] + !String.IsEmpty(ListItem(0).Art(fanart))">$INFO[ListItem(0).Art(icon)]</value>
	</variable>

	<variable name="loginscreen(-3)Content">
		<value condition="!String.IsEmpty(Container(52).ListItemNoWrap(-3).Label) + !String.Contains(Container(52).ListItem(-3).Art(thumb),DefaultUser)">$INFO[Container(52).ListItem(-3).Art(thumb)]</value>
		<value condition="!String.IsEmpty(Container(52).ListItemNoWrap(-3).Label)">$VAR[Fallback(0)_Texture]</value>
	</variable>
	<variable name="loginscreen(-2)Content">
		<value condition="!String.IsEmpty(Container(52).ListItemNoWrap(-2).Label) + !String.Contains(Container(52).ListItem(-2).Art(thumb),DefaultUser)">$INFO[Container(52).ListItem(-2).Art(thumb)]</value>
		<value condition="!String.IsEmpty(Container(52).ListItemNoWrap(-2).Label)">$VAR[Fallback(0)_Texture]</value>
	</variable>
	<variable name="loginscreen(-1)Content">
		<value condition="!String.IsEmpty(Container(52).ListItemNoWrap(-1).Label) + !String.Contains(Container(52).ListItem(-1).Art(thumb),DefaultUser)">$INFO[Container(52).ListItem(-1).Art(thumb)]</value>
		<value condition="!String.IsEmpty(Container(52).ListItemNoWrap(-1).Label)">$VAR[Fallback(0)_Texture]</value>
	</variable>
	<variable name="loginscreen(0)Content">
		<value condition="!String.Contains(Container(52).ListItem(0).Art(thumb),DefaultUser)">$INFO[Container(52).ListItem(0).Art(thumb)]</value>
		<value>$VAR[Fallback(0)_Texture]</value>
	</variable>
	<variable name="loginscreen(1)Content">
		<value condition="!String.IsEmpty(Container(52).ListItemNoWrap(1).Label) + !String.Contains(Container(52).ListItem(1).Art(thumb),DefaultUser)">$INFO[Container(52).ListItem(1).Art(thumb)]</value>
		<value condition="!String.IsEmpty(Container(52).ListItemNoWrap(1).Label)">$VAR[Fallback(0)_Texture]</value>
	</variable>
	<variable name="loginscreen(2)Content">
		<value condition="!String.IsEmpty(Container(52).ListItemNoWrap(2).Label) + !String.Contains(Container(52).ListItem(2).Art(thumb),DefaultUser)">$INFO[Container(52).ListItem(2).Art(thumb)]</value>
		<value condition="!String.IsEmpty(Container(52).ListItemNoWrap(2).Label)">$VAR[Fallback(0)_Texture]</value>
	</variable>
	<variable name="loginscreen(3)Content">
		<value condition="!String.IsEmpty(Container(52).ListItemNoWrap(3).Label) + !String.Contains(Container(52).ListItem(3).Art(thumb),DefaultUser)">$INFO[Container(52).ListItem(3).Art(thumb)]</value>
		<value condition="!String.IsEmpty(Container(52).ListItemNoWrap(3).Label)">$VAR[Fallback(0)_Texture]</value>
	</variable>

	<variable name="playlist(-1)Content">
		<value condition="!String.IsEmpty(ListItemNoWrap(-1).Label) + String.IsEqual(ListItem(-1).DBType,song) + $EXP[ListView_Display_IsBackground] + !String.IsEmpty(ListItem(-1).Art(album.fanart))">$INFO[ListItem(-1).Art(album.fanart)]</value>
		<value condition="!String.IsEmpty(ListItemNoWrap(-1).Label) + String.IsEqual(ListItem(-1).DBType,song) + $EXP[ListView_Display_IsBackground] + !String.IsEmpty(ListItem(-1).Art(artist.fanart))">$INFO[ListItem(-1).Art(artist.fanart)]</value>
		<value condition="!String.IsEmpty(ListItemNoWrap(-1).Label) + String.IsEqual(ListItem(-1).DBType,movie) + !String.IsEmpty(ListItem(-1).Art(fanart))">$INFO[ListItem(-1).Art(fanart)]</value>
		<value condition="!String.IsEmpty(ListItemNoWrap(-1).Label) + !String.IsEmpty(ListItem(-1).Art(thumb))">$INFO[ListItem(-1).Art(thumb)]</value>
		<value condition="!String.IsEmpty(Container(11).ListItemNoWrap(-1).Label)">$VAR[Fallback(0)_Texture]</value>
	</variable>
	<variable name="playlist(0)Content">
		<value condition="String.IsEqual(ListItem(0).DBType,song) + $EXP[ListView_Display_IsBackground] + !String.IsEmpty(ListItem(0).Art(album.fanart))">$INFO[ListItem(0).Art(album.fanart)]</value>
		<value condition="String.IsEqual(ListItem(0).DBType,song) + $EXP[ListView_Display_IsBackground] + !String.IsEmpty(ListItem(0).Art(artist.fanart))">$INFO[ListItem(0).Art(artist.fanart)]</value>
		<value condition="String.IsEqual(ListItem(0).DBType,movie) + !String.IsEmpty(ListItem(0).Art(fanart))">$INFO[ListItem(0).Art(fanart)]</value>
		<value condition="!String.IsEmpty(ListItem(0).Art(thumb))">$INFO[ListItem(0).Art(thumb)]</value>
		<value>$VAR[Fallback(0)_Texture]</value>
	</variable>
	<variable name="playlist(1)Content">
		<value condition="!String.IsEmpty(ListItemNoWrap(1).Label) + String.IsEqual(ListItem(1).DBType,song) + $EXP[ListView_Display_IsBackground] + !String.IsEmpty(ListItem(1).Art(album.fanart))">$INFO[ListItem(1).Art(album.fanart)]</value>
		<value condition="!String.IsEmpty(ListItemNoWrap(1).Label) + String.IsEqual(ListItem(1).DBType,song) + $EXP[ListView_Display_IsBackground] + !String.IsEmpty(ListItem(1).Art(artist.fanart))">$INFO[ListItem(1).Art(artist.fanart)]</value>
		<value condition="!String.IsEmpty(ListItemNoWrap(1).Label) + String.IsEqual(ListItem(1).DBType,movie) + !String.IsEmpty(ListItem(1).Art(fanart))">$INFO[ListItem(1).Art(fanart)]</value>
		<value condition="!String.IsEmpty(ListItemNoWrap(1).Label) + !String.IsEmpty(ListItem(1).Art(thumb))">$INFO[ListItem(1).Art(thumb)]</value>
		<value condition="!String.IsEmpty(Container(11).ListItemNoWrap(1).Label)">$VAR[Fallback(0)_Texture]</value>
	</variable>

	<variable name="pictures(-3)Content">
		<value condition="!String.IsEmpty(Container.ListItemNoWrap(-3).Art(thumb))">$INFO[ListItem(-3).Art(thumb)]</value>
	</variable>
	<variable name="pictures(-2)Content">
		<value condition="!String.IsEmpty(Container.ListItemNoWrap(-2).Art(thumb))">$INFO[ListItem(-2).Art(thumb)]</value>
	</variable>
	<variable name="pictures(-1)Content">
		<value condition="!String.IsEmpty(Container.ListItemNoWrap(-1).Art(thumb))">$INFO[ListItem(-1).Art(thumb)]</value>
	</variable>
	<variable name="pictures(0)Content">
		<value condition="!String.IsEmpty(Container.ListItemNoWrap(0).Art(thumb))">$INFO[ListItem(0).Art(thumb)]</value>
	</variable>
	<variable name="pictures(1)Content">
		<value condition="!String.IsEmpty(Container.ListItemNoWrap(1).Art(thumb))">$INFO[ListItem(1).Art(thumb)]</value>
	</variable>
	<variable name="pictures(2)Content">
		<value condition="!String.IsEmpty(Container.ListItemNoWrap(2).Art(thumb))">$INFO[ListItem(2).Art(thumb)]</value>
	</variable>
	<variable name="pictures(3)Content">
		<value condition="!String.IsEmpty(Container.ListItemNoWrap(2).Art(thumb))">$INFO[ListItem(2).Art(thumb)]</value>
	</variable>

	<variable name="videobookmarks(-1)Content">
		<value condition="!String.IsEmpty(Container(11).ListItemNoWrap(-1).Label) + !String.IsEmpty(Container(11).ListItem(-1).Icon)">$INFO[Container(11).ListItem(-1).Icon]</value>
	</variable>
	<variable name="videobookmarks(0)Content">
		<value condition="!String.IsEmpty(Container(11).ListItem(0).Icon)">$INFO[Container(11).ListItem(0).icon]</value>
	</variable>
	<variable name="videobookmarks(1)Content">
		<value condition="!String.IsEmpty(Container(11).ListItemNoWrap(1).Label) + !String.IsEmpty(Container(11).ListItem(1).Icon)">$INFO[Container(11).ListItem(1).Icon]</value>
	</variable>
	<variable name="videobookmarks(2)Content">
		<value condition="!String.IsEmpty(Container(11).ListItemNoWrap(2).Label) + !String.IsEmpty(Container(11).ListItem(2).Icon)">$INFO[Container(11).ListItem(2).Icon]</value>
	</variable>
	<variable name="videobookmarks(3)Content">
		<value condition="!String.IsEmpty(Container(11).ListItemNoWrap(3).Label) + !String.IsEmpty(Container(11).ListItem(3).Icon)">$INFO[Container(11).ListItem(3).Icon]</value>
	</variable>

</includes>