<?xml version="1.0" encoding="UTF-8"?>
<window>
	<!-- weather -->
	<backgroundcolor>$VAR[Dark_Color]</backgroundcolor>
	<defaultcontrol always="true">2</defaultcontrol>
	<controls>
		<control type="grouplist">
			<left>0</left>
			<width>50%</width>
			<control type="button" id="2" />
			<control type="spincontrolex" id="3" />
		</control>
		<control type="grouplist">
			<right>0</right>
			<width>50%</width>
			<control type="label" id="11" />
			<control type="label" id="31" />
			<control type="label" id="32" />
			<control type="label" id="33" />
			<control type="label" id="34" />
			<control type="image" id="35" />
			<control type="label" id="223" />
			<control type="label" id="224" />
			<control type="label" id="225" />
			<control type="label" id="226" />
			<control type="label" id="227" />
			<control type="label" id="228" />
		</control>
	</controls>
</window>