<?xml version="1.0" encoding="UTF-8"?>
<includes>

	<include name="StripView_Container">
		<control type="group">
			<visible>$EXP[StripView_IsVisible]</visible>
			<include content="Custom_List">
				<param name="type" value="fixedlist" />
				<param name="visible" value="![Container.Content() + !Window.Is(programs)] + !$EXP[Container_Addons_Repo] + !Container.Content(files) + !Container.Content(songs) + !$EXP[Content_HasBackground]" />
				<param name="id" value="504" />
				<param name="viewtype_label" value="Strip" />
				<param name="viewtype" value="wrap" />
				<param name="orientation" value="horizontal" />
			</include>
		</control>
	</include>

	<include name="StripView_Display">
		<param name="id" default="504" />
		<param name="art_icon" default="Strip" />
		<param name="media_view" default="true" />
		<param name="widget_view" default="false" />
		<param name="widget_position" />
		<definition>
			<include content="Viewtype_Display_Template">
				<param name="viewtype_label" value="Strip" />
				<param name="media_view" value="$PARAM[media_view]" />
				<include content="Trailer_Autoplay_Fade_Animation" condition="Skin.HasSetting(Trailer_Autoplay)" />
				<include content="StripView_Art_Posters" condition="[$PARAM[media_view] + !Window.Is(addonbrowser)] | [$PARAM[widget_view] + !Skin.String(Widget$PARAM[widget_position]_Display,Fanart) + !Skin.String(Widget$PARAM[widget_position]_Display,Square)]">
					<param name="target_id" value="$PARAM[id]" />
					<param name="art_icon" value="$PARAM[art_icon]" />
				</include>
				<include content="StripView_Art_Fanart" condition="[$PARAM[media_view] + !Window.Is(addonbrowser)] | [$PARAM[widget_view] + Skin.String(Widget$PARAM[widget_position]_Display,Fanart)]">
					<param name="target_id" value="$PARAM[id]" />
					<param name="art_icon" value="$PARAM[art_icon]" />
				</include>
				<include content="StripView_Art_Square" condition="$PARAM[media_view] | [$PARAM[widget_view] + Skin.String(Widget$PARAM[widget_position]_Display,Square)]">
					<param name="target_id" value="$PARAM[id]" />
					<param name="art_icon" value="$PARAM[art_icon]" />
				</include>
			</include>
		</definition>
	</include>

	<include name="StripView_Details">
		<param name="id" default="504" />
		<param name="widget_clearlogos" default="false" />
		<param name="include_progress" default="true" />
		<definition>
			<include content="Viewtype_Details_Template">
				<param name="visible" value="$PARAM[visible]" />
				<param name="viewtype_label" value="Strip" />
				<include content="Progress" condition="[Window.Is(videos) | Window.Is(home) | Window.Is(movieinformation) | Window.Is(1180)] + $PARAM[include_progress]">
					<param name="id" value="$PARAM[id]" />
					<param name="bottom" value="144" />
					<animation effect="slide" end="0,-30" time="0" condition="$EXP[StripView_Display_IsSquare] | $EXP[StripView_Display_IsFanart]">Conditional</animation>
					<animation effect="slide" end="75,0" time="0" condition="$EXP[StripView_Display_IsSquare] + !$EXP[StripView_Details_Off] + !$EXP[Infoscreen_Widget_HasFocus] + !Window.Is(1180)">Conditional</animation>
					<animation effect="slide" end="320,0" time="0" condition="$EXP[StripView_Display_IsFanart] + !$EXP[StripView_Details_Off] + !$EXP[Infoscreen_Widget_HasFocus] + !Window.Is(1180)">Conditional</animation>
				</include>
				<include content="Common_Details" condition="!$EXP[Infoscreen_IsVisible] + !Window.Is(1180)">
					<param name="viewtype_label" value="Strip" />
					<param name="left" value="60" />
					<param name="width" value="600" />
					<param name="logo_width" value="100%" />
					<param name="title_color" value="$VAR[Primary_Color]" />
					<param name="title_maxheight" value="336" />
					<param name="plot_maxheight" value="235" />
					<param name="widget_clearlogos" value="$PARAM[widget_clearlogos]" />
					<animation effect="slide" end="0,15" time="0" condition="$EXP[StripView_Display_IsFanart] | $EXP[StripView_Display_IsSquare]">Conditional</animation>
				</include>
				<include content="Variable_Title_Label" condition="!Window.Is(home) + !Window.Is(addoninformation) + !Window.Is(1180)">
					<param name="visible" value="[[$EXP[StripView_Media_IsVisible] | $EXP[StripView_Widget_Home_IsVisible]] + $EXP[StripView_Details_Title] + !$EXP[StripView_Logo_On]] | [$EXP[StripView_Widget_Infoscreen_IsVisible] + ![String.IsEqual(Container(3202).ListItem.DBType,Season) + Control.HasFocus(3202)]]" />
					<param name="label" value="$VAR[Title_Label]" />
					<param name="textcolor" value="$VAR[Primary_Color]" />
					<animation effect="slide" end="0,-15" time="0" condition="$EXP[StripView_Display_IsSquare] | $EXP[StripView_Display_IsFanart]">Conditional</animation>
				</include>
			</include>
		</definition>
	</include>

</includes>