<?xml version="1.0" encoding="utf-8" standalone="yes"?>
<addon id="script.copacetic.helper" name="Copacetic Helper" version="1.1.0" provider-name="realcopacetic">
  <requires>
    <import addon="xbmc.python" version="3.0.1" />
    <import addon="script.module.pil" version="5.1.0" />
  </requires>
  <extension point="xbmc.python.pluginsource" library="plugin.py">
    <provides>video</provides>
  </extension>
  <extension point="xbmc.service" library="service.py" />
  <extension point="xbmc.python.script" library="script.py">
    <provides>executable</provides>
  </extension>
  <extension point="xbmc.addon.metadata">
    <platform>all</platform>
    <license>GPL-3.0-or-later</license>
    <assets>
      <icon>resources/icon.png</icon>
      <fanart>resources/fanart.jpg</fanart>
    </assets>
    <summary lang="en_GB">Extend the power of Copacetic</summary>
    <description lang="en_GB">Helper script for the skin Copacetic.</description>
  </extension>
</addon>
