<?xml version="1.0" encoding="UTF-8"?>
<window type="dialog" id="1104">
	<visible>!Window.IsVisible(movieinformation) + !Window.IsVisible(musicinformation) + !Window.IsVisible(songinformation) + !Window.IsVisible(addoninformation) + !Window.IsVisible(pvrguideinfo) + !Window.IsVisible(pvrrecordinginfo)</visible>
	<animation effect="fade" start="100" end="0" time="Default_Transition_2x" condition="!Skin.HasSetting(Quick_Transitions)">WindowClose</animation>
	<animation effect="fade" start="100" end="0" time="Quick_Transition_2x" condition="Skin.HasSetting(Quick_Transitions)">WindowClose</animation>
	<zorder>0</zorder>
	<controls/>
</window>
