<?xml version="1.0" encoding="UTF-8"?>
<window>
	<!-- musicplaylisteditor -->
	<onload>ClearProperty(ActiveList,musicplaylisteditor)</onload>
	<onunload>ClearProperty(ActiveList,musicplaylisteditor)</onunload>
	<defaultcontrol always="true">4010</defaultcontrol>
	<backgroundcolor>$VAR[Dark_Color]</backgroundcolor>
	<include content="WindowOpenClose_Fade_Animation" />
	<views>50</views>
	<controls>
		<include content="musicplaylisteditor_Hidden" />
		<include content="Light_Theme_Background" condition="Skin.HasSetting(Fanart_Slideshow_Global_Disabled)" />
		<include content="Fanart_Slideshow_Global" condition="!Skin.HasSetting(Fanart_Slideshow_Global_Disabled)">
			<param name="texture_path" value="$VAR[musicplaylisteditor_Background_Texture]" />
		</include>
		<include content="Default_Dialog_Panel_And_Lists_Layout">
			<param name="window_name" value="musicplaylisteditor" />
			<param name="grouplist_itemgap" value="360" />
			<param name="left_list_visible" value="![Window.IsVisible(contextmenu) + String.IsEqual(Window(musicplaylisteditor).Property(ActiveList),Right)]" />
			<param name="left_list_id" value="50" />
			<param name="left_list_width" value="690" />
			<param name="left_list_onleft" value="8" />
			<param name="left_list_label" value="$VAR[musicplaylisteditor_Override_LeftLabel]" />
			<param name="left_list_label2" value="$VAR[musicplaylisteditor_Override_LeftLabel2]" />
			<param name="right_list_visible" value="![Window.IsVisible(contextmenu) + String.IsEqual(Window(musicplaylisteditor).Property(ActiveList),Left)]" />
			<param name="right_list_id" value="100" />
			<param name="right_list_width" value="690" />
			<param name="right_list_onright" value="6" />
			<param name="right_list_focus_border_visible" value="Control.HasFocus(100)" />
			<param name="right_list_label" value="$INFO[ListItem.CurrentItem,,.]$INFO[ListItem.Title, ]" />
			<param name="right_list_divider_visible" value="true" />
			<include content="Simple_ListIcon">
				<param name="left" value="810" />
				<param name="top" value="390" />
				<param name="width" value="300" />
				<param name="height" value="300" />
				<param name="texture" value="$VAR[musicplaylisteditor_Icon_Texture]" />
				<param name="fadetime" value="360" />
			</include>
			<!-- Middle label -->
			<control type="label">
				<width>300</width>
				<centerleft>50%</centerleft>
				<top>720</top>
				<height>120</height>
				<align>center</align>
				<aligny>top</aligny>
				<font>Description</font>
				<label>$VAR[musicplaylisteditor_Info_Label]</label>
				<wrapmultiline>true</wrapmultiline>
			</control>
			<!-- Left side label -->
			<control type="label">
				<left>120</left>
				<width>600</width>
				<bottom>60</bottom>
				<height>60</height>
				<textcolor>$VAR[Light_Color]</textcolor>
				<aligny>center</aligny>
				<align>left</align>
				<font>Description</font>
				<label>$VAR[musicplaylisteditor_Directory_Label]</label>
			</control>
			<!-- Right side label -->
			<control type="label">
				<right>120</right>
				<width>600</width>
				<bottom>60</bottom>
				<height>60</height>
				<textcolor>$VAR[Light_Color]</textcolor>
				<aligny>center</aligny>
				<align>right</align>
				<font>Description</font>
				<label>$VAR[musicplaylisteditor_Playlist_Label]</label>
			</control>
			<include content="Button_Group_Template">
				<param name="right" value="780" />
				<param name="onleft" value="100" />
				<param name="onright" value="50" />
				<param name="button1" value="true" />
				<param name="button1_id" value="6" />
				<param name="button1_texture" value="Browse" />
				<param name="button2" value="true" />
				<param name="button2_id" value="7" />
				<param name="button3" value="true" />
				<param name="button3_id" value="8" />
				<param name="button3_texture" value="Refresh" />
			</include>
		</include>
	</controls>
</window>