<?xml version="1.0" encoding="UTF-8"?>
<window>
	<zorder>3</zorder>
	<include>Notification_Dialog_Fade_Animation</include>
	<controls>

		<!-- Hidden Progress -->
		<control type="progress" id="50660">
			<info>Player.Volume</info>
		</control>

		<include content="Shared_Dialog_Layouts">
			<param name="type" value="Notification"/>
			<param name="content_visible" value="![Window.IsVisible(notification) | Window.IsVisible(extendedprogressdialog)]"/>
			<param name="label_1" value="$LOCALIZE[13376]"/>
			<param name="label_2" value="$VAR[Volumebar_Info_Label]"/>
		</include>

	</controls>
</window>
