<?xml version="1.0" encoding="UTF-8"?>
<window>
	<!-- musicplaylist, videoplaylist -->
	<onunload>ClearProperty(OptionsMenu,home)</onunload>
	<onunload>ClearProperty(Scrollbars,home)</onunload>
	<views>50</views>
	<defaultcontrol always="true">50</defaultcontrol>
	<menucontrol>3000</menucontrol>
	<backgroundcolor>$VAR[Secondary_Color]</backgroundcolor>
	<include>My_Window_Fade_Animation</include>
	<controls>
		<include content="MyPlaylist_Controls"/>
		<include content="MyViews_Hidden_Controls"/>
		<include content="MyViews_ListOnly"/>
		<include content="MyViews_Menu_and_Scrollbars"/>
	</controls>
</window>
