<?xml version="1.0" encoding="UTF-8"?>
<window>
	<!-- systeminfo -->
	<backgroundcolor>$VAR[Secondary_Color]</backgroundcolor>
	<include>SettingsCategory_Fade_Animation</include>
	<defaultcontrol always="true">9001</defaultcontrol>
	<controls>

		<!-- Hidden Focus setter -->
		<include content="Delay_Content_Load">
			<param name="time" value="0"/>
			<param name="target_id" value="SetFocus(300009)"/>
			<onfocus condition="String.IsEmpty(Window(home).Property(Global_Fanart_Slideshow))">SetProperty(Global_Fanart_Slideshow,$ESCINFO[Container(12342).ListItem.Art(fanart)],home)</onfocus>
		</include>

		<!-- Hidden labels for sub list -->
		<control type="label" id="2">
			<visible allowhiddenfocus="true">false</visible>
		</control>
		<control type="label" id="3">
			<visible allowhiddenfocus="true">false</visible>
		</control>
		<control type="label" id="4">
			<visible allowhiddenfocus="true">false</visible>
		</control>
		<control type="label" id="5">
			<visible allowhiddenfocus="true">false</visible>
		</control>
		<control type="label" id="6">
			<visible allowhiddenfocus="true">false</visible>
		</control>
		<control type="label" id="7">
			<visible allowhiddenfocus="true">false</visible>
		</control>
		<control type="label" id="8">
			<visible allowhiddenfocus="true">false</visible>
		</control>
		<control type="label" id="9">
			<visible allowhiddenfocus="true">false</visible>
		</control>
		<control type="label" id="10">
			<visible allowhiddenfocus="true">false</visible>
		</control>
		<control type="label" id="11">
			<visible allowhiddenfocus="true">false</visible>
		</control>
		<control type="label" id="52">
			<visible allowhiddenfocus="true">false</visible>
		</control>
		<control type="label" id="53">
			<visible allowhiddenfocus="true">false</visible>
		</control>

		<include condition="!Skin.HasSetting(Global_Fanart_Slideshow_Disabled)" content="Global_Fanart_Slideshow"/>

		<!-- Content -->
		<control type="group">
			<visible>!$EXP[TransparentDialog_IsVisible]</visible>
			<include>Content_Fade_Animation</include>

			<include content="Transparent_Dialog_Panel">
				<param name="top" value="180"/>
				<param name="bottom" value="180"/>
			</include>

			<include content="SettingsCategory_Layout">
				<param name="mainlist" value="50"/>
				<param name="sublist" value="500"/>
			</include>

			<control type="group">
				<visible>!Control.HasFocus(3000010)</visible>
				<include>Delayed_Content_Fade_Animation</include>

				<!-- Main list -->
				<control type="group">
					<left>90</left>
					<width>480</width>
					<control type="grouplist" id="50">
						<height>630</height>
						<centertop>50%</centertop>
						<align>top</align>
						<scrolltime tween="sine" easing="inout">360</scrolltime>
						<onleft>30000</onleft>
						<onright>SetFocus(500)</onright>
						<orientation>vertical</orientation>
						<itemgap>0</itemgap>
						<orientation>vertical</orientation>
						<!-- Summary -->
						<control type="button" id="95">
							<onclick>SetFocus(500)</onclick>
							<texturefocus/>
							<label>20037</label>
						</control>
						<!-- Storage -->
						<control type="togglebutton" id="94">
							<onclick>SetFocus(500)</onclick>
							<texturefocus/>
							<label>13277</label>
						</control>
						<!-- Network -->
						<control type="button" id="96">
							<onclick>SetFocus(500)</onclick>
							<texturefocus/>
							<label>13279</label>
						</control>
						<!-- Video -->
						<control type="button" id="97">
							<onclick>SetFocus(500)</onclick>
							<texturefocus/>
							<label>13280</label>
						</control>
						<!-- Hardware -->
						<control type="button" id="98">
							<onclick>SetFocus(500)</onclick>
							<texturefocus/>
							<label>13281</label>
						</control>
						<!-- PVR -->
						<control type="button" id="99">
							<onclick>SetFocus(500)</onclick>
							<texturefocus/>
							<label>19191</label>
						</control>
						<!-- Privacy Policy -->
						<control type="button" id="100">
							<label>12389</label>
							<texturefocus/>
							<onclick>SetFocus(61)</onclick>
							<onright>SetFocus(61)</onright>
						</control>
					</control>
					<control type="image">
						<animation effect="slide" end="0,90" time="0" reversible="false" condition="Container(50).Position(1)">Conditional</animation>
						<animation effect="slide" end="0,180" time="0" reversible="false" condition="Container(50).Position(2)">Conditional</animation>
						<animation effect="slide" end="0,270" time="0" reversible="false" condition="Container(50).Position(3)">Conditional</animation>
						<animation effect="slide" end="0,360" time="0" reversible="false" condition="Container(50).Position(4)">Conditional</animation>
						<animation effect="slide" end="0,450" time="0" reversible="false" condition="Container(50).Position(5)">Conditional</animation>
						<animation effect="slide" end="0,540" time="0" reversible="false" condition="Container(50).Position(6)">Conditional</animation>
						<left>60</left>
						<height>1</height>
						<top>314</top>
						<texture colordiffuse="$VAR[Unfocused_Color]">views/white_100.png</texture>
					</control>
				</control>

				<!-- Sub list -->
				<control type="grouplist" id="500">
					<width>1260</width>
					<left>570</left>
					<height>630</height>
					<centertop>50%</centertop>
					<itemgap>0</itemgap>
					<onleft>50</onleft>
					<onback>50</onback>
					<onright>9000</onright>
					<orientation>vertical</orientation>
					<pagecontrol>60</pagecontrol>
					<align>top</align>
					<scrolltime tween="sine" easing="inout">360</scrolltime>
					<defaultcontrol always="true">102</defaultcontrol>
					<control type="button" id="102">
						<label>$INFO[Control.GetLabel(2)]</label>
						<visible>!String.IsEmpty(Control.GetLabel(2))</visible>
					</control>
					<control type="button" id="103">
						<label>$INFO[Control.GetLabel(3)]</label>
						<visible>!String.IsEmpty(Control.GetLabel(3))</visible>
					</control>
					<control type="button" id="104">
						<label>$INFO[Control.GetLabel(4)]</label>
						<visible>!String.IsEmpty(Control.GetLabel(4))</visible>
					</control>
					<control type="button" id="105">
						<label>$INFO[Control.GetLabel(5)]</label>
						<visible>!String.IsEmpty(Control.GetLabel(5))</visible>
					</control>
					<control type="button" id="106">
						<label>$INFO[Control.GetLabel(6)]</label>
						<visible>!String.IsEmpty(Control.GetLabel(6))</visible>
					</control>
					<control type="button" id="107">
						<label>$INFO[Control.GetLabel(7)]</label>
						<visible>!String.IsEmpty(Control.GetLabel(7))</visible>
					</control>
					<control type="button" id="108">
						<label>$INFO[Control.GetLabel(8)]</label>
						<visible>!String.IsEmpty(Control.GetLabel(8))</visible>
					</control>
					<control type="button" id="109">
						<label>$INFO[Control.GetLabel(9)]</label>
						<visible>!String.IsEmpty(Control.GetLabel(9))</visible>
					</control>
					<control type="button" id="110">
						<label>$INFO[Control.GetLabel(10)]</label>
						<visible>!String.IsEmpty(Control.GetLabel(10))</visible>
					</control>
					<control type="button" id="111">
						<label>$INFO[Control.GetLabel(11)]</label>
						<visible>!String.IsEmpty(Control.GetLabel(11))</visible>
					</control>
				</control>

				<control type="textbox" id="30">
					<visible>true</visible>
					<width>1140</width>
					<left>660</left>
					<height>630</height>
					<centertop>50%</centertop>
					<aligny>left</aligny>
					<font>Description</font>
					<textcolor>$VAR[Privacy_Policy_Color]</textcolor>
					<pagecontrol>61</pagecontrol>
					<autoscroll delay="5000" repeat="7500" time="5000">!Control.HasFocus(61)</autoscroll>
				</control>

				<control type="scrollbar" id="61">
					<visible allowhiddenfocus="true">Control.HasFocus(61) | Control.IsVisible(30)</visible>
					<left>564</left>
					<width>6</width>
					<centertop>50%</centertop>
					<height>630</height>
					<onleft>50</onleft>
					<onright>50</onright>
					<onback>50</onback>
					<showonepage>false</showonepage>
					<orientation>vertical</orientation>
					<texturesliderbackground></texturesliderbackground>
					<texturesliderbar></texturesliderbar>
					<texturesliderbarfocus colordiffuse="$VAR[Unfocused_Color]">views/white_100.png</texturesliderbarfocus>
					<textureslidernib></textureslidernib>
					<textureslidernibfocus></textureslidernibfocus>
				</control>

				<control type="textbox">
					<left>630</left>
					<width>540</width>
					<bottom>40</bottom>
					<height>102</height>
					<font>Description</font>
					<align>left</align>
					<label>$INFO[Control.GetLabel(52)]</label>
					<textcolor>$VAR[Settings_Label_Color]</textcolor>
				</control>

				<control type="textbox">
					<left>1170</left>
					<width>540</width>
					<bottom>40</bottom>
					<height>102</height>
					<font>Description</font>
					<align>left</align>
					<label>$LOCALIZE[13271] [B]$INFO[System.CPUUsage][/B][CR]$LOCALIZE[31059] [B]$INFO[System.Memory(used.percent)][/B]</label>
					<textcolor>$VAR[Settings_Label_Color]</textcolor>
				</control>

			</control>
		</control>

	</controls>

</window>
