<?xml version="1.0" encoding="UTF-8"?>
<includes>

	<include name="ShowcaseView_Container">
		<control type="group">
			<visible>$EXP[ShowcaseView_IsVisible]</visible>
			<include content="Custom_List">
				<param name="visible" value="!Container.Content() + !Container.Content(files) + !Container.Content(episodes) + !Container.Content(songs)"/>
				<param name="type" value="fixedlist"/>
				<param name="id" value="502"/>
				<param name="viewtype_label" value="Showcase"/>
				<param name="viewtype" value="bigwrap"/>
				<param name="orientation" value="horizontal"/>
			</include>
		</control>
	</include>

	<include name="ShowcaseView_Display">
		<param name="id" default="502"/>
		<param name="art_icon" default="Thumbnail"/>
		<param name="media_view" default="true"/>
		<param name="widget_view" default="false"/>
		<param name="widget_position"/>
		<definition>
			<control type="group">
				<visible>$EXP[ShowcaseView_IsVisible] + !$EXP[OptionsSwitching] + !$EXP[ContainerSwitching]</visible>
				<include condition="$PARAM[media_view]" content="Content_Fade_Animation"/>
				<animation effect="slide" start="0,0" end="360,0" time="0" reversible="true" condition="$PARAM[media_view] + Skin.HasSetting(Music_Player_Enabled) + Player.HasAudio + $EXP[ShowcaseView_Display_IsPosters] + !$EXP[ShowcaseView_Details_Off]">Conditional</animation>
				<!-- Artwork -->
				<include condition="$PARAM[media_view]" content="ShowcaseView_Art_Posters">
					<param name="target_id" value="$PARAM[id]"/>
					<param name="art_icon" value="$PARAM[art_icon]"/>
				</include>
				<include condition="$PARAM[media_view]" content="ShowcaseView_Art_Square">
					<param name="target_id" value="$PARAM[id]"/>
					<param name="art_icon" value="$PARAM[art_icon]"/>
				</include>
				<include condition="$PARAM[widget_view] + !Skin.HasSetting(Widget$PARAM[widget_position]_Display_Square) + !Skin.HasSetting(Widget$PARAM[widget_position]_Content_LatestAlbums) + !Skin.HasSetting(Widget$PARAM[widget_position]_Content_RecentAlbums)" content="ShowcaseView_Art_Posters">
					<param name="target_id" value="$PARAM[id]"/>
					<param name="art_icon" value="$PARAM[art_icon]"/>
					<param name="breadcrumb_overlay" value="true"/>
				</include>
				<include condition="$PARAM[widget_view] + [Skin.HasSetting(Widget$PARAM[widget_position]_Display_Square) | Skin.HasSetting(Widget$PARAM[widget_position]_Content_LatestAlbums) | Skin.HasSetting(Widget$PARAM[widget_position]_Content_RecentAlbums)]" content="ShowcaseView_Art_Square">
					<param name="target_id" value="$PARAM[id]"/>
					<param name="art_icon" value="$PARAM[art_icon]"/>
					<param name="breadcrumb_overlay" value="true"/>
				</include>
			</control>
		</definition>
	</include>

	<include name="ShowcaseView_Details">
		<param name="id" default="502"/>
		<param name="media_view" default="true"/>
		<definition>
			<control type="group">
				<visible>$EXP[ShowcaseView_IsVisible]</visible>
				<include condition="Window.Is(videos) | Window.Is(home) | Window.Is(movieinformation)" content="Progress">
					<param name="id" value="$PARAM[id]"/>
					<animation effect="slide" start="0,0" end="-600,0" time="0" condition="true">Conditional</animation>
					<animation effect="slide" start="0,0" end="360,0" time="0" reversible="true" condition="$PARAM[media_view] + Skin.HasSetting(Music_Player_Enabled) + Player.HasAudio + $EXP[ShowcaseView_Display_IsPosters] + !$EXP[ShowcaseView_Details_Off]">Conditional</animation>
		      <animation effect="slide" start="0,0" end="180,0" time="0" condition="$EXP[ShowcaseView_Display_IsSquare]">Conditional</animation>
				</include>
				<control type="group">
					<visible>!$EXP[ContainerSwitching] + !$EXP[ContentSwitching] + !$EXP[TransparentDialog_IsVisible] + !$EXP[Scrollbar_HasFocus]</visible>
					<include>Delayed_Content_Fade_Animation</include>
					<control type="group">
						<visible>![Control.HasFocus(4501) + Window.IsVisible(1121)] + !$EXP[Secondary_List_ContainerSwitching] + !$EXP[Secondary_List_ContentSwitching]</visible>
						<include>Delayed_Content_Fade_Animation</include>
						<!-- Common details -->
						<control type="group">
							<animation effect="slide" start="0,0" end="180,0" time="0" reversible="true" condition="$PARAM[media_view] + Skin.HasSetting(Music_Player_Enabled) + Player.HasAudio + $EXP[ShowcaseView_Display_IsPosters] + !$EXP[ShowcaseView_Details_Off]">Conditional</animation>
							<include content="Common_Details">
								<param name="viewtype_label" value="Showcase"/>
								<param name="left" value="960"/>
								<param name="width" value="720"/>
								<param name="titleheight" value="280"/>
								<param name="infoheight" value="70"/>
								<param name="plotmaxheight" value="235"/>
							</include>
						</control>
					</control>
				</control>
			</control>
		</definition>
	</include>

</includes>
