<?xml version="1.0" encoding="UTF-8"?>
<window>
	<!-- managevideoversions / managevideoextras -->
	<controls>
		<include content="selectdialog_Template">
			<param name="visible" value="!Window.IsVisible(shutdownmenu) + !Window.IsTopMost(networksetup) + !Window.IsVisible(selectdialog) + !Window.IsVisible(yesnodialog) + !Window.IsVisible(filebrowser) + !Window.IsVisible(virtualkeyboard) + !Window.IsVisible(numericinput)" />
			<param name="breadcrumb_label_id" value="2" />
			<param name="breadcrumb_info_label_visible" value="ControlGroup(4000).HasFocus" />
			<param name="breadcrumb_info_label" value="$VAR[Copacetic_Divider_Bold] $INFO[Window(managevideoversions).Property(Focused_Button)]" />
			<param name="description_label" value="$INFO[Container(50).ListItem.Duration]$VAR[Resolution_Label_50_Divider_Bold, ]$VAR[Resolution_Label_50, ]$VAR[AudioCodec_Label_50_Divider_Bold, ]$VAR[AudioCodec_Label_50, ]" />
			<param name="description_label_font" value="Info_Breadcrumb_Label" />
			<param name="description_label_right" value="660" />
			<param name="thumb_visible" value="Control.IsVisible(50)" />
			<param name="thumb_texture" value="$VAR[managevideoversions_Artwork]" />
			<include content="Simple_List">
				<param name="id" value="50" />
			</include>
			<include content="Hidden_Button_Grouplist">
				<param name="onleft" value="50" />
				<param name="onright" value="noop" />
				<include content="managevideoversions_List_Content" condition="Window.Is(managevideoversions)" />
				<include content="managevideoextras_List_Content" condition="Window.Is(managevideoextras)" />
			</include>
			<include content="Button_Grouplist">
				<param name="right" value="60" />
				<param name="bottom" value="30" />
				<param name="height" value="120" />
				<param name="itemgap" value="0" />
				<include content="managevideoversions_Buttons_Content" condition="Window.Is(managevideoversions)" />
				<include content="managevideoextras_Buttons_Content" condition="Window.Is(managevideoextras)" />
			</include>
		</include>
	</controls>
</window>
