<?xml version="1.0" encoding="UTF-8" standalone="yes"?>
<addon id="realcopacetic.github.io" name="realcopacetic Repository" version="1.0" provider-name="realcopacetic">
    <extension point="xbmc.addon.repository" name="realcopacetic Repository">
        <dir>
            <info compressed="false">https://raw.githubusercontent.com/realcopacetic/realcopacetic.github.io/master/repo/zips/addons.xml</info>
            <checksum>https://raw.githubusercontent.com/realcopacetic/realcopacetic.github.io/master/repo/zips/addons.xml.md5</checksum>
            <datadir zip="true">https://raw.githubusercontent.com/realcopacetic/realcopacetic.github.io/master/repo/zips/</datadir>
        </dir>
    </extension>
    <extension point="xbmc.addon.metadata">
        <summary>realcopacetic Repository</summary>
        <description>Repository for the skin Copacetic and other projects</description>
        <disclaimer></disclaimer>
        <platform>all</platform>
        <assets>
            <icon>icon.png</icon>
            <fanart>fanart.jpg</fanart>
        </assets>
    </extension>
</addon>
