<?xml version="1.0" encoding="UTF-8"?>
<includes>

	<include name="Infoscreen_PathTracing">
		<onload condition="!String.IsEqual(Window.Property(Breadcrumb_GoToNext),true) + !String.IsEqual(Window.Property(Breadcrumb_GoToPrevious),true) + !String.IsEqual(Window.Property(SentFromInfo),true)">SetProperty(Breadcrumb_Level,1)</onload>
		<onload condition="!String.IsEqual(Window.Property(Breadcrumb_GoToNext),true) + !String.IsEqual(Window.Property(Breadcrumb_GoToPrevious),true) + !String.IsEqual(Window.Property(SentFromInfo),true) + Window.IsVisible($PARAM[media_window])">SetProperty(ContainerPath_1,$INFO[Container.FolderPath])</onload>
		<onload condition="!String.IsEqual(Window.Property(Breadcrumb_GoToNext),true) + !String.IsEqual(Window.Property(Breadcrumb_GoToPrevious),true) + !String.IsEqual(Window.Property(SentFromInfo),true) + !Window.IsVisible($PARAM[media_window]) + String.IsEqual(ListItem.DBType,$PARAM[type1])">SetProperty(ContainerPath_1,$PARAM[dbtype]db://$PARAM[type1_path]?xsp=%7B%22order%22%3A%7B%22direction%22%3A%22ascending%22%2C%22ignorefolders%22%3A0%2C%22method%22%3A%22sorttitle%22%7D%2C%22rules%22%3A%7B%22and%22%3A%5B%7B%22field%22%3A%22title%22%2C%22operator%22%3A%22is%22%2C%22value%22%3A%5B$ESCINFO[ListItem.Title]%5D%7D%5D%7D%2C%22type%22%3A%22$PARAM[type1]s%22%7D)</onload>
		<onload condition="!String.IsEqual(Window.Property(Breadcrumb_GoToNext),true) + !String.IsEqual(Window.Property(Breadcrumb_GoToPrevious),true) + !String.IsEqual(Window.Property(SentFromInfo),true) + !Window.IsVisible($PARAM[media_window]) + String.IsEqual(ListItem.DBType,$PARAM[type2])">SetProperty(ContainerPath_1,$PARAM[dbtype]db://$PARAM[type2_path]?xsp=%7B%22order%22%3A%7B%22direction%22%3A%22ascending%22%2C%22ignorefolders%22%3A0%2C%22method%22%3A%22sorttitle%22%7D%2C%22rules%22%3A%7B%22and%22%3A%5B%7B%22field%22%3A%22title%22%2C%22operator%22%3A%22is%22%2C%22value%22%3A%5B$ESCINFO[ListItem.Title]%5D%7D%5D%7D%2C%22type%22%3A%22$PARAM[type2]s%22%7D)</onload>
		<onload condition="!String.IsEqual(Window.Property(Breadcrumb_GoToNext),true) + !String.IsEqual(Window.Property(Breadcrumb_GoToPrevious),true) + !String.IsEqual(Window.Property(SentFromInfo),true) + !Window.IsVisible($PARAM[media_window])">SetProperty(Origin,$INFO[Window(home).Property(Home_Widget)],home)</onload>
		<onload condition="!String.IsEqual(Window.Property(Breadcrumb_GoToNext),true) + !String.IsEqual(Window.Property(Breadcrumb_GoToPrevious),true) + !String.IsEqual(Window.Property(SentFromInfo),true)">ClearProperty(ContainerPath_2)</onload>
		<onload condition="!String.IsEqual(Window.Property(Breadcrumb_GoToNext),true) + !String.IsEqual(Window.Property(Breadcrumb_GoToPrevious),true) + !String.IsEqual(Window.Property(SentFromInfo),true)">ClearProperty(ContainerPath_3)</onload>
		<onload condition="!String.IsEqual(Window.Property(Breadcrumb_GoToNext),true) + !String.IsEqual(Window.Property(Breadcrumb_GoToPrevious),true) + !String.IsEqual(Window.Property(SentFromInfo),true)">ClearProperty(ContainerPath_4)</onload>
		<onload condition="!String.IsEqual(Window.Property(Breadcrumb_GoToNext),true) + !String.IsEqual(Window.Property(Breadcrumb_GoToPrevious),true) + !String.IsEqual(Window.Property(SentFromInfo),true)">ClearProperty(ContainerPath_5)</onload>
		<onload condition="!String.IsEqual(Window.Property(Breadcrumb_GoToNext),true) + !String.IsEqual(Window.Property(Breadcrumb_GoToPrevious),true) + !String.IsEqual(Window.Property(SentFromInfo),true)">ClearProperty(ContainerPath_6)</onload>
		<onload condition="!String.IsEqual(Window.Property(Breadcrumb_GoToNext),true) + !String.IsEqual(Window.Property(Breadcrumb_GoToPrevious),true) + !String.IsEqual(Window.Property(SentFromInfo),true)">ClearProperty(ContainerPath_7)</onload>
		<onload condition="!String.IsEqual(Window.Property(Breadcrumb_GoToNext),true) + !String.IsEqual(Window.Property(Breadcrumb_GoToPrevious),true) + !String.IsEqual(Window.Property(SentFromInfo),true)">ClearProperty(ContainerPath_8)</onload>
		<onload condition="!String.IsEqual(Window.Property(Breadcrumb_GoToNext),true) + !String.IsEqual(Window.Property(Breadcrumb_GoToPrevious),true) + !String.IsEqual(Window.Property(SentFromInfo),true)">ClearProperty(ContainerPath_9)</onload>
		<onload condition="!String.IsEqual(Window.Property(Breadcrumb_GoToNext),true) + !String.IsEqual(Window.Property(Breadcrumb_GoToPrevious),true) + !String.IsEqual(Window.Property(SentFromInfo),true)">ClearProperty(ContainerPath_10)</onload>
		<onload condition="String.IsEmpty(Window.Property(ContainerPath_10)) + !String.IsEmpty(Window.Property(ContainerPath_9)) + String.IsEqual(Window.Property(Breadcrumb_GoToNext),true) + !String.IsEqual(Window.Property(SentFromInfo),true)">SetProperty(ContainerPath_10,$INFO[Container.FolderPath])</onload>
		<onload condition="String.IsEmpty(Window.Property(ContainerPath_9)) + !String.IsEmpty(Window.Property(ContainerPath_8)) + String.IsEqual(Window.Property(Breadcrumb_GoToNext),true) + !String.IsEqual(Window.Property(SentFromInfo),true)">SetProperty(ContainerPath_9,$INFO[Container.FolderPath])</onload>
		<onload condition="String.IsEmpty(Window.Property(ContainerPath_8)) + !String.IsEmpty(Window.Property(ContainerPath_7)) + String.IsEqual(Window.Property(Breadcrumb_GoToNext),true) + !String.IsEqual(Window.Property(SentFromInfo),true)">SetProperty(ContainerPath_8,$INFO[Container.FolderPath])</onload>
		<onload condition="String.IsEmpty(Window.Property(ContainerPath_7)) + !String.IsEmpty(Window.Property(ContainerPath_6)) + String.IsEqual(Window.Property(Breadcrumb_GoToNext),true) + !String.IsEqual(Window.Property(SentFromInfo),true)">SetProperty(ContainerPath_7,$INFO[Container.FolderPath])</onload>
		<onload condition="String.IsEmpty(Window.Property(ContainerPath_6)) + !String.IsEmpty(Window.Property(ContainerPath_5)) + String.IsEqual(Window.Property(Breadcrumb_GoToNext),true) + !String.IsEqual(Window.Property(SentFromInfo),true)">SetProperty(ContainerPath_6,$INFO[Container.FolderPath])</onload>
		<onload condition="String.IsEmpty(Window.Property(ContainerPath_5)) + !String.IsEmpty(Window.Property(ContainerPath_4)) + String.IsEqual(Window.Property(Breadcrumb_GoToNext),true) + !String.IsEqual(Window.Property(SentFromInfo),true)">SetProperty(ContainerPath_5,$INFO[Container.FolderPath])</onload>
		<onload condition="String.IsEmpty(Window.Property(ContainerPath_4)) + !String.IsEmpty(Window.Property(ContainerPath_3)) + String.IsEqual(Window.Property(Breadcrumb_GoToNext),true) + !String.IsEqual(Window.Property(SentFromInfo),true)">SetProperty(ContainerPath_4,$INFO[Container.FolderPath])</onload>
		<onload condition="String.IsEmpty(Window.Property(ContainerPath_3)) + !String.IsEmpty(Window.Property(ContainerPath_2)) + String.IsEqual(Window.Property(Breadcrumb_GoToNext),true) + !String.IsEqual(Window.Property(SentFromInfo),true)">SetProperty(ContainerPath_3,$INFO[Container.FolderPath])</onload>
		<onload condition="String.IsEmpty(Window.Property(ContainerPath_2)) + !String.IsEmpty(Window.Property(ContainerPath_1)) + String.IsEqual(Window.Property(Breadcrumb_GoToNext),true) + !String.IsEqual(Window.Property(SentFromInfo),true)">SetProperty(ContainerPath_2,$INFO[Container.FolderPath])</onload>
		<onload condition="String.IsEmpty(Window.Property(ContainerPath_2)) + !String.IsEmpty(Window.Property(ContainerPath_1)) + String.IsEqual(Window.Property(Breadcrumb_GoToNext),true) + !String.IsEqual(Window.Property(SentFromInfo),true)">SetProperty(Breadcrumb_Level,2)</onload>
		<onload condition="String.IsEmpty(Window.Property(ContainerPath_3)) + !String.IsEmpty(Window.Property(ContainerPath_2)) + String.IsEqual(Window.Property(Breadcrumb_GoToNext),true) + !String.IsEqual(Window.Property(SentFromInfo),true)">SetProperty(Breadcrumb_Level,3)</onload>
		<onload condition="String.IsEmpty(Window.Property(ContainerPath_4)) + !String.IsEmpty(Window.Property(ContainerPath_3)) + String.IsEqual(Window.Property(Breadcrumb_GoToNext),true) + !String.IsEqual(Window.Property(SentFromInfo),true)">SetProperty(Breadcrumb_Level,4)</onload>
		<onload condition="String.IsEmpty(Window.Property(ContainerPath_5)) + !String.IsEmpty(Window.Property(ContainerPath_4)) + String.IsEqual(Window.Property(Breadcrumb_GoToNext),true) + !String.IsEqual(Window.Property(SentFromInfo),true)">SetProperty(Breadcrumb_Level,5)</onload>
		<onload condition="String.IsEmpty(Window.Property(ContainerPath_6)) + !String.IsEmpty(Window.Property(ContainerPath_5)) + String.IsEqual(Window.Property(Breadcrumb_GoToNext),true) + !String.IsEqual(Window.Property(SentFromInfo),true)">SetProperty(Breadcrumb_Level,6)</onload>
		<onload condition="String.IsEmpty(Window.Property(ContainerPath_7)) + !String.IsEmpty(Window.Property(ContainerPath_6)) + String.IsEqual(Window.Property(Breadcrumb_GoToNext),true) + !String.IsEqual(Window.Property(SentFromInfo),true)">SetProperty(Breadcrumb_Level,7)</onload>
		<onload condition="String.IsEmpty(Window.Property(ContainerPath_8)) + !String.IsEmpty(Window.Property(ContainerPath_7)) + String.IsEqual(Window.Property(Breadcrumb_GoToNext),true) + !String.IsEqual(Window.Property(SentFromInfo),true)">SetProperty(Breadcrumb_Level,8)</onload>
		<onload condition="String.IsEmpty(Window.Property(ContainerPath_9)) + !String.IsEmpty(Window.Property(ContainerPath_8)) + String.IsEqual(Window.Property(Breadcrumb_GoToNext),true) + !String.IsEqual(Window.Property(SentFromInfo),true)">SetProperty(Breadcrumb_Level,9)</onload>
		<onload condition="String.IsEmpty(Window.Property(ContainerPath_10)) + !String.IsEmpty(Window.Property(ContainerPath_9)) + String.IsEqual(Window.Property(Breadcrumb_GoToNext),true) + !String.IsEqual(Window.Property(SentFromInfo),true)">SetProperty(Breadcrumb_Level,10)</onload>
		<onload>ClearProperty(SentFromInfo)</onload>
		<onload>ClearProperty(Breadcrumb_GoToPrevious)</onload>
		<onload>ClearProperty(Breadcrumb_GoToNext)</onload>
	</include>

	<include name="interval_refresh_OnLoadUnload">
		<onunload condition="String.IsEqual(Window(home).Property(Background_Interval),5) + !Skin.String(Background_Interval,5)">Skin.SetString(Background_Interval,5)</onunload>
		<onunload condition="String.IsEqual(Window(home).Property(Background_Interval),10) + !Skin.String(Background_Interval,10)">Skin.SetString(Background_Interval,10)</onunload>
		<onunload condition="String.IsEqual(Window(home).Property(Background_Interval),15) + !Skin.String(Background_Interval,15)">Skin.SetString(Background_Interval,15)</onunload>
		<onunload condition="String.IsEqual(Window(home).Property(Background_Interval),20) + !Skin.String(Background_Interval,20)">Skin.SetString(Background_Interval,20)</onunload>
		<onunload condition="String.IsEqual(Window(home).Property(Background_Interval),25) + !Skin.String(Background_Interval,25)">Skin.SetString(Background_Interval,25)</onunload>
		<onunload condition="String.IsEqual(Window(home).Property(Background_Interval),30) + !Skin.String(Background_Interval,30)">Skin.SetString(Background_Interval,30)</onunload>
	</include>

	<include name="movieinformation_OnLoadUnload">
		<onload condition="Skin.HasSetting(Trailer_Autoplay) + String.IsEqual(Window(home).Property(Trailer_Autoplay),true)">PlayerControl(Stop)</onload>
		<onload condition="Skin.HasSetting(Trailer_Autoplay) + String.IsEqual(Window(home).Property(Trailer_Autoplay),true)">ClearProperty(Trailer_Autoplay,home)</onload>
		<onload condition="!String.IsEmpty(ListItem.Genre)">RunScript(script.copacetic.helper,action=split_random_return,string=$INFO[ListItem.Genre],name=RandomGenre)</onload>
		<onload condition="!String.IsEmpty(ListItem.Director)">RunScript(script.copacetic.helper,action=split_random_return,string=$INFO[ListItem.Director],name=RandomDirector)</onload>
		<onload condition="String.IsEqual(ListItem.DBType,episode)">RunScript(script.copacetic.helper,action=split,string=$INFO[ListItem.Writer],name=WriterSplit)</onload>
		<onload condition="!String.Contains(ListItem.Path,themoviedb.helper)">SetProperty(SelectedItem,$INFO[ListItem.DBID],movieinformation)</onload>
		<onload condition="String.Contains(ListItem.Path,themoviedb.helper)">SetProperty(SelectedItem,$INFO[ListItem.Property(tmdb_id)],movieinformation)</onload>
		<onload condition="String.Contains(ListItem.Path,themoviedb.helper)">RunScript(script.copacetic.helper,action=split,string=$INFO[ListItem.Studio],name=StudioSplit)</onload>
		<onload>SetProperty(ResetScroll," ")</onload>
		<include content="Infoscreen_PathTracing">
			<param name="media_window" value="videos" />
			<param name="dbtype" value="video" />
			<param name="type1" value="movie" />
			<param name="type1_path" value="movies/titles" />
			<param name="type2" value="tvshow" />
			<param name="type2_path" value="tvshow/titles" />
		</include>
		<include content="Widget_Position_Reset_OnLoad" />	
		<onunload>ClearProperty(Focused_Button,movieinformation)</onunload>		
		<onunload>ClearProperty(RandomGenre,home)</onunload>
		<onunload>ClearProperty(RandomDirector,home)</onunload>
		<onunload>ClearProperty(WriterSplit.0,home)</onunload>
		<onunload>ClearProperty(StudioSplit.0,home)</onunload>
	</include>

	<include name="musicinformation_OnLoadUnload">
		<onload condition="String.IsEqual(ListItem.DBType,artist)">SetProperty(Info_Type,artist,musicinformation)</onload>
		<onload condition="String.IsEqual(ListItem.DBType,album)">SetProperty(Info_Type,album,musicinformation)</onload>
		<onload>SetProperty(SelectedItem,$INFO[ListItem.DBID],musicinformation)</onload>
		<onload condition="!String.IsEmpty(ListItem.Genre)">RunScript(script.copacetic.helper,action=split_random_return,string=$INFO[ListItem.Genre],separator=/,name=RandomGenre)</onload>
		<onload>SetProperty(ResetScroll," ")</onload>
		<include content="Infoscreen_PathTracing">
			<param name="media_window" value="music" />
			<param name="dbtype" value="music" />
			<param name="type1" value="artist" />
			<param name="type1_path" value="artists" />
			<param name="type2" value="album" />
			<param name="type2_path" value="albums" />
		</include>
		<include content="Widget_Position_Reset_OnLoad" />
		<onunload>ClearProperty(Focused_Button,musicinformation)</onunload>
		<onunload>ClearProperty(RandomGenre,home)</onunload>
	</include>

	<include name="skinsettings_OnLoadUnload">
		<include content="Object_Include" condition="Window.Is(interfacesettings)">
			<defaultcontrol always="true">3002</defaultcontrol>
		</include>
		<include content="Object_Include" condition="Window.Is(mediasettings)">
			<defaultcontrol always="true">3003</defaultcontrol>
		</include>
		<include content="Object_Include" condition="Window.Is(playersettings)">
			<defaultcontrol always="true">3004</defaultcontrol>
		</include>
		<include content="Object_Include" condition="Window.Is(systemsettings)">
			<defaultcontrol always="true">3005</defaultcontrol>
		</include>
		<include content="Object_Include" condition="Window.Is(servicesettings)">
			<defaultcontrol always="true">3006</defaultcontrol>
		</include>
		<include content="Object_Include" condition="Window.Is(gamesettings)">
			<defaultcontrol always="true">3007</defaultcontrol>
		</include>
		<include content="Object_Include" condition="Window.Is(pvrsettings)">
			<defaultcontrol always="true">3008</defaultcontrol>
		</include>
	</include>

</includes>