<?xml version="1.0" encoding="UTF-8"?>
<includes>

	<include name="addoninformation_Menu_Content">
		<control type="button" id="12">
			<description>Run</description>
			<visible>Control.IsEnabled(12)</visible>
			<include content="Hidden_Button_Template" />
			<include content="AddonInfo_Dialog_Menu_Navigation" />
			<onfocus>SetProperty(Focused_Button,$INFO[Control.GetLabel(12)],addoninformation)</onfocus>
		</control>
		<control type="button" id="9">
			<description>Settings</description>
			<visible>Control.IsEnabled(9)</visible>
			<include content="Hidden_Button_Template" />
			<include content="AddonInfo_Dialog_Menu_Navigation" />
			<onfocus>SetProperty(Focused_Button,$LOCALIZE[24020],addoninformation)</onfocus>
		</control>
		<control type="button" id="8">
			<description>Update</description>
			<visible>Control.IsEnabled(8)</visible>
			<include content="Hidden_Button_Template" />
			<include content="AddonInfo_Dialog_Menu_Navigation" />
			<onfocus>SetProperty(Focused_Button,$INFO[Control.GetLabel(8)],addoninformation)</onfocus>
		</control>
		<control type="button" id="6">
			<description>Install/Uninstall add on</description>
			<visible>Control.IsEnabled(6)</visible>
			<include content="Hidden_Button_Template" />
			<include content="AddonInfo_Dialog_Menu_Navigation" />
			<onfocus>SetProperty(Focused_Button,$INFO[Control.GetLabel(6)],addoninformation)</onfocus>
			<onclick>SetProperty(Focused_Button,$INFO[Control.GetLabel(6)],addoninformation)</onclick>
		</control>
		<control type="button" id="7">
			<description>Enable/Disable add on</description>
			<visible>Control.IsEnabled(7)</visible>
			<include content="Hidden_Button_Template" />
			<include content="AddonInfo_Dialog_Menu_Navigation" />
			<onfocus>SetProperty(Focused_Button,$INFO[Control.GetLabel(7)],addoninformation)</onfocus>
			<onclick>SetProperty(Focused_Button,$INFO[Control.GetLabel(7)],addoninformation)</onclick>
		</control>
		<control type="button" id="10">
			<description>Show dependencies</description>
			<include content="Hidden_Button_Template" />
			<include content="AddonInfo_Dialog_Menu_Navigation" />
			<visible>Control.IsEnabled(10)</visible>
			<onfocus>SetProperty(Focused_Button,$LOCALIZE[39024],addoninformation)</onfocus>
		</control>
		<control type="button" id="14">
			<description>Select version</description>
			<include content="Hidden_Button_Template" />
			<include content="AddonInfo_Dialog_Menu_Navigation" />
			<visible>Control.IsEnabled(14)</visible>
			<onfocus>SetProperty(Focused_Button,$LOCALIZE[21338],addoninformation)</onfocus>
		</control>
		<control type="button" id="20">
			<description>Auto update</description>
			<include content="Hidden_Button_Template" />
			<include content="AddonInfo_Dialog_Menu_Navigation" />
			<onfocus>SetProperty(Focused_Button,$VAR[Auto_Update_Label],addoninformation)</onfocus>
			<onclick>SetFocus(13)</onclick>
			<onclick>Select</onclick>
			<onclick>SetFocus(20)</onclick>
			<onclick condition="String.Contains(Skin.String(AutoUpdate),off)">Skin.SetString(AutoUpdate,on)</onclick>
			<onclick condition="String.Contains(Skin.String(AutoUpdate),on)">Skin.SetString(AutoUpdate,off)</onclick>
		</control>
	</include>

	<include name="movieinformation_Menu_Content">
		<control type="togglebutton" id="8">
			<description>Play/Browse</description>
			<label>208</label>
			<altlabel>1024</altlabel>
			<font />
			<onfocus condition="String.IsEqual(Listitem.DBType,tvshow) | String.IsEqual(Listitem.DBType,season)">SetProperty(Focused_Button,$LOCALIZE[1024],movieinformation)</onfocus>
			<onfocus condition="![String.IsEqual(Listitem.DBType,tvshow) | String.IsEqual(Listitem.DBType,season)]">SetProperty(Focused_Button,$LOCALIZE[208],movieinformation)</onfocus>
			<onunfocus>SetProperty(ResetScroll," ")</onunfocus>
			<include content="MovieInfo_Dialog_Menu_Navigation" />
		</control>
		<control type="button" id="99">
			<description>Plot</description>
			<include content="Hidden_Button_Template" />
			<visible>!String.IsEmpty(Control.GetLabel(6003))</visible>
			<onunfocus>SetProperty(ResetScroll,"")</onunfocus>
			<onfocus>SetProperty(Focused_Button,$LOCALIZE[207],movieinformation)</onfocus>
			<ondown condition="Container(4).HasNext | Container(4).HasPrevious">SetFocus(60)</ondown>
		</control>
		<control type="button" id="11">
			<description>Trailer</description>
			<visible>!String.IsEmpty(ListItem.Trailer)</visible>
			<include content="Hidden_Button_Template" />
			<include content="MovieInfo_Dialog_Menu_Navigation" />
			<onfocus>SetProperty(ResetScroll," ")</onfocus>
			<onfocus>SetProperty(Focused_Button,$LOCALIZE[20410],movieinformation)</onfocus>
		</control>
		<control type="button" id="7">
			<description>Rating</description>
			<visible>!String.IsEqual(ListItem.DBType,set)</visible>
			<include content="Hidden_Button_Template" />
			<onfocus>SetProperty(ResetScroll," ")</onfocus>
			<onfocus>SetProperty(Focused_Button,$LOCALIZE[563],movieinformation)</onfocus>
			<onup>4021</onup>
			<ondown>4022</ondown>
		</control>
		<control type="button" id="10">
			<description>Choose art</description>
			<include content="Hidden_Button_Template" />
			<onfocus>SetProperty(ResetScroll," ")</onfocus>
			<onfocus>SetProperty(Focused_Button,$LOCALIZE[13511],movieinformation)</onfocus>
			<include content="MovieInfo_Dialog_Menu_Navigation" />
		</control>
		<control type="button" id="6">
			<description>Refresh</description>
			<visible>!String.IsEqual(ListItem.DBType,set)</visible>
			<include content="Hidden_Button_Template" />
			<onfocus>SetProperty(ResetScroll," ")</onfocus>
			<onfocus>SetProperty(Focused_Button,$LOCALIZE[184],movieinformation)</onfocus>
			<include content="MovieInfo_Dialog_Menu_Navigation" />
		</control>
	</include>

	<include name="musicinformation_Menu_Content">
		<control type="button" id="97">
			<description>Play</description>
			<include content="Hidden_Button_Template" />
			<onfocus>SetProperty(Focused_Button,$LOCALIZE[208],musicinformation)</onfocus>
			<onfocus>SetProperty(ResetScroll," ")</onfocus>
			<onclick condition="String.IsEmpty(ListItem.DBID)">PlayMedia($INFO[ListItem.FilenameAndPath])</onclick>
			<onclick condition="System.AddonIsEnabled(script.playalbum) + String.IsEqual(ListItem.DBType,album)">RunScript(script.playalbum,albumid=$INFO[ListItem.DBID])</onclick>
			<onclick condition="System.AddonIsEnabled(script.playalbum) + String.IsEqual(ListItem.DBType,song)">RunScript(script.playalbum,songid=$INFO[ListItem.DBID])</onclick>
			<onclick condition="System.AddonIsEnabled(script.playalbum)">Action(close)</onclick>
			<onclick condition="System.AddonIsEnabled(script.playalbum) + !System.AddonIsEnabled(script.playalbum) + !String.IsEmpty(ListItem.DBID)">EnableAddon(script.playalbum)</onclick>
			<onclick condition="!System.AddonIsEnabled(script.playalbum) + !String.IsEmpty(ListItem.DBID)">InstallAddon(script.playalbum)</onclick>
			<include content="MusicInfo_Dialog_Menu_Navigation" />
		</control>
		<control type="button" id="99">
			<description>Bio/Review</description>
			<visible>!String.IsEmpty(Control.GetLabel(6003)) + Window.Is(musicinformation)</visible>
			<include content="Hidden_Button_Template" />
			<onunfocus>SetProperty(ResetScroll,"")</onunfocus>
			<onfocus>SetProperty(Focused_Button,$VAR[PlotType_Label],musicinformation)</onfocus>
			<ondown condition="Container(4).HasNext | Container(4).HasPrevious">SetFocus(60)</ondown>
		</control>
		<control type="button" id="98">
			<description>Tracks</description>
			<visible>String.IsEqual(ListItem.DBType,album)</visible>
			<include content="Hidden_Button_Template" />
			<onfocus>SetProperty(ResetScroll," ")</onfocus>
			<onfocus>SetProperty(Focused_Button,$LOCALIZE[182],musicinformation)</onfocus>
			<onfocus>SetFocus(3100,0,absolute)</onfocus>
		</control>
		<control type="button" id="7">
			<description>Rating</description>
			<include content="Hidden_Button_Template" />
			<onfocus>SetProperty(ResetScroll," ")</onfocus>
			<onfocus>SetProperty(Focused_Button,$INFO[Control.GetLabel(7)],musicinformation)</onfocus>
			<onup>4021</onup>
			<ondown>4022</ondown>
		</control>
		<control type="button" id="12">
			<description>Artist/Album information</description>
			<include content="Hidden_Button_Template" />
			<onfocus>SetProperty(ResetScroll," ")</onfocus>
			<onfocus>SetProperty(Focused_Button,$INFO[Control.GetLabel(12)],musicinformation)</onfocus>
			<include content="MusicInfo_Dialog_Menu_Navigation" />
		</control>
		<control type="button" id="10">
			<description>Artwork</description>
			<include content="Hidden_Button_Template" />
			<onfocus>SetProperty(ResetScroll," ")</onfocus>
			<onfocus>SetProperty(Focused_Button,$LOCALIZE[13511],musicinformation)</onfocus>
			<include content="MusicInfo_Dialog_Menu_Navigation" />
		</control>
		<control type="button" id="6">
			<description>Refresh</description>
			<include content="Hidden_Button_Template" />
			<onfocus>SetProperty(ResetScroll," ")</onfocus>
			<onfocus>SetProperty(Focused_Button,$LOCALIZE[184],musicinformation)</onfocus>
			<include content="MusicInfo_Dialog_Menu_Navigation" />
		</control>
	</include>

</includes>