<?xml version="1.0" encoding="UTF-8"?>
<window>
	<!-- loginscreen -->
	<onunload condition="!Skin.HasSetting(Fanart_Slideshow_Global_Disabled) + String.IsEmpty(Window(home).Property(Fanart_Slideshow_Global))">SetProperty(Fanart_Slideshow_Global,$ESCINFO[Container(3300).ListItem.Art(fanart)],home)</onunload>
	<defaultcontrol always="true">52</defaultcontrol>
	<backgroundcolor>$VAR[Dark_Color]</backgroundcolor>
	<include content="WindowOpenClose_Fade_Animation" />
	<controls>
		<include content="Custom_List">
			<param name="type" value="fixedlist" />
			<param name="visible" value="true" />
			<param name="id" value="52" />
			<param name="viewtype_label" value="LoginScreen" />
			<param name="viewtype" value="wrap" />
			<param name="orientation" value="horizontal" />
		</include>
		<include content="User_Scroll_Delay" />
		<include content="Light_Theme_Background" condition="Skin.HasSetting(Fanart_Slideshow_Global_Disabled)" />
		<include content="Fanart_Slideshow_Global" condition="!Skin.HasSetting(Fanart_Slideshow_Global_Disabled)" />
		<include content="Default_Dialog_Panel_Layout">
			<param name="visible" value="Window.IsActive(loginscreen) + !System.HasVisibleModalDialog" />
			<param name="window_animation" value="WindowOpenClose_Fade_Delayed_Extra_Long_Animation" />
			<param name="panel_edge_top" value="120" />
			<param name="panel_edge_bottom" value="120" />
			<control type="group">
				<include content="WindowOpenClose_Fade_Delayed_Long_Animation" />
				<include content="StripView_Art_LoginScreen">
					<param name="target_id" value="52" />
					<param name="art_icon" value="loginscreen" />
				</include>
				<control type="label">
					<label>$VAR[loginscreen_Welcome_Label] $LOCALIZE[31700]</label>
					<top>180</top>
					<height>60</height>
					<centerleft>50%</centerleft>
					<width>1200</width>
					<align>center</align>
					<font>Title_Breadcrumb_Label</font>
					<textcolor>$VAR[Light_Color]</textcolor>
				</control>
				<control type="label">
					<centerleft>50%</centerleft>
					<width>720</width>
					<top>840</top>
					<height>60</height>
					<label>$INFO[ListItem.Label]</label>
					<textcolor>$VAR[Light_Color]</textcolor>
					<font>Grid_Title</font>
					<align>center</align>
					<aligny>center</aligny>
				</control>
				<include content="Button_Group_Template">
					<param name="right" value="900" />
					<param name="bottom" value="0" />
					<param name="onup" value="52" />
					<param name="button1" value="true" />
					<param name="button1_texture" value="Power" />
					<param name="button1_onclick" value="ActivateWindow(shutdownmenu)" />
					<param name="color" value="$VAR[Settings_Label_Color]" />
				</include>
			</control>
		</include>
	</controls>
</window>