<?xml version="1.0" encoding="UTF-8"?>
<window>
	<!-- pictureinfo -->
	<defaultcontrol always="true">5</defaultcontrol>
	<include content="WindowOpenClose_Fade_Delayed_Animation" />
	<controls>
		<include content="Transparent_Dialog_Panel">
			<param name="visible" value="!$EXP[TransparentDialog_IsVisible] + !$EXP[ListView_IsVisible]" />
			<include content="Visible_Fade_Animation" />
		</include>
		<include content="Default_NoPanel_Layout">
			<param name="visible_animation" value="Visible_Fade_Delayed_Long_Animation" />
			<include content="WindowOpenClose_Fade_Delayed_Long_Animation" />
			<include content="Settings_List_Template">
				<param name="id" value="5" />
				<param name="left" value="780" />
				<param name="width" value="1020" />
				<param name="top" value="240" />
				<param name="height" value="600" />
				<param name="item_height" value="60" />
				<param name="onup" value="5" />
				<param name="ondown" value="5" />
				<param name="onleft" value="4000" />
				<param name="onright" value="4000" />
				<param name="label2_scroll" value="true" />
				<param name="focus_border_visible" value="true" />
				<param name="focus_border_margin_right" value="60" />
				<param name="focus_color" value="$VAR[pictureinfo_Focused_Label_Color]" />
			</include>
			<include content="Dialog_Divider_With_Scrollbar">
				<param name="height" value="600" />
				<param name="left" value="780" />
				<param name="scrollbarvisible" value="true" />
				<param name="scrollbaralignleft" value="true" />
				<animation effect="slide" start="0,0" end="-330,0" time="0" condition="!$EXP[ListView_IsVisible]">Conditional</animation>
			</include>
			<include content="Button_Group_Template">
				<param name="onleft" value="5" />
				<param name="onright" value="5" />
				<param name="onup" value="5" />
				<param name="ondown" value="5" />
				<param name="button1" value="true" />
				<param name="button1_onclick" value="Close" />
			</include>
		</include>
	</controls>
</window>