<?xml version="1.0" encoding="UTF-8"?>
<includes>

	<include name="Home_Container_Update_Bounce_Test">
		<control type="button" id="6001">
			<visible allowhiddenfocus="true">false</visible>
			<animation effect="slide" end="0,0" time="50">Focus</animation>
			<onfocus condition="String.IsEqual(Window(home).Property(Origin),3201) + Container(3201).IsUpdating">SetFocus(6002)</onfocus>
			<onfocus condition="String.IsEqual(Window(home).Property(Origin),3202) + Container(3202).IsUpdating">SetFocus(6002)</onfocus>
			<onfocus condition="String.IsEqual(Window(home).Property(Origin),3203) + Container(3203).IsUpdating">SetFocus(6002)</onfocus>
			<onfocus condition="String.IsEqual(Window(home).Property(Origin),3204) + Container(3204).IsUpdating">SetFocus(6002)</onfocus>
			<onfocus condition="String.IsEqual(Window(home).Property(Origin),3205) + Container(3205).IsUpdating">SetFocus(6002)</onfocus>
			<onfocus condition="String.IsEqual(Window(home).Property(Origin),3206) + Container(3206).IsUpdating">SetFocus(6002)</onfocus>
			<onfocus condition="String.IsEqual(Window(home).Property(Origin),3207) + Container(3207).IsUpdating">SetFocus(6002)</onfocus>
			<onfocus condition="String.IsEqual(Window(home).Property(Origin),3208) + Container(3208).IsUpdating">SetFocus(6002)</onfocus>
			<onfocus condition="String.IsEqual(Window(home).Property(Origin),3209) + Container(3209).IsUpdating">SetFocus(6002)</onfocus>
			<onfocus condition="String.IsEqual(Window(home).Property(Origin),3201) + !Container(3201).IsUpdating">SetFocus(3201)</onfocus>
			<onfocus condition="String.IsEqual(Window(home).Property(Origin),3202) + !Container(3202).IsUpdating">SetFocus(3202)</onfocus>
			<onfocus condition="String.IsEqual(Window(home).Property(Origin),3203) + !Container(3203).IsUpdating">SetFocus(3203)</onfocus>
			<onfocus condition="String.IsEqual(Window(home).Property(Origin),3204) + !Container(3204).IsUpdating">SetFocus(3204)</onfocus>
			<onfocus condition="String.IsEqual(Window(home).Property(Origin),3205) + !Container(3205).IsUpdating">SetFocus(3205)</onfocus>
			<onfocus condition="String.IsEqual(Window(home).Property(Origin),3206) + !Container(3206).IsUpdating">SetFocus(3206)</onfocus>
			<onfocus condition="String.IsEqual(Window(home).Property(Origin),3207) + !Container(3207).IsUpdating">SetFocus(3207)</onfocus>
			<onfocus condition="String.IsEqual(Window(home).Property(Origin),3208) + !Container(3208).IsUpdating">SetFocus(3208)</onfocus>
			<onfocus condition="String.IsEqual(Window(home).Property(Origin),3209) + !Container(3209).IsUpdating">SetFocus(3209)</onfocus>
			<onfocus condition="String.IsEmpty(Window(home).Property(Origin))">SetFocus(3000)</onfocus>
			<onfocus>ClearProperty(Origin,home)</onfocus>
		</control>
		<control type="button" id="6002">
			<visible allowhiddenfocus="true">false</visible>
			<animation effect="slide" end="0,0" time="50">Focus</animation>
			<onfocus>SetFocus(6001)</onfocus>
		</control>
	</include>

	<include name="Infoscreen_Path_Tracer_Button">
		<param name="window" />
		<definition>
			<control type="button" id="4020">
				<visible allowhiddenfocus="true">false</visible>
				<!-- update container with previous path -->
				<onfocus condition="String.IsEqual(Window.Property(Breadcrumb_Level),01) + String.Contains(Window.Property(ContainerPath_00),db://) + !$EXP[Infoscreen_Widget_Prefer_TMDbHelper]">Container.Update($INFO[Window.Property(ContainerPath_00)],replace)</onfocus>
				<onfocus condition="String.IsEqual(Window.Property(Breadcrumb_Level),02) + String.Contains(Window.Property(ContainerPath_01),db://) + !$EXP[Infoscreen_Widget_Prefer_TMDbHelper]">Container.Update($INFO[Window.Property(ContainerPath_01)],replace)</onfocus>
				<onfocus condition="String.IsEqual(Window.Property(Breadcrumb_Level),03) + String.Contains(Window.Property(ContainerPath_02),db://) + !$EXP[Infoscreen_Widget_Prefer_TMDbHelper]">Container.Update($INFO[Window.Property(ContainerPath_02)],replace)</onfocus>
				<onfocus condition="String.IsEqual(Window.Property(Breadcrumb_Level),04) + String.Contains(Window.Property(ContainerPath_03),db://) + !$EXP[Infoscreen_Widget_Prefer_TMDbHelper]">Container.Update($INFO[Window.Property(ContainerPath_03)],replace)</onfocus>
				<onfocus condition="String.IsEqual(Window.Property(Breadcrumb_Level),05) + String.Contains(Window.Property(ContainerPath_04),db://) + !$EXP[Infoscreen_Widget_Prefer_TMDbHelper]">Container.Update($INFO[Window.Property(ContainerPath_04)],replace)</onfocus>
				<onfocus condition="String.IsEqual(Window.Property(Breadcrumb_Level),06) + String.Contains(Window.Property(ContainerPath_05),db://) + !$EXP[Infoscreen_Widget_Prefer_TMDbHelper]">Container.Update($INFO[Window.Property(ContainerPath_05)],replace)</onfocus>
				<onfocus condition="String.IsEqual(Window.Property(Breadcrumb_Level),07) + String.Contains(Window.Property(ContainerPath_06),db://) + !$EXP[Infoscreen_Widget_Prefer_TMDbHelper]">Container.Update($INFO[Window.Property(ContainerPath_06)],replace)</onfocus>
				<onfocus condition="String.IsEqual(Window.Property(Breadcrumb_Level),08) + String.Contains(Window.Property(ContainerPath_07),db://) + !$EXP[Infoscreen_Widget_Prefer_TMDbHelper]">Container.Update($INFO[Window.Property(ContainerPath_07)],replace)</onfocus>
				<onfocus condition="String.IsEqual(Window.Property(Breadcrumb_Level),09) + String.Contains(Window.Property(ContainerPath_08),db://) + !$EXP[Infoscreen_Widget_Prefer_TMDbHelper]">Container.Update($INFO[Window.Property(ContainerPath_08)],replace)</onfocus>
				<onfocus condition="String.IsEqual(Window.Property(Breadcrumb_Level),10) + String.Contains(Window.Property(ContainerPath_09),db://) + !$EXP[Infoscreen_Widget_Prefer_TMDbHelper]">Container.Update($INFO[Window.Property(ContainerPath_09)],replace)</onfocus>
				<!-- clear previous path following update -->
				<onfocus condition="String.IsEqual(Window.Property(Breadcrumb_Level),01)">ClearProperty(ContainerPath_01,$PARAM[window])</onfocus>
				<onfocus condition="String.IsEqual(Window.Property(Breadcrumb_Level),02)">ClearProperty(ContainerPath_02,$PARAM[window])</onfocus>
				<onfocus condition="String.IsEqual(Window.Property(Breadcrumb_Level),03)">ClearProperty(ContainerPath_03,$PARAM[window])</onfocus>
				<onfocus condition="String.IsEqual(Window.Property(Breadcrumb_Level),04)">ClearProperty(ContainerPath_04,$PARAM[window])</onfocus>
				<onfocus condition="String.IsEqual(Window.Property(Breadcrumb_Level),05)">ClearProperty(ContainerPath_05,$PARAM[window])</onfocus>
				<onfocus condition="String.IsEqual(Window.Property(Breadcrumb_Level),06)">ClearProperty(ContainerPath_06,$PARAM[window])</onfocus>
				<onfocus condition="String.IsEqual(Window.Property(Breadcrumb_Level),07)">ClearProperty(ContainerPath_07,$PARAM[window])</onfocus>
				<onfocus condition="String.IsEqual(Window.Property(Breadcrumb_Level),08)">ClearProperty(ContainerPath_08,$PARAM[window])</onfocus>
				<onfocus condition="String.IsEqual(Window.Property(Breadcrumb_Level),09)">ClearProperty(ContainerPath_09,$PARAM[window])</onfocus>
				<onfocus condition="String.IsEqual(Window.Property(Breadcrumb_Level),10)">ClearProperty(ContainerPath_10,$PARAM[window])</onfocus>
				<!-- clear properties if last loop -->
				<onfocus condition="String.IsEqual(Window.Property(Breadcrumb_Level),01)">ClearProperty(Breadcrumb_Level,$PARAM[window])</onfocus>
				<onfocus condition="String.IsEqual(Window.Property(Breadcrumb_Level),01)">ClearProperty(Infoscreen_Transition,home)</onfocus>
				<!-- set properties if not last loop -->
				<onfocus condition="!String.IsEqual(Window.Property(Breadcrumb_Level),01)">SetProperty(Breadcrumb_GoToPrevious,true,$PARAM[window])</onfocus>
				<onfocus condition="!String.IsEqual(Window.Property(Breadcrumb_Level),01)">SetProperty(Infoscreen_Transition,true,home)</onfocus>
				<!-- set exit routes -->
				<onfocus>Dialog.Close(all,true)</onfocus>
				<onfocus condition="String.IsEqual(Window.Property(Breadcrumb_Level),01) + !String.IsEmpty(Window(home).Property(Origin))">ActivateWindow(home)</onfocus>
				<onfocus condition="!$EXP[Infoscreen_Widget_Prefer_TMDbHelper] + String.Contains(Window($PARAM[window]).Property(ContainerPath_01),db://)">SetFocus(6001)</onfocus>
			</control>
		</definition>
	</include>
	
</includes>