<?xml version="1.0" encoding="UTF-8"?>
<window>
	<!-- movieinformation -->
	<include content="movieinformation_OnLoadUnload" />
	<defaultcontrol always="true">4010</defaultcontrol>
	<backgroundcolor>$VAR[Secondary_Color]</backgroundcolor>
	<include content="WindowOpenClose_Fade_Delayed_Animation" />
	<controls>
		<include content="Infoscreen_Header_Template">
			<param name="windowname" value="movieinformation" />
			<param name="default_control" value="SetFocus(8)" />
			<include content="Infoscreen_Header">
				<param name="visible" value="ControlGroup(3000).HasFocus(8) | ControlGroup(3000).HasFocus(6) | $EXP[Hidden_Focus_Setter]" />
				<param name="left" value="120" />
				<param name="right" value="120" />
				<param name="align" value="center" />
			</include>
			<include content="Infoscreen_Plot">
				<param name="visible" value="ControlGroup(3000).HasFocus(99)" />
				<param name="left" value="240" />
				<param name="right" value="240" />
				<param name="align" value="center" />
				<param name="font" value="Plot_Fullscreen" />
			</include>
			<include content="Infoscreen_Stars">
				<param name="visible" value="ControlGroup(3000).HasFocus(7)" />
				<param name="itemgap" value="30" />
				<param name="starheight" value="90" />
			</include>
		</include>
		<include content="Infoscreen_Furniture_Template">
			<include content="Infoscreen_Widget_3201_NextUp" condition="String.IsEqual(ListItem.DBType,tvshow) + String.IsEqual(ListItem.Label,ListItem.TVShowTitle) + Integer.IsGreater(ListItem.Property(UnwatchedEpisodes),0)" />
			<include content="Infoscreen_Widget_3201_Episodes" condition="[String.IsEqual(ListItem.DBType,tvshow) + String.IsEqual(Container.FolderName,ListItem.TVShowTitle)] | String.IsEqual(ListItem.DBType,episode)" />
			<include content="Infoscreen_Widget_3201_MovieSet" condition="String.IsEqual(ListItem.DBType,movie)" />
			<include content="Infoscreen_Widget_3202_Seasons" condition="[String.IsEqual(ListItem.DBType,tvshow) + String.IsEqual(ListItem.Label,ListItem.TVShowTitle)] | String.IsEqual(ListItem.DBType,episode)" />
			<include content="Infoscreen_Widget_50_Cast" condition="!String.IsEqual(ListItem.DBType,set)" />
			<include content="Infoscreen_Widget_50_Set" condition="String.IsEqual(ListItem.DBType,set)" />
			<include content="Infoscreen_Widget_3203_ActorCredits" condition="!String.IsEqual(ListItem.DBType,set)" />
			<include content="Infoscreen_Widget_3205_DirectorCredits" condition="String.IsEqual(ListItem.DBType,movie) | String.IsEqual(ListItem.DBType,musicvideo)" />
			<include content="Infoscreen_Widget_3206_StudioCredits" condition="!String.IsEqual(ListItem.DBType,set)" />
			<include content="Infoscreen_Widget_3207_Similar" condition="!String.IsEqual(ListItem.DBType,set) + !String.IsEqual(ListItem.DBType,musicvideo)" />
			<include content="DialogVideoInfo_Scrollbar" />
		</include>
	</controls>
</window>