<?xml version="1.0" encoding="utf-8"?>
<fonts>
	<fontset id="Default">

		<font>
			<name>Main_Menu_Focused</name>
			<filename>Inter-Black.ttf</filename>
			<size>55</size>
		</font>
		<font>
			<name>Main_Menu_Unfocused</name>
			<filename>Inter-ExtraLight.ttf</filename>
			<size>40</size>
		</font>

		<font>
			<name>Default_Settings_Header</name>
			<filename>Inter-ExtraLight.ttf</filename>
			<size>30</size>
		</font>
		<font>
			<name>Default_Settings_List</name>
			<filename>Inter-ExtraLight.ttf</filename>
			<size>30</size>
		</font>

		<font>
			<name>List_Focused</name>
			<filename>Inter-Black.ttf</filename>
			<size>55</size>
		</font>
		<font>
			<name>List_Unfocused</name>
			<filename>Inter-ExtraLight.ttf</filename>
			<size>37</size>
		</font>
		<font>
			<name>List_Info</name>
			<filename>Inter-SemiBold.ttf</filename>
			<size>30</size>
		</font>

		<font>
			<name>Title_Breadcrumb_Label</name>
			<filename>Inter-Black.ttf</filename>
			<size>40</size>
			<linespacing>0.85</linespacing>
		</font>
		<font>
			<name>Info_Breadcrumb_Label</name>
			<filename>Inter-Light.ttf</filename>
			<size>30</size>
		</font>

		<font>
			<name>MusicPlayer_Title</name>
			<filename>Inter-Black.ttf</filename>
			<size>33</size>
			<linespacing>0.85</linespacing>
		</font>
		<font>
			<name>MusicPlayer_Info</name>
			<filename>Inter-Light.ttf</filename>
			<size>27</size>
		</font>

		<font>
			<name>Billboard_Title</name>
			<filename>Inter-Black.ttf</filename>
			<size>60</size>
			<linespacing>0.85</linespacing>
		</font>
		<font>
			<name>Billboard_Info</name>
			<filename>Inter-SemiBold.ttf</filename>
			<size>30</size>
			<linespacing>0.85</linespacing>
		</font>

		<font>
			<name>Showcase_Title</name>
			<filename>Inter-Black.ttf</filename>
			<size>50</size>
			<linespacing>0.85</linespacing>
		</font>
		<font>
			<name>Showcase_Overlay_Title</name>
			<filename>Inter-Black.ttf</filename>
			<size>60</size>
			<linespacing>0.85</linespacing>
		</font>
		<font>
			<name>Showcase_Info</name>
			<filename>Inter-SemiBold.ttf</filename>
			<size>30</size>
			<linespacing>0.85</linespacing>
		</font>

		<font>
			<name>Strip_Title</name>
			<filename>Inter-Black.ttf</filename>
			<size>50</size>
			<linespacing>0.85</linespacing>
		</font>
		<font>
			<name>Strip_Info</name>
			<filename>Inter-SemiBold.ttf</filename>
			<size>30</size>
			<linespacing>0.85</linespacing>
		</font>

		<font>
			<name>Grid_Title</name>
			<filename>Inter-Black.ttf</filename>
			<size>40</size>
			<linespacing>0.85</linespacing>
		</font>
		<font>
			<name>Grid_Info</name>
			<filename>Inter-SemiBold.ttf</filename>
			<size>25</size>
			<linespacing>0.85</linespacing>
		</font>


		<font>
			<name>Body</name>
			<filename>Inter-Light.ttf</filename>
			<size>27</size>
		</font>
		<font>
			<name>Description</name>
			<filename>Inter-ExtraLight.ttf</filename>
			<size>25</size>
		</font>
		<font>
			<name>Info_Infoscreens_Label</name>
			<filename>Inter-Regular.ttf</filename>
			<size>30</size>
			<linespacing>1.1</linespacing>
		</font>
		<font>
			<name>Plot_Panel</name>
			<filename>Inter-Light.ttf</filename>
			<size>35</size>
		</font>
		<font>
			<name>Plot_Fullscreen</name>
			<filename>Inter-Light.ttf</filename>
			<size>40</size>
		</font>

		<font>
			<name>Visualisation_Info</name>
			<filename>Inter-Regular.ttf</filename>
			<size>30</size>
		</font>
		<font>
			<name>Visualisation_Time</name>
			<filename>Inter-Regular.ttf</filename>
			<size>22</size>
		</font>
		<font>
			<name>Player_Status</name>
			<filename>Inter-SemiBold.ttf</filename>
			<size>30</size>
		</font>
		<font>
			<name>Player_Time</name>
			<filename>Inter-Light.ttf</filename>
			<size>25</size>
		</font>
		<font>
			<name>Unwatched_Indicator</name>
			<filename>Inter-SemiBold.ttf</filename>
			<size>17</size>
		</font>
		<font>
			<name>LoginScreen_Info</name>
			<filename>Inter-Light.ttf</filename>
			<size>25</size>
		</font>


		<!-- Keyboard Button -->
		<font>
			<name>Keyboard_Button_-7</name>
			<filename>Inter-ExtraLight.ttf</filename>
			<size>30</size>
		</font>
		<font>
			<name>Keyboard_Button_-6</name>
			<filename>Inter-ExtraLight.ttf</filename>
			<size>30</size>
		</font>
		<font>
			<name>Keyboard_Button_-5</name>
			<filename>Inter-ExtraLight.ttf</filename>
			<size>30</size>
		</font>
		<font>
			<name>Keyboard_Button_-4</name>
			<filename>Inter-ExtraLight.ttf</filename>
			<size>30</size>
		</font>
		<font>
			<name>Keyboard_Button_-3</name>
			<filename>Inter-ExtraLight.ttf</filename>
			<size>30</size>
		</font>
		<font>
			<name>Keyboard_Button_-2</name>
			<filename>Inter-SemiBold.ttf</filename>
			<size>40</size>
		</font>
		<font>
			<name>Keyboard_Button_-1</name>
			<filename>Inter-Bold.ttf</filename>
			<size>50</size>
		</font>
		<font>
			<name>Keyboard_Button_0</name>
			<filename>Inter-Black.ttf</filename>
			<size>60</size>
		</font>
		<font>
			<name>Keyboard_Button_1</name>
			<filename>Inter-Bold.ttf</filename>
			<size>50</size>
		</font>
		<font>
			<name>Keyboard_Button_2</name>
			<filename>Inter-SemiBold.ttf</filename>
			<size>40</size>
		</font>
		<font>
			<name>Keyboard_Button_3</name>
			<filename>Inter-ExtraLight.ttf</filename>
			<size>30</size>
		</font>
		<font>
			<name>Keyboard_Button_4</name>
			<filename>Inter-ExtraLight.ttf</filename>
			<size>30</size>
		</font>
		<font>
			<name>Keyboard_Button_5</name>
			<filename>Inter-ExtraLight.ttf</filename>
			<size>30</size>
		</font>
		<font>
			<name>Keyboard_Button_6</name>
			<filename>Inter-ExtraLight.ttf</filename>
			<size>30</size>
		</font>
		<font>
			<name>Keyboard_Button_7</name>
			<filename>Inter-ExtraLight.ttf</filename>
			<size>30</size>
		</font>

		<!-- Special Keyboard Button -->
		<font>
			<name>Special_Keyboard_Button_0</name>
			<filename>Inter-Bold.ttf</filename>
			<size>60</size>
		</font>
		<font>
			<name>Special_Keyboard_Button_5</name>
			<filename>Inter-ExtraLight.ttf</filename>
			<size>30</size>
		</font>


		<font>
			<name>Debug_Label</name>
			<filename>Inter-Light.ttf</filename>
			<size>10</size>
		</font>

		<!-- Required for system -->
		<font>
			<name>font13</name>
			<filename>Inter-Light.ttf</filename>
			<size>21</size>
		</font>


	</fontset>
</fonts>
