<?xml version="1.0" encoding="UTF-8"?>
<window>
	<!--notification-->
	<include content="Notification_Dialog_Fade_Animation" />
	<zorder>4</zorder>
	<controls>
		<include content="Shared_Dialog_Layouts">
			<param name="type" value="Notification" />
			<param name="visible" value="[$EXP[Music_Player_IsVisible] | Window.IsVisible(volumebar)]" />
			<param name="content_visible" value="!Window.IsVisible(extendedprogressdialog)" />
			<param name="label1" value="$INFO[Control.GetLabel(401)]" />
			<param name="label2" value="$INFO[Control.GetLabel(402)]" />
		</include>
		<include content="Notification_Dialog_Layouts" />
		<include content="Hidden_Components">
			<control type="image" id="400" />
			<control type="label" id="401" />
			<control type="label" id="402" />
		</include>
	</controls>
</window>