<?xml version="1.0" encoding="UTF-8"?>
<window>
	<!-- volumebar -->
	<include content="Notification_Dialog_Fade_Animation" />
	<zorder>3</zorder>
	<controls>
		<control type="progress" id="50660">
			<info>Player.Volume</info>
		</control>
		<include content="Shared_Dialog_Layouts">
			<param name="type" value="Notification" />
			<param name="visible" value="true" />
			<param name="content_visible" value="![Window.IsVisible(notification) | Window.IsVisible(extendedprogressdialog)]" />
			<param name="label1" value="$LOCALIZE[13376]" />
			<param name="label2" value="$VAR[volumebar_Info_Label]" />
		</include>
	</controls>
</window>