<?xml version="1.0" encoding="UTF-8"?>
<window>
	<!-- musicplaylist, videoplaylist -->
	<onunload>ClearProperty(OptionsMenu,home)</onunload>
	<onunload>ClearProperty(Scrollbars,home)</onunload>
	<defaultcontrol always="true">50</defaultcontrol>
	<menucontrol>3000</menucontrol>
	<backgroundcolor>$VAR[Dark_Color]</backgroundcolor>
	<views>50</views>
	<include content="WindowOpenClose_Fade_Animation" />
	<controls>
		<include content="MyPlaylist_Controls" />
		<include content="MyViews_Common_Controls" />
		<include content="MyViews_ListOnly" />
		<include content="MyViews_Menu_and_Scrollbars" />
	</controls>
</window>