<?xml version="1.0" encoding="UTF-8"?>
<window>
	<!-- addonsettings -->
	<defaultcontrol always="true">3</defaultcontrol>
	<backgroundcolor>$VAR[Dark_Color]</backgroundcolor>
	<include content="WindowOpenClose_Fade_Delayed_Animation" />
	<controls>
		<include content="Default_Settings_Controls">
			<param name="include_togglebutton" value="true" />
		</include>
		<include content="Default_Dialog_Panel_Layout">
			<param name="visible" value="!String.IsEqual(Window(home).Property(UpNext),true) + ![Window.IsVisible(shutdownmenu) | Window.IsVisible(yesnodialog) | Window.IsVisible(progressdialog) | Window.IsVisible(okdialog) | Window.IsVisible(virtualkeyboard) | Window.IsVisible(numericinput)]" />
			<include content="Breadcrumb_Label">
				<param name="title_label_id" value="2" />
			</include>
			<include content="Settings_Grouplist_Template">
				<param name="id" value="3" />
				<param name="onleft" value="28" />
				<param name="onright" value="5" />
				<param name="include_permanent_underline" value="true" />
				<param name="scrollbar_visible" value="!ControlGroup(5).HasFocus + !ControlGroup(4000).HasFocus" />
				<param name="scrollbar_mirror" value="true" />
			</include>
			<include content="Settings_Grouplist_Template">
				<param name="id" value="5" />
				<param name="pagecontrol" value="61" />
				<param name="left" value="570" />
				<param name="width" value="1260" />
				<param name="height" value="632" />
				<param name="onleft" value="3" />
				<param name="onright" value="30" />
				<param name="scrollbar_visible" value="ControlGroup(5).HasFocus" />
			</include>
			<include content="Description_Label">
				<param name="id" value="6" />
				<param name="type" value="textbox" />
				<param name="textcolor" value="$VAR[Settings_Label_Color]" />
				<param name="right" value="420" />
				<param name="height" value="100" />
				<param name="bottom" value="40" />
			</include>
			<include content="Button_Group_Template">
				<param name="onleft" value="5" />
				<param name="onright" value="3" />
				<param name="button1" value="true" />
				<param name="button1_id" value="30" />
				<param name="button1_texture" value="Refresh" />
				<param name="button2" value="true" />
				<param name="button2_id" value="29" />
				<param name="button2_texture" value="Cross" />
				<param name="button3" value="true" />
				<param name="button3_id" value="28" />
				<param name="button3_texture" value="Check" />
				<param name="color" value="$VAR[Settings_Label_Color]" />
				<param name="unfocused_color" value="$VAR[Settings_Label_Color]" />
			</include>
		</include>
	</controls>
</window>