<?xml version="1.0" encoding="UTF-8"?>
<window>
	<!-- subtitlesearch -->
	<defaultcontrol always="true">160</defaultcontrol>
	<include content="WindowOpenClose_Fade_Delayed_Animation" />
	<controls>
		<include content="Default_Dialog_Panel_And_Lists_Layout">
			<param name="visible" value="!Window.IsVisible(virtualkeyboard) + !Window.IsVisible(shutdownmenu)" />
			<param name="window_name" value="subtitlesearch" />
			<param name="breadcrumb_label_id" value="100" />
			<param name="grouplist_height" value="630" />
			<param name="left_list_id" value="150" />
			<param name="left_list_width" value="540" />
			<param name="left_list_onleft" value="301" />
			<param name="left_list_focus_color" value="$VAR[subtitlesearch_Left_List_Focused_Color]" />
			<param name="right_list_id" value="120" />
			<param name="right_list_width" value="1200" />
			<param name="right_list_height" value="540" />
			<param name="right_list_top" value="90" />
			<param name="right_list_onright" value="160" />
			<param name="right_list_focus_color" value="$VAR[subtitlesearch_Right_List_Focused_Color]" />
			<param name="right_list_label" value="$VAR[subtitlesearch_Label]" />
			<param name="right_list_label2_visible" value="false" />
			<param name="right_list_focus_border_visible" value="Control.HasFocus(120) | Control.HasFocus(61)" />
			<include content="Description_Label">
				<param name="id" value="130" />
				<param name="type" value="label" />
				<param name="textcolor" value="$VAR[Light_Color]" />
				<param name="label" value="$INFO[Player.Filename][CR][B]$LOCALIZE[31044][/B]" />
			</include>
			<control type="label" id="140">
				<left>660</left>
				<top>225</top>
				<width>1200</width>
				<height>90</height>
				<font>Default_Settings_Header</font>
			</control>
			<include content="Button_Group_Template">
				<param name="onleft" value="120" />
				<param name="onup" value="120" />
				<param name="onright" value="150" />
				<param name="button1" value="true" />
				<param name="button1_id" value="160" />
				<param name="button1_texture" value="Browse" />
				<param name="button2" value="true" />
				<param name="button2_id" value="301" />
				<param name="button2_texture" value="Cross" />
				<param name="button2_onclick" value="Close" />
			</include>
		</include>
	</controls>
</window>