<?xml version="1.0" encoding="UTF-8"?>
<window>
	<!-- systeminfo -->
	<defaultcontrol always="true">3010</defaultcontrol>
	<backgroundcolor>$VAR[Fanart_Slideshow_Global_Background_Color]</backgroundcolor>
	<include content="Settings_WindowOpenClose_Fade_Delayed_Animation" />
	<controls>
		<include content="Light_Theme_Background" condition="Skin.HasSetting(Fanart_Slideshow_Global_Disabled)" />
		<include content="Fanart_Slideshow_Global" condition="!Skin.HasSetting(Fanart_Slideshow_Global_Disabled)" />
		<include content="Default_Settings_Panel_Layout">
			<param name="left_list_id" value="50" />
			<param name="right_list_id" value="500" />
			<include content="Settings_Grouplist_Template">
				<param name="id" value="50" />
				<param name="onleft" value="3010" />
				<param name="onright" value="500" />
				<param name="include_permanent_underline" value="true" />
				<param name="include_scrollbar" value="false" />
				<include content="systeminfo_Left_List_Content" />
			</include>
			<include content="Settings_Grouplist_Template">
				<param name="id" value="500" />
				<param name="pagecontrol" value="61" />
				<param name="left" value="570" />
				<param name="width" value="1260" />
				<param name="onleft" value="50" />
				<param name="onright" value="3010" />
				<param name="scrollbar_visible" value="ControlGroup(500).HasFocus" />
				<defaultcontrol always="true">102</defaultcontrol>
				<include content="systeminfo_Right_List_Content" />
			</include>
			<control type="textbox" id="30">
				<visible>true</visible>
				<width>1140</width>
				<left>660</left>
				<height>630</height>
				<centertop>50%</centertop>
				<aligny>left</aligny>
				<font>Description</font>
				<textcolor>$VAR[Privacy_Policy_Color]</textcolor>
				<pagecontrol>61</pagecontrol>
				<autoscroll delay="5000" repeat="7500" time="5000">!Control.HasFocus(61)</autoscroll>
			</control>
			<include content="Settings_Grouplist_Scrollbar">
				<param name="target_id" value="30" />
				<param name="onleft" value="50" />
				<param name="onright" value="3010" />
				<param name="onback" value="50" />
			</include>
			<control type="textbox">
				<left>630</left>
				<width>540</width>
				<bottom>40</bottom>
				<height>102</height>
				<font>Description</font>
				<align>left</align>
				<label>$INFO[Control.GetLabel(52)]</label>
				<textcolor>$VAR[Settings_Label_Color]</textcolor>
			</control>
			<control type="textbox">
				<left>1170</left>
				<width>540</width>
				<bottom>40</bottom>
				<height>102</height>
				<font>Description</font>
				<align>left</align>
				<label>$LOCALIZE[13271] [B]$INFO[System.CPUUsage][/B][CR]$LOCALIZE[31059] [B]$INFO[System.Memory(used.percent)][/B]</label>
				<textcolor>$VAR[Settings_Label_Color]</textcolor>
			</control>
		</include>
		<include content="Hidden_Components">
			<control type="label" id="2" />
			<control type="label" id="3" />
			<control type="label" id="4" />
			<control type="label" id="5" />
			<control type="label" id="6" />
			<control type="label" id="7" />
			<control type="label" id="8" />
			<control type="label" id="9" />
			<control type="label" id="10" />
			<control type="label" id="11" />
			<control type="label" id="52" />
			<control type="label" id="53" />
		</include>
	</controls>
</window>