<?xml version="1.0" encoding="UTF-8"?>
<window type="window" id="1190">
  <defaultcontrol always="true">9999</defaultcontrol>
  <controls>
    <include content="Light_Theme_Background">
      <param name="visible" value="!$EXP[Background_IsVisible] + !String.IsEqual(Window(home).Property(Infoscreen_Transition),true) + Window.IsVisible(DialogVideoInfo.xml)" />
    </include>
    <control type="list" id="9999">
      <top>-1000</top>
      <left>-1000</left>
      <width>1</width>
      <height>1</height>
      <itemlayout />
      <focusedlayout />
      <content target="videos" browse="never">$INFO[Window(Home).Property(TMDbHelper.Path.Current)]</content>
    </control>
    <control type="image">
      <visible>!Window.IsVisible(DialogVideoInfo.xml)</visible>
      <include content="Visible_Fade_Animation" />
      <centerleft>50%</centerleft>
      <centertop>50%</centertop>
      <width>60</width>
      <height>60</height>
      <texture colordiffuse="$VAR[Volume_Focused_Color]">dialogs/busy.png</texture>
      <animation effect="rotate" start="0" end="-360" center="auto" time="Default_Transition_6x" loop="true" tween="cubic" easing="out" condition="true">Conditional</animation>
    </control>
  </controls>
</window>