<?xml version="1.0" encoding="UTF-8"?>
<window>
	<!-- home -->
	<onload>RunScript(script.skinshortcuts,type=buildxml&amp;mainmenuID=3000&amp;group=mainmenu|shutdownmenu)</onload>
	<onunload condition="String.IsEqual(Window(home).Property(Trailer_Autoplay),true) + Player.HasVideo">PlayerControl(Stop)</onunload>
	<onunload condition="String.IsEqual(Window(home).Property(Trailer_Autoplay),true)">ClearProperty(Trailer_Autoplay,home)</onunload>
	<defaultcontrol always="true">4010</defaultcontrol>
	<backgroundcolor>$VAR[Dark_Color]</backgroundcolor>
	<controls>
		<!-- Hidden -->
		<!-- Focus setter added to enable scrollbar to trigger on window load -->
		<include content="Focus_Setter">
			<param name="target_id" value="SetFocus(3000)" />
			<param name="time" value="360" />
		</include>
		<include content="Home_Container_Update_Bounce_Test" />
		<include content="User_Scroll_Delay" />
		<include content="Music_Player_Controls" condition="Skin.HasSetting(Music_Player_Enabled)" />
		<include content="MyViews_Multiart_Labels" condition="Skin.HasSetting(Multiart_Slideshow)" />
		<control type="list" id="3000">
			<viewtype label="535">list</viewtype>
			<width>800</width>
			<height>0</height>
			<onfocus>ClearProperty(Home_Widget,home)</onfocus>
			<include content="Home_Menu_Navigation" />
			<orientation>horizontal</orientation>
			<itemlayout width="100" />
			<focusedlayout width="100" />
			<content>
				<include content="skinshortcuts-mainmenu" />
			</content>
		</control>
		<!-- Background -->
		<include content="Light_Theme_Background">
			<param name="visible" value="!$EXP[Background_IsVisible]" />
			<include content="Trailer_Autoplay_Fade_Delayed_Animation" condition="Skin.HasSetting(Trailer_Autoplay)" />
		</include>
		<control type="group">
			<visible>[Control.HasFocus(4010) | Control.HasFocus(4201) | Control.HasFocus(3000) | Control.HasFocus(4300) | $EXP[Music_Player_HasFocus]] + !$EXP[Infoscreen_IsVisible] + !$EXP[globalsearch_IsVisible]</visible>
			<include content="VisibleHidden_Fade_Animation" />
			<include content="Background_Home" />
			<include content="Home_Clearlogo" condition="Skin.HasSetting(Home_Screensaver_Enabled)" />
		</control>
		<!-- Video player -->
		<include content="Embedded_VideoPlayer">
			<param name="visible" value="[VideoPlayer.Content(livetv) + [Control.HasFocus(3000) | Control.HasFocus(4010) | Control.HasFocus(4201) | Control.HasFocus(4300) | $EXP[Music_Player_HasFocus]] + !$EXP[Infoscreen_IsVisible] + !$EXP[globalsearch_IsVisible]] | String.IsEqual(Window(home).Property(Trailer_Autoplay),true)" />
		</include>
		<include content="Trailer_Autoplay_Mask" condition="Skin.HasSetting(Trailer_Autoplay)">
			<param name="timer" value="trailer_autoplay_home" />
		</include>
		<!-- Content -->
		<control type="group">
			<include content="WindowOpenClose_Fade_Delayed_Long_Animation" />
			<control type="group">
				<visible>Control.HasFocus(3000) | $EXP[Music_Player_HasFocus] | Control.HasFocus(4201)</visible>
				<visible>!$EXP[TransparentDialog_IsVisible] + !Window.IsVisible(favourites) + !$EXP[Infoscreen_IsVisible] + !$EXP[globalsearch_IsVisible]</visible>
				<include content="Visible_Fade_Delayed_Animation" />
				<include content="Trailer_Autoplay_Fade_Animation" condition="Skin.HasSetting(Trailer_Autoplay)" />
				<include content="Horizontal_List">
					<param name="hidden_id" value="3000" />
					<param name="focused_color" value="$VAR[Light_Color]" />
					<param name="unfocused_color" value="$VAR[Light_Color]" />
				</include>
				<include content="Home_Time_Widget" condition="!Skin.String(Time_Widget,None) + !Skin.HasSetting(Time_Widget_Persistent)" />
				<include content="globalsearch_Button" condition="!Skin.HasSetting(GlobalSearch_Disabled)" />
			</control>
			<include content="Home_Widgets" condition="Skin.HasSetting(Widgets_Enabled)" />
			<include content="Home_Time_Widget" condition="!Skin.String(Time_Widget,None) + Skin.HasSetting(Time_Widget_Persistent)" />
			<include content="Music_Player_Widget" condition="Skin.HasSetting(Music_Player_Enabled)">
				<param name="left_label_visible" value="true" />
				<param name="background_visible" value="false" />
				<include content="Trailer_Autoplay_Fade_Animation" condition="Skin.HasSetting(Trailer_Autoplay)" />
			</include>
		</control>
	</controls>
</window>