<?xml version="1.0" encoding="UTF-8"?>
<includes>

	<variable name="Widget1_Custom_Path">
		<value>$INFO[Skin.String(Widget1_Custom_Path)]</value>
	</variable>
	<variable name="Widget2_Custom_Path">
		<value>$INFO[Skin.String(Widget2_Custom_Path)]</value>
	</variable>
	<variable name="Widget3_Custom_Path">
		<value>$INFO[Skin.String(Widget3_Custom_Path)]</value>
	</variable>
	<variable name="Widget4_Custom_Path">
		<value>$INFO[Skin.String(Widget4_Custom_Path)]</value>
	</variable>
	<variable name="Widget5_Custom_Path">
		<value>$INFO[Skin.String(Widget5_Custom_Path)]</value>
	</variable>
	<variable name="Widget6_Custom_Path">
		<value>$INFO[Skin.String(Widget6_Custom_Path)]</value>
	</variable>
	<variable name="Widget7_Custom_Path">
		<value>$INFO[Skin.String(Widget7_Custom_Path)]</value>
	</variable>
	<variable name="Widget8_Custom_Path">
		<value>$INFO[Skin.String(Widget8_Custom_Path)]</value>
	</variable>
	<variable name="Widget9_Custom_Path">
		<value>$INFO[Skin.String(Widget9_Custom_Path)]</value>
	</variable>


	<variable name="TMDBHelper_Default_Params">
		<value>nextpage=false&amp;fanarttv=false</value>
	</variable>

	<!-- Home -->
	<variable name="Path_LikedSongs_Value">
		<!-- user rating must be greater than value -->
		<value condition="Skin.String(Music_Rating_Like_Threshold,10)">9</value>
		<value condition="Skin.String(Music_Rating_Like_Threshold,9)">8</value>
		<value condition="Skin.String(Music_Rating_Like_Threshold,8)">7</value>
		<value condition="Skin.String(Music_Rating_Like_Threshold,7)">6</value>
		<value condition="Skin.String(Music_Rating_Like_Threshold,6)">5</value>
		<value condition="Skin.String(Music_Rating_Like_Threshold,5)">4</value>
		<value condition="Skin.String(Music_Rating_Like_Threshold,4)">3</value>
		<value condition="Skin.String(Music_Rating_Like_Threshold,3)">2</value>
		<value condition="Skin.String(Music_Rating_Like_Threshold,2)">1</value>
		<value condition="Skin.String(Music_Rating_Like_Threshold,1)">0</value>
		<value>7</value>
	</variable>

	<!-- Info -->
	<variable name="ContainerPath_X">
		<value condition="[!$EXP[Infoscreen_Widget_Prefer_TMDbHelper] | [Window.IsVisible(videos) + String.IsEqual(Window.Property(Breadcrumb_Level),01)]] + !String.IsEmpty(Container.FolderPath)">$INFO[Container.FolderPath]</value>
		<value condition="[!$EXP[Infoscreen_Widget_Prefer_TMDbHelper] | [!Window.IsVisible(videos) + String.IsEqual(Window.Property(Breadcrumb_Level),01)]] + Integer.IsGreater(ListItem.DBID,0) + String.IsEqual(ListItem.DBType,movie)">videodb://movies/titles/?xsp=%7B%22order%22%3A%7B%22direction%22%3A%22ascending%22%2C%22ignorefolders%22%3A0%2C%22method%22%3A%22sorttitle%22%7D%2C%22rules%22%3A%7B%22and%22%3A%5B%7B%22field%22%3A%22title%22%2C%22operator%22%3A%22is%22%2C%22value%22%3A%5B$ESCINFO[ListItem.Title]%5D%7D%5D%7D%2C%22type%22%3A%22movies%22%7D</value>
		<value condition="[!$EXP[Infoscreen_Widget_Prefer_TMDbHelper] | [!Window.IsVisible(videos) + String.IsEqual(Window.Property(Breadcrumb_Level),01)]] + Integer.IsGreater(ListItem.DBID,0) + String.IsEqual(ListItem.DBType,tvshow)">videodb://tvshows/titles/?xsp=%7B%22order%22%3A%7B%22direction%22%3A%22ascending%22%2C%22ignorefolders%22%3A0%2C%22method%22%3A%22sorttitle%22%7D%2C%22rules%22%3A%7B%22and%22%3A%5B%7B%22field%22%3A%22title%22%2C%22operator%22%3A%22is%22%2C%22value%22%3A%5B$ESCINFO[ListItem.Title]%5D%7D%5D%7D%2C%22type%22%3A%22tvshows%22%7D</value>
		<value condition="[!$EXP[Infoscreen_Widget_Prefer_TMDbHelper] | [!Window.IsVisible(videos) + String.IsEqual(Window.Property(Breadcrumb_Level),01)]] + Integer.IsGreater(ListItem.DBID,0) + String.IsEqual(ListItem.DBType,episode)">$INFO[ListItem.TVShowDBID,videodb://tvshows/titles/]$INFO[Window(home).Property(Season_Number),/,/]</value>
		<value condition="[!$EXP[Infoscreen_Widget_Prefer_TMDbHelper] | [!Window.IsVisible(videos) + String.IsEqual(Window.Property(Breadcrumb_Level),01)]] + Integer.IsGreater(ListItem.DBID,0) + String.IsEqual(ListItem.DBType,artist)">musicdb://artists/?xsp=%7B%22order%22%3A%7B%22direction%22%3A%22ascending%22%2C%22ignorefolders%22%3A0%2C%22method%22%3A%22sorttitle%22%7D%2C%22rules%22%3A%7B%22and%22%3A%5B%7B%22field%22%3A%22title%22%2C%22operator%22%3A%22is%22%2C%22value%22%3A%5B$ESCINFO[ListItem.Title]%5D%7D%5D%7D%2C%22type%22%3A%22artists%22%7D</value>
		<value condition="[!$EXP[Infoscreen_Widget_Prefer_TMDbHelper] | [!Window.IsVisible(videos) + String.IsEqual(Window.Property(Breadcrumb_Level),01)]] + Integer.IsGreater(ListItem.DBID,0) + String.IsEqual(ListItem.DBType,album)">musicdb://albums/?xsp=%7B%22order%22%3A%7B%22direction%22%3A%22ascending%22%2C%22ignorefolders%22%3A0%2C%22method%22%3A%22sorttitle%22%7D%2C%22rules%22%3A%7B%22and%22%3A%5B%7B%22field%22%3A%22title%22%2C%22operator%22%3A%22is%22%2C%22value%22%3A%5B$ESCINFO[ListItem.Title]%5D%7D%5D%7D%2C%22type%22%3A%22albums%22%7D</value>
		<value condition="[!$EXP[Infoscreen_Widget_Prefer_TMDbHelper] | [!Window.IsVisible(videos) + String.IsEqual(Window.Property(Breadcrumb_Level),01)]] + Integer.IsGreater(ListItem.DBID,0) + String.IsEqual(ListItem.DBType,song)">musicdb://songs/?xsp=%7B%22order%22%3A%7B%22direction%22%3A%22ascending%22%2C%22ignorefolders%22%3A0%2C%22method%22%3A%22sorttitle%22%7D%2C%22rules%22%3A%7B%22and%22%3A%5B%7B%22field%22%3A%22title%22%2C%22operator%22%3A%22is%22%2C%22value%22%3A%5B$ESCINFO[ListItem.Title]%5D%7D%5D%7D%2C%22type%22%3A%22songs%22%7D</value>
		<value>$INFO[ListItem.FolderPath]</value>
	</variable>

	<variable name="Path_MovieSet">
		<value condition="!$EXP[Infoscreen_Widget_Prefer_TMDbHelper] + !String.IsEmpty(ListItem.SetID)">videodb://movies/titles/?setid=$INFO[ListItem.SetID]</value>
		<value condition="System.AddonIsEnabled(plugin.video.themoviedb.helper) + !String.IsEmpty(ListItem.Set)">plugin://plugin.video.themoviedb.helper?info=collection&amp;type=movie&amp;query=$INFO[ListItem.Set]&amp;$VAR[TMDBHelper_Default_Params]</value>
	</variable>

	<variable name="Path_Episodes">
		<value condition="Integer.IsGreater(ListItem.TVShowDBID,0) + !String.IsEmpty(Window(home).Property(Season_Number))">$INFO[ListItem.TVShowDBID,videodb://tvshows/titles/]$INFO[Window(home).Property(Season_Number),/,/]</value>
		<value condition="Integer.IsGreater(ListItem.DBID,0)">videodb://tvshows/titles/$INFO[ListItem.DBID]/$INFO[ListItem.Season]/</value>
	</variable>

	<variable name="Path_Seasons">
		<value condition="!$EXP[Infoscreen_Widget_Prefer_TMDbHelper] + Integer.IsGreater(ListItem.DBID,0) + String.IsEqual(ListItem.DBType,tvshow)">videodb://tvshows/titles/$INFO[ListItem.DBID]/</value>
		<value condition="!$EXP[Infoscreen_Widget_Prefer_TMDbHelper] + Integer.IsGreater(ListItem.TVShowDBID,0)">videodb://tvshows/titles/$INFO[ListItem.TVShowDBID]/</value>
		<value condition="System.AddonIsEnabled(plugin.video.themoviedb.helper) + String.IsEqual(ListItem.DBType,tvshow) + String.IsEqual(ListItem.TVShowTitle,ListItem.Label)">plugin://plugin.video.themoviedb.helper?info=seasons&amp;type=tv&amp;query='$ESCINFO[ListItem.TVShowTitle]'&amp;year=$INFO[ListItem.Year]&amp;$VAR[TMDBHelper_Default_Params]</value>
		<value condition="System.AddonIsEnabled(plugin.video.themoviedb.helper) + !String.IsEmpty(ListItem.TVShowTitle) + !String.IsEmpty(ListItem.Season)">plugin://plugin.video.themoviedb.helper?info=episodes&amp;type=tv&amp;query='$ESCINFO[ListItem.TVShowTitle]'&amp;season=$INFO[ListItem.Season]&amp;year=$INFO[ListItem.Year]&amp;$VAR[TMDBHelper_Default_Params]</value>
	</variable>

	<variable name="Path_ActorCredits">
		<value condition="!$EXP[Infoscreen_Widget_Prefer_TMDbHelper] + !String.IsEmpty(Container(50).ListItem.Label) + Integer.IsGreater(ListItem.DBID,0)">plugin://script.copacetic.helper/?info=actor_credits&amp;label=$INFO[Container(50).ListItem.Label]</value>
		<value condition="System.AddonIsEnabled(plugin.video.themoviedb.helper) + !String.IsEmpty(Container(50).ListItem.Label) + [String.IsEqual(ListItem.DBType,tvshow) | String.IsEqual(ListItem.DBType,episode)]">plugin://plugin.video.themoviedb.helper?info=stars_in_tvshows&amp;type=person&amp;query=$INFO[Container(50).ListItem.Label]&amp;exclude_key=title&amp;exclude_value=$INFO[ListItem.Title]&amp;$VAR[TMDBHelper_Default_Params]</value>
		<value condition="System.AddonIsEnabled(plugin.video.themoviedb.helper) + !String.IsEmpty(Container(50).ListItem.Label) + String.IsEqual(ListItem.DBType,movie)">plugin://plugin.video.themoviedb.helper?info=stars_in_movies&amp;type=person&amp;query=$INFO[Container(50).ListItem.Label]&amp;exclude_key=title&amp;exclude_value=$INFO[ListItem.Title]&amp;$VAR[TMDBHelper_Default_Params]</value>
		<!-- <value condition="!String.IsEmpty(Container(50).ListItem.Label) + String.IsEqual(ListItem.DBType,movie)">videodb://movies/titles/?xsp=%7B%22rules%22%3A%7B%22and%22%3A%5B%7B%22field%22%3A%22actor%22%2C%22operator%22%3A%22is%22%2C%22value%22%3A%5B%22$INFO[Container(50).ListItem.Label]%22%5D%7D%5D%7D%2C%22type%22%3A%22movies%22%7D</value> -->
		<!-- <value condition="!String.IsEmpty(Container(50).ListItem.Label) + String.IsEqual(ListItem.DBType,tvshow)">videodb://tvshows/titles/?xsp=%7B%22rules%22%3A%7B%22and%22%3A%5B%7B%22field%22%3A%22actor%22%2C%22operator%22%3A%22is%22%2C%22value%22%3A%5B%22$INFO[Container(50).ListItem.Label]%22%5D%7D%5D%7D%2C%22type%22%3A%22tvshows%22%7D</value> -->
		<!-- Path for a mix of results from across the first 5 actors -->
		<!--<value>videodb://movies/titles/?xsp=%7B%22rules%22%3A%7B%22or%22%3A%5B%7B%22field%22%3A%22actor%22%2C%22operator%22%3A%22is%22%2C%22value%22%3A%5B%22$INFO[Container(50).ListItemAbsolute(0).Label]%22%5D%7D%2C%7B%22field%22%3A%22actor%22%2C%22operator%22%3A%22is%22%2C%22value%22%3A%5B%22$INFO[Container(50).ListItemAbsolute(1).Label]%22%5D%7D%2C%7B%22field%22%3A%22actor%22%2C%22operator%22%3A%22is%22%2C%22value%22%3A%5B%22$INFO[Container(50).ListItemAbsolute(2).Label]%22%5D%7D%2C%7B%22field%22%3A%22actor%22%2C%22operator%22%3A%22is%22%2C%22value%22%3A%5B%22$INFO[Container(50).ListItemAbsolute(3).Label]%22%5D%7D%2C%7B%22field%22%3A%22actor%22%2C%22operator%22%3A%22is%22%2C%22value%22%3A%5B%22$INFO[Container(50).ListItemAbsolute(4).Label]%22%5D%7D%2C%7B%22field%22%3A%22actor%22%2C%22operator%22%3A%22is%22%2C%22value%22%3A%5B%22$INFO[Container(50).ListItemAbsolute(5).Label]%22%5D%7D%2C%7B%22field%22%3A%22actor%22%2C%22operator%22%3A%22is%22%2C%22value%22%3A%5B%22$INFO[Container(50).ListItemAbsolute(6).Label]%22%5D%7D%5D%7D%2C%22type%22%3A%22movies%22%7D</value>-->
	</variable>

	<variable name="Path_DirectorCredits">
		<value condition="!$EXP[Infoscreen_Widget_Prefer_TMDbHelper] + Integer.IsGreater(ListItem.DBID,0) + !String.IsEmpty(Window(home).Property(RandomDirector))">plugin://script.copacetic.helper/?info=director_credits&amp;label=$INFO[Window(home).Property(RandomDirector)]&amp;exclude_value=$INFO[ListItem.Title]</value>
		<value condition="!$EXP[Infoscreen_Widget_Prefer_TMDbHelper] + Integer.IsGreater(ListItem.DBID,0) + !String.IsEmpty(ListItem.Director)">plugin://script.copacetic.helper/?info=director_credits&amp;label=$INFO[ListItem.Director]&amp;exclude_value=$INFO[ListItem.Title]</value>
		<value condition="System.AddonIsEnabled(plugin.video.themoviedb.helper) + !String.IsEmpty(Window(home).Property(RandomDirector))">plugin://plugin.video.themoviedb.helper?info=crew_in_movies&amp;type=person&amp;query='$ESCINFO[Window(home).Property(RandomDirector)]'&amp;filter_key=job&amp;filter_value=Director&amp;exclude_key=title&amp;exclude_value=$INFO[ListItem.Title]&amp;$VAR[TMDBHelper_Default_Params]</value>
		<value condition="System.AddonIsEnabled(plugin.video.themoviedb.helper) + !String.IsEmpty(ListItem.Director)">plugin://plugin.video.themoviedb.helper?info=crew_in_movies&amp;type=person&amp;query='$ESCINFO[ListItem.Director]'&amp;filter_key=job&amp;filter_value=Director&amp;exclude_key=title&amp;exclude_value=$INFO[ListItem.Title]&amp;$VAR[TMDBHelper_Default_Params]</value>
		<!-- <value condition="!$EXP[Infoscreen_Widget_Prefer_TMDbHelper] + !String.IsEmpty(Window(home).Property(RandomDirector)) + Integer.IsGreater(ListItem.DBID,0)">videodb://movies/titles/?xsp=%7B%22rules%22%3A%7B%22and%22%3A%5B%7B%22field%22%3A%22director%22%2C%22operator%22%3A%22contains%22%2C%22value%22%3A%5B$ESCINFO[Window(home).Property(RandomDirector)]%5D%7D%2C%7B%22field%22%3A%22title%22%2C%22operator%22%3A%22isnot%22%2C%22value%22%3A%5B$ESCINFO[ListItem.Title]%5D%7D%5D%7D%2C%22type%22%3A%22movies%22%7D</value> -->
	</variable>

	<variable name="Path_MusicVideos">
		<value condition="!String.IsEmpty(ListItem.Artist) + String.IsEqual(ListItem.DBType,artist)">videodb://musicvideos/titles/?xsp=%7B%22rules%22%3A%7B%22and%22%3A%5B%7B%22field%22%3A%22artist%22%2C%22operator%22%3A%22is%22%2C%22value%22%3A%5B$ESCINFO[ListItem.Artist]%5D%7D%5D%7D%2C%22type%22%3A%22musicvideos%22%7D</value>
		<value condition="!String.IsEmpty(ListItem.Artist) + !String.IsEmpty(ListItem.Album) + String.IsEqual(ListItem.DBType,album)">videodb://musicvideos/titles/?xsp=%7B%22rules%22%3A%7B%22and%22%3A%5B%7B%22field%22%3A%22artist%22%2C%22operator%22%3A%22is%22%2C%22value%22%3A%5B$ESCINFO[ListItem.Artist]%5D%7D%2C%7B%22field%22%3A%22album%22%2C%22operator%22%3A%22contains%22%2C%22value%22%3A%5B$ESCINFO[ListItem.Album]%5D%7D%5D%7D%2C%22type%22%3A%22musicvideos%22%7D</value>
		<value condition="!String.IsEmpty(ListItem.Artist) + !String.IsEmpty(ListItem.Album) + !String.IsEmpty(ListItem.Title) + String.IsEqual(ListItem.DBType,song)">videodb://musicvideos/titles/?xsp=%7B%22rules%22%3A%7B%22and%22%3A%5B%7B%22field%22%3A%22artist%22%2C%22operator%22%3A%22is%22%2C%22value%22%3A%5B$ESCINFO[ListItem.Artist]%5D%7D%2C%7B%22field%22%3A%22title%22%2C%22operator%22%3A%22contains%22%2C%22value%22%3A%5B$ESCINFO[ListItem.Title]%5D%7D%5D%7D%2C%22type%22%3A%22musicvideos%22%7D</value>
	</variable>

	<variable name="Path_StudioCredits">
		<value condition="!$EXP[Infoscreen_Widget_Prefer_TMDbHelper] + Integer.IsGreater(ListItem.DBID,0) + !String.IsEmpty(Window(home).Property(StudioSplit.0)) + !String.IsEmpty(ListItem.TVShowTitle)">videodb://tvshows/titles/?xsp=%7B%22rules%22%3A%7B%22and%22%3A%5B%7B%22field%22%3A%22studio%22%2C%22operator%22%3A%22contains%22%2C%22value%22%3A%5B$VAR[Studio_Label]%5D%7D%2C%7B%22field%22%3A%22title%22%2C%22operator%22%3A%22isnot%22%2C%22value%22%3A%5B%22$INFO[Window(home).Property(URL_Encoded_Title)]%22%5D%7D%5D%7D%2C%22type%22%3A%22tvshows%22%7D</value>
		<value condition="!$EXP[Infoscreen_Widget_Prefer_TMDbHelper] + Integer.IsGreater(ListItem.DBID,0) + !String.IsEmpty(Window(home).Property(StudioSplit.0))">videodb://movies/titles/?xsp=%7B%22rules%22%3A%7B%22and%22%3A%5B%7B%22field%22%3A%22studio%22%2C%22operator%22%3A%22is%22%2C%22value%22%3A%5B$ESCINFO[Window(home).Property(StudioSplit.0)]%5D%7D%2C%7B%22field%22%3A%22title%22%2C%22operator%22%3A%22isnot%22%2C%22value%22%3A%5B%22$INFO[Window(home).Property(URL_Encoded_Title)]%22%5D%7D%5D%7D%2C%22type%22%3A%22movies%22%7D</value>
		<value condition="!$EXP[Infoscreen_Widget_Prefer_TMDbHelper] + Integer.IsGreater(ListItem.DBID,0) + !String.IsEmpty(ListItem.Studio) + !String.IsEmpty(ListItem.TVShowTitle)">videodb://tvshows/titles/?xsp=%7B%22rules%22%3A%7B%22and%22%3A%5B%7B%22field%22%3A%22studio%22%2C%22operator%22%3A%22is%22%2C%22value%22%3A%5B$ESCINFO[ListItem.Studio]%5D%7D%2C%7B%22field%22%3A%22title%22%2C%22operator%22%3A%22isnot%22%2C%22value%22%3A%5B%22$INFO[Window(home).Property(URL_Encoded_Title)]%22%5D%7D%5D%7D%2C%22type%22%3A%22tvshows%22%7D</value>
		<value condition="!$EXP[Infoscreen_Widget_Prefer_TMDbHelper] + Integer.IsGreater(ListItem.DBID,0) + !String.IsEmpty(ListItem.Studio)">videodb://movies/titles/?xsp=%7B%22rules%22%3A%7B%22and%22%3A%5B%7B%22field%22%3A%22studio%22%2C%22operator%22%3A%22is%22%2C%22value%22%3A%5B$ESCINFO[ListItem.Studio]%5D%7D%2C%7B%22field%22%3A%22title%22%2C%22operator%22%3A%22isnot%22%2C%22value%22%3A%5B%22$INFO[Window(home).Property(URL_Encoded_Title)]%22%5D%7D%5D%7D%2C%22type%22%3A%22movies%22%7D</value>
		<value condition="System.AddonIsEnabled(plugin.video.themoviedb.helper) + !String.IsEmpty(ListItem.Property(Network.1.TMDb_ID)) + !String.IsEmpty(ListItem.TVShowTitle)">plugin://plugin.video.themoviedb.helper?info=discover&amp;type=tv&amp;with_networks=$INFO[ListItem.Property(Network.1.TMDb_ID)]&amp;exclude_key=title&amp;exclude_value=$INFO[ListItem.Title]&amp;$VAR[TMDBHelper_Default_Params]</value>
		<value condition="System.AddonIsEnabled(plugin.video.themoviedb.helper) + !String.IsEmpty(ListItem.Studio)">plugin://plugin.video.themoviedb.helper?info=discover&amp;type=movie&amp;with_companies=$INFO[ListItem.Studio]&amp;exclude_key=title&amp;exclude_value=$INFO[ListItem.Title]&amp;$VAR[TMDBHelper_Default_Params]</value>
	</variable>

	<variable name="Path_Discography">
		<value condition="!String.IsEmpty(ListItem.Artist) + String.IsEqual(ListItem.DBType,artist)">musicdb://albums/?artistid=$INFO[ListItem.DBID]</value>
		<value condition="!String.IsEmpty(ListItem.Artist)">musicdb://albums/?xsp=%7b%22rules%22%3a%7b%22and%22%3a%5b%7b%22field%22%3a%22artist%22%2c%22operator%22%3a%22is%22%2c%22value%22%3a%5b%22$INFO[Window(home).Property(URL_Encoded_Artist)]%22%5d%7d%5d%7d%2c%22type%22%3a%22albums%22%7d</value>
	</variable>

	<variable name="Path_Similar">
		<value condition="!$EXP[Infoscreen_Widget_Prefer_TMDbHelper] + Integer.IsGreater(ListItem.DBID,0) + !String.IsEmpty(Window(home).Property(RandomGenre)) + !String.IsEmpty(ListItem.TVShowTitle)">videodb://tvshows/titles/?xsp=%7B%22rules%22%3A%7B%22and%22%3A%5B%7B%22field%22%3A%22genre%22%2C%22operator%22%3A%22contains%22%2C%22value%22%3A%5B$ESCINFO[Window(home).Property(RandomGenre)]%5D%7D%2C%7B%22field%22%3A%22title%22%2C%22operator%22%3A%22isnot%22%2C%22value%22%3A%5B%22$INFO[Window(home).Property(URL_Encoded_Title)]%22%5D%7D%5D%7D%2C%22type%22%3A%22tvshows%22%7D%0A</value>
		<value condition="!$EXP[Infoscreen_Widget_Prefer_TMDbHelper] + Integer.IsGreater(ListItem.DBID,0) + !String.IsEmpty(Window(home).Property(RandomGenre))">videodb://movies/titles/?xsp=%7B%22rules%22%3A%7B%22and%22%3A%5B%7B%22field%22%3A%22genre%22%2C%22operator%22%3A%22contains%22%2C%22value%22%3A%5B$ESCINFO[Window(home).Property(RandomGenre)]%5D%7D%2C%7B%22field%22%3A%22title%22%2C%22operator%22%3A%22isnot%22%2C%22value%22%3A%5B%22$INFO[Window(home).Property(URL_Encoded_Title)]%22%5D%7D%5D%7D%2C%22type%22%3A%22movies%22%7D%0A</value>
		<value condition="!$EXP[Infoscreen_Widget_Prefer_TMDbHelper] + Integer.IsGreater(ListItem.DBID,0) + !String.IsEmpty(ListItem.Genre) + !String.IsEmpty(ListItem.TVShowTitle)">videodb://tvshows/titles/?xsp=%7B%22rules%22%3A%7B%22and%22%3A%5B%7B%22field%22%3A%22genre%22%2C%22operator%22%3A%22contains%22%2C%22value%22%3A%5B$ESCINFO[ListItem.Genre]%5D%7D%2C%7B%22field%22%3A%22title%22%2C%22operator%22%3A%22isnot%22%2C%22value%22%3A%5B%22$INFO[Window(home).Property(URL_Encoded_Title)]%22%5D%7D%5D%7D%2C%22type%22%3A%22tvshows%22%7D%0A</value>
		<value condition="!$EXP[Infoscreen_Widget_Prefer_TMDbHelper] + Integer.IsGreater(ListItem.DBID,0) + !String.IsEmpty(ListItem.Genre)">videodb://movies/titles/?xsp=%7B%22rules%22%3A%7B%22and%22%3A%5B%7B%22field%22%3A%22genre%22%2C%22operator%22%3A%22contains%22%2C%22value%22%3A%5B$ESCINFO[ListItem.Genre]%5D%7D%2C%7B%22field%22%3A%22title%22%2C%22operator%22%3A%22isnot%22%2C%22value%22%3A%5B%22$INFO[Window(home).Property(URL_Encoded_Title)]%22%5D%7D%5D%7D%2C%22type%22%3A%22movies%22%7D%0A</value>
		<value condition="System.AddonIsEnabled(plugin.video.themoviedb.helper) + !String.IsEmpty(ListItem.Property(tmdb_id)) + !String.IsEmpty(ListItem.TVShowTitle)">plugin://plugin.video.themoviedb.helper?info=similar&amp;type=tv&amp;tmdb_id=$INFO[ListItem.Property(tmdb_id)]&amp;exclude_key=title&amp;exclude_value=$INFO[ListItem.TVShowTitle]&amp;$VAR[TMDBHelper_Default_Params]</value>
		<value condition="System.AddonIsEnabled(plugin.video.themoviedb.helper) + !String.IsEmpty(ListItem.Property(tmdb_id))">plugin://plugin.video.themoviedb.helper?info=similar&amp;type=movie&amp;tmdb_id=$INFO[ListItem.Property(tmdb_id)]&amp;exclude_key=title&amp;exclude_value=$INFO[ListItem.Title]&amp;$VAR[TMDBHelper_Default_Params]</value>
	</variable>

	<variable name="Path_SimilarArtists">
		<value condition="!String.IsEmpty(Window(home).Property(RandomGenre)) + String.IsEqual(ListItem.DBType,artist)">musicdb://artists/?xsp=%7B%22rules%22%3A%7B%22and%22%3A%5B%7B%22field%22%3A%22genre%22%2C%22operator%22%3A%22contains%22%2C%22value%22%3A%5B$ESCINFO[Window(home).Property(RandomGenre)]%5D%7D%2C%7B%22field%22%3A%22artist%22%2C%22operator%22%3A%22isnot%22%2C%22value%22%3A%5B%22$INFO[Window(home).Property(URL_Encoded_Artist)]%22%5D%7D%5D%7D%2C%22type%22%3A%22artists%22%7D%0A</value>
		<value condition="!String.IsEmpty(Window(home).Property(RandomGenre)) + String.IsEqual(ListItem.DBType,song)">musicdb://artists/?xsp=%7B%22rules%22%3A%7B%22and%22%3A%5B%7B%22field%22%3A%22genre%22%2C%22operator%22%3A%22contains%22%2C%22value%22%3A%5B$ESCINFO[Window(home).Property(RandomGenre)]%5D%7D%2C%7B%22field%22%3A%22artist%22%2C%22operator%22%3A%22isnot%22%2C%22value%22%3A%5B%22$INFO[Window(home).Property(URL_Encoded_Artist)]%22%5D%7D%5D%7D%2C%22type%22%3A%22artists%22%7D%0A</value>
		<value condition="!String.IsEmpty(ListItem.Genre) + String.IsEqual(ListItem.DBType,artist)">musicdb://artists/?xsp=%7B%22rules%22%3A%7B%22and%22%3A%5B%7B%22field%22%3A%22genre%22%2C%22operator%22%3A%22contains%22%2C%22value%22%3A%5B$ESCINFO[ListItem.Genre]%5D%7D%2C%7B%22field%22%3A%22artist%22%2C%22operator%22%3A%22isnot%22%2C%22value%22%3A%5B%22$INFO[Window(home).Property(URL_Encoded_Artist)]%22%5D%7D%5D%7D%2C%22type%22%3A%22artists%22%7D%0A</value>
		<value condition="!String.IsEmpty(ListItem.Genre) + String.IsEqual(ListItem.DBType,song)">musicdb://artists/?xsp=%7B%22rules%22%3A%7B%22and%22%3A%5B%7B%22field%22%3A%22genre%22%2C%22operator%22%3A%22contains%22%2C%22value%22%3A%5B$ESCINFO[ListItem.Genre]%5D%7D%2C%7B%22field%22%3A%22artist%22%2C%22operator%22%3A%22isnot%22%2C%22value%22%3A%5B%22$INFO[Window(home).Property(URL_Encoded_Artist)]%22%5D%7D%5D%7D%2C%22type%22%3A%22artists%22%7D%0A</value>
	</variable>

	<variable name="Path_SimilarAlbums">
		<value condition="!String.IsEmpty(Window(home).Property(RandomGenre))">musicdb://albums/?xsp=%7B%22rules%22%3A%7B%22and%22%3A%5B%7B%22field%22%3A%22genre%22%2C%22operator%22%3A%22contains%22%2C%22value%22%3A%5B$ESCINFO[Window(home).Property(RandomGenre)]%5D%7D%2C%7B%22field%22%3A%22album%22%2C%22operator%22%3A%22isnot%22%2C%22value%22%3A%5B%22$INFO[Window(home).Property(URL_Encoded_Album)]%22%5D%7D%5D%7D%2C%22type%22%3A%22albums%22%7D%0A</value>
		<value condition="!String.IsEmpty(ListItem.Genre)">musicdb://albums/?xsp=%7B%22rules%22%3A%7B%22and%22%3A%5B%7B%22field%22%3A%22genre%22%2C%22operator%22%3A%22contains%22%2C%22value%22%3A%5B$ESCINFO[ListItem.Genre]%5D%7D%2C%7B%22field%22%3A%22album%22%2C%22operator%22%3A%22isnot%22%2C%22value%22%3A%5B%22$INFO[Window(home).Property(URL_Encoded_Album)]%22%5D%7D%5D%7D%2C%22type%22%3A%22albums%22%7D%0A</value>
	</variable>

	<variable name="Path_SimilarSongs">
		<value condition="!String.IsEmpty(Window(home).Property(RandomGenre))">musicdb://songs/?xsp=%7B%22rules%22%3A%7B%22and%22%3A%5B%7B%22field%22%3A%22genre%22%2C%22operator%22%3A%22contains%22%2C%22value%22%3A%5B$ESCINFO[Window(home).Property(RandomGenre)]%5D%7D%2C%7B%22field%22%3A%22title%22%2C%22operator%22%3A%22isnot%22%2C%22value%22%3A%5B%22$INFO[Window(home).Property(URL_Encoded_Song)]%22%5D%7D%5D%7D%2C%22type%22%3A%22songs%22%7D%0A</value>
		<value condition="!String.IsEmpty(ListItem.Genre)">musicdb://songs/?xsp=%7B%22rules%22%3A%7B%22and%22%3A%5B%7B%22field%22%3A%22genre%22%2C%22operator%22%3A%22contains%22%2C%22value%22%3A%5B$ESCINFO[ListItem.Genre]%5D%7D%2C%7B%22field%22%3A%22title%22%2C%22operator%22%3A%22isnot%22%2C%22value%22%3A%5B%22$INFO[Window(home).Property(URL_Encoded_Song)]%22%5D%7D%5D%7D%2C%22type%22%3A%22songs%22%7D%0A</value>
	</variable>


	<!-- globalsearch -->
	<variable name="Path_globalsearch_Movies">
		<!-- title*, plot, genre*, set*, director*, actor*, studio*, tag -->
		<value condition="Skin.HasSetting(GlobalSearch_TVShows_Tag_Disabled) + Skin.HasSetting(GlobalSearch_Movies_Tag_Disabled)">videodb://movies/titles/?xsp=%7B%22rules%22%3A%7B%22or%22%3A%5B%7B%22field%22%3A%22title%22%2C%22operator%22%3A%22contains%22%2C%22value%22%3A%5B%22$INFO[Skin.String(globalsearch)]%22%5D%7D%2C%7B%22field%22%3A%22genre%22%2C%22operator%22%3A%22contains%22%2C%22value%22%3A%5B%22$INFO[Skin.String(globalsearch)]%22%5D%7D%2C%7B%22field%22%3A%22set%22%2C%22operator%22%3A%22contains%22%2C%22value%22%3A%5B%22$INFO[Skin.String(globalsearch)]%22%5D%7D%2C%7B%22field%22%3A%22director%22%2C%22operator%22%3A%22contains%22%2C%22value%22%3A%5B%22$INFO[Skin.String(globalsearch)]%22%5D%7D%2C%7B%22field%22%3A%22actor%22%2C%22operator%22%3A%22contains%22%2C%22value%22%3A%5B%22$INFO[Skin.String(globalsearch)]%22%5D%7D%2C%7B%22field%22%3A%22studio%22%2C%22operator%22%3A%22contains%22%2C%22value%22%3A%5B%22$INFO[Skin.String(globalsearch)]%22%5D%7D%5D%7D%2C%22type%22%3A%22movies%22%7D</value>
		<value condition="Skin.HasSetting(GlobalSearch_Movies_Plot_Disabled)">videodb://movies/titles/?xsp=%7B%22rules%22%3A%7B%22or%22%3A%5B%7B%22field%22%3A%22title%22%2C%22operator%22%3A%22contains%22%2C%22value%22%3A%5B%22$INFO[Skin.String(globalsearch)]%22%5D%7D%2C%7B%22field%22%3A%22genre%22%2C%22operator%22%3A%22contains%22%2C%22value%22%3A%5B%22$INFO[Skin.String(globalsearch)]%22%5D%7D%2C%7B%22field%22%3A%22set%22%2C%22operator%22%3A%22contains%22%2C%22value%22%3A%5B%22$INFO[Skin.String(globalsearch)]%22%5D%7D%2C%7B%22field%22%3A%22director%22%2C%22operator%22%3A%22contains%22%2C%22value%22%3A%5B%22$INFO[Skin.String(globalsearch)]%22%5D%7D%2C%7B%22field%22%3A%22actor%22%2C%22operator%22%3A%22contains%22%2C%22value%22%3A%5B%22$INFO[Skin.String(globalsearch)]%22%5D%7D%2C%7B%22field%22%3A%22studio%22%2C%22operator%22%3A%22contains%22%2C%22value%22%3A%5B%22$INFO[Skin.String(globalsearch)]%22%5D%7D%2C%7B%22field%22%3A%22tag%22%2C%22operator%22%3A%22contains%22%2C%22value%22%3A%5B%22$INFO[Skin.String(globalsearch)]%22%5D%7D%5D%7D%2C%22type%22%3A%22movies%22%7D</value>
		<value condition="Skin.HasSetting(GlobalSearch_Movies_Tag_Disabled)">videodb://movies/titles/?xsp=%7B%22rules%22%3A%7B%22or%22%3A%5B%7B%22field%22%3A%22title%22%2C%22operator%22%3A%22contains%22%2C%22value%22%3A%5B%22$INFO[Skin.String(globalsearch)]%22%5D%7D%2C%7B%22field%22%3A%22plot%22%2C%22operator%22%3A%22contains%22%2C%22value%22%3A%5B%22$INFO[Skin.String(globalsearch)]%22%5D%7D%2C%7B%22field%22%3A%22genre%22%2C%22operator%22%3A%22contains%22%2C%22value%22%3A%5B%22$INFO[Skin.String(globalsearch)]%22%5D%7D%2C%7B%22field%22%3A%22set%22%2C%22operator%22%3A%22contains%22%2C%22value%22%3A%5B%22$INFO[Skin.String(globalsearch)]%22%5D%7D%2C%7B%22field%22%3A%22director%22%2C%22operator%22%3A%22contains%22%2C%22value%22%3A%5B%22$INFO[Skin.String(globalsearch)]%22%5D%7D%2C%7B%22field%22%3A%22actor%22%2C%22operator%22%3A%22contains%22%2C%22value%22%3A%5B%22$INFO[Skin.String(globalsearch)]%22%5D%7D%2C%7B%22field%22%3A%22studio%22%2C%22operator%22%3A%22contains%22%2C%22value%22%3A%5B%22$INFO[Skin.String(globalsearch)]%22%5D%7D%5D%7D%2C%22type%22%3A%22movies%22%7D</value>
		<value>videodb://movies/titles/?xsp=%7B%22rules%22%3A%7B%22or%22%3A%5B%7B%22field%22%3A%22title%22%2C%22operator%22%3A%22contains%22%2C%22value%22%3A%5B%22$INFO[Skin.String(globalsearch)]%22%5D%7D%2C%7B%22field%22%3A%22plot%22%2C%22operator%22%3A%22contains%22%2C%22value%22%3A%5B%22$INFO[Skin.String(globalsearch)]%22%5D%7D%2C%7B%22field%22%3A%22genre%22%2C%22operator%22%3A%22contains%22%2C%22value%22%3A%5B%22$INFO[Skin.String(globalsearch)]%22%5D%7D%2C%7B%22field%22%3A%22set%22%2C%22operator%22%3A%22contains%22%2C%22value%22%3A%5B%22$INFO[Skin.String(globalsearch)]%22%5D%7D%2C%7B%22field%22%3A%22director%22%2C%22operator%22%3A%22contains%22%2C%22value%22%3A%5B%22$INFO[Skin.String(globalsearch)]%22%5D%7D%2C%7B%22field%22%3A%22actor%22%2C%22operator%22%3A%22contains%22%2C%22value%22%3A%5B%22$INFO[Skin.String(globalsearch)]%22%5D%7D%2C%7B%22field%22%3A%22studio%22%2C%22operator%22%3A%22contains%22%2C%22value%22%3A%5B%22$INFO[Skin.String(globalsearch)]%22%5D%7D%2C%7B%22field%22%3A%22tag%22%2C%22operator%22%3A%22contains%22%2C%22value%22%3A%5B%22$INFO[Skin.String(globalsearch)]%22%5D%7D%5D%7D%2C%22type%22%3A%22movies%22%7D</value>
	</variable>

	<variable name="Path_globalsearch_TVShows">
		<!-- title*, plot, genre*, director*, actor*, studio*, tag -->
		<value condition="Skin.HasSetting(GlobalSearch_TVShows_Plot_Disabled) + Skin.HasSetting(GlobalSearch_TVShows_Tag_Disabled)">videodb://tvshows/titles/?xsp=%7B%22rules%22%3A%7B%22or%22%3A%5B%7B%22field%22%3A%22title%22%2C%22operator%22%3A%22contains%22%2C%22value%22%3A%5B%22$INFO[Skin.String(globalsearch)]%22%5D%7D%2C%7B%22field%22%3A%22genre%22%2C%22operator%22%3A%22contains%22%2C%22value%22%3A%5B%22$INFO[Skin.String(globalsearch)]%22%5D%7D%2C%7B%22field%22%3A%22director%22%2C%22operator%22%3A%22contains%22%2C%22value%22%3A%5B%22$INFO[Skin.String(globalsearch)]%22%5D%7D%2C%7B%22field%22%3A%22actor%22%2C%22operator%22%3A%22contains%22%2C%22value%22%3A%5B%22$INFO[Skin.String(globalsearch)]%22%5D%7D%2C%7B%22field%22%3A%22studio%22%2C%22operator%22%3A%22contains%22%2C%22value%22%3A%5B%22$INFO[Skin.String(globalsearch)]%22%5D%7D%5D%7D%2C%22type%22%3A%22tvshows%22%7D</value>
		<value condition="Skin.HasSetting(GlobalSearch_TVShows_Plot_Disabled)">videodb://tvshows/titles/?xsp=%7B%22rules%22%3A%7B%22or%22%3A%5B%7B%22field%22%3A%22title%22%2C%22operator%22%3A%22contains%22%2C%22value%22%3A%5B%22$INFO[Skin.String(globalsearch)]%22%5D%7D%2C%7B%22field%22%3A%22genre%22%2C%22operator%22%3A%22contains%22%2C%22value%22%3A%5B%22$INFO[Skin.String(globalsearch)]%22%5D%7D%2C%7B%22field%22%3A%22director%22%2C%22operator%22%3A%22contains%22%2C%22value%22%3A%5B%22$INFO[Skin.String(globalsearch)]%22%5D%7D%2C%7B%22field%22%3A%22actor%22%2C%22operator%22%3A%22contains%22%2C%22value%22%3A%5B%22$INFO[Skin.String(globalsearch)]%22%5D%7D%2C%7B%22field%22%3A%22studio%22%2C%22operator%22%3A%22contains%22%2C%22value%22%3A%5B%22$INFO[Skin.String(globalsearch)]%22%5D%7D%2C%7B%22field%22%3A%22tag%22%2C%22operator%22%3A%22contains%22%2C%22value%22%3A%5B%22$INFO[Skin.String(globalsearch)]%22%5D%7D%5D%7D%2C%22type%22%3A%22tvshows%22%7D</value>
		<value condition="Skin.HasSetting(GlobalSearch_TVShows_Tag_Disabled)">videodb://tvshows/titles/?xsp=%7B%22rules%22%3A%7B%22or%22%3A%5B%7B%22field%22%3A%22title%22%2C%22operator%22%3A%22contains%22%2C%22value%22%3A%5B%22$INFO[Skin.String(globalsearch)]%22%5D%7D%2C%7B%22field%22%3A%22plot%22%2C%22operator%22%3A%22contains%22%2C%22value%22%3A%5B%22$INFO[Skin.String(globalsearch)]%22%5D%7D%2C%7B%22field%22%3A%22genre%22%2C%22operator%22%3A%22contains%22%2C%22value%22%3A%5B%22$INFO[Skin.String(globalsearch)]%22%5D%7D%2C%7B%22field%22%3A%22director%22%2C%22operator%22%3A%22contains%22%2C%22value%22%3A%5B%22$INFO[Skin.String(globalsearch)]%22%5D%7D%2C%7B%22field%22%3A%22actor%22%2C%22operator%22%3A%22contains%22%2C%22value%22%3A%5B%22$INFO[Skin.String(globalsearch)]%22%5D%7D%2C%7B%22field%22%3A%22studio%22%2C%22operator%22%3A%22contains%22%2C%22value%22%3A%5B%22$INFO[Skin.String(globalsearch)]%22%5D%7D%5D%7D%2C%22type%22%3A%22tvshows%22%7D</value>
		<value>videodb://tvshows/titles/?xsp=%7B%22rules%22%3A%7B%22or%22%3A%5B%7B%22field%22%3A%22title%22%2C%22operator%22%3A%22contains%22%2C%22value%22%3A%5B%22$INFO[Skin.String(globalsearch)]%22%5D%7D%2C%7B%22field%22%3A%22plot%22%2C%22operator%22%3A%22contains%22%2C%22value%22%3A%5B%22$INFO[Skin.String(globalsearch)]%22%5D%7D%2C%7B%22field%22%3A%22genre%22%2C%22operator%22%3A%22contains%22%2C%22value%22%3A%5B%22$INFO[Skin.String(globalsearch)]%22%5D%7D%2C%7B%22field%22%3A%22director%22%2C%22operator%22%3A%22contains%22%2C%22value%22%3A%5B%22$INFO[Skin.String(globalsearch)]%22%5D%7D%2C%7B%22field%22%3A%22actor%22%2C%22operator%22%3A%22contains%22%2C%22value%22%3A%5B%22$INFO[Skin.String(globalsearch)]%22%5D%7D%2C%7B%22field%22%3A%22studio%22%2C%22operator%22%3A%22contains%22%2C%22value%22%3A%5B%22$INFO[Skin.String(globalsearch)]%22%5D%7D%2C%7B%22field%22%3A%22tag%22%2C%22operator%22%3A%22contains%22%2C%22value%22%3A%5B%22$INFO[Skin.String(globalsearch)]%22%5D%7D%5D%7D%2C%22type%22%3A%22tvshows%22%7D</value>
	</variable>

	<variable name="Path_globalsearch_Episodes">
		<!-- title*, plot, genre*, director*, actor*, tags -->
		<value condition="Skin.HasSetting(GlobalSearch_Episodes_Plot_Disabled) + Skin.HasSetting(GlobalSearch_Episodes_Tag_Disabled)">videodb://recentlyaddedepisodes/?xsp=%7B%22rules%22%3A%7B%22or%22%3A%5B%7B%22field%22%3A%22title%22%2C%22operator%22%3A%22contains%22%2C%22value%22%3A%5B%22$INFO[Skin.String(globalsearch)]%22%5D%7D%2C%7B%22field%22%3A%22genre%22%2C%22operator%22%3A%22contains%22%2C%22value%22%3A%5B%22$INFO[Skin.String(globalsearch)]%22%5D%7D%2C%7B%22field%22%3A%22director%22%2C%22operator%22%3A%22contains%22%2C%22value%22%3A%5B%22$INFO[Skin.String(globalsearch)]%22%5D%7D%2C%7B%22field%22%3A%22actor%22%2C%22operator%22%3A%22contains%22%2C%22value%22%3A%5B%22$INFO[Skin.String(globalsearch)]%22%5D%7D%5D%7D%2C%22type%22%3A%22episodes%22%7D</value>
		<value condition="Skin.HasSetting(GlobalSearch_Episodes_Plot_Disabled)">videodb://recentlyaddedepisodes/?xsp=%7B%22rules%22%3A%7B%22or%22%3A%5B%7B%22field%22%3A%22title%22%2C%22operator%22%3A%22contains%22%2C%22value%22%3A%5B%22$INFO[Skin.String(globalsearch)]%22%5D%7D%2C%7B%22field%22%3A%22genre%22%2C%22operator%22%3A%22contains%22%2C%22value%22%3A%5B%22$INFO[Skin.String(globalsearch)]%22%5D%7D%2C%7B%22field%22%3A%22director%22%2C%22operator%22%3A%22contains%22%2C%22value%22%3A%5B%22$INFO[Skin.String(globalsearch)]%22%5D%7D%2C%7B%22field%22%3A%22actor%22%2C%22operator%22%3A%22contains%22%2C%22value%22%3A%5B%22$INFO[Skin.String(globalsearch)]%22%5D%7D%5D%7D%2C%22type%22%3A%22episodes%22%7D</value>
		<value condition="Skin.HasSetting(GlobalSearch_Episodes_Tag_Disabled)">videodb://recentlyaddedepisodes/?xsp=%7B%22rules%22%3A%7B%22or%22%3A%5B%7B%22field%22%3A%22title%22%2C%22operator%22%3A%22contains%22%2C%22value%22%3A%5B%22$INFO[Skin.String(globalsearch)]%22%5D%7D%2C%7B%22field%22%3A%22plot%22%2C%22operator%22%3A%22contains%22%2C%22value%22%3A%5B%22$INFO[Skin.String(globalsearch)]%22%5D%7D%2C%7B%22field%22%3A%22genre%22%2C%22operator%22%3A%22contains%22%2C%22value%22%3A%5B%22$INFO[Skin.String(globalsearch)]%22%5D%7D%2C%7B%22field%22%3A%22director%22%2C%22operator%22%3A%22contains%22%2C%22value%22%3A%5B%22$INFO[Skin.String(globalsearch)]%22%5D%7D%2C%7B%22field%22%3A%22actor%22%2C%22operator%22%3A%22contains%22%2C%22value%22%3A%5B%22$INFO[Skin.String(globalsearch)]%22%5D%7D%5D%7D%2C%22type%22%3A%22episodes%22%7D</value>
		<value>videodb://recentlyaddedepisodes/?xsp=%7B%22rules%22%3A%7B%22or%22%3A%5B%7B%22field%22%3A%22title%22%2C%22operator%22%3A%22contains%22%2C%22value%22%3A%5B%22$INFO[Skin.String(globalsearch)]%22%5D%7D%2C%7B%22field%22%3A%22plot%22%2C%22operator%22%3A%22contains%22%2C%22value%22%3A%5B%22$INFO[Skin.String(globalsearch)]%22%5D%7D%2C%7B%22field%22%3A%22genre%22%2C%22operator%22%3A%22contains%22%2C%22value%22%3A%5B%22$INFO[Skin.String(globalsearch)]%22%5D%7D%2C%7B%22field%22%3A%22director%22%2C%22operator%22%3A%22contains%22%2C%22value%22%3A%5B%22$INFO[Skin.String(globalsearch)]%22%5D%7D%2C%7B%22field%22%3A%22actor%22%2C%22operator%22%3A%22contains%22%2C%22value%22%3A%5B%22$INFO[Skin.String(globalsearch)]%22%5D%7D%5D%7D%2C%22type%22%3A%22episodes%22%7D</value>
	</variable>

	<variable name="Path_globalsearch_Artists">
		<!-- artist*, genre*, biography -->
		<value condition="Skin.HasSetting(GlobalSearch_Artists_Biography_Disabled)">musicdb://artists/?xsp=%7B%22rules%22%3A%7B%22or%22%3A%5B%7B%22field%22%3A%22artist%22%2C%22operator%22%3A%22contains%22%2C%22value%22%3A%5B%22$INFO[Skin.String(globalsearch)]%22%5D%7D%2C%7B%22field%22%3A%22genre%22%2C%22operator%22%3A%22contains%22%2C%22value%22%3A%5B%22$INFO[Skin.String(globalsearch)]%22%5D%7D%5D%7D%2C%22type%22%3A%22artists%22%7D</value>
		<value>musicdb://artists/?xsp=%7B%22rules%22%3A%7B%22or%22%3A%5B%7B%22field%22%3A%22artist%22%2C%22operator%22%3A%22contains%22%2C%22value%22%3A%5B%22$INFO[Skin.String(globalsearch)]%22%5D%7D%2C%7B%22field%22%3A%22genre%22%2C%22operator%22%3A%22contains%22%2C%22value%22%3A%5B%22$INFO[Skin.String(globalsearch)]%22%5D%7D%2C%7B%22field%22%3A%22biography%22%2C%22operator%22%3A%22contains%22%2C%22value%22%3A%5B%22$INFO[Skin.String(globalsearch)]%22%5D%7D%5D%7D%2C%22type%22%3A%22artists%22%7D</value>
	</variable>

	<variable name="Path_globalsearch_Albums">
		<!-- album*, genre*, artist*, review, label* -->
		<value condition="Skin.HasSetting(GlobalSearch_Albums_Review_Disabled)">musicdb://albums/?xsp=%7B%22rules%22%3A%7B%22or%22%3A%5B%7B%22field%22%3A%22album%22%2C%22operator%22%3A%22contains%22%2C%22value%22%3A%5B%22$INFO[Skin.String(globalsearch)]%22%5D%7D%2C%7B%22field%22%3A%22genre%22%2C%22operator%22%3A%22contains%22%2C%22value%22%3A%5B%22$INFO[Skin.String(globalsearch)]%22%5D%7D%2C%7B%22field%22%3A%22artist%22%2C%22operator%22%3A%22contains%22%2C%22value%22%3A%5B%22$INFO[Skin.String(globalsearch)]%22%5D%7D%2C%7B%22field%22%3A%22label%22%2C%22operator%22%3A%22contains%22%2C%22value%22%3A%5B%22$INFO[Skin.String(globalsearch)]%22%5D%7D%5D%7D%2C%22type%22%3A%22albums%22%7D</value>
		<value>musicdb://albums/?xsp=%7B%22rules%22%3A%7B%22or%22%3A%5B%7B%22field%22%3A%22album%22%2C%22operator%22%3A%22contains%22%2C%22value%22%3A%5B%22$INFO[Skin.String(globalsearch)]%22%5D%7D%2C%7B%22field%22%3A%22genre%22%2C%22operator%22%3A%22contains%22%2C%22value%22%3A%5B%22$INFO[Skin.String(globalsearch)]%22%5D%7D%2C%7B%22field%22%3A%22artist%22%2C%22operator%22%3A%22contains%22%2C%22value%22%3A%5B%22$INFO[Skin.String(globalsearch)]%22%5D%7D%2C%7B%22field%22%3A%22review%22%2C%22operator%22%3A%22contains%22%2C%22value%22%3A%5B%22$INFO[Skin.String(globalsearch)]%22%5D%7D%2C%7B%22field%22%3A%22label%22%2C%22operator%22%3A%22contains%22%2C%22value%22%3A%5B%22$INFO[Skin.String(globalsearch)]%22%5D%7D%5D%7D%2C%22type%22%3A%22albums%22%7D</value>
	</variable>

		<variable name="Path_globalsearch_Songs">
		<!-- title*, album*, artist*, genre* -->
		<value>musicdb://songs/?xsp=%7B%22rules%22%3A%7B%22or%22%3A%5B%7B%22field%22%3A%22title%22%2C%22operator%22%3A%22contains%22%2C%22value%22%3A%5B%22$INFO[Skin.String(globalsearch)]%22%5D%7D%2C%7B%22field%22%3A%22album%22%2C%22operator%22%3A%22contains%22%2C%22value%22%3A%5B%22$INFO[Skin.String(globalsearch)]%22%5D%7D%2C%7B%22field%22%3A%22artist%22%2C%22operator%22%3A%22contains%22%2C%22value%22%3A%5B%22$INFO[Skin.String(globalsearch)]%22%5D%7D%2C%7B%22field%22%3A%22genre%22%2C%22operator%22%3A%22contains%22%2C%22value%22%3A%5B%22$INFO[Skin.String(globalsearch)]%22%5D%7D%5D%7D%2C%22type%22%3A%22songs%22%7D</value>
	</variable>

</includes>