<?xml version="1.0" encoding="UTF-8"?>
<includes>

	<!-- Hexes - RGB -->
	<variable name="Dark_Hex">
		<value>000000</value>
	</variable>
	<variable name="White_Hex">
		<value>ffffff</value>
	</variable>
	<variable name="Light_Hex">
		<value>ebedee</value>
	</variable>
	<variable name="Accent_Hex">
		<value>ff5174</value>
	</variable>
	<variable name="Dark_Grey_Hex">
		<value>0f1415</value>
	</variable>
	<variable name="Light_Grey_Hex">
		<value>299498</value>
	</variable>
	<variable name="Unfocused_Grey_Hex">
		<value>68746D</value>
	</variable>
	<variable name="User_Rating_Hex">
		<value>ffed78</value>
	</variable>


	<!-- Hexes - Alpha -->
	<variable name="Alpha_100">
		<value>ff</value>
	</variable>
	<variable name="Alpha_85">
		<value>d9</value>
	</variable>
	<variable name="Alpha_75">
		<value>bf</value>
	</variable>
	<variable name="Alpha_66">
		<value>aa</value>
	</variable>
	<variable name="Alpha_60">
		<value>99</value>
	</variable>
	<variable name="Alpha_50">
		<value>80</value>
	</variable>
	<variable name="Alpha_43">
		<value>6e</value>
	</variable>
	<variable name="Alpha_40">
		<value>66</value>
	</variable>
	<variable name="Alpha_33">
		<value>54</value>
	</variable>
	<variable name="Alpha_32">
		<value>52</value>
	</variable>
	<variable name="Alpha_25">
		<value>40</value>
	</variable>
	<variable name="Alpha_20">
		<value>33</value>
	</variable>
	<variable name="Alpha_15">
		<value>26</value>
	</variable>
	<variable name="Alpha_0">
		<value>01</value>
	</variable>


	<!-- Color diffuse brightness -->
	<variable name="Brightness_25">
		<value>$VAR[Alpha_100]404040</value>
	</variable>
	<variable name="Brightness_33">
		<value>$VAR[Alpha_100]555555</value>
	</variable>
	<variable name="Brightness_40">
		<value>$VAR[Alpha_100]666666</value>
	</variable>
	<variable name="Brightness_50">
		<value>$VAR[Alpha_100]808080</value>
	</variable>
	<variable name="Brightness_66">
		<value>$VAR[Alpha_100]aaaaaa</value>
	</variable>
	<variable name="Brightness_75">
		<value>$VAR[Alpha_100]c0c0c0</value>
	</variable>
	<variable name="Brightness_100">
		<value>$VAR[Alpha_100]ffffff</value>
	</variable>


	<!-- Opacity -->
	<variable name="Opacity_50">
		<value>$VAR[Alpha_50]$VAR[White_Hex]</value>
	</variable>
	<variable name="Opacity_60">
		<value>$VAR[Alpha_60]$VAR[White_Hex]</value>
	</variable>


	<!-- Color palette -->
	<variable name="Blank_Color">
		<value>$VAR[Alpha_0]$VAR[Dark_Hex]</value>
	</variable>
	<variable name="Dark_Color">
		<value>$VAR[Alpha_100]$VAR[Dark_Hex]</value>
	</variable>
	<variable name="Light_Color">
		<value>$VAR[Alpha_100]$VAR[Light_Hex]</value>
	</variable>
	<variable name="Accent_Color">
		<value>$VAR[Alpha_100]$VAR[Accent_Hex]</value>
	</variable>
	<variable name="Dark_Grey_Color">
		<value>$VAR[Alpha_100]$VAR[Dark_Grey_Hex]</value>
	</variable>
	<variable name="Light_Grey_Color">
		<value>$VAR[Alpha_100]$VAR[Light_Grey_Hex]</value>
	</variable>
	<variable name="Unfocused_Grey_Color">
		<value>$VAR[Alpha_100]$VAR[Unfocused_Grey_Hex]</value>
	</variable>
	<variable name="User_Rating_Color">
		<value>$VAR[Alpha_100]$VAR[User_Rating_Hex]</value>
	</variable>
	<variable name="Test_Color">
		<value>$VAR[Alpha_50]$VAR[Accent_Hex]</value>
	</variable>


	<!-- Theme -->
	<variable name="Primary_Color">
		<value condition="Skin.String(Theme,Light)">$VAR[Dark_Color]</value>
		<value>$VAR[Light_Color]</value>
	</variable>
	<variable name="Secondary_Color">
		<value condition="Skin.String(Theme,Light)">$VAR[Light_Color]</value>
		<value>$VAR[Dark_Color]</value>
	</variable>
	<variable name="Unfocused_Color">
		<value>$VAR[Unfocused_Grey_Color]</value>
	</variable>
	<variable name="Invalid_Color">
		<value>$VAR[Alpha_50]$VAR[Unfocused_Grey_Hex]</value>
	</variable>
	<variable name="Disabled_Color">
		<value>$VAR[Alpha_50]$VAR[Unfocused_Grey_Hex]</value>
	</variable>


	<!-- Masks and Diffuses  -->
	<variable name="Home_Artwork_Diffuse">
		<value condition="Skin.HasSetting(Home_Screen_Opacity_50)">$VAR[Brightness_50]</value>
		<value condition="Skin.HasSetting(Home_Screen_Opacity_25)">$VAR[Brightness_25]</value>
		<value>$VAR[Brightness_33]</value>
	</variable>
	<variable name="Dialogs_Artwork_Diffuse">
		<value>$VAR[Brightness_50]</value>
	</variable>
	<variable name="Dropshadow_Diffuse">
		<value>$VAR[Alpha_100]$VAR[Dark_Hex]</value>
	</variable>
	<variable name="Panel_Diffuse">
		<value condition="Window.Is(selectdialog) | Window.Is(filebrowser) | Window.Is(virtualkeyboard) | Window.Is(numericinput)">$VAR[Alpha_75]$VAR[Dark_Grey_Hex]</value>
		<value condition="$EXP[Fanart_Slideshow_Global_Windows] + Skin.HasSetting(Fanart_Slideshow_Global_Disabled)">$VAR[Dark_Grey_Color]</value>
		<value condition="Window.Is(songinformation) | [Window.Is(musicinformation) + String.IsEqual(ListItem.DBType,album)] | Window.Is(addoninformation)">$VAR[Dark_Grey_Color]</value>
		<value condition="Window.Is(addonbrowser) + Window.Is(filebrowser)">$VAR[Alpha_75]$VAR[Dark_Grey_Hex]</value>
		<value condition="Window.Is(addonbrowser) + !Container.Content(addons)">$VAR[Dark_Grey_Color]</value>
		<value condition="Window.Is(addonbrowser)">$VAR[Dark_Grey_Color]</value>
		<!--<value condition="Window.Is(loginscreen)">$VAR[Dark_Grey_Color]</value>-->
		<value>$VAR[Alpha_75]$VAR[Dark_Grey_Hex]</value>
	</variable>
	<variable name="Transparent_Dialog_Mask">
		<value condition="VideoPlayer.IsFullscreen">$VAR[Alpha_50]$VAR[Dark_Hex]</value>
		<value condition="Window.IsActive(home) + Skin.HasSetting(Widget1_View_Billboard) + String.IsEqual(window(home).property(HomeWidget),3201)">$VAR[Alpha_32]$VAR[Dark_Hex]</value>
		<value condition="Window.IsActive(home) + Skin.HasSetting(Widget2_View_Billboard) + String.IsEqual(window(home).property(HomeWidget),3202)">$VAR[Alpha_32]$VAR[Dark_Hex]</value>
		<value condition="Window.IsActive(home) + Skin.HasSetting(Widget3_View_Billboard) + String.IsEqual(window(home).property(HomeWidget),3203)">$VAR[Alpha_32]$VAR[Dark_Hex]</value>
		<value condition="Window.IsActive(home) + Skin.HasSetting(Widget4_View_Billboard) + String.IsEqual(window(home).property(HomeWidget),3204)">$VAR[Alpha_32]$VAR[Dark_Hex]</value>
		<value condition="Window.IsActive(home) + Skin.HasSetting(Widget5_View_Billboard) + String.IsEqual(window(home).property(HomeWidget),3205)">$VAR[Alpha_32]$VAR[Dark_Hex]</value>
		<value condition="Window.IsActive(home) + Skin.HasSetting(Widget6_View_Billboard) + String.IsEqual(window(home).property(HomeWidget),3206)">$VAR[Alpha_32]$VAR[Dark_Hex]</value>
		<value condition="Window.IsActive(home) + Skin.HasSetting(Widget7_View_Billboard) + String.IsEqual(window(home).property(HomeWidget),3207)">$VAR[Alpha_32]$VAR[Dark_Hex]</value>
		<value condition="Window.IsActive(home) + Skin.HasSetting(Widget8_View_Billboard) + String.IsEqual(window(home).property(HomeWidget),3208)">$VAR[Alpha_32]$VAR[Dark_Hex]</value>
		<value condition="Window.IsActive(home) + Skin.HasSetting(Widget9_View_Billboard) + String.IsEqual(window(home).property(HomeWidget),3209)">$VAR[Alpha_32]$VAR[Dark_Hex]</value>
		<value condition="$EXP[Background_IsFanart]">$VAR[Alpha_32]$VAR[Dark_Hex]</value>
		<value>$VAR[Alpha_66]$VAR[Dark_Hex]</value>
	</variable>


	<!-- Labels -->
	<variable name="Breadcrumb_Label_Color">
		<!-- Movie information visible / main menu focused -->
		<value condition="Window.IsVisible(movieinformation) + !String.IsEqual(Window(movieinformation).Property(Focused_Button),False)">$VAR[Light_Color]</value>
		<!-- Artist information visible / Light theme / Choose Art focused -->
		<value condition="Skin.String(Theme,Light) + Window.IsVisible(musicinformation) + String.IsEqual(Window(musicinformation).Property(Info_Type),artist) + String.IsEqual(Window(musicinformation).Property(Focused_Button),$LOCALIZE[13511]) + !$EXP[PanelDialog_IsVisible]">$VAR[Dark_Color]</value>
		<!-- Artist information visible / main menu focused -->
		<value condition="Window.IsVisible(musicinformation) + String.IsEqual(Window(musicinformation).Property(Info_Type),artist) + !String.IsEqual(Window(musicinformation).Property(Focused_Button),False)">$VAR[Light_Color]</value>
		<!-- Album information visible / Artist information focused -->
		<value condition="Window.IsVisible(musicinformation) + String.IsEqual(Window(musicinformation).Property(Info_Type),album) + String.IsEqual(Window(musicinformation).Property(Focused_Button),$LOCALIZE[21891])">$VAR[Light_Color]</value>
		<!-- Artist information visible / Light theme / main menu focused -->
		<value condition="Skin.String(Theme,Light) + Window.IsVisible(musicinformation) + String.IsEqual(Window(musicinformation).Property(Info_Type),album) + !String.IsEqual(Window(musicinformation).Property(Focused_Button),False)">$VAR[Dark_Color]</value>
		<!-- Artist information visible / main menu focused -->
		<value condition="Window.IsVisible(musicinformation) + String.IsEqual(Window(musicinformation).Property(Info_Type),album) + !String.IsEqual(Window(musicinformation).Property(Focused_Button),False)">$VAR[Light_Color]</value>
		<value condition="$EXP[BillboardView_Display_IsFanart_Widget_Infoscreen] | $EXP[ShowcaseView_Widget_Infoscreen_IsVisible]">$VAR[Light_Color]</value>
		<!-- Info Dialog visible, Light Theme -->
		<value condition="$EXP[Infoscreen_IsVisible] + Skin.String(Theme,Light)">$VAR[Dark_Color]</value>
		<!-- Info visible -->
		<value condition="$EXP[Infoscreen_IsVisible]">$VAR[Light_Color]</value>
		<!-- Home widgets -->
		<value condition="Window.IsVisible(home) + [Skin.HasSetting(Widget1_View_Billboard) | Skin.HasSetting(Widget1_View_Showcase)] + String.IsEqual(window(home).property(HomeWidget),3201)">$VAR[Light_Color]</value>
		<value condition="Window.IsVisible(home) + [Skin.HasSetting(Widget2_View_Billboard) | Skin.HasSetting(Widget2_View_Showcase)] + String.IsEqual(window(home).property(HomeWidget),3202)">$VAR[Light_Color]</value>
		<value condition="Window.IsVisible(home) + [Skin.HasSetting(Widget3_View_Billboard) | Skin.HasSetting(Widget3_View_Showcase)] + String.IsEqual(window(home).property(HomeWidget),3203)">$VAR[Light_Color]</value>
		<value condition="Window.IsVisible(home) + [Skin.HasSetting(Widget4_View_Billboard) | Skin.HasSetting(Widget4_View_Showcase)] + String.IsEqual(window(home).property(HomeWidget),3204)">$VAR[Light_Color]</value>
		<value condition="Window.IsVisible(home) + [Skin.HasSetting(Widget5_View_Billboard) | Skin.HasSetting(Widget5_View_Showcase)] + String.IsEqual(window(home).property(HomeWidget),3205)">$VAR[Light_Color]</value>
		<value condition="Window.IsVisible(home) + [Skin.HasSetting(Widget6_View_Billboard) | Skin.HasSetting(Widget6_View_Showcase)] + String.IsEqual(window(home).property(HomeWidget),3206)">$VAR[Light_Color]</value>
		<value condition="Window.IsVisible(home) + [Skin.HasSetting(Widget7_View_Billboard) | Skin.HasSetting(Widget7_View_Showcase)] + String.IsEqual(window(home).property(HomeWidget),3207)">$VAR[Light_Color]</value>
		<value condition="Window.IsVisible(home) + [Skin.HasSetting(Widget8_View_Billboard) | Skin.HasSetting(Widget8_View_Showcase)] + String.IsEqual(window(home).property(HomeWidget),3208)">$VAR[Light_Color]</value>
		<value condition="Window.IsVisible(home) + [Skin.HasSetting(Widget9_View_Billboard) | Skin.HasSetting(Widget9_View_Showcase)] + String.IsEqual(window(home).property(HomeWidget),3209)">$VAR[Light_Color]</value>
		<value condition="Window.IsVisible(addonbrowser) + !Container.Content(addons)">$VAR[Light_Color]</value>
		<value>$VAR[Primary_Color]</value>
	</variable>
	<variable name="Common_List_Label_Color">
		<value condition="VideoPlayer.IsFullscreen">$VAR[Light_Color]</value>
		<value condition="Skin.String(Theme,Light) + Skin.HasSetting(Fanart_Slideshow_Global_Disabled) + $EXP[Fanart_Slideshow_Global_Windows]">$VAR[Dark_Color]</value>
		<value condition="[Window.Is(home) + String.IsEmpty(window(home).property(HomeWidget))] | $EXP[Background_IsFanart] | $EXP[ListView_Display_IsThumbnails]">$VAR[Light_Color]</value>
		<value condition="Window.IsVisible(addonbrowser) + !Skin.HasSetting(Fanart_Slideshow_Global_Disabled) + !Container.Content(addons)">$VAR[Light_Color]</value>
		<value>$VAR[Primary_Color]</value>
	</variable>
	<variable name="Common_List_Info_Label_Color">
		<value condition="Control.HasFocus(3100)">$VAR[Light_Color]</value>
		<value>$VAR[Blank_Color]</value>
	</variable>
	<variable name="Common_Overlay_Label_Color">
		<value condition="Skin.String(Theme,Light) + !Skin.HasSetting(Fanart_Slideshow_Global_Disabled) + $EXP[Fanart_Slideshow_Global_Windows]">$VAR[Light_Color]</value>
		<value condition="Window.Is(pictureinfo)">$VAR[Primary_Color]</value>
		<value condition="Window.IsVisible(addonsettings)">$VAR[Light_Color]</value>
		<value condition="Window.IsVisible(addonbrowser) + !Skin.HasSetting(Fanart_Slideshow_Global_Disabled) + !Container.Content(addons)">$VAR[Light_Color]</value>
		<value condition="Window.IsVisible(addonbrowser) | Window.IsVisible(addoninformation)">$VAR[Primary_Color]</value>
		<value condition="Window.IsVisible(home)">$VAR[Light_Color]</value>
		<value condition="$EXP[OpaqueDialog_IsVisible]">$VAR[Light_Color]</value>
		<value condition="$EXP[PanelDialog_IsVisible] + Window.IsVisible(movieinformation)">$VAR[Light_Color]</value>
		<value condition="$EXP[PanelDialog_IsVisible] + $EXP[Infoscreen_IsVisible]">$VAR[Primary_Color]</value>
		<value condition="$EXP[PanelDialog_IsVisible] + $EXP[Background_IsFanart]">$VAR[Light_Color]</value>
		<value>$VAR[Light_Color]</value>
	</variable>
	<variable name="DialogPictureInfo_Focused_Label_Color">
		<value condition="Control.HasFocus(5)">$VAR[Light_Color]</value>
		<value>$VAR[Unfocused_Color]</value>
	</variable>
	<variable name="DialogSubtitles_Left_List_Focused_Color">
		<value condition="Control.HasFocus(150)">$VAR[Light_Color]</value>
		<value>$VAR[Unfocused_Color]</value>
	</variable>
	<variable name="DialogSubtitles_Right_List_Focused_Color">
		<value condition="Control.HasFocus(120)">$VAR[Light_Color]</value>
		<value>$VAR[Unfocused_Color]</value>
	</variable>
	<variable name="Flag_Color">
		<value condition="$EXP[Background_IsFanart]">$VAR[Light_Color]</value>
		<value>$VAR[Primary_Color]</value>
	</variable>
	<variable name="Plot_Color">
		<value condition="$EXP[Background_IsFanart]">$VAR[Light_Color]</value>
		<value condition="Skin.String(Theme,Light)">$VAR[Dark_Grey_Color]</value>
		<value>$VAR[Light_Grey_Color]</value>
	</variable>
	<variable name="Privacy_Policy_Color">
		<value condition="Control.HasFocus(61)">$VAR[Light_Color]</value>
		<value>$VAR[Unfocused_Color]</value>
	</variable>
	<variable name="Settings_Label_Color">
		<value condition="Skin.String(Theme,Light) + Skin.HasSetting(Fanart_Slideshow_Global_Disabled)">$VAR[Dark_Color]</value>
		<value>$VAR[Light_Color]</value>
	</variable>
	<variable name="Settings_Grouplist_Label_Color">
		<value condition="Window.Is(smartplaylisteditor) + String.IsEqual(Container(100).CurrentItem,-1) + !ControlGroup(4000).HasFocus">$VAR[Light_Color]</value>
		<value condition="Window.Is(addonsettings) + String.IsEqual(Container(5).CurrentItem,-1) + !ControlGroup(4000).HasFocus">$VAR[Light_Color]</value>
		<value condition="Window.Is(pictureinfo) + Control.HasFocus(5)">$VAR[Light_Color]</value>
		<value condition="Window.Is(profiles) + Control.HasFocus(2)">$VAR[Light_Color]</value>
		<value condition="Window.Is(systeminfo) + ControlGroup(50).HasFocus">$VAR[Light_Color]</value>
		<value condition="!Window.Is(addonsettings) + String.IsEqual(Container(5).CurrentItem,-1) + !ControlGroup(3000).HasFocus + !Control.HasFocus(20) + !$EXP[Hidden_Focus_Setter]">$VAR[Light_Color]</value>
		<value condition="Control.HasFocus(211) | Control.HasFocus(301) | Control.HasFocus(303) | Control.HasFocus(304) | Control.HasFocus(302)">$VAR[Light_Color]</value>
		<value>$VAR[Unfocused_Color]</value>
	</variable>
	<variable name="Settings_Left_List_Focus_Color">
		<value condition="Window.Is(filemanager) + Control.HasFocus(20)">$VAR[Light_Color]</value>
		<value condition="Window.Is(musicplaylisteditor) + Control.HasFocus(50)">$VAR[Light_Color]</value>
		<value>$VAR[Unfocused_Color]</value>
	</variable>
	<variable name="Settings_Right_List_Focus_Color">
		<value condition="Window.Is(filemanager) + Control.HasFocus(21)">$VAR[Light_Color]</value>
		<value condition="Window.Is(musicplaylisteditor) + Control.HasFocus(100)">$VAR[Light_Color]</value>
		<value>$VAR[Unfocused_Color]</value>
	</variable>
	<variable name="Skinsettings_Widget_SortOrder_Label">
		<value condition="Control.HasFocus(12014)">$VAR[Light_Color]</value>
		<value condition="Control.HasFocus(12114)">$VAR[Light_Color]</value>
		<value condition="Control.HasFocus(12214)">$VAR[Light_Color]</value>
		<value condition="Control.HasFocus(12314)">$VAR[Light_Color]</value>
		<value condition="Control.HasFocus(12414)">$VAR[Light_Color]</value>
		<value condition="Control.HasFocus(12514)">$VAR[Light_Color]</value>
		<value condition="Control.HasFocus(12614)">$VAR[Light_Color]</value>
		<value condition="Control.HasFocus(12714)">$VAR[Light_Color]</value>
		<value condition="Control.HasFocus(12814)">$VAR[Light_Color]</value>
		<value condition="Control.HasFocus(12914)">$VAR[Light_Color]</value>
		<value>$VAR[Unfocused_Color]</value>
	</variable>
	<variable name="SortLetter_Background_Color">
		<value condition="Control.HasFocus(62) + $EXP[Background_IsFanart]">$VAR[Light_Color]</value>
		<value condition="Control.HasFocus(62) + Skin.String(Theme,Light)">$VAR[Dark_Color]</value>
		<value condition="Control.HasFocus(62)">$VAR[Light_Color]</value>
		<value condition="Skin.String(Theme,Light)">$VAR[Accent_Color]</value>
		<value>$VAR[Dark_Grey_Color]</value>
	</variable>
	<variable name="SortLetter_Label_Color">
		<value condition="Control.HasFocus(62) + $EXP[Background_IsFanart]">$VAR[Dark_Color]</value>
		<value condition="Control.HasFocus(62) + Skin.String(Theme,Light)">$VAR[Light_Color]</value>
		<value condition="Control.HasFocus(62)">$VAR[Dark_Color]</value>
		<value>$VAR[Light_Color]</value>
	</variable>
	<variable name="Shutdownmenu_Label_Color">
		<value condition="Skin.String(Theme,Light) + Skin.HasSetting(Fanart_Slideshow_Global_Disabled) + $EXP[Fanart_Slideshow_Global_Windows]">$VAR[Dark_Color]</value>
		<value>$VAR[Light_Color]</value>
	</variable>
	<variable name="VirtualKeyboard_Shift_Key_Color">
		<value condition="Control.HasFocus(302) + String.Contains(Control.GetLabel(302),*)">$VAR[Accent_Color]</value>
		<value>$VAR[Common_Overlay_Label_Color]</value>
	</variable>
	<variable name="VirtualKeyboard_Caps_Key_Color">
		<value condition="Control.HasFocus(303) + String.Contains(Control.GetLabel(303),*)">$VAR[Accent_Color]</value>
		<value>$VAR[Common_Overlay_Label_Color]</value>
	</variable>
	<variable name="VirtualKeyboard_Symbols_Key_Color">
		<value condition="Control.HasFocus(304) + String.Contains(Control.GetLabel(304),*)">$VAR[Accent_Color]</value>
		<value>$VAR[Common_Overlay_Label_Color]</value>
	</variable>
	<!-- Other Controls -->
	<variable name="DialogSlider_Bar_Color">
		<value>$VAR[Alpha_15]$VAR[Light_Hex]</value>
	</variable>
	<variable name="Fanart_Slideshow_Global_Background_Color">
		<value condition="Window.Is(addonbrowser) + !Container.Content(addons) + !Skin.HasSetting(Fanart_Slideshow_Global_Disabled)">$VAR[Dark_Color]</value>
		<value condition="!Skin.HasSetting(Fanart_Slideshow_Global_Disabled)">$VAR[Dark_Color]</value>
		<value>$VAR[Secondary_Color]</value>
	</variable>
	<variable name="Notification_Widget_Background_Color">
		<value condition="Player.HasAudio">$VAR[Dark_Color]</value>
		<value>$VAR[Dark_Grey_Color]</value>
	</variable>
	<variable name="Notification_Widget_Icon_Color">
		<value condition="Window.IsActive(addonbrowser) + !Container.Content(addons)">$VAR[Light_Color]</value>
		<!-- Movie information visible / Light theme / Choose Art focused -->
		<value condition="Skin.String(Theme,Light) + Window.IsVisible(movieinformation) + String.IsEqual(Window(movieinformation).Property(Focused_Button),$LOCALIZE[13511])">$VAR[Dark_Grey_Color]</value>
		<!-- Movie information visible / main menu focused -->
		<value condition="Window.IsVisible(movieinformation) + !String.IsEqual(Window(movieinformation).Property(Focused_Button),False)">$VAR[Light_Color]</value>
		<!-- Artist information visible / Light theme / Choose Art focused -->
		<value condition="Skin.String(Theme,Light) + Window.IsVisible(musicinformation) + String.IsEqual(Window(musicinformation).Property(Info_Type),artist) + String.IsEqual(Window(musicinformation).Property(Focused_Button),$LOCALIZE[13511])">$VAR[Dark_Grey_Color]</value>
		<!-- Artist information visible / main menu focused -->
		<value condition="Window.IsVisible(musicinformation) + String.IsEqual(Window(musicinformation).Property(Info_Type),artist) + !String.IsEqual(Window(musicinformation).Property(Focused_Button),False)">$VAR[Light_Color]</value>
		<!-- Album information visible / Artist information focused -->
		<value condition="Window.IsVisible(musicinformation) + String.IsEqual(Window(musicinformation).Property(Info_Type),album) + String.IsEqual(Window(musicinformation).Property(Focused_Button),$LOCALIZE[21891])">$VAR[Light_Color]</value>
		<!-- Artist information visible / Light theme / main menu focused -->
		<value condition="Skin.String(Theme,Light) + Window.IsVisible(musicinformation) + String.IsEqual(Window(musicinformation).Property(Info_Type),album) + !String.IsEqual(Window(musicinformation).Property(Focused_Button),False)">$VAR[Dark_Grey_Color]</value>
		<!-- Artist information visible / main menu focused -->
		<value condition="Window.IsVisible(musicinformation) + String.IsEqual(Window(musicinformation).Property(Info_Type),album) + !String.IsEqual(Window(musicinformation).Property(Focused_Button),False)">$VAR[Light_Color]</value>
		<!-- Info Dialog visible, Billboard view visible -->
		<value condition="$EXP[Infoscreen_IsVisible] + String.IsEqual(Window(home).Property(HomeWidget),3205)">$VAR[Light_Color]</value>
		<!-- Info Dialog visible, Light Theme -->
		<value condition="$EXP[Infoscreen_IsVisible] + Skin.String(Theme,Light)">$VAR[Dark_Grey_Color]</value>
		<!-- Info visible -->
		<value condition="$EXP[Infoscreen_IsVisible]">$VAR[Light_Color]</value>
		<!-- Home widgets -->
		<value condition="Skin.String(Theme,Light) + Window.IsVisible(home) + !Skin.HasSetting(Widget1_View_Billboard) + String.IsEqual(window(home).property(HomeWidget),3201)">$VAR[Dark_Grey_Color]</value>
		<value condition="Skin.String(Theme,Light) + Window.IsVisible(home) + !Skin.HasSetting(Widget2_View_Billboard) + String.IsEqual(window(home).property(HomeWidget),3202)">$VAR[Dark_Grey_Color]</value>
		<value condition="Skin.String(Theme,Light) + Window.IsVisible(home) + !Skin.HasSetting(Widget3_View_Billboard) + String.IsEqual(window(home).property(HomeWidget),3203)">$VAR[Dark_Grey_Color]</value>
		<value condition="Skin.String(Theme,Light) + Window.IsVisible(home) + !Skin.HasSetting(Widget4_View_Billboard) + String.IsEqual(window(home).property(HomeWidget),3204)">$VAR[Dark_Grey_Color]</value>
		<value condition="Skin.String(Theme,Light) + Window.IsVisible(home) + !Skin.HasSetting(Widget5_View_Billboard) + String.IsEqual(window(home).property(HomeWidget),3205)">$VAR[Dark_Grey_Color]</value>
		<value condition="Skin.String(Theme,Light) + Window.IsVisible(home) + !Skin.HasSetting(Widget6_View_Billboard) + String.IsEqual(window(home).property(HomeWidget),3206)">$VAR[Dark_Grey_Color]</value>
		<value condition="Skin.String(Theme,Light) + Window.IsVisible(home) + !Skin.HasSetting(Widget7_View_Billboard) + String.IsEqual(window(home).property(HomeWidget),3207)">$VAR[Dark_Grey_Color]</value>
		<value condition="Skin.String(Theme,Light) + Window.IsVisible(home) + !Skin.HasSetting(Widget8_View_Billboard) + String.IsEqual(window(home).property(HomeWidget),3208)">$VAR[Dark_Grey_Color]</value>
		<value condition="Skin.String(Theme,Light) + Window.IsVisible(home) + !Skin.HasSetting(Widget9_View_Billboard) + String.IsEqual(window(home).property(HomeWidget),3209)">$VAR[Dark_Grey_Color]</value>
		<value condition="Window.IsVisible(home)">$VAR[Light_Color]</value>
		<!-- Fullscreen video -->
		<value condition="VideoPlayer.IsFullscreen">$VAR[Light_Color]</value>
		<!-- Views -->
		<value condition="[Window.IsVisible(volumebar) | $EXP[Music_Player_IsVisible]] + $EXP[ShowcaseView_Display_IsPosters] + !$EXP[ShowcaseView_Details_Off]">$VAR[Light_Color]</value>
		<value condition="[Window.IsVisible(volumebar) | $EXP[Music_Player_IsVisible]] + [$EXP[ListView_IsVisible] | $EXP[StripView_IsVisible] | $EXP[GridView_IsVisible]]">$VAR[Light_Color]</value>
		<value condition="$EXP[Background_IsFanart]">$VAR[Light_Color]</value>
		<value condition="Skin.String(Theme,Light)">$VAR[Dark_Grey_Color]</value>
		<value>$VAR[Light_Color]</value>
	</variable>
	<variable name="Notification_Widget_Label_Color">
		<value condition="Window.IsActive(addonbrowser) + !Container.Content(addons)">$VAR[Light_Color]</value>
		<!-- Movie information visible / Light theme / Choose Art focused -->
		<value condition="Skin.String(Theme,Light) + Window.IsVisible(movieinformation) + String.IsEqual(Window(movieinformation).Property(Focused_Button),$LOCALIZE[13511])">$VAR[Dark_Grey_Color]</value>
		<!-- Movie information visible / main menu focused -->
		<value condition="Window.IsVisible(movieinformation) + !String.IsEqual(Window(movieinformation).Property(Focused_Button),False)">$VAR[Light_Color]</value>
		<!-- Artist information visible / Light theme / Choose Art focused -->
		<value condition="Skin.String(Theme,Light) + Window.IsVisible(musicinformation) + String.IsEqual(Window(musicinformation).Property(Info_Type),artist) + String.IsEqual(Window(musicinformation).Property(Focused_Button),$LOCALIZE[13511])">$VAR[Dark_Grey_Color]</value>
		<!-- Artist information visible / main menu focused -->
		<value condition="Window.IsVisible(musicinformation) + String.IsEqual(Window(musicinformation).Property(Info_Type),artist) + !String.IsEqual(Window(musicinformation).Property(Focused_Button),False)">$VAR[Light_Color]</value>
		<!-- Album information visible / Artist information focused -->
		<value condition="Window.IsVisible(musicinformation) + String.IsEqual(Window(musicinformation).Property(Info_Type),album) + String.IsEqual(Window(musicinformation).Property(Focused_Button),$LOCALIZE[21891])">$VAR[Light_Color]</value>
		<!-- Artist information visible / Light theme / main menu focused -->
		<value condition="Skin.String(Theme,Light) + Window.IsVisible(musicinformation) + String.IsEqual(Window(musicinformation).Property(Info_Type),album) + !String.IsEqual(Window(musicinformation).Property(Focused_Button),False)">$VAR[Dark_Grey_Color]</value>
		<!-- Artist information visible / main menu focused -->
		<value condition="Window.IsVisible(musicinformation) + String.IsEqual(Window(musicinformation).Property(Info_Type),album) + !String.IsEqual(Window(musicinformation).Property(Focused_Button),False)">$VAR[Light_Color]</value>
		<!-- Info Dialog visible, Billboard view visible -->
		<value condition="$EXP[Infoscreen_IsVisible] + String.IsEqual(Window(home).Property(HomeWidget),3205)">$VAR[Light_Color]</value>
		<!-- Info Dialog visible, Light Theme -->
		<value condition="$EXP[Infoscreen_IsVisible] + Skin.String(Theme,Light)">$VAR[Dark_Grey_Color]</value>
		<!-- Info visible -->
		<value condition="$EXP[Infoscreen_IsVisible]">$VAR[Light_Color]</value>
		<!-- Home widgets -->
		<value condition="Skin.String(Theme,Light) + Window.IsVisible(home) + !Skin.HasSetting(Widget1_View_Billboard) + String.IsEqual(window(home).property(HomeWidget),3201)">$VAR[Dark_Grey_Color]</value>
		<value condition="Skin.String(Theme,Light) + Window.IsVisible(home) + !Skin.HasSetting(Widget2_View_Billboard) + String.IsEqual(window(home).property(HomeWidget),3202)">$VAR[Dark_Grey_Color]</value>
		<value condition="Skin.String(Theme,Light) + Window.IsVisible(home) + !Skin.HasSetting(Widget3_View_Billboard) + String.IsEqual(window(home).property(HomeWidget),3203)">$VAR[Dark_Grey_Color]</value>
		<value condition="Skin.String(Theme,Light) + Window.IsVisible(home) + !Skin.HasSetting(Widget4_View_Billboard) + String.IsEqual(window(home).property(HomeWidget),3204)">$VAR[Dark_Grey_Color]</value>
		<value condition="Skin.String(Theme,Light) + Window.IsVisible(home) + !Skin.HasSetting(Widget5_View_Billboard) + String.IsEqual(window(home).property(HomeWidget),3205)">$VAR[Dark_Grey_Color]</value>
		<value condition="Skin.String(Theme,Light) + Window.IsVisible(home) + !Skin.HasSetting(Widget6_View_Billboard) + String.IsEqual(window(home).property(HomeWidget),3206)">$VAR[Dark_Grey_Color]</value>
		<value condition="Skin.String(Theme,Light) + Window.IsVisible(home) + !Skin.HasSetting(Widget7_View_Billboard) + String.IsEqual(window(home).property(HomeWidget),3207)">$VAR[Dark_Grey_Color]</value>
		<value condition="Skin.String(Theme,Light) + Window.IsVisible(home) + !Skin.HasSetting(Widget8_View_Billboard) + String.IsEqual(window(home).property(HomeWidget),3208)">$VAR[Dark_Grey_Color]</value>
		<value condition="Skin.String(Theme,Light) + Window.IsVisible(home) + !Skin.HasSetting(Widget9_View_Billboard) + String.IsEqual(window(home).property(HomeWidget),3209)">$VAR[Dark_Grey_Color]</value>
		<value condition="Window.IsVisible(home)">$VAR[Light_Color]</value>
		<!-- Fullscreen video -->
		<value condition="VideoPlayer.IsFullscreen">$VAR[Light_Color]</value>
		<!-- Views -->
		<value condition="Window.IsVisible(addonbrowser) + !Container.Content(addons)">$VAR[Light_Color]</value>
		<value condition="Skin.String(Theme,Light) + $EXP[ShowcaseView_IsVisible] + $EXP[ShowcaseView_Details_Off] + String.IsEmpty(Window(home).Property(Next_Art))">$VAR[Dark_Grey_Color]</value>
		<value condition="$EXP[Background_IsFanart]">$VAR[Light_Color]</value>
		<value condition="Skin.String(Theme,Light)">$VAR[Dark_Grey_Color]</value>
		<value>$VAR[Light_Color]</value>
	</variable>
	<variable name="Progress_Background_Color">
		<value condition="Skin.String(Theme,Light) + Window.IsVisible(home) + Window.IsVisible(busydialog)">$VAR[Alpha_15]$VAR[Dark_Hex]</value>
		<value condition="Skin.String(Theme,Light) + $EXP[StripView_IsVisible]">$VAR[Alpha_15]$VAR[Dark_Hex]</value>
		<value condition="Skin.String(Theme,Light) + $EXP[ListView_Display_IsThumbnails] + !$EXP[Poster_Containers]">$VAR[Alpha_15]$VAR[Dark_Hex]</value>
		<value condition="Skin.String(Theme,Light) + Window.Is(progressdialog)">$VAR[Alpha_15]$VAR[Dark_Hex]</value>
		<value condition="Skin.String(Theme,Light) + Window.Is(visualisation)">$VAR[Alpha_15]$VAR[Dark_Hex]</value>
		<value>$VAR[Progress_Light_Background_Color]</value>
	</variable>
	<variable name="Progress_Focused_Color">
		<value condition="[Window.Is(videoosd) | Window.Is(musicosd)] + Control.HasFocus(60)">$VAR[Accent_Color]</value>
		<value condition="Skin.String(Theme,Light) + Window.IsVisible(home) + Window.IsVisible(busydialog)">$VAR[Dark_Color]</value>
		<value condition="Skin.String(Theme,Light) + $EXP[StripView_IsVisible]">$VAR[Dark_Color]</value>
		<value condition="Skin.String(Theme,Light) + $EXP[ListView_Display_IsThumbnails] + !$EXP[Poster_Containers]">$VAR[Dark_Color]</value>
		<value condition="Skin.String(Theme,Light) + Window.Is(progressdialog)">$VAR[Dark_Color]</value>
		<value condition="Skin.String(Theme,Light) + Window.Is(visualisation)">$VAR[Dark_Color]</value>
		<value>$VAR[Progress_Light_Focused_Color]</value>
	</variable>
	<variable name="Progress_Light_Background_Color">
		<value>$VAR[Alpha_15]$VAR[Light_Hex]</value>
	</variable>
	<variable name="Progress_Light_Focused_Color">
		<value>$VAR[Light_Color]</value>
	</variable>
	<variable name="Scroll_Background_Color">
		<value condition="$EXP[Background_IsFanart]">$VAR[Alpha_15]$VAR[Light_Hex]</value>
		<value condition="Skin.String(Theme,Light)">$VAR[Alpha_15]$VAR[Dark_Hex]</value>
		<value>$VAR[Alpha_15]$VAR[Light_Hex]</value>
	</variable>
	<variable name="Scroll_Focused_Color">
			<value condition="Control.HasFocus(3000) | $EXP[Music_Player_HasFocus] | $EXP[Background_IsFanart]">$VAR[Light_Color]</value>
		<value>$VAR[Primary_Color]</value>
	</variable>
	<variable name="Scroll_Widget_Background_Color">
		<value condition="ControlGroup(3000).HasFocus + [Window.Is(movieinformation) | String.IsEqual(ListItem.DBType,artist)] + !Control.HasFocus(10)">$VAR[Alpha_15]$VAR[Light_Hex]</value>
		<value condition="ControlGroup(3000).HasFocus + String.IsEqual(ListItem.DBType,album) + Control.HasFocus(12)">$VAR[Alpha_15]$VAR[Light_Hex]</value>
		<value condition="$EXP[Infoscreen_IsVisible] + Control.HasFocus(60) + !String.IsEqual(ListItem.DBType,album) + !String.IsEqual(ListItem.DBType,song)">$VAR[Alpha_15]$VAR[Light_Hex]</value>
		<value condition="Control.HasFocus(3201) + $EXP[StripView_Display_IsPosters_Widget_Infoscreen] + !String.IsEmpty(Container(3201).ListItemNoWrap(2).Label)">$VAR[Alpha_15]$VAR[Light_Hex]</value>
		<value condition="Control.HasFocus(3201) + $EXP[StripView_Display_IsSquare_Widget_Infoscreen] + !String.IsEmpty(Container(3201).ListItemNoWrap(2).Label)">$VAR[Alpha_15]$VAR[Light_Hex]</value>
		<value condition="Control.HasFocus(3201) + $EXP[StripView_Display_IsFanart_Widget_Infoscreen] + !String.IsEmpty(Container(3201).ListItemNoWrap(1).Label)">$VAR[Alpha_15]$VAR[Light_Hex]</value>
		<value condition="Control.HasFocus(3201) + $EXP[GridView_Display_IsPosters_Widget_Infoscreen] + !String.IsEmpty(Container(3201).ListItemNoWrap(5).Label)">$VAR[Alpha_15]$VAR[Light_Hex]</value>
		<value condition="Control.HasFocus(3201) + $EXP[GridView_Display_IsSquare_Widget_Infoscreen] + !String.IsEmpty(Container(3201).ListItemNoWrap(5).Label)">$VAR[Alpha_15]$VAR[Light_Hex]</value>
		<value condition="Control.HasFocus(3201) + $EXP[GridView_Display_IsFanart_Widget_Infoscreen] + !String.IsEmpty(Container(3201).ListItemNoWrap(3).Label)">$VAR[Alpha_15]$VAR[Light_Hex]</value>
		<value condition="Control.HasFocus(3202) + $EXP[StripView_Display_IsPosters_Widget_Infoscreen] + !String.IsEmpty(Container(3202).ListItemNoWrap(2).Label)">$VAR[Alpha_15]$VAR[Light_Hex]</value>
		<value condition="Control.HasFocus(3202) + $EXP[StripView_Display_IsSquare_Widget_Infoscreen] + !String.IsEmpty(Container(3202).ListItemNoWrap(2).Label)">$VAR[Alpha_15]$VAR[Light_Hex]</value>
		<value condition="Control.HasFocus(3202) + $EXP[StripView_Display_IsFanart_Widget_Infoscreen] + !String.IsEmpty(Container(3202).ListItemNoWrap(1).Label)">$VAR[Alpha_15]$VAR[Light_Hex]</value>
		<value condition="Control.HasFocus(3202) + $EXP[GridView_Display_IsPosters_Widget_Infoscreen] + !String.IsEmpty(Container(3202).ListItemNoWrap(5).Label)">$VAR[Alpha_15]$VAR[Light_Hex]</value>
		<value condition="Control.HasFocus(3202) + $EXP[GridView_Display_IsSquare_Widget_Infoscreen] + !String.IsEmpty(Container(3202).ListItemNoWrap(5).Label)">$VAR[Alpha_15]$VAR[Light_Hex]</value>
		<value condition="Control.HasFocus(3202) + $EXP[GridView_Display_IsFanart_Widget_Infoscreen] + !String.IsEmpty(Container(3202).ListItemNoWrap(3).Label)">$VAR[Alpha_15]$VAR[Light_Hex]</value>
		<value condition="Control.HasFocus(50) + $EXP[StripView_Display_IsPosters_Widget_Infoscreen] + !String.IsEmpty(Container(50).ListItemNoWrap(2).Label)">$VAR[Alpha_15]$VAR[Light_Hex]</value>
		<value condition="Control.HasFocus(50) + $EXP[StripView_Display_IsSquare_Widget_Infoscreen] + !String.IsEmpty(Container(50).ListItemNoWrap(2).Label)">$VAR[Alpha_15]$VAR[Light_Hex]</value>
		<value condition="Control.HasFocus(50) + $EXP[StripView_Display_IsFanart_Widget_Infoscreen] + !String.IsEmpty(Container(50).ListItemNoWrap(1).Label)">$VAR[Alpha_15]$VAR[Light_Hex]</value>
		<value condition="Window.IsVisible(addoninformation) + Control.HasFocus(50) + !String.IsEmpty(Container(50).ListItemNoWrap(1).Art(thumb))">$VAR[Alpha_15]$VAR[Light_Hex]</value>
		<value condition="Control.HasFocus(50) + $EXP[GridView_Display_IsPosters_Widget_Infoscreen] + !String.IsEmpty(Container(50).ListItemNoWrap(5).Label)">$VAR[Alpha_15]$VAR[Light_Hex]</value>
		<value condition="Control.HasFocus(50) + $EXP[GridView_Display_IsSquare_Widget_Infoscreen] + !String.IsEmpty(Container(50).ListItemNoWrap(5).Label)">$VAR[Alpha_15]$VAR[Light_Hex]</value>
		<value condition="Control.HasFocus(50) + $EXP[GridView_Display_IsFanart_Widget_Infoscreen] + !String.IsEmpty(Container(50).ListItemNoWrap(3).Label)">$VAR[Alpha_15]$VAR[Light_Hex]</value>
		<value condition="Control.HasFocus(3203) + $EXP[StripView_Display_IsPosters_Widget_Infoscreen] + !String.IsEmpty(Container(3203).ListItemNoWrap(2).Label)">$VAR[Alpha_15]$VAR[Light_Hex]</value>
		<value condition="Control.HasFocus(3203) + $EXP[StripView_Display_IsSquare_Widget_Infoscreen] + !String.IsEmpty(Container(3203).ListItemNoWrap(2).Label)">$VAR[Alpha_15]$VAR[Light_Hex]</value>
		<value condition="Control.HasFocus(3203) + $EXP[StripView_Display_IsFanart_Widget_Infoscreen] + !String.IsEmpty(Container(3203).ListItemNoWrap(1).Label)">$VAR[Alpha_15]$VAR[Light_Hex]</value>
		<value condition="Control.HasFocus(3203) + $EXP[GridView_Display_IsPosters_Widget_Infoscreen] + !String.IsEmpty(Container(3203).ListItemNoWrap(5).Label)">$VAR[Alpha_15]$VAR[Light_Hex]</value>
		<value condition="Control.HasFocus(3203) + $EXP[GridView_Display_IsSquare_Widget_Infoscreen] + !String.IsEmpty(Container(3203).ListItemNoWrap(5).Label)">$VAR[Alpha_15]$VAR[Light_Hex]</value>
		<value condition="Control.HasFocus(3203) + $EXP[GridView_Display_IsFanart_Widget_Infoscreen] + !String.IsEmpty(Container(3203).ListItemNoWrap(3).Label)">$VAR[Alpha_15]$VAR[Light_Hex]</value>
		<value condition="Control.HasFocus(3204) + $EXP[StripView_Display_IsPosters_Widget_Infoscreen] + !String.IsEmpty(Container(3204).ListItemNoWrap(2).Label)">$VAR[Alpha_15]$VAR[Light_Hex]</value>
		<value condition="Control.HasFocus(3204) + $EXP[StripView_Display_IsSquare_Widget_Infoscreen] + !String.IsEmpty(Container(3204).ListItemNoWrap(2).Label)">$VAR[Alpha_15]$VAR[Light_Hex]</value>
		<value condition="Control.HasFocus(3204) + $EXP[StripView_Display_IsFanart_Widget_Infoscreen] + !String.IsEmpty(Container(3204).ListItemNoWrap(1).Label)">$VAR[Alpha_15]$VAR[Light_Hex]</value>
		<value condition="Control.HasFocus(3204) + $EXP[GridView_Display_IsPosters_Widget_Infoscreen] + !String.IsEmpty(Container(3204).ListItemNoWrap(5).Label)">$VAR[Alpha_15]$VAR[Light_Hex]</value>
		<value condition="Control.HasFocus(3204) + $EXP[GridView_Display_IsSquare_Widget_Infoscreen] + !String.IsEmpty(Container(3204).ListItemNoWrap(5).Label)">$VAR[Alpha_15]$VAR[Light_Hex]</value>
		<value condition="Control.HasFocus(3204) + $EXP[GridView_Display_IsFanart_Widget_Infoscreen] + !String.IsEmpty(Container(3204).ListItemNoWrap(3).Label)">$VAR[Alpha_15]$VAR[Light_Hex]</value>
		<value condition="Control.HasFocus(3205) + $EXP[StripView_Display_IsPosters_Widget_Infoscreen] + !String.IsEmpty(Container(3205).ListItemNoWrap(2).Label)">$VAR[Alpha_15]$VAR[Light_Hex]</value>
		<value condition="Control.HasFocus(3205) + $EXP[StripView_Display_IsSquare_Widget_Infoscreen] + !String.IsEmpty(Container(3205).ListItemNoWrap(2).Label)">$VAR[Alpha_15]$VAR[Light_Hex]</value>
		<value condition="Control.HasFocus(3205) + $EXP[StripView_Display_IsFanart_Widget_Infoscreen] + !String.IsEmpty(Container(3205).ListItemNoWrap(1).Label)">$VAR[Alpha_15]$VAR[Light_Hex]</value>
		<value condition="Control.HasFocus(3205) + $EXP[GridView_Display_IsPosters_Widget_Infoscreen] + !String.IsEmpty(Container(3205).ListItemNoWrap(5).Label)">$VAR[Alpha_15]$VAR[Light_Hex]</value>
		<value condition="Control.HasFocus(3205) + $EXP[GridView_Display_IsSquare_Widget_Infoscreen] + !String.IsEmpty(Container(3205).ListItemNoWrap(5).Label)">$VAR[Alpha_15]$VAR[Light_Hex]</value>
		<value condition="Control.HasFocus(3205) + $EXP[GridView_Display_IsFanart_Widget_Infoscreen] + !String.IsEmpty(Container(3205).ListItemNoWrap(3).Label)">$VAR[Alpha_15]$VAR[Light_Hex]</value>
		<value condition="Control.HasFocus(3206) + $EXP[StripView_Display_IsPosters_Widget_Infoscreen] + !String.IsEmpty(Container(3206).ListItemNoWrap(2).Label)">$VAR[Alpha_15]$VAR[Light_Hex]</value>
		<value condition="Control.HasFocus(3206) + $EXP[StripView_Display_IsSquare_Widget_Infoscreen] + !String.IsEmpty(Container(3206).ListItemNoWrap(2).Label)">$VAR[Alpha_15]$VAR[Light_Hex]</value>
		<value condition="Control.HasFocus(3206) + $EXP[StripView_Display_IsFanart_Widget_Infoscreen] + !String.IsEmpty(Container(3206).ListItemNoWrap(1).Label)">$VAR[Alpha_15]$VAR[Light_Hex]</value>
		<value condition="Control.HasFocus(3206) + $EXP[GridView_Display_IsPosters_Widget_Infoscreen] + !String.IsEmpty(Container(3206).ListItemNoWrap(5).Label)">$VAR[Alpha_15]$VAR[Light_Hex]</value>
		<value condition="Control.HasFocus(3206) + $EXP[GridView_Display_IsSquare_Widget_Infoscreen] + !String.IsEmpty(Container(3206).ListItemNoWrap(5).Label)">$VAR[Alpha_15]$VAR[Light_Hex]</value>
		<value condition="Control.HasFocus(3206) + $EXP[GridView_Display_IsFanart_Widget_Infoscreen] + !String.IsEmpty(Container(3206).ListItemNoWrap(3).Label)">$VAR[Alpha_15]$VAR[Light_Hex]</value>
		<value condition="Control.HasFocus(3207) + $EXP[StripView_Display_IsPosters_Widget_Infoscreen] + !String.IsEmpty(Container(3207).ListItemNoWrap(2).Label)">$VAR[Alpha_15]$VAR[Light_Hex]</value>
		<value condition="Control.HasFocus(3207) + $EXP[StripView_Display_IsSquare_Widget_Infoscreen] + !String.IsEmpty(Container(3207).ListItemNoWrap(2).Label)">$VAR[Alpha_15]$VAR[Light_Hex]</value>
		<value condition="Control.HasFocus(3207) + $EXP[StripView_Display_IsFanart_Widget_Infoscreen] + !String.IsEmpty(Container(3207).ListItemNoWrap(1).Label)">$VAR[Alpha_15]$VAR[Light_Hex]</value>
		<value condition="Control.HasFocus(3207) + $EXP[GridView_Display_IsPosters_Widget_Infoscreen] + !String.IsEmpty(Container(3207).ListItemNoWrap(5).Label)">$VAR[Alpha_15]$VAR[Light_Hex]</value>
		<value condition="Control.HasFocus(3207) + $EXP[GridView_Display_IsSquare_Widget_Infoscreen] + !String.IsEmpty(Container(3207).ListItemNoWrap(5).Label)">$VAR[Alpha_15]$VAR[Light_Hex]</value>
		<value condition="Control.HasFocus(3207) + $EXP[GridView_Display_IsFanart_Widget_Infoscreen] + !String.IsEmpty(Container(3207).ListItemNoWrap(3).Label)">$VAR[Alpha_15]$VAR[Light_Hex]</value>
		<value condition="Control.HasFocus(3208) + $EXP[StripView_Display_IsPosters_Widget_Infoscreen] + !String.IsEmpty(Container(3208).ListItemNoWrap(2).Label)">$VAR[Alpha_15]$VAR[Light_Hex]</value>
		<value condition="Control.HasFocus(3208) + $EXP[StripView_Display_IsSquare_Widget_Infoscreen] + !String.IsEmpty(Container(3208).ListItemNoWrap(2).Label)">$VAR[Alpha_15]$VAR[Light_Hex]</value>
		<value condition="Control.HasFocus(3208) + $EXP[StripView_Display_IsFanart_Widget_Infoscreen] + !String.IsEmpty(Container(3208).ListItemNoWrap(1).Label)">$VAR[Alpha_15]$VAR[Light_Hex]</value>
		<value condition="Control.HasFocus(3208) + $EXP[GridView_Display_IsPosters_Widget_Infoscreen] + !String.IsEmpty(Container(3208).ListItemNoWrap(5).Label)">$VAR[Alpha_15]$VAR[Light_Hex]</value>
		<value condition="Control.HasFocus(3208) + $EXP[GridView_Display_IsSquare_Widget_Infoscreen] + !String.IsEmpty(Container(3208).ListItemNoWrap(5).Label)">$VAR[Alpha_15]$VAR[Light_Hex]</value>
		<value condition="Control.HasFocus(3208) + $EXP[GridView_Display_IsFanart_Widget_Infoscreen] + !String.IsEmpty(Container(3208).ListItemNoWrap(3).Label)">$VAR[Alpha_15]$VAR[Light_Hex]</value>
		<value condition="Control.HasFocus(3209) + $EXP[StripView_Display_IsPosters_Widget_Infoscreen] + !String.IsEmpty(Container(3209).ListItemNoWrap(2).Label)">$VAR[Alpha_15]$VAR[Light_Hex]</value>
		<value condition="Control.HasFocus(3209) + $EXP[StripView_Display_IsSquare_Widget_Infoscreen] + !String.IsEmpty(Container(3209).ListItemNoWrap(2).Label)">$VAR[Alpha_15]$VAR[Light_Hex]</value>
		<value condition="Control.HasFocus(3209) + $EXP[StripView_Display_IsFanart_Widget_Infoscreen] + !String.IsEmpty(Container(3209).ListItemNoWrap(1).Label)">$VAR[Alpha_15]$VAR[Light_Hex]</value>
		<value condition="Control.HasFocus(3209) + $EXP[GridView_Display_IsPosters_Widget_Infoscreen] + !String.IsEmpty(Container(3209).ListItemNoWrap(5).Label)">$VAR[Alpha_15]$VAR[Light_Hex]</value>
		<value condition="Control.HasFocus(3209) + $EXP[GridView_Display_IsSquare_Widget_Infoscreen] + !String.IsEmpty(Container(3209).ListItemNoWrap(5).Label)">$VAR[Alpha_15]$VAR[Light_Hex]</value>
		<value condition="Control.HasFocus(3209) + $EXP[GridView_Display_IsFanart_Widget_Infoscreen] + !String.IsEmpty(Container(3209).ListItemNoWrap(3).Label)">$VAR[Alpha_15]$VAR[Light_Hex]</value>
		<value condition="Control.HasFocus(3000) | $EXP[Music_Player_HasFocus] | $EXP[Background_IsFanart]">$VAR[Alpha_15]$VAR[Light_Hex]</value>
		<value condition="Control.HasFocus(3201) + Skin.String(Theme,Light) + Skin.HasSetting(Widget1_View_Showcase)">$VAR[Alpha_15]$VAR[Dark_Hex]</value>
		<value condition="Control.HasFocus(3201) + Skin.HasSetting(Widget1_View_Strip) + Skin.HasSetting(Widget1_Display_Posters) + !String.IsEmpty(Container(3201).ListItemNoWrap(2).Label)">$VAR[Alpha_15]$VAR[Light_Hex]</value>
		<value condition="Control.HasFocus(3201) + Skin.HasSetting(Widget1_View_Strip) + Skin.HasSetting(Widget1_Display_Square) + !String.IsEmpty(Container(3201).ListItemNoWrap(1).Label)">$VAR[Alpha_15]$VAR[Light_Hex]</value>
		<value condition="Control.HasFocus(3201) + Skin.HasSetting(Widget1_View_Strip) + Skin.HasSetting(Widget1_Display_Fanart) + !String.IsEmpty(Container(3201).ListItemNoWrap(1).Label)">$VAR[Alpha_15]$VAR[Light_Hex]</value>
		<value condition="Control.HasFocus(3201) + Skin.HasSetting(Widget1_View_Grid) + Skin.HasSetting(Widget1_Display_Posters) + !String.IsEmpty(Container(3201).ListItemNoWrap(5).Label)">$VAR[Alpha_15]$VAR[Light_Hex]</value>
		<value condition="Control.HasFocus(3201) + Skin.HasSetting(Widget1_View_Grid) + Skin.HasSetting(Widget1_Display_Square) + !String.IsEmpty(Container(3201).ListItemNoWrap(5).Label)">$VAR[Alpha_15]$VAR[Light_Hex]</value>
		<value condition="Control.HasFocus(3201) + Skin.HasSetting(Widget1_View_Grid) + Skin.HasSetting(Widget1_Display_Fanart) + !String.IsEmpty(Container(3201).ListItemNoWrap(3).Label)">$VAR[Alpha_15]$VAR[Light_Hex]</value>
		<value condition="Control.HasFocus(3202) + Skin.String(Theme,Light) + Skin.HasSetting(Widget2_View_Showcase)">$VAR[Alpha_15]$VAR[Dark_Hex]</value>
		<value condition="Control.HasFocus(3202) + Skin.HasSetting(Widget2_View_Strip) + Skin.HasSetting(Widget2_Display_Posters) + !String.IsEmpty(Container(3202).ListItemNoWrap(2).Label)">$VAR[Alpha_15]$VAR[Light_Hex]</value>
		<value condition="Control.HasFocus(3202) + Skin.HasSetting(Widget2_View_Strip) + Skin.HasSetting(Widget2_Display_Square) + !String.IsEmpty(Container(3202).ListItemNoWrap(1).Label)">$VAR[Alpha_15]$VAR[Light_Hex]</value>
		<value condition="Control.HasFocus(3202) + Skin.HasSetting(Widget2_View_Strip) + Skin.HasSetting(Widget2_Display_Fanart) + !String.IsEmpty(Container(3202).ListItemNoWrap(1).Label)">$VAR[Alpha_15]$VAR[Light_Hex]</value>
		<value condition="Control.HasFocus(3202) + Skin.HasSetting(Widget2_View_Grid) + Skin.HasSetting(Widget2_Display_Posters) + !String.IsEmpty(Container(3202).ListItemNoWrap(5).Label)">$VAR[Alpha_15]$VAR[Light_Hex]</value>
		<value condition="Control.HasFocus(3202) + Skin.HasSetting(Widget2_View_Grid) + Skin.HasSetting(Widget2_Display_Square) + !String.IsEmpty(Container(3202).ListItemNoWrap(5).Label)">$VAR[Alpha_15]$VAR[Light_Hex]</value>
		<value condition="Control.HasFocus(3202) + Skin.HasSetting(Widget2_View_Grid) + Skin.HasSetting(Widget2_Display_Fanart) + !String.IsEmpty(Container(3202).ListItemNoWrap(3).Label)">$VAR[Alpha_15]$VAR[Light_Hex]</value>
		<value condition="Control.HasFocus(3203) + Skin.String(Theme,Light) + Skin.HasSetting(Widget3_View_Showcase)">$VAR[Alpha_15]$VAR[Dark_Hex]</value>
		<value condition="Control.HasFocus(3203) + Skin.HasSetting(Widget3_View_Strip) + Skin.HasSetting(Widget3_Display_Posters) + !String.IsEmpty(Container(3203).ListItemNoWrap(2).Label)">$VAR[Alpha_15]$VAR[Light_Hex]</value>
		<value condition="Control.HasFocus(3203) + Skin.HasSetting(Widget3_View_Strip) + Skin.HasSetting(Widget3_Display_Square) + !String.IsEmpty(Container(3203).ListItemNoWrap(1).Label)">$VAR[Alpha_15]$VAR[Light_Hex]</value>
		<value condition="Control.HasFocus(3203) + Skin.HasSetting(Widget3_View_Strip) + Skin.HasSetting(Widget3_Display_Fanart) + !String.IsEmpty(Container(3203).ListItemNoWrap(1).Label)">$VAR[Alpha_15]$VAR[Light_Hex]</value>
		<value condition="Control.HasFocus(3203) + Skin.HasSetting(Widget3_View_Grid) + Skin.HasSetting(Widget3_Display_Posters) + !String.IsEmpty(Container(3203).ListItemNoWrap(5).Label)">$VAR[Alpha_15]$VAR[Light_Hex]</value>
		<value condition="Control.HasFocus(3203) + Skin.HasSetting(Widget3_View_Grid) + Skin.HasSetting(Widget3_Display_Square) + !String.IsEmpty(Container(3203).ListItemNoWrap(5).Label)">$VAR[Alpha_15]$VAR[Light_Hex]</value>
		<value condition="Control.HasFocus(3203) + Skin.HasSetting(Widget3_View_Grid) + Skin.HasSetting(Widget3_Display_Fanart) + !String.IsEmpty(Container(3203).ListItemNoWrap(3).Label)">$VAR[Alpha_15]$VAR[Light_Hex]</value>
		<value condition="Control.HasFocus(3204) + Skin.String(Theme,Light) + Skin.HasSetting(Widget4_View_Showcase)">$VAR[Alpha_15]$VAR[Dark_Hex]</value>
		<value condition="Control.HasFocus(3204) + Skin.HasSetting(Widget4_View_Strip) + Skin.HasSetting(Widget4_Display_Posters) + !String.IsEmpty(Container(3204).ListItemNoWrap(2).Label)">$VAR[Alpha_15]$VAR[Light_Hex]</value>
		<value condition="Control.HasFocus(3204) + Skin.HasSetting(Widget4_View_Strip) + Skin.HasSetting(Widget4_Display_Square) + !String.IsEmpty(Container(3204).ListItemNoWrap(1).Label)">$VAR[Alpha_15]$VAR[Light_Hex]</value>
		<value condition="Control.HasFocus(3204) + Skin.HasSetting(Widget4_View_Strip) + Skin.HasSetting(Widget4_Display_Fanart) + !String.IsEmpty(Container(3204).ListItemNoWrap(1).Label)">$VAR[Alpha_15]$VAR[Light_Hex]</value>
		<value condition="Control.HasFocus(3204) + Skin.HasSetting(Widget4_View_Grid) + Skin.HasSetting(Widget4_Display_Posters) + !String.IsEmpty(Container(3204).ListItemNoWrap(5).Label)">$VAR[Alpha_15]$VAR[Light_Hex]</value>
		<value condition="Control.HasFocus(3204) + Skin.HasSetting(Widget4_View_Grid) + Skin.HasSetting(Widget4_Display_Square) + !String.IsEmpty(Container(3204).ListItemNoWrap(5).Label)">$VAR[Alpha_15]$VAR[Light_Hex]</value>
		<value condition="Control.HasFocus(3204) + Skin.HasSetting(Widget4_View_Grid) + Skin.HasSetting(Widget4_Display_Fanart) + !String.IsEmpty(Container(3204).ListItemNoWrap(3).Label)">$VAR[Alpha_15]$VAR[Light_Hex]</value>
		<value condition="Control.HasFocus(3205) + Skin.String(Theme,Light) + Skin.HasSetting(Widget5_View_Showcase)">$VAR[Alpha_15]$VAR[Dark_Hex]</value>
		<value condition="Control.HasFocus(3205) + Skin.HasSetting(Widget5_View_Strip) + Skin.HasSetting(Widget5_Display_Posters) + !String.IsEmpty(Container(3205).ListItemNoWrap(2).Label)">$VAR[Alpha_15]$VAR[Light_Hex]</value>
		<value condition="Control.HasFocus(3205) + Skin.HasSetting(Widget5_View_Strip) + Skin.HasSetting(Widget5_Display_Square) + !String.IsEmpty(Container(3205).ListItemNoWrap(1).Label)">$VAR[Alpha_15]$VAR[Light_Hex]</value>
		<value condition="Control.HasFocus(3205) + Skin.HasSetting(Widget5_View_Strip) + Skin.HasSetting(Widget5_Display_Fanart) + !String.IsEmpty(Container(3205).ListItemNoWrap(1).Label)">$VAR[Alpha_15]$VAR[Light_Hex]</value>
		<value condition="Control.HasFocus(3205) + Skin.HasSetting(Widget5_View_Grid) + Skin.HasSetting(Widget5_Display_Posters) + !String.IsEmpty(Container(3205).ListItemNoWrap(5).Label)">$VAR[Alpha_15]$VAR[Light_Hex]</value>
		<value condition="Control.HasFocus(3205) + Skin.HasSetting(Widget5_View_Grid) + Skin.HasSetting(Widget5_Display_Square) + !String.IsEmpty(Container(3205).ListItemNoWrap(5).Label)">$VAR[Alpha_15]$VAR[Light_Hex]</value>
		<value condition="Control.HasFocus(3205) + Skin.HasSetting(Widget5_View_Grid) + Skin.HasSetting(Widget5_Display_Fanart) + !String.IsEmpty(Container(3205).ListItemNoWrap(3).Label)">$VAR[Alpha_15]$VAR[Light_Hex]</value>
		<value condition="Control.HasFocus(3206) + Skin.String(Theme,Light) + Skin.HasSetting(Widget6_View_Showcase)">$VAR[Alpha_15]$VAR[Dark_Hex]</value>
		<value condition="Control.HasFocus(3206) + Skin.HasSetting(Widget6_View_Strip) + Skin.HasSetting(Widget6_Display_Posters) + !String.IsEmpty(Container(3206).ListItemNoWrap(2).Label)">$VAR[Alpha_15]$VAR[Light_Hex]</value>
		<value condition="Control.HasFocus(3206) + Skin.HasSetting(Widget6_View_Strip) + Skin.HasSetting(Widget6_Display_Square) + !String.IsEmpty(Container(3206).ListItemNoWrap(1).Label)">$VAR[Alpha_15]$VAR[Light_Hex]</value>
		<value condition="Control.HasFocus(3206) + Skin.HasSetting(Widget6_View_Strip) + Skin.HasSetting(Widget6_Display_Fanart) + !String.IsEmpty(Container(3206).ListItemNoWrap(1).Label)">$VAR[Alpha_15]$VAR[Light_Hex]</value>
		<value condition="Control.HasFocus(3206) + Skin.HasSetting(Widget6_View_Grid) + Skin.HasSetting(Widget6_Display_Posters) + !String.IsEmpty(Container(3206).ListItemNoWrap(5).Label)">$VAR[Alpha_15]$VAR[Light_Hex]</value>
		<value condition="Control.HasFocus(3206) + Skin.HasSetting(Widget6_View_Grid) + Skin.HasSetting(Widget6_Display_Square) + !String.IsEmpty(Container(3206).ListItemNoWrap(5).Label)">$VAR[Alpha_15]$VAR[Light_Hex]</value>
		<value condition="Control.HasFocus(3206) + Skin.HasSetting(Widget6_View_Grid) + Skin.HasSetting(Widget6_Display_Fanart) + !String.IsEmpty(Container(3206).ListItemNoWrap(3).Label)">$VAR[Alpha_15]$VAR[Light_Hex]</value>
		<value condition="Control.HasFocus(3207) + Skin.String(Theme,Light) + Skin.HasSetting(Widget7_View_Showcase)">$VAR[Alpha_15]$VAR[Dark_Hex]</value>
		<value condition="Control.HasFocus(3207) + Skin.HasSetting(Widget7_View_Strip) + Skin.HasSetting(Widget7_Display_Posters) + !String.IsEmpty(Container(3207).ListItemNoWrap(2).Label)">$VAR[Alpha_15]$VAR[Light_Hex]</value>
		<value condition="Control.HasFocus(3207) + Skin.HasSetting(Widget7_View_Strip) + Skin.HasSetting(Widget7_Display_Square) + !String.IsEmpty(Container(3207).ListItemNoWrap(1).Label)">$VAR[Alpha_15]$VAR[Light_Hex]</value>
		<value condition="Control.HasFocus(3207) + Skin.HasSetting(Widget7_View_Strip) + Skin.HasSetting(Widget7_Display_Fanart) + !String.IsEmpty(Container(3207).ListItemNoWrap(1).Label)">$VAR[Alpha_15]$VAR[Light_Hex]</value>
		<value condition="Control.HasFocus(3207) + Skin.HasSetting(Widget7_View_Grid) + Skin.HasSetting(Widget7_Display_Posters) + !String.IsEmpty(Container(3207).ListItemNoWrap(5).Label)">$VAR[Alpha_15]$VAR[Light_Hex]</value>
		<value condition="Control.HasFocus(3207) + Skin.HasSetting(Widget7_View_Grid) + Skin.HasSetting(Widget7_Display_Square) + !String.IsEmpty(Container(3207).ListItemNoWrap(5).Label)">$VAR[Alpha_15]$VAR[Light_Hex]</value>
		<value condition="Control.HasFocus(3207) + Skin.HasSetting(Widget7_View_Grid) + Skin.HasSetting(Widget7_Display_Fanart) + !String.IsEmpty(Container(3207).ListItemNoWrap(3).Label)">$VAR[Alpha_15]$VAR[Light_Hex]</value>
		<value condition="Control.HasFocus(3208) + Skin.String(Theme,Light) + Skin.HasSetting(Widget8_View_Showcase)">$VAR[Alpha_15]$VAR[Dark_Hex]</value>
		<value condition="Control.HasFocus(3208) + Skin.HasSetting(Widget8_View_Strip) + Skin.HasSetting(Widget8_Display_Posters) + !String.IsEmpty(Container(3208).ListItemNoWrap(2).Label)">$VAR[Alpha_15]$VAR[Light_Hex]</value>
		<value condition="Control.HasFocus(3208) + Skin.HasSetting(Widget8_View_Strip) + Skin.HasSetting(Widget8_Display_Square) + !String.IsEmpty(Container(3208).ListItemNoWrap(1).Label)">$VAR[Alpha_15]$VAR[Light_Hex]</value>
		<value condition="Control.HasFocus(3208) + Skin.HasSetting(Widget8_View_Strip) + Skin.HasSetting(Widget8_Display_Fanart) + !String.IsEmpty(Container(3208).ListItemNoWrap(1).Label)">$VAR[Alpha_15]$VAR[Light_Hex]</value>
		<value condition="Control.HasFocus(3208) + Skin.HasSetting(Widget8_View_Grid) + Skin.HasSetting(Widget8_Display_Posters) + !String.IsEmpty(Container(3208).ListItemNoWrap(5).Label)">$VAR[Alpha_15]$VAR[Light_Hex]</value>
		<value condition="Control.HasFocus(3208) + Skin.HasSetting(Widget8_View_Grid) + Skin.HasSetting(Widget8_Display_Square) + !String.IsEmpty(Container(3208).ListItemNoWrap(5).Label)">$VAR[Alpha_15]$VAR[Light_Hex]</value>
		<value condition="Control.HasFocus(3208) + Skin.HasSetting(Widget8_View_Grid) + Skin.HasSetting(Widget8_Display_Fanart) + !String.IsEmpty(Container(3208).ListItemNoWrap(3).Label)">$VAR[Alpha_15]$VAR[Light_Hex]</value>
		<value condition="Control.HasFocus(3209) + Skin.String(Theme,Light) + Skin.HasSetting(Widget9_View_Showcase)">$VAR[Alpha_15]$VAR[Dark_Hex]</value>
		<value condition="Control.HasFocus(3209) + Skin.HasSetting(Widget9_View_Strip) + Skin.HasSetting(Widget9_Display_Posters) + !String.IsEmpty(Container(3209).ListItemNoWrap(2).Label)">$VAR[Alpha_15]$VAR[Light_Hex]</value>
		<value condition="Control.HasFocus(3209) + Skin.HasSetting(Widget9_View_Strip) + Skin.HasSetting(Widget9_Display_Square) + !String.IsEmpty(Container(3209).ListItemNoWrap(1).Label)">$VAR[Alpha_15]$VAR[Light_Hex]</value>
		<value condition="Control.HasFocus(3209) + Skin.HasSetting(Widget9_View_Strip) + Skin.HasSetting(Widget9_Display_Fanart) + !String.IsEmpty(Container(3209).ListItemNoWrap(1).Label)">$VAR[Alpha_15]$VAR[Light_Hex]</value>
		<value condition="Control.HasFocus(3209) + Skin.HasSetting(Widget9_View_Grid) + Skin.HasSetting(Widget9_Display_Posters) + !String.IsEmpty(Container(3209).ListItemNoWrap(5).Label)">$VAR[Alpha_15]$VAR[Light_Hex]</value>
		<value condition="Control.HasFocus(3209) + Skin.HasSetting(Widget9_View_Grid) + Skin.HasSetting(Widget9_Display_Square) + !String.IsEmpty(Container(3209).ListItemNoWrap(5).Label)">$VAR[Alpha_15]$VAR[Light_Hex]</value>
		<value condition="Control.HasFocus(3209) + Skin.HasSetting(Widget9_View_Grid) + Skin.HasSetting(Widget9_Display_Fanart) + !String.IsEmpty(Container(3209).ListItemNoWrap(3).Label)">$VAR[Alpha_15]$VAR[Light_Hex]</value>
		<value condition="Skin.String(Theme,Light)">$VAR[Alpha_15]$VAR[Dark_Hex]</value>
		<value>$VAR[Alpha_15]$VAR[Light_Hex]</value>
	</variable>
	<variable name="Scroll_Widget_Focused_Color">
		<value condition="Window.Is(addonsettings)">$VAR[Unfocused_Color]</value>
		<value condition="ControlGroup(3000).HasFocus + [Window.Is(movieinformation) | String.IsEqual(ListItem.DBType,artist)] + !Control.HasFocus(10)">$VAR[Light_Color]</value>
		<value condition="ControlGroup(3000).HasFocus + String.IsEqual(ListItem.DBType,album) + Control.HasFocus(12)">$VAR[Light_Color]</value>
		<value condition="$EXP[Infoscreen_IsVisible] + Control.HasFocus(60) + !String.IsEqual(ListItem.DBType,album) + !String.IsEqual(ListItem.DBType,song)">$VAR[Light_Color]</value>
		<value condition="Control.HasFocus(3201) + $EXP[StripView_Display_IsPosters_Widget_Infoscreen] + !String.IsEmpty(Container(3201).ListItemNoWrap(2).Label)">$VAR[Light_Color]</value>
		<value condition="Control.HasFocus(3201) + $EXP[StripView_Display_IsSquare_Widget_Infoscreen] + !String.IsEmpty(Container(3201).ListItemNoWrap(2).Label)">$VAR[Light_Color]</value>
		<value condition="Control.HasFocus(3201) + $EXP[StripView_Display_IsFanart_Widget_Infoscreen] + !String.IsEmpty(Container(3201).ListItemNoWrap(1).Label)">$VAR[Light_Color]</value>
		<value condition="Control.HasFocus(3201) + $EXP[GridView_Display_IsPosters_Widget_Infoscreen] + !String.IsEmpty(Container(3201).ListItemNoWrap(5).Label)">$VAR[Light_Color]</value>
		<value condition="Control.HasFocus(3201) + $EXP[GridView_Display_IsSquare_Widget_Infoscreen] + !String.IsEmpty(Container(3201).ListItemNoWrap(5).Label)">$VAR[Light_Color]</value>
		<value condition="Control.HasFocus(3201) + $EXP[GridView_Display_IsFanart_Widget_Infoscreen] + !String.IsEmpty(Container(3201).ListItemNoWrap(3).Label)">$VAR[Light_Color]</value>
		<value condition="Control.HasFocus(3202) + $EXP[StripView_Display_IsPosters_Widget_Infoscreen] + !String.IsEmpty(Container(3202).ListItemNoWrap(2).Label)">$VAR[Light_Color]</value>
		<value condition="Control.HasFocus(3202) + $EXP[StripView_Display_IsSquare_Widget_Infoscreen] + !String.IsEmpty(Container(3202).ListItemNoWrap(2).Label)">$VAR[Light_Color]</value>
		<value condition="Control.HasFocus(3202) + $EXP[StripView_Display_IsFanart_Widget_Infoscreen] + !String.IsEmpty(Container(3202).ListItemNoWrap(1).Label)">$VAR[Light_Color]</value>
		<value condition="Control.HasFocus(3202) + $EXP[GridView_Display_IsPosters_Widget_Infoscreen] + !String.IsEmpty(Container(3202).ListItemNoWrap(5).Label)">$VAR[Light_Color]</value>
		<value condition="Control.HasFocus(3202) + $EXP[GridView_Display_IsSquare_Widget_Infoscreen] + !String.IsEmpty(Container(3202).ListItemNoWrap(5).Label)">$VAR[Light_Color]</value>
		<value condition="Control.HasFocus(3202) + $EXP[GridView_Display_IsFanart_Widget_Infoscreen] + !String.IsEmpty(Container(3202).ListItemNoWrap(3).Label)">$VAR[Light_Color]</value>
		<value condition="Control.HasFocus(50) + $EXP[StripView_Display_IsPosters_Widget_Infoscreen] + !String.IsEmpty(Container(50).ListItemNoWrap(2).Label)">$VAR[Light_Color]</value>
		<value condition="Control.HasFocus(50) + $EXP[StripView_Display_IsSquare_Widget_Infoscreen] + !String.IsEmpty(Container(50).ListItemNoWrap(2).Label)">$VAR[Light_Color]</value>
		<value condition="Control.HasFocus(50) + $EXP[StripView_Display_IsFanart_Widget_Infoscreen] + !String.IsEmpty(Container(50).ListItemNoWrap(1).Label)">$VAR[Light_Color]</value>
		<value condition="Window.IsVisible(addoninformation) + Control.HasFocus(50) + !String.IsEmpty(Container(50).ListItemNoWrap(1).Art(thumb))">$VAR[Light_Color]</value>
		<value condition="Control.HasFocus(50) + $EXP[GridView_Display_IsPosters_Widget_Infoscreen] + !String.IsEmpty(Container(50).ListItemNoWrap(5).Label)">$VAR[Light_Color]</value>
		<value condition="Control.HasFocus(50) + $EXP[GridView_Display_IsSquare_Widget_Infoscreen] + !String.IsEmpty(Container(50).ListItemNoWrap(5).Label)">$VAR[Light_Color]</value>
		<value condition="Control.HasFocus(50) + $EXP[GridView_Display_IsFanart_Widget_Infoscreen] + !String.IsEmpty(Container(50).ListItemNoWrap(3).Label)">$VAR[Light_Color]</value>
		<value condition="Control.HasFocus(3203) + $EXP[StripView_Display_IsPosters_Widget_Infoscreen] + !String.IsEmpty(Container(3203).ListItemNoWrap(2).Label)">$VAR[Light_Color]</value>
		<value condition="Control.HasFocus(3203) + $EXP[StripView_Display_IsSquare_Widget_Infoscreen] + !String.IsEmpty(Container(3203).ListItemNoWrap(2).Label)">$VAR[Light_Color]</value>
		<value condition="Control.HasFocus(3203) + $EXP[StripView_Display_IsFanart_Widget_Infoscreen] + !String.IsEmpty(Container(3203).ListItemNoWrap(1).Label)">$VAR[Light_Color]</value>
		<value condition="Control.HasFocus(3203) + $EXP[GridView_Display_IsPosters_Widget_Infoscreen] + !String.IsEmpty(Container(3203).ListItemNoWrap(5).Label)">$VAR[Light_Color]</value>
		<value condition="Control.HasFocus(3203) + $EXP[GridView_Display_IsSquare_Widget_Infoscreen] + !String.IsEmpty(Container(3203).ListItemNoWrap(5).Label)">$VAR[Light_Color]</value>
		<value condition="Control.HasFocus(3203) + $EXP[GridView_Display_IsFanart_Widget_Infoscreen] + !String.IsEmpty(Container(3203).ListItemNoWrap(3).Label)">$VAR[Light_Color]</value>
		<value condition="Control.HasFocus(3204) + $EXP[StripView_Display_IsPosters_Widget_Infoscreen] + !String.IsEmpty(Container(3204).ListItemNoWrap(2).Label)">$VAR[Light_Color]</value>
		<value condition="Control.HasFocus(3204) + $EXP[StripView_Display_IsSquare_Widget_Infoscreen] + !String.IsEmpty(Container(3204).ListItemNoWrap(2).Label)">$VAR[Light_Color]</value>
		<value condition="Control.HasFocus(3204) + $EXP[StripView_Display_IsFanart_Widget_Infoscreen] + !String.IsEmpty(Container(3204).ListItemNoWrap(1).Label)">$VAR[Light_Color]</value>
		<value condition="Control.HasFocus(3204) + $EXP[GridView_Display_IsPosters_Widget_Infoscreen] + !String.IsEmpty(Container(3204).ListItemNoWrap(5).Label)">$VAR[Light_Color]</value>
		<value condition="Control.HasFocus(3204) + $EXP[GridView_Display_IsSquare_Widget_Infoscreen] + !String.IsEmpty(Container(3204).ListItemNoWrap(5).Label)">$VAR[Light_Color]</value>
		<value condition="Control.HasFocus(3204) + $EXP[GridView_Display_IsFanart_Widget_Infoscreen] + !String.IsEmpty(Container(3204).ListItemNoWrap(3).Label)">$VAR[Light_Color]</value>
		<value condition="Control.HasFocus(3205) + $EXP[StripView_Display_IsPosters_Widget_Infoscreen] + !String.IsEmpty(Container(3205).ListItemNoWrap(2).Label)">$VAR[Light_Color]</value>
		<value condition="Control.HasFocus(3205) + $EXP[StripView_Display_IsSquare_Widget_Infoscreen] + !String.IsEmpty(Container(3205).ListItemNoWrap(2).Label)">$VAR[Light_Color]</value>
		<value condition="Control.HasFocus(3205) + $EXP[StripView_Display_IsFanart_Widget_Infoscreen] + !String.IsEmpty(Container(3205).ListItemNoWrap(1).Label)">$VAR[Light_Color]</value>
		<value condition="Control.HasFocus(3205) + $EXP[GridView_Display_IsPosters_Widget_Infoscreen] + !String.IsEmpty(Container(3205).ListItemNoWrap(5).Label)">$VAR[Light_Color]</value>
		<value condition="Control.HasFocus(3205) + $EXP[GridView_Display_IsSquare_Widget_Infoscreen] + !String.IsEmpty(Container(3205).ListItemNoWrap(5).Label)">$VAR[Light_Color]</value>
		<value condition="Control.HasFocus(3205) + $EXP[GridView_Display_IsFanart_Widget_Infoscreen] + !String.IsEmpty(Container(3205).ListItemNoWrap(3).Label)">$VAR[Light_Color]</value>
		<value condition="Control.HasFocus(3206) + $EXP[StripView_Display_IsPosters_Widget_Infoscreen] + !String.IsEmpty(Container(3206).ListItemNoWrap(2).Label)">$VAR[Light_Color]</value>
		<value condition="Control.HasFocus(3206) + $EXP[StripView_Display_IsSquare_Widget_Infoscreen] + !String.IsEmpty(Container(3206).ListItemNoWrap(2).Label)">$VAR[Light_Color]</value>
		<value condition="Control.HasFocus(3206) + $EXP[StripView_Display_IsFanart_Widget_Infoscreen] + !String.IsEmpty(Container(3206).ListItemNoWrap(1).Label)">$VAR[Light_Color]</value>
		<value condition="Control.HasFocus(3206) + $EXP[GridView_Display_IsPosters_Widget_Infoscreen] + !String.IsEmpty(Container(3206).ListItemNoWrap(5).Label)">$VAR[Light_Color]</value>
		<value condition="Control.HasFocus(3206) + $EXP[GridView_Display_IsSquare_Widget_Infoscreen] + !String.IsEmpty(Container(3206).ListItemNoWrap(5).Label)">$VAR[Light_Color]</value>
		<value condition="Control.HasFocus(3206) + $EXP[GridView_Display_IsFanart_Widget_Infoscreen] + !String.IsEmpty(Container(3206).ListItemNoWrap(3).Label)">$VAR[Light_Color]</value>
		<value condition="Control.HasFocus(3207) + $EXP[StripView_Display_IsPosters_Widget_Infoscreen] + !String.IsEmpty(Container(3207).ListItemNoWrap(2).Label)">$VAR[Light_Color]</value>
		<value condition="Control.HasFocus(3207) + $EXP[StripView_Display_IsSquare_Widget_Infoscreen] + !String.IsEmpty(Container(3207).ListItemNoWrap(2).Label)">$VAR[Light_Color]</value>
		<value condition="Control.HasFocus(3207) + $EXP[StripView_Display_IsFanart_Widget_Infoscreen] + !String.IsEmpty(Container(3207).ListItemNoWrap(1).Label)">$VAR[Light_Color]</value>
		<value condition="Control.HasFocus(3207) + $EXP[GridView_Display_IsPosters_Widget_Infoscreen] + !String.IsEmpty(Container(3207).ListItemNoWrap(5).Label)">$VAR[Light_Color]</value>
		<value condition="Control.HasFocus(3207) + $EXP[GridView_Display_IsSquare_Widget_Infoscreen] + !String.IsEmpty(Container(3207).ListItemNoWrap(5).Label)">$VAR[Light_Color]</value>
		<value condition="Control.HasFocus(3207) + $EXP[GridView_Display_IsFanart_Widget_Infoscreen] + !String.IsEmpty(Container(3207).ListItemNoWrap(3).Label)">$VAR[Light_Color]</value>
		<value condition="Control.HasFocus(3208) + $EXP[StripView_Display_IsPosters_Widget_Infoscreen] + !String.IsEmpty(Container(3208).ListItemNoWrap(2).Label)">$VAR[Light_Color]</value>
		<value condition="Control.HasFocus(3208) + $EXP[StripView_Display_IsSquare_Widget_Infoscreen] + !String.IsEmpty(Container(3208).ListItemNoWrap(2).Label)">$VAR[Light_Color]</value>
		<value condition="Control.HasFocus(3208) + $EXP[StripView_Display_IsFanart_Widget_Infoscreen] + !String.IsEmpty(Container(3208).ListItemNoWrap(1).Label)">$VAR[Light_Color]</value>
		<value condition="Control.HasFocus(3208) + $EXP[GridView_Display_IsPosters_Widget_Infoscreen] + !String.IsEmpty(Container(3208).ListItemNoWrap(5).Label)">$VAR[Light_Color]</value>
		<value condition="Control.HasFocus(3208) + $EXP[GridView_Display_IsSquare_Widget_Infoscreen] + !String.IsEmpty(Container(3208).ListItemNoWrap(5).Label)">$VAR[Light_Color]</value>
		<value condition="Control.HasFocus(3208) + $EXP[GridView_Display_IsFanart_Widget_Infoscreen] + !String.IsEmpty(Container(3208).ListItemNoWrap(3).Label)">$VAR[Light_Color]</value>
		<value condition="Control.HasFocus(3209) + $EXP[StripView_Display_IsPosters_Widget_Infoscreen] + !String.IsEmpty(Container(3209).ListItemNoWrap(2).Label)">$VAR[Light_Color]</value>
		<value condition="Control.HasFocus(3209) + $EXP[StripView_Display_IsSquare_Widget_Infoscreen] + !String.IsEmpty(Container(3209).ListItemNoWrap(2).Label)">$VAR[Light_Color]</value>
		<value condition="Control.HasFocus(3209) + $EXP[StripView_Display_IsFanart_Widget_Infoscreen] + !String.IsEmpty(Container(3209).ListItemNoWrap(1).Label)">$VAR[Light_Color]</value>
		<value condition="Control.HasFocus(3209) + $EXP[GridView_Display_IsPosters_Widget_Infoscreen] + !String.IsEmpty(Container(3209).ListItemNoWrap(5).Label)">$VAR[Light_Color]</value>
		<value condition="Control.HasFocus(3209) + $EXP[GridView_Display_IsSquare_Widget_Infoscreen] + !String.IsEmpty(Container(3209).ListItemNoWrap(5).Label)">$VAR[Light_Color]</value>
		<value condition="Control.HasFocus(3209) + $EXP[GridView_Display_IsFanart_Widget_Infoscreen] + !String.IsEmpty(Container(3209).ListItemNoWrap(3).Label)">$VAR[Light_Color]</value>
		<value condition="Control.HasFocus(3000) | $EXP[Music_Player_HasFocus] | $EXP[Background_IsFanart]">$VAR[Light_Color]</value>
		<value condition="Control.HasFocus(3201) + Skin.String(Theme,Light) + Skin.HasSetting(Widget1_View_Showcase)">$VAR[Dark_Grey_Color]</value>
		<value condition="Control.HasFocus(3201) + Skin.HasSetting(Widget1_View_Strip) + Skin.HasSetting(Widget1_Display_Posters) + !String.IsEmpty(Container(3201).ListItemNoWrap(2).Label)">$VAR[Light_Color]</value>
		<value condition="Control.HasFocus(3201) + Skin.HasSetting(Widget1_View_Strip) + Skin.HasSetting(Widget1_Display_Square) + !String.IsEmpty(Container(3201).ListItemNoWrap(1).Label)">$VAR[Light_Color]</value>
		<value condition="Control.HasFocus(3201) + Skin.HasSetting(Widget1_View_Strip) + Skin.HasSetting(Widget1_Display_Fanart) + !String.IsEmpty(Container(3201).ListItemNoWrap(1).Label)">$VAR[Light_Color]</value>
		<value condition="Control.HasFocus(3201) + Skin.HasSetting(Widget1_View_Grid) + Skin.HasSetting(Widget1_Display_Posters) + !String.IsEmpty(Container(3201).ListItemNoWrap(5).Label)">$VAR[Light_Color]</value>
		<value condition="Control.HasFocus(3201) + Skin.HasSetting(Widget1_View_Grid) + Skin.HasSetting(Widget1_Display_Square) + !String.IsEmpty(Container(3201).ListItemNoWrap(5).Label)">$VAR[Light_Color]</value>
		<value condition="Control.HasFocus(3201) + Skin.HasSetting(Widget1_View_Grid) + Skin.HasSetting(Widget1_Display_Fanart) + !String.IsEmpty(Container(3201).ListItemNoWrap(3).Label)">$VAR[Light_Color]</value>
		<value condition="Control.HasFocus(3202) + Skin.String(Theme,Light) + Skin.HasSetting(Widget2_View_Showcase)">$VAR[Dark_Grey_Color]</value>
		<value condition="Control.HasFocus(3202) + Skin.HasSetting(Widget2_View_Strip) + Skin.HasSetting(Widget2_Display_Posters) + !String.IsEmpty(Container(3202).ListItemNoWrap(2).Label)">$VAR[Light_Color]</value>
		<value condition="Control.HasFocus(3202) + Skin.HasSetting(Widget2_View_Strip) + Skin.HasSetting(Widget2_Display_Square) + !String.IsEmpty(Container(3202).ListItemNoWrap(1).Label)">$VAR[Light_Color]</value>
		<value condition="Control.HasFocus(3202) + Skin.HasSetting(Widget2_View_Strip) + Skin.HasSetting(Widget2_Display_Fanart) + !String.IsEmpty(Container(3202).ListItemNoWrap(1).Label)">$VAR[Light_Color]</value>
		<value condition="Control.HasFocus(3202) + Skin.HasSetting(Widget2_View_Grid) + Skin.HasSetting(Widget2_Display_Posters) + !String.IsEmpty(Container(3202).ListItemNoWrap(5).Label)">$VAR[Light_Color]</value>
		<value condition="Control.HasFocus(3202) + Skin.HasSetting(Widget2_View_Grid) + Skin.HasSetting(Widget2_Display_Square) + !String.IsEmpty(Container(3202).ListItemNoWrap(5).Label)">$VAR[Light_Color]</value>
		<value condition="Control.HasFocus(3202) + Skin.HasSetting(Widget2_View_Grid) + Skin.HasSetting(Widget2_Display_Fanart) + !String.IsEmpty(Container(3202).ListItemNoWrap(3).Label)">$VAR[Light_Color]</value>
		<value condition="Control.HasFocus(3203) + Skin.String(Theme,Light) + Skin.HasSetting(Widget3_View_Showcase)">$VAR[Dark_Grey_Color]</value>
		<value condition="Control.HasFocus(3203) + Skin.HasSetting(Widget3_View_Strip) + Skin.HasSetting(Widget3_Display_Posters) + !String.IsEmpty(Container(3203).ListItemNoWrap(2).Label)">$VAR[Light_Color]</value>
		<value condition="Control.HasFocus(3203) + Skin.HasSetting(Widget3_View_Strip) + Skin.HasSetting(Widget3_Display_Square) + !String.IsEmpty(Container(3203).ListItemNoWrap(1).Label)">$VAR[Light_Color]</value>
		<value condition="Control.HasFocus(3203) + Skin.HasSetting(Widget3_View_Strip) + Skin.HasSetting(Widget3_Display_Fanart) + !String.IsEmpty(Container(3203).ListItemNoWrap(1).Label)">$VAR[Light_Color]</value>
		<value condition="Control.HasFocus(3203) + Skin.HasSetting(Widget3_View_Grid) + Skin.HasSetting(Widget3_Display_Posters) + !String.IsEmpty(Container(3203).ListItemNoWrap(5).Label)">$VAR[Light_Color]</value>
		<value condition="Control.HasFocus(3203) + Skin.HasSetting(Widget3_View_Grid) + Skin.HasSetting(Widget3_Display_Square) + !String.IsEmpty(Container(3203).ListItemNoWrap(5).Label)">$VAR[Light_Color]</value>
		<value condition="Control.HasFocus(3203) + Skin.HasSetting(Widget3_View_Grid) + Skin.HasSetting(Widget3_Display_Fanart) + !String.IsEmpty(Container(3203).ListItemNoWrap(3).Label)">$VAR[Light_Color]</value>
		<value condition="Control.HasFocus(3204) + Skin.String(Theme,Light) + Skin.HasSetting(Widget4_View_Showcase)">$VAR[Dark_Grey_Color]</value>
		<value condition="Control.HasFocus(3204) + Skin.HasSetting(Widget4_View_Strip) + Skin.HasSetting(Widget4_Display_Posters) + !String.IsEmpty(Container(3204).ListItemNoWrap(2).Label)">$VAR[Light_Color]</value>
		<value condition="Control.HasFocus(3204) + Skin.HasSetting(Widget4_View_Strip) + Skin.HasSetting(Widget4_Display_Square) + !String.IsEmpty(Container(3204).ListItemNoWrap(1).Label)">$VAR[Light_Color]</value>
		<value condition="Control.HasFocus(3204) + Skin.HasSetting(Widget4_View_Strip) + Skin.HasSetting(Widget4_Display_Fanart) + !String.IsEmpty(Container(3204).ListItemNoWrap(1).Label)">$VAR[Light_Color]</value>
		<value condition="Control.HasFocus(3204) + Skin.HasSetting(Widget4_View_Grid) + Skin.HasSetting(Widget4_Display_Posters) + !String.IsEmpty(Container(3204).ListItemNoWrap(5).Label)">$VAR[Light_Color]</value>
		<value condition="Control.HasFocus(3204) + Skin.HasSetting(Widget4_View_Grid) + Skin.HasSetting(Widget4_Display_Square) + !String.IsEmpty(Container(3204).ListItemNoWrap(5).Label)">$VAR[Light_Color]</value>
		<value condition="Control.HasFocus(3204) + Skin.HasSetting(Widget4_View_Grid) + Skin.HasSetting(Widget4_Display_Fanart) + !String.IsEmpty(Container(3204).ListItemNoWrap(3).Label)">$VAR[Light_Color]</value>
		<value condition="Control.HasFocus(3205) + Skin.String(Theme,Light) + Skin.HasSetting(Widget5_View_Showcase)">$VAR[Dark_Grey_Color]</value>
		<value condition="Control.HasFocus(3205) + Skin.HasSetting(Widget5_View_Strip) + Skin.HasSetting(Widget5_Display_Posters) + !String.IsEmpty(Container(3205).ListItemNoWrap(2).Label)">$VAR[Light_Color]</value>
		<value condition="Control.HasFocus(3205) + Skin.HasSetting(Widget5_View_Strip) + Skin.HasSetting(Widget5_Display_Square) + !String.IsEmpty(Container(3205).ListItemNoWrap(1).Label)">$VAR[Light_Color]</value>
		<value condition="Control.HasFocus(3205) + Skin.HasSetting(Widget5_View_Strip) + Skin.HasSetting(Widget5_Display_Fanart) + !String.IsEmpty(Container(3205).ListItemNoWrap(1).Label)">$VAR[Light_Color]</value>
		<value condition="Control.HasFocus(3205) + Skin.HasSetting(Widget5_View_Grid) + Skin.HasSetting(Widget5_Display_Posters) + !String.IsEmpty(Container(3205).ListItemNoWrap(5).Label)">$VAR[Light_Color]</value>
		<value condition="Control.HasFocus(3205) + Skin.HasSetting(Widget5_View_Grid) + Skin.HasSetting(Widget5_Display_Square) + !String.IsEmpty(Container(3205).ListItemNoWrap(5).Label)">$VAR[Light_Color]</value>
		<value condition="Control.HasFocus(3205) + Skin.HasSetting(Widget5_View_Grid) + Skin.HasSetting(Widget5_Display_Fanart) + !String.IsEmpty(Container(3205).ListItemNoWrap(3).Label)">$VAR[Light_Color]</value>
		<value condition="Control.HasFocus(3206) + Skin.String(Theme,Light) + Skin.HasSetting(Widget6_View_Showcase)">$VAR[Dark_Grey_Color]</value>
		<value condition="Control.HasFocus(3206) + Skin.HasSetting(Widget6_View_Strip) + Skin.HasSetting(Widget6_Display_Posters) + !String.IsEmpty(Container(3206).ListItemNoWrap(2).Label)">$VAR[Light_Color]</value>
		<value condition="Control.HasFocus(3206) + Skin.HasSetting(Widget6_View_Strip) + Skin.HasSetting(Widget6_Display_Square) + !String.IsEmpty(Container(3206).ListItemNoWrap(1).Label)">$VAR[Light_Color]</value>
		<value condition="Control.HasFocus(3206) + Skin.HasSetting(Widget6_View_Strip) + Skin.HasSetting(Widget6_Display_Fanart) + !String.IsEmpty(Container(3206).ListItemNoWrap(1).Label)">$VAR[Light_Color]</value>
		<value condition="Control.HasFocus(3206) + Skin.HasSetting(Widget6_View_Grid) + Skin.HasSetting(Widget6_Display_Posters) + !String.IsEmpty(Container(3206).ListItemNoWrap(5).Label)">$VAR[Light_Color]</value>
		<value condition="Control.HasFocus(3206) + Skin.HasSetting(Widget6_View_Grid) + Skin.HasSetting(Widget6_Display_Square) + !String.IsEmpty(Container(3206).ListItemNoWrap(5).Label)">$VAR[Light_Color]</value>
		<value condition="Control.HasFocus(3206) + Skin.HasSetting(Widget6_View_Grid) + Skin.HasSetting(Widget6_Display_Fanart) + !String.IsEmpty(Container(3206).ListItemNoWrap(3).Label)">$VAR[Light_Color]</value>
		<value condition="Control.HasFocus(3207) + Skin.String(Theme,Light) + Skin.HasSetting(Widget7_View_Showcase)">$VAR[Dark_Grey_Color]</value>
		<value condition="Control.HasFocus(3207) + Skin.HasSetting(Widget7_View_Strip) + Skin.HasSetting(Widget7_Display_Posters) + !String.IsEmpty(Container(3207).ListItemNoWrap(2).Label)">$VAR[Light_Color]</value>
		<value condition="Control.HasFocus(3207) + Skin.HasSetting(Widget7_View_Strip) + Skin.HasSetting(Widget7_Display_Square) + !String.IsEmpty(Container(3207).ListItemNoWrap(1).Label)">$VAR[Light_Color]</value>
		<value condition="Control.HasFocus(3207) + Skin.HasSetting(Widget7_View_Strip) + Skin.HasSetting(Widget7_Display_Fanart) + !String.IsEmpty(Container(3207).ListItemNoWrap(1).Label)">$VAR[Light_Color]</value>
		<value condition="Control.HasFocus(3207) + Skin.HasSetting(Widget7_View_Grid) + Skin.HasSetting(Widget7_Display_Posters) + !String.IsEmpty(Container(3207).ListItemNoWrap(5).Label)">$VAR[Light_Color]</value>
		<value condition="Control.HasFocus(3207) + Skin.HasSetting(Widget7_View_Grid) + Skin.HasSetting(Widget7_Display_Square) + !String.IsEmpty(Container(3207).ListItemNoWrap(5).Label)">$VAR[Light_Color]</value>
		<value condition="Control.HasFocus(3207) + Skin.HasSetting(Widget7_View_Grid) + Skin.HasSetting(Widget7_Display_Fanart) + !String.IsEmpty(Container(3207).ListItemNoWrap(3).Label)">$VAR[Light_Color]</value>
		<value condition="Control.HasFocus(3208) + Skin.String(Theme,Light) + Skin.HasSetting(Widget8_View_Showcase)">$VAR[Dark_Grey_Color]</value>
		<value condition="Control.HasFocus(3208) + Skin.HasSetting(Widget8_View_Strip) + Skin.HasSetting(Widget8_Display_Posters) + !String.IsEmpty(Container(3208).ListItemNoWrap(2).Label)">$VAR[Light_Color]</value>
		<value condition="Control.HasFocus(3208) + Skin.HasSetting(Widget8_View_Strip) + Skin.HasSetting(Widget8_Display_Square) + !String.IsEmpty(Container(3208).ListItemNoWrap(1).Label)">$VAR[Light_Color]</value>
		<value condition="Control.HasFocus(3208) + Skin.HasSetting(Widget8_View_Strip) + Skin.HasSetting(Widget8_Display_Fanart) + !String.IsEmpty(Container(3208).ListItemNoWrap(1).Label)">$VAR[Light_Color]</value>
		<value condition="Control.HasFocus(3208) + Skin.HasSetting(Widget8_View_Grid) + Skin.HasSetting(Widget8_Display_Posters) + !String.IsEmpty(Container(3208).ListItemNoWrap(5).Label)">$VAR[Light_Color]</value>
		<value condition="Control.HasFocus(3208) + Skin.HasSetting(Widget8_View_Grid) + Skin.HasSetting(Widget8_Display_Square) + !String.IsEmpty(Container(3208).ListItemNoWrap(5).Label)">$VAR[Light_Color]</value>
		<value condition="Control.HasFocus(3208) + Skin.HasSetting(Widget8_View_Grid) + Skin.HasSetting(Widget8_Display_Fanart) + !String.IsEmpty(Container(3208).ListItemNoWrap(3).Label)">$VAR[Light_Color]</value>
		<value condition="Control.HasFocus(3209) + Skin.String(Theme,Light) + Skin.HasSetting(Widget9_View_Showcase)">$VAR[Dark_Grey_Color]</value>
		<value condition="Control.HasFocus(3209) + Skin.HasSetting(Widget9_View_Strip) + Skin.HasSetting(Widget9_Display_Posters) + !String.IsEmpty(Container(3209).ListItemNoWrap(2).Label)">$VAR[Light_Color]</value>
		<value condition="Control.HasFocus(3209) + Skin.HasSetting(Widget9_View_Strip) + Skin.HasSetting(Widget9_Display_Square) + !String.IsEmpty(Container(3209).ListItemNoWrap(1).Label)">$VAR[Light_Color]</value>
		<value condition="Control.HasFocus(3209) + Skin.HasSetting(Widget9_View_Strip) + Skin.HasSetting(Widget9_Display_Fanart) + !String.IsEmpty(Container(3209).ListItemNoWrap(1).Label)">$VAR[Light_Color]</value>
		<value condition="Control.HasFocus(3209) + Skin.HasSetting(Widget9_View_Grid) + Skin.HasSetting(Widget9_Display_Posters) + !String.IsEmpty(Container(3209).ListItemNoWrap(5).Label)">$VAR[Light_Color]</value>
		<value condition="Control.HasFocus(3209) + Skin.HasSetting(Widget9_View_Grid) + Skin.HasSetting(Widget9_Display_Square) + !String.IsEmpty(Container(3209).ListItemNoWrap(5).Label)">$VAR[Light_Color]</value>
		<value condition="Control.HasFocus(3209) + Skin.HasSetting(Widget9_View_Grid) + Skin.HasSetting(Widget9_Display_Fanart) + !String.IsEmpty(Container(3209).ListItemNoWrap(3).Label)">$VAR[Light_Color]</value>
		<value>$VAR[Primary_Color]</value>
	</variable>
	<variable name="Star_Color">
		<value condition="!String.IsEmpty(ListItem.UserRating)">$VAR[User_Rating_Color]</value>
		<value>$VAR[Accent_Color]</value>
	</variable>
	<variable name="Unwatched_Indicator_Background_Color">
		<value condition="[$EXP[StripView_IsVisible] | [$EXP[ListView_IsVisible] + !$EXP[Poster_Containers]]] + Skin.String(Theme,Light)">$VAR[Dark_Color]</value>
		<value>$VAR[Light_Color]</value>
	</variable>
	<variable name="Unwatched_Indicator_Label_Color">
		<value condition="$EXP[GridView_IsVisible]">$VAR[Light_Color]</value>
		<value condition="[$EXP[StripView_IsVisible] | [$EXP[ListView_IsVisible] + !$EXP[Poster_Containers]]] + Skin.String(Theme,Light)">$VAR[Light_Color]</value>
		<value>$VAR[Dark_Color]</value>
	</variable>
	<variable name="Volume_Background_Color">
		<!-- Movie information visible / Light theme / Choose Art focused -->
		<value condition="Skin.String(Theme,Light) + Window.IsVisible(movieinformation) + String.IsEqual(Window(movieinformation).Property(Focused_Button),$LOCALIZE[13511])">$VAR[Alpha_15]$VAR[Dark_Grey_Hex]</value>
		<!-- Movie information visible / main menu focused -->
		<value condition="Window.IsVisible(movieinformation) + !String.IsEqual(Window(movieinformation).Property(Focused_Button),False)">$VAR[Alpha_15]$VAR[Light_Hex]</value>
		<!-- Artist information visible / Light theme / Choose Art focused -->
		<value condition="Skin.String(Theme,Light) + Window.IsVisible(musicinformation) + String.IsEqual(Window(musicinformation).Property(Info_Type),artist) + String.IsEqual(Window(musicinformation).Property(Focused_Button),$LOCALIZE[13511])">$VAR[Alpha_15]$VAR[Dark_Grey_Hex]</value>
		<!-- Artist information visible / main menu focused -->
		<value condition="Window.IsVisible(musicinformation) + String.IsEqual(Window(musicinformation).Property(Info_Type),artist) + !String.IsEqual(Window(musicinformation).Property(Focused_Button),False)">$VAR[Alpha_15]$VAR[Light_Hex]</value>
		<!-- Album information visible / Artist information focused -->
		<value condition="Window.IsVisible(musicinformation) + String.IsEqual(Window(musicinformation).Property(Info_Type),album) + String.IsEqual(Window(musicinformation).Property(Focused_Button),$LOCALIZE[21891])">$VAR[Alpha_15]$VAR[Light_Hex]</value>
		<!-- Artist information visible / Light theme / main menu focused -->
		<value condition="Skin.String(Theme,Light) + Window.IsVisible(musicinformation) + String.IsEqual(Window(musicinformation).Property(Info_Type),album) + !String.IsEqual(Window(musicinformation).Property(Focused_Button),False)">$VAR[Alpha_15]$VAR[Dark_Grey_Hex]</value>
		<!-- Artist information visible / main menu focused -->
		<value condition="Window.IsVisible(musicinformation) + String.IsEqual(Window(musicinformation).Property(Info_Type),album) + !String.IsEqual(Window(musicinformation).Property(Focused_Button),False)">$VAR[Alpha_15]$VAR[Light_Hex]</value>
		<!-- Info Dialog visible, Billboard view visible -->
		<value condition="$EXP[Infoscreen_IsVisible] + String.IsEqual(Window(home).Property(HomeWidget),3205)">$VAR[Alpha_15]$VAR[Light_Hex]</value>
		<!-- Info Dialog visible, Light Theme -->
		<value condition="$EXP[Infoscreen_IsVisible] + Skin.String(Theme,Light)">$VAR[Alpha_15]$VAR[Dark_Grey_Hex]</value>
		<!-- Info visible -->
		<value condition="$EXP[Infoscreen_IsVisible]">$VAR[Alpha_15]$VAR[Light_Hex]</value>
		<!-- Home widgets -->
		<value condition="Skin.String(Theme,Light) + Window.IsVisible(home) + !Skin.HasSetting(Widget1_View_Billboard) + String.IsEqual(window(home).property(HomeWidget),3201)">$VAR[Alpha_15]$VAR[Dark_Grey_Hex]</value>
		<value condition="Skin.String(Theme,Light) + Window.IsVisible(home) + !Skin.HasSetting(Widget2_View_Billboard) + String.IsEqual(window(home).property(HomeWidget),3202)">$VAR[Alpha_15]$VAR[Dark_Grey_Hex]</value>
		<value condition="Skin.String(Theme,Light) + Window.IsVisible(home) + !Skin.HasSetting(Widget3_View_Billboard) + String.IsEqual(window(home).property(HomeWidget),3203)">$VAR[Alpha_15]$VAR[Dark_Grey_Hex]</value>
		<value condition="Skin.String(Theme,Light) + Window.IsVisible(home) + !Skin.HasSetting(Widget4_View_Billboard) + String.IsEqual(window(home).property(HomeWidget),3204)">$VAR[Alpha_15]$VAR[Dark_Grey_Hex]</value>
		<value condition="Skin.String(Theme,Light) + Window.IsVisible(home) + !Skin.HasSetting(Widget5_View_Billboard) + String.IsEqual(window(home).property(HomeWidget),3205)">$VAR[Alpha_15]$VAR[Dark_Grey_Hex]</value>
		<value condition="Skin.String(Theme,Light) + Window.IsVisible(home) + !Skin.HasSetting(Widget6_View_Billboard) + String.IsEqual(window(home).property(HomeWidget),3206)">$VAR[Alpha_15]$VAR[Dark_Grey_Hex]</value>
		<value condition="Skin.String(Theme,Light) + Window.IsVisible(home) + !Skin.HasSetting(Widget7_View_Billboard) + String.IsEqual(window(home).property(HomeWidget),3207)">$VAR[Alpha_15]$VAR[Dark_Grey_Hex]</value>
		<value condition="Skin.String(Theme,Light) + Window.IsVisible(home) + !Skin.HasSetting(Widget8_View_Billboard) + String.IsEqual(window(home).property(HomeWidget),3208)">$VAR[Alpha_15]$VAR[Dark_Grey_Hex]</value>
		<value condition="Skin.String(Theme,Light) + Window.IsVisible(home) + !Skin.HasSetting(Widget9_View_Billboard) + String.IsEqual(window(home).property(HomeWidget),3209)">$VAR[Alpha_15]$VAR[Dark_Grey_Hex]</value>
		<!-- Views -->
		<value condition="Skin.String(Theme,Light) + $EXP[ShowcaseView_IsVisible] + $EXP[ShowcaseView_Details_Off] + String.IsEmpty(Window(home).Property(Next_Art))">$VAR[Alpha_15]$VAR[Dark_Grey_Hex]</value>
		<value condition="Skin.String(Theme,Light) + $EXP[ShowcaseView_Display_IsPosters] + !$EXP[ShowcaseView_Details_Off] + $EXP[Music_Player_IsVisible]">$VAR[Alpha_15]$VAR[Light_Hex]</value>
		<value condition="Skin.String(Theme,Light) + $EXP[ShowcaseView_IsVisible] + !$EXP[ShowcaseView_Details_Off]">$VAR[Alpha_15]$VAR[Dark_Grey_Hex]</value>
		<value>$VAR[Alpha_15]$VAR[Light_Hex]</value>
	</variable>
	<variable name="Volume_Focused_Color">
		<!-- Movie information visible / Light theme / Choose Art focused -->
		<value condition="Skin.String(Theme,Light) + Window.IsVisible(movieinformation) + String.IsEqual(Window(movieinformation).Property(Focused_Button),$LOCALIZE[13511])">$VAR[Dark_Grey_Color]</value>
		<!-- Movie information visible / main menu focused -->
		<value condition="Window.IsVisible(movieinformation) + !String.IsEqual(Window(movieinformation).Property(Focused_Button),False)">$VAR[Light_Color]</value>
		<!-- Artist information visible / Light theme / Choose Art focused -->
		<value condition="Skin.String(Theme,Light) + Window.IsVisible(musicinformation) + String.IsEqual(Window(musicinformation).Property(Info_Type),artist) + String.IsEqual(Window(musicinformation).Property(Focused_Button),$LOCALIZE[13511])">$VAR[Dark_Grey_Color]</value>
		<!-- Artist information visible / main menu focused -->
		<value condition="Window.IsVisible(musicinformation) + String.IsEqual(Window(musicinformation).Property(Info_Type),artist) + !String.IsEqual(Window(musicinformation).Property(Focused_Button),False)">$VAR[Light_Color]</value>
		<!-- Album information visible / Artist information focused -->
		<value condition="Window.IsVisible(musicinformation) + String.IsEqual(Window(musicinformation).Property(Info_Type),album) + String.IsEqual(Window(musicinformation).Property(Focused_Button),$LOCALIZE[21891])">$VAR[Light_Color]</value>
		<!-- Artist information visible / Light theme / main menu focused -->
		<value condition="Skin.String(Theme,Light) + Window.IsVisible(musicinformation) + String.IsEqual(Window(musicinformation).Property(Info_Type),album) + !String.IsEqual(Window(musicinformation).Property(Focused_Button),False)">$VAR[Dark_Grey_Color]</value>
		<!-- Artist information visible / main menu focused -->
		<value condition="Window.IsVisible(musicinformation) + String.IsEqual(Window(musicinformation).Property(Info_Type),album) + !String.IsEqual(Window(musicinformation).Property(Focused_Button),False)">$VAR[Light_Color]</value>
		<!-- Info Dialog visible, Billboard view visible -->
		<value condition="$EXP[Infoscreen_IsVisible] + String.IsEqual(Window(home).Property(HomeWidget),3205)">$VAR[Light_Color]</value>
		<!-- Info Dialog visible, Light Theme -->
		<value condition="$EXP[Infoscreen_IsVisible] + Skin.String(Theme,Light)">$VAR[Dark_Grey_Color]</value>
		<!-- Info visible -->
		<value condition="$EXP[Infoscreen_IsVisible]">$VAR[Light_Color]</value>
		<!-- Home widgets -->
		<value condition="Skin.String(Theme,Light) + Window.IsVisible(home) + !Skin.HasSetting(Widget1_View_Billboard) + String.IsEqual(window(home).property(HomeWidget),3201)">$VAR[Dark_Grey_Color]</value>
		<value condition="Skin.String(Theme,Light) + Window.IsVisible(home) + !Skin.HasSetting(Widget2_View_Billboard) + String.IsEqual(window(home).property(HomeWidget),3202)">$VAR[Dark_Grey_Color]</value>
		<value condition="Skin.String(Theme,Light) + Window.IsVisible(home) + !Skin.HasSetting(Widget3_View_Billboard) + String.IsEqual(window(home).property(HomeWidget),3203)">$VAR[Dark_Grey_Color]</value>
		<value condition="Skin.String(Theme,Light) + Window.IsVisible(home) + !Skin.HasSetting(Widget4_View_Billboard) + String.IsEqual(window(home).property(HomeWidget),3204)">$VAR[Dark_Grey_Color]</value>
		<value condition="Skin.String(Theme,Light) + Window.IsVisible(home) + !Skin.HasSetting(Widget5_View_Billboard) + String.IsEqual(window(home).property(HomeWidget),3205)">$VAR[Dark_Grey_Color]</value>
		<value condition="Skin.String(Theme,Light) + Window.IsVisible(home) + !Skin.HasSetting(Widget6_View_Billboard) + String.IsEqual(window(home).property(HomeWidget),3206)">$VAR[Dark_Grey_Color]</value>
		<value condition="Skin.String(Theme,Light) + Window.IsVisible(home) + !Skin.HasSetting(Widget7_View_Billboard) + String.IsEqual(window(home).property(HomeWidget),3207)">$VAR[Dark_Grey_Color]</value>
		<value condition="Skin.String(Theme,Light) + Window.IsVisible(home) + !Skin.HasSetting(Widget8_View_Billboard) + String.IsEqual(window(home).property(HomeWidget),3208)">$VAR[Dark_Grey_Color]</value>
		<value condition="Skin.String(Theme,Light) + Window.IsVisible(home) + !Skin.HasSetting(Widget9_View_Billboard) + String.IsEqual(window(home).property(HomeWidget),3209)">$VAR[Dark_Grey_Color]</value>
		<!-- Views -->
		<value condition="Skin.String(Theme,Light) + $EXP[ShowcaseView_IsVisible] + $EXP[ShowcaseView_Details_Off] + String.IsEmpty(Window(home).Property(Next_Art))">$VAR[Dark_Grey_Color]</value>
		<value condition="Skin.String(Theme,Light) + $EXP[ShowcaseView_Display_IsPosters] + !$EXP[ShowcaseView_Details_Off] + $EXP[Music_Player_IsVisible]">$VAR[Light_Color]</value>
		<value condition="Skin.String(Theme,Light) + $EXP[ShowcaseView_IsVisible] + !$EXP[ShowcaseView_Details_Off]">$VAR[Dark_Grey_Color]</value>
		<value>$VAR[Light_Color]</value>
	</variable>

</includes>
