<?xml version="1.0" encoding="UTF-8"?>
<includes>

  <include name="Trailer_Autoplay_Mask">
    <param name="timer" default="trailer_autoplay"/>
    <definition>
      <control type="image">
        <visible>!Skin.String(Theme,Light) + !Player.HasVideo + Skin.TimerIsRunning($PARAM[timer]) + Integer.IsLess(Skin.TimerElapsedSecs($PARAM[timer]),2)</visible>
        <animation effect="fade" start="100" end="0" time="360" delay="1440" tween="sine" easing="inout" reversible="false">Hidden</animation>
        <texture colordiffuse="$VAR[Dark_Color]">views/white_100.png</texture>
      </control>
    </definition>
  </include>
  
</includes>
