<?xml version="1.0" encoding="UTF-8"?>
<includes>
	<include file="Actions.xml" />
	<include file="Animations.xml" />
	<include file="Button_Infoscreen_Path_Tracer.xml" />
	<include file="Button_Widget_Reset.xml" />
	<include file="Buttons_Scalable.xml" />
	<include file="Buttons_Textures.xml" />
	<include file="Colors.xml" />
	<include file="Content_Infoscreens.xml" />
	<include file="Content_Settings.xml" />
	<include file="Content_SmartPlaylistEditor.xml" />
	<include file="Content_Viewtype_Options_Billboard.xml" />
	<include file="Content_Viewtype_Options_Common.xml" />
	<include file="Content_Viewtype_Options_Grid.xml" />
	<include file="Content_Viewtype_Options_List.xml" />
	<include file="Content_Viewtype_Options_Showcase.xml" />
	<include file="Content_Viewtype_Options_Strip.xml" />
	<include file="Defaults.xml" />
	<include file="Components_Common.xml" />
	<include file="Components_DialogKeyboard.xml" />
	<include file="Components_Dialogs.xml" />
	<include file="Components_Home.xml" />
	<include file="Components_Infoscreens.xml" />
	<include file="Components_OSD.xml" />
	<include file="Components_Settings.xml" />
	<include file="Components_Viewtype_50_List.xml" />
	<include file="Components_Viewtype_501_Billboard.xml" />
	<include file="Components_Viewtype_502_Showcase.xml" />
	<include file="Components_Viewtype_504_Strip.xml" />
	<include file="Components_Viewtype_505_Grid.xml" />
	<include file="Components_Viewtypes_Common.xml" />
	<include file="Expressions.xml" />
	<include file="Extras_Multiart.xml" />
	<include file="Extras_Music_Player.xml" />
	<include file="Extras_Secondary_List.xml" />
	<include file="Extras_Trailer_Autoplay.xml" />
	<include file="Includes_script-upnext.xml" />
	<include file="Navigation.xml" />
	<include file="Notifications.xml" />
	<include file="OnLoadUnload.xml" />
	<include file="Scrollbars.xml" />
	<include file="script-skinshortcuts-includes.xml" />
	<include file="Templates_Artwork.xml" />
	<include file="Templates_Buttons.xml" />
	<include file="Templates_Dialogs.xml" />
	<include file="Templates_Panels.xml" />
	<include file="Templates_MyViews.xml" />
	<include file="Templates_Viewtypes.xml" />
	<include file="Templates_Widgets.xml" />
	<include file="Viewtype_50_List.xml" />
	<include file="Viewtype_501_Billboard.xml" />
	<include file="Viewtype_502_Showcase.xml" />
	<include file="Viewtype_504_Strip.xml" />
	<include file="Viewtype_505_Grid.xml" />
	<include file="Variables_Labels_Media.xml" />
	<include file="Variables_Labels_Widgets.xml" />
	<include file="Variables_Labels_Windows.xml" />
	<include file="Variables_Paths_Media.xml" />
	<include file="Variables_Paths_Widgets.xml" />
	<include file="Variables_Textures_Artwork_Media.xml" />
	<include file="Variables_Textures_Artwork_Widgets.xml" />
	<include file="Variables_Textures_Flags.xml" />
	<include file="Variables_Textures_Icons.xml" />s
</includes>