<?xml version="1.0" encoding="UTF-8"?>
<window>
	<!-- interfacesettings, mediasettings, playersettings, systemsettings, servicesettings, gamesettings, pvrsettings -->
	<include content="Object_Include" condition="Window.Is(interfacesettings)">
		<defaultcontrol always="true">3002</defaultcontrol>
	</include>
	<include content="Object_Include" condition="Window.Is(mediasettings)">
		<defaultcontrol always="true">3003</defaultcontrol>
	</include>
	<include content="Object_Include" condition="Window.Is(playersettings)">
		<defaultcontrol always="true">3004</defaultcontrol>
	</include>
	<include content="Object_Include" condition="Window.Is(systemsettings)">
		<defaultcontrol always="true">3005</defaultcontrol>
	</include>
	<include content="Object_Include" condition="Window.Is(servicesettings)">
		<defaultcontrol always="true">3006</defaultcontrol>
	</include>
	<include content="Object_Include" condition="Window.Is(gamesettings)">
		<defaultcontrol always="true">3007</defaultcontrol>
	</include>
	<include content="Object_Include" condition="Window.Is(pvrsettings)">
		<defaultcontrol always="true">3008</defaultcontrol>
	</include>
	<backgroundcolor>$VAR[Fanart_Slideshow_Global_Background_Color]</backgroundcolor>
	<include content="Settings_WindowOpenClose_Fade_Delayed_Animation"/>
	<controls>
		<include content="Settings_Control_Templates">
			<param name="include_togglebutton" value="true"/>
			<param name="include_colorbutton" value="true"/>
		</include>
		<include condition="Skin.HasSetting(Fanart_Slideshow_Global_Disabled)" content="Light_Theme_Background"/>
		<include condition="!Skin.HasSetting(Fanart_Slideshow_Global_Disabled)" content="Fanart_Slideshow_Global"/>
		<include content="Default_Settings_Panel_Layout">
			<param name="left_list_id" value="3"/>
			<param name="right_list_id" value="5"/>
			<param name="alt_right_condition" value="true"/>
			<include content="Settings_Grouplist_Template">
				<param name="id" value="3"/>
				<param name="onleft" value="3000"/>
				<param name="onright" value="5"/>
				<param name="scrollbar_visible" value="!ControlGroup(5).HasFocus + !ControlGroup(4000).HasFocus"/>
				<param name="scrollbar_height" value="630"/>
				<param name="scrollbar_mirror" value="true"/>
			</include>
			<include content="Settings_Grouplist_Template">
				<param name="id" value="5"/>
				<param name="pagecontrol" value="61"/>
				<param name="left" value="570"/>
				<param name="width" value="1260"/>
				<param name="height" value="632"/>
				<param name="onleft" value="3"/>
				<param name="onright" value="20"/>
				<param name="scrollbar_visible" value="ControlGroup(5).HasFocus"/>
				<param name="scrollbar_height" value="630"/>
				<onback>3</onback>
			</include>
			<control type="textbox" id="6">
				<visible>!Control.HasFocus(20)</visible>
				<include content="Visible_Fade_Delayed_Animation"/>
				<left>150</left>
				<right>240</right>
				<bottom>40</bottom>
				<height>100</height>
				<font>Description</font>
				<align>left</align>
				<aligny>center</aligny>
				<textcolor>$VAR[Settings_Label_Color]</textcolor>
			</control>
			<control type="textbox">
				<visible>Control.HasFocus(20)</visible>
				<left>120</left>
				<right>150</right>
				<bottom>30</bottom>
				<height>120</height>
				<label>$INFO[Control.GetLabel(20)]</label>
				<font>MusicPlayer_Title</font>
				<align>right</align>
				<aligny>center</aligny>
				<textcolor>$VAR[Settings_Label_Color]</textcolor>
			</control>
			<include content="Settings_Level_Button"/>
		</include>
	</controls>
</window>
