<?xml version="1.0" encoding="UTF-8"?>
<includes>

	<include name="MediaFlags">
		<control type="grouplist">
			<visible>!$EXP[ContainerSwitching] + !$EXP[ContentSwitching] + !$EXP[TransparentDialog_IsVisible] + !$EXP[Scrollbar_HasFocus]</visible>
			<include content="Visible_Fade_Delayed_Animation" />
			<bottom>0</bottom>
			<height>180</height>
			<orientation>horizontal</orientation>
			<align>right</align>
			<itemgap>0</itemgap>
			<include content="Flag_Icon">
				<animation effect="slide" start="0,0" end="-1560,0" time="0" condition="$EXP[StripView_IsVisible] + $EXP[StripView_Details_Title] + !$EXP[StripView_Details_Logo_IsOn] + $EXP[StripView_Flags_Rating_IsVisible] + !String.IsEqual(Control.GetLabel(6304),flags/blank.png)">Conditional</animation>
				<param name="visible" value="$EXP[ListView_Flags_Studio_IsVisible] | [$EXP[BillboardView_Flags_Studio_IsVisible] + !$EXP[BillboardView_Details_Off]] | [$EXP[ShowcaseView_Flags_Studio_IsVisible] + !$EXP[ShowcaseView_Details_Off]] | [$EXP[StripView_Flags_Studio_IsVisible] + [!$EXP[StripView_Details_Off] | $EXP[StripView_Details_Title]]]" />
				<param name="id" value="6303" />
				<param name="texture" value="$VAR[Studio_Flag]" />
				<param name="colordiffuse" value="$VAR[Flag_Color]" />
			</include>
			<include content="Flag_Icon">
				<param name="visible" value="$EXP[ListView_Flags_Rating_IsVisible] | [$EXP[BillboardView_Flags_Rating_IsVisible] + !$EXP[BillboardView_Details_Off]] | [$EXP[ShowcaseView_Flags_Rating_IsVisible] + !$EXP[ShowcaseView_Details_Off]] | [$EXP[StripView_Flags_Rating_IsVisible] + [!$EXP[StripView_Details_Off] | $EXP[StripView_Details_Title]]]" />
				<param name="id" value="6304" />
				<param name="texture" value="$VAR[MPAA_Flag]" />
				<param name="colordiffuse" value="$VAR[Flag_Color]" />
			</include>
		</control>
	</include>

	<include name="Progress">
		<param name="id" />
		<param name="width" default="360" />
		<param name="height" default="6" />
		<param name="bottom" default="27" />
		<definition>
			<control type="group">
				<visible>!$EXP[ContainerSwitching] + !$EXP[ContentSwitching] + !$EXP[TransparentDialog_IsVisible] + !$EXP[Scrollbar_HasFocus]</visible>
				<visible>![Control.HasFocus(3100) + Window.IsVisible(1121)] + !$EXP[Secondary_List_ContainerSwitching] + !$EXP[Secondary_List_ContentSwitching]</visible>
				<include content="Visible_Fade_Delayed_Animation" />
				<nested />
				<centerleft>50%</centerleft>
				<bottom>$PARAM[bottom]</bottom>
				<width>$PARAM[width]</width>
				<height>$PARAM[height]</height>
				<include content="Progress_Bar">
					<param name="id" value="$PARAM[id]" />
				</include>
				<include condition="Skin.HasSetting(Secondary_List_Enabled) + Window.Is(videos)" content="Progress_Bar">
					<param name="id" value="3100" />
				</include>
			</control>
		</definition>
	</include>

	<include name="Progress_Grid">
		<param name="id" />
		<param name="left" default="0" />
		<param name="width" default="360" />
		<param name="height" default="6" />
		<param name="bottom" default="12" />
		<param name="slides" default="Narrow" />
		<definition>
			<control type="group">
				<visible>!$EXP[ContainerSwitching] + !$EXP[ContentSwitching] + !$EXP[TransparentDialog_IsVisible] + !$EXP[Scrollbar_HasFocus]</visible>
				<include content="Visible_Fade_Delayed_Animation" />
				<left>$PARAM[left]</left>
				<bottom>$PARAM[bottom]</bottom>
				<width>$PARAM[width]</width>
				<height>$PARAM[height]</height>
				<include content="Progress_Bar">
					<param name="id" value="$PARAM[id]" />
					<param name="unwatched_indicator_background" value="$VAR[Accent_Color]" />
					<param name="slides" value="$PARAM[slides]" />
				</include>
			</control>
		</definition>
	</include>

	<include name="Viewtype_Display_Template">
		<param name="viewtype_label" />
		<param name="media_view" default="false"/>
		<definition>
			<control type="group">
				<visible>$EXP[$PARAM[viewtype_label]View_IsVisible] + !$EXP[ContainerSwitching] + !$EXP[OptionsSwitching]</visible>
				<include condition="$PARAM[media_view]" content="Visible_Fade_Animation" />
				<nested />
			</control>
		</definition>
	</include>

</includes>