<?xml version="1.0" encoding="UTF-8"?>
<window>
	<!-- mediasource -->
	<defaultcontrol always="true">11</defaultcontrol>
	<backgroundcolor>$VAR[Fanart_Slideshow_Global_Background_Color]</backgroundcolor>
	<include content="WindowOpenClose_Fade_Delayed_Animation"/>
	<controls>
		<include condition="Window.IsVisible(filemanager) + !Skin.HasSetting(Fanart_Slideshow_Global_Disabled)" content="Fanart_Slideshow_Global">
			<param name="visible" value="!Window.IsVisible(filemanager)"/>
		</include>
		<include content="Default_Dialog_Panel_Layout">
			<param name="visible" value="![Window.IsVisible(shutdownmenu) | Window.IsVisible(sliderdialog) | Window.IsVisible(selectdialog) | Window.IsVisible(filebrowser) | Window.IsVisible(subtitlesearch) | Window.IsVisible(virtualkeyboard)]"/>
			<include content="Breadcrumb_Label">
				<param name="title_label_id" value="2"/>
			</include>
			<include content="Settings_List_Template">
				<param name="id" value="10"/>
				<param name="pagecontrol" value="60"/>
				<param name="window_name" value="mediasource"/>
				<param name="left" value="360"/>
				<param name="width" value="1200"/>
				<param name="top" value="300"/>
				<param name="height" value="270"/>
				<param name="onleft" value="18"/>
				<param name="onright" value="11"/>
				<param name="focus_border_visible" value="Control.HasFocus(10) | Control.HasFocus(11) | Control.HasFocus(13) | Control.HasFocus(14)"/>
				<param name="focus_border_margin_left" value="0"/>
				<param name="focus_border_margin_right" vaue="0"/>
				<param name="focus_color" value="$VAR[Light_Color]"/>
			</include>
			<include content="Dialog_Divider_With_Scrollbar">
				<param name="left" value="360"/>
				<param name="height" value="270"/>
				<param name="scrollbarvisible" value="Control.HasFocus(10) | Control.HasFocus(11) | Control.HasFocus(13) | Control.HasFocus(14)"/>
				<param name="scrollbaralignleft" value="true"/>
				<animation effect="slide" end="0,-105" time="0" condition="true">Conditional</animation>
			</include>
			<control type="group">
				<visible>!Control.HasFocus(12) + !Control.HasFocus(18) + !Control.HasFocus(19)</visible>
				<animation effect="slide" end="90" time="0" condition="Integer.IsLessOrEqual(Container(10).NumItems,1)">Conditional</animation>
				<animation effect="slide" end="90" time="0" condition="Integer.IsLessOrEqual(Container(10).NumItems,1) + String.Contains(Container(10).ListItem.Label,$LOCALIZE[231])">Conditional</animation>
				<height>90</height>
				<right>0</right>
				<width>270</width>
				<include content="Button_Template">
					<param name="buttonid" value="11"/>
					<param name="left" value="0"/>
					<param name="width" value="90"/>
					<param name="unfocusedcolor" value="$VAR[Unfocused_Color]"/>
					<param name="focusedcolor" value="$VAR[Light_Color]"/>
					<param name="texture" value="Browse"/>
				</include>
				<include content="Button_Template">
					<param name="buttonid" value="13"/>
					<param name="left" value="90"/>
					<param name="width" value="90"/>
					<param name="rotated" value="false"/>
					<param name="unfocusedcolor" value="$VAR[Unfocused_Color]"/>
					<param name="focusedcolor" value="$VAR[Light_Color]"/>
					<param name="texture" value="Plus"/>
				</include>
				<include content="Button_Template">
					<param name="buttonid" value="14"/>
					<param name="left" value="180"/>
					<param name="width" value="90"/>
					<param name="unfocusedcolor" value="$VAR[Unfocused_Color]"/>
					<param name="focusedcolor" value="$VAR[Light_Color]"/>
					<param name="texture" value="Cross"/>
				</include>
			</control>
			<control type="edit" id="12">
				<top>690</top>
				<height>90</height>
				<centerleft>50%</centerleft>
				<width>1200</width>
				<hinttext>1022</hinttext>
				<onup>11</onup>
				<onright>19</onright>
				<onleft>18</onleft>
			</control>
			<include content="Button_Group_Template">
				<param name="ondown" value="11"/>
				<param name="onup" value="12"/>
				<param name="onleft" value="12"/>
				<param name="onright" value="12"/>
				<param name="color" value="$VAR[Settings_Label_Color]"/>
				<param name="button1" value="true"/>
				<param name="button1id" value="19"/>
				<param name="button2" value="true"/>
				<param name="button2id" value="18"/>
			</include>
		</include>
		<!-- Hidden components -->
		<control type="button" id="11">
			<include content="Hidden_Button_Template"/>
			<onleft>10</onleft>
			<onright>13</onright>
			<onup condition="!String.IsEmpty(Container(10).ListItemNoWrap(-1).Label)">Control.Move(10,-1)</onup>
			<onup condition="!String.IsEmpty(Container(10).ListItemNoWrap(-1).Label)">SetFocus(10)</onup>
			<onup condition="!String.IsEmpty(Container(10).ListItemNoWrap(-1).Label)">SetFocus(11)</onup>
			<ondown condition="!String.IsEmpty(Container(10).ListItemNoWrap(1).Label)">Control.Move(10,1)</ondown>
			<ondown condition="!String.IsEmpty(Container(10).ListItemNoWrap(1).Label)">SetFocus(10)</ondown>
			<ondown condition="!String.IsEmpty(Container(10).ListItemNoWrap(1).Label)">SetFocus(11)</ondown>
			<ondown condition="String.IsEmpty(Container(10).ListItemNoWrap(1).Label)">12</ondown>
			<onfocus condition="String.IsEmpty(Window(home).Property(Fanart_Slideshow_Global))">SetProperty(Fanart_Slideshow_Global,$ESCINFO[Container(3300).ListItem.Art(fanart)],home)</onfocus>
		</control>
		<control type="button" id="13">
			<include content="Hidden_Button_Template"/>
			<onleft>11</onleft>
			<onright>14</onright>
			<onup condition="!String.IsEmpty(Container(10).ListItemNoWrap(-1).Label)">Control.Move(10,-1)</onup>
			<onup condition="!String.IsEmpty(Container(10).ListItemNoWrap(-1).Label)">SetFocus(10)</onup>
			<onup condition="!String.IsEmpty(Container(10).ListItemNoWrap(-1).Label)">SetFocus(13)</onup>
			<ondown condition="!String.IsEmpty(Container(10).ListItemNoWrap(1).Label)">Control.Move(10,1)</ondown>
			<ondown condition="!String.IsEmpty(Container(10).ListItemNoWrap(1).Label)">SetFocus(10)</ondown>
			<ondown condition="!String.IsEmpty(Container(10).ListItemNoWrap(1).Label)">SetFocus(13)</ondown>
			<ondown condition="String.IsEmpty(Container(10).ListItemNoWrap(1).Label)">12</ondown>
		</control>
		<control type="button" id="14">
			<include content="Hidden_Button_Template"/>
			<onleft>13</onleft>
			<onright>19</onright>
			<onup condition="!String.IsEmpty(Container(10).ListItemNoWrap(-1).Label)">Control.Move(10,-1)</onup>
			<onup condition="!String.IsEmpty(Container(10).ListItemNoWrap(-1).Label)">SetFocus(10)</onup>
			<onup condition="!String.IsEmpty(Container(10).ListItemNoWrap(-1).Label)">SetFocus(14)</onup>
			<ondown condition="!String.IsEmpty(Container(10).ListItemNoWrap(1).Label)">Control.Move(10,1)</ondown>
			<ondown condition="!String.IsEmpty(Container(10).ListItemNoWrap(1).Label)">SetFocus(10)</ondown>
			<ondown condition="!String.IsEmpty(Container(10).ListItemNoWrap(1).Label)">SetFocus(14)</ondown>
			<ondown condition="String.IsEmpty(Container(10).ListItemNoWrap(1).Label)">12</ondown>
			<onclick>SetFocus(11)</onclick>
		</control>
	</controls>
</window>
