<?xml version="1.0" encoding="UTF-8"?>
<window>
	<!-- music -->
	<include content="Multiart_Reset_OnLoad"/>
	<onunload>ClearProperty(Next_Art,home)</onunload>
	<onunload>ClearProperty(OptionsMenu,home)</onunload>
	<onunload>ClearProperty(Scrollbars,home)</onunload>
	<defaultcontrol always="true">50</defaultcontrol>
	<menucontrol>3000</menucontrol>
	<views>50,501,502,504,505</views>
	<backgroundcolor>$VAR[Dark_Color]</backgroundcolor>
	<include content="WindowOpenClose_Fade_Animation"/>
	<controls>
		<include content="MyMusicNav_Controls"/>
		<include content="MyViews_Common_Controls"/>
		<include condition="Skin.HasSetting(Multiart_Slideshow)" content="MyViews_Multiart_Labels"/>
		<include content="MyViews_Main"/>
		<include content="MyViews_Menu_and_Scrollbars"/>
	</controls>
</window>
