<?xml version="1.0" encoding="UTF-8"?>
<window>
	<onload>Dialog.Close(fullscreeninfo,true)</onload>
	<onload>Dialog.Close(videoosd,true)</onload>
	<onload>Dialog.Close(videoosd,true)</onload>
	<onload>SetProperty(UpNext,true,home)</onload>
	<onunload>ClearProperty(Upnext,home)</onunload>
	<defaultcontrol always="true">3012</defaultcontrol>
	<include content="WindowOpenClose_Fade_Delayed_Animation"/>
	<controls>
		<include content="Script_UpNext_Layout">
			<param name="Title_Breadcrumb_Label" value="$ADDON[service.upnext 30006]"/>
			<param name="Info_Breadcrumb_Label_visible" value="true"/>
			<param name="Info_Breadcrumb_Label" value="$VAR[script-upnext_Label]"/>
			<param name="show_icon" value="true"/>
		</include>
	</controls>
</window>
