<?xml version="1.0" encoding="UTF-8"?>
<includes>

	<variable name="DialogSelect_Icon_Texture">
		<value condition="!String.IsEmpty(Container(6).ListItem.Art(square))">$INFO[Container(6).ListItem.Art(square)]</value>
		<value condition="!String.IsEmpty(Container(6).ListItem.Art(fanart))">$INFO[Container(6).ListItem.Art(fanart)]</value>
		<value condition="!String.IsEmpty(Container(6).ListItem.Art(keyart)) + $EXP[Prefer_Keyart]">$INFO[Container(6).ListItem.Art(keyart)]</value>
		<value condition="!String.IsEmpty(Container(6).ListItem.Art(poster))">$INFO[Container(6).ListItem.Art(poster)]</value>
		<value>$INFO[Container(6).ListItem.Art(thumb)]</value>
	</variable>

	<variable name="MusicPlaylistEditor_Icon_Texture">
		<value condition="String.IsEqual(Window(musicplaylisteditor).Property(ActiveList),Right)">$INFO[Container(100).ListItem.Art(thumb)]</value>
		<value>$INFO[Container(50).ListItem.Art(thumb)]</value>
	</variable>

	<variable name="Profiles_Icon_Texture">
		<value condition="ControlGroup(500).HasFocus(101) | !System.IsLoggedOn">$INFO[Container(2).ListItem.Art(thumb)]</value>
		<value>$INFO[System.ProfileThumb]</value>
	</variable>

	<variable name="Repeat_Button_Icon_Texture">
		<value condition="Control.HasFocus(8) + Playlist.IsRepeatOne">osd/icon_RepeatOne_focused.png</value>
		<value condition="Playlist.IsRepeatOne">osd/icon_RepeatOne_unfocused.png</value>
		<value condition="Control.HasFocus(8) + Playlist.IsRepeat">osd/icon_Repeat_focused.png</value>
		<value condition="Playlist.IsRepeat">osd/icon_Repeat_unfocused.png</value>
		<value condition="Control.HasFocus(8)">osd/icon_RepeatOff_focused.png</value>
		<value>osd/icon_RepeatOff_unfocused.png</value>
	</variable>

	<variable name="SettingsCategory_Icon_Texture">
		<value condition="Window.Is(skinsettings)">settings/Copacetic_focused_60.png</value>
		<value condition="Window.Is(interfacesettings)">settings/Interface_focused_60.png</value>
		<value condition="Window.Is(mediasettings)">settings/Media_focused_60.png</value>
		<value condition="Window.Is(playersettings)">settings/Player_focused_60.png</value>
		<value condition="Window.Is(systemsettings)">settings/System_focused_60.png</value>
		<value condition="Window.Is(servicesettings)">settings/Service_focused_60.png</value>
		<value condition="Window.Is(gamesettings)">settings/Game_focused_60.png</value>
		<value condition="Window.Is(pvrsettings)">settings/PVR_focused_60.png</value>
		<value condition="Window.Is(profiles)">settings/Profiles_focused_60.png</value>
		<value condition="Window.Is(systeminfo)">settings/SystemInfo_focused_60.png</value>
		<value condition="Window.Is(filemanager)">settings/FileManager_focused_60.png</value>
	</variable>

</includes>
