<?xml version="1.0" encoding="UTF-8"?>
<includes>

	<!-- Animation components -->
	<include name="fade_WindowOpen">
		<animation effect="fade" start="0" end="100" time="$PARAM[time]" delay="$PARAM[delay]" tween="sine" easing="inout" reversible="$PARAM[reversible]" condition="$PARAM[condition]">WindowOpen</animation>
	</include>
	<include name="fade_WindowClose">
		<animation effect="fade" start="100" end="0" time="$PARAM[time]" delay="$PARAM[delay]" tween="sine" easing="inout" reversible="$PARAM[reversible]" condition="$PARAM[condition]">WindowClose</animation>
	</include>
	<include name="fade_Visible">
		<animation effect="fade" start="0" end="100" time="$PARAM[time]" delay="$PARAM[delay]" tween="sine" easing="inout" reversible="$PARAM[reversible]" condition="$PARAM[condition]">Visible</animation>
	</include>
	<include name="fade_Hidden">
		<animation effect="fade" start="100" end="0" time="$PARAM[time]" delay="$PARAM[delay]" tween="sine" easing="inout" reversible="$PARAM[reversible]" condition="$PARAM[condition]">Hidden</animation>
	</include>
	<include name="fadediffuse_template">
		<animation effect="fadediffuse" start="$PARAM[start]" end="$PARAM[end]" time="$PARAM[time]" delay="$PARAM[delay]" tween="sine" easing="inout" reversible="$PARAM[reversible]" condition="$PARAM[condition]">$PARAM[type]</animation>
	</include>

	<include name="fade_animation">
		<param name="time" default="0x" />
		<param name="delay" default="0x" />
		<param name="quick_delay" default="0x" />
		<param name="condition" default="true" />
		<param name="reversible" default="false" />
		<param name="disable_delay_on_quick" default="false" />
		<definition>
			<include content="fade_$PARAM[type]" condition="!Skin.HasSetting(Quick_Transitions)">
				<param name="time" value="Default_Transition_$PARAM[time]" />
				<param name="delay" value="Default_Transition_$PARAM[delay]" />
				<param name="condition" value="$PARAM[condition]" />
				<param name="reversible" value="$PARAM[reversible]" />
			</include>
			<include content="fade_$PARAM[type]" condition="Skin.HasSetting(Quick_Transitions)">
				<param name="time" value="Quick_Transition_$PARAM[time]" />
				<param name="delay" value="Quick_Transition_$PARAM[quick_delay]" />
				<param name="condition" value="$PARAM[condition]" />
				<param name="reversible" value="$PARAM[reversible]" />
			</include>
		</definition>
	</include>

	<include name="fadediffuse_animation">
		<param name="start" default="ffffffff" />
		<param name="end" default="ffffffff" />
		<param name="time" default="0x" />
		<param name="delay" default="0x" />
		<param name="quick_delay" default="0x" />
		<param name="condition" default="true" />
		<param name="reversible" default="true" />
		<definition>
			<include content="fadediffuse_template" condition="!Skin.HasSetting(Quick_Transitions)">
				<param name="type" value="$PARAM[type]" />
				<param name="start" value="$PARAM[start]" />
				<param name="end" value="$PARAM[end]" />
				<param name="time" value="Default_Transition_$PARAM[time]" />
				<param name="delay" value="Default_Transition_$PARAM[delay]" />
				<param name="condition" value="$PARAM[condition]" />
				<param name="reversible" value="$PARAM[reversible]" />
			</include>
			<include content="fadediffuse_template" condition="Skin.HasSetting(Quick_Transitions)">
				<param name="type" value="$PARAM[type]" />
				<param name="start" value="$PARAM[start]" />
				<param name="end" value="$PARAM[end]" />
				<param name="time" value="Quick_Transition_$PARAM[time]" />
				<param name="delay" value="Quick_Transition_$PARAM[quick_delay]" />
				<param name="condition" value="$PARAM[condition]" />
				<param name="reversible" value="$PARAM[reversible]" />
			</include>
		</definition>
	</include>

	<!-- Fade in on WindowOpen, Fade out on WindowClose -->
	<include name="WindowOpenClose_Fade_Animation">
		<include content="fade_animation">
			<param name="type" value="WindowOpen" />
			<param name="time" value="1x" />
			<param name="condition" value="!Window.IsVisible(1106)" />
			<param name="reversible" value="true" />
		</include>
		<include content="fade_animation">
			<param name="type" value="WindowClose" />
			<param name="time" value="0.5x" />
			<param name="reversible" value="true" />
		</include>
	</include>

	<include name="WindowOpenClose_Fade_Delayed_Animation">
		<param name="fadein_condition" default="true" />
		<param name="fadeout_condition" default="true" />
		<definition>
			<include content="fade_animation">
				<param name="type" value="WindowOpen" />
				<param name="time" value="1x" />
				<param name="delay" value="1.5x" />
				<param name="quick_delay" value="0.25x" />
				<param name="condition" value="$PARAM[fadein_condition]" />
			</include>
			<include content="fade_animation">
				<param name="type" value="WindowClose" />
				<param name="time" value="0.5x" />
				<param name="condition" value="$PARAM[fadeout_condition]" />
			</include>
		</definition>
	</include>

	<include name="WindowOpenClose_Fade_Delayed_Long_Animation">
		<include content="fade_animation">
			<param name="type" value="WindowOpen" />
			<param name="time" value="1x" />
			<param name="delay" value="3x" />
		</include>
		<include content="fade_animation">
			<param name="type" value="WindowClose" />
			<param name="time" value="0.5x" />
		</include>
	</include>

	<include name="Settings_WindowOpenClose_Fade_Delayed_Animation">
		<include content="fade_animation">
			<param name="type" value="WindowOpen" />
			<param name="time" value="1x" />
			<param name="delay" value="1.5x" />
			<param name="condition" value="![Window.Previous(skinsettings) | Window.Previous(interfacesettings) | Window.Previous(mediasettings) | Window.Previous(playersettings) | Window.Previous(systemsettings) | Window.Previous(servicesettings) | Window.Previous(gamesettings) | Window.Previous(pvrsettings) | Window.Previous(profiles) | Window.Previous(systeminfo) | Window.Previous(filemanager)]" />
			<param name="reversible" value="true" />
		</include>
		<include content="fade_animation">
			<param name="type" value="WindowClose" />
			<param name="time" value="0.5x" />
			<param name="condition" value="![Window.Next(skinsettings) | Window.Next(interfacesettings) | Window.Next(mediasettings) | Window.Next(playersettings) | Window.Next(systemsettings) | Window.Next(servicesettings) | Window.Next(gamesettings) | Window.Next(pvrsettings) | Window.Next(profiles) | Window.Next(systeminfo) | Window.Next(filemanager)]" />
			<param name="reversible" value="true" />
		</include>
	</include>

	<include name="Settings_WindowOpenClose_Fade_Delayed_Long_Animation">
		<include content="fade_animation">
			<param name="type" value="WindowOpen" />
			<param name="time" value="1x" />
			<param name="delay" value="3x" />
			<param name="condition" value="![Window.Previous(skinsettings) | Window.Previous(interfacesettings) | Window.Previous(mediasettings) | Window.Previous(playersettings) | Window.Previous(systemsettings) | Window.Previous(servicesettings) | Window.Previous(gamesettings) | Window.Previous(pvrsettings) | Window.Previous(profiles) | Window.Previous(systeminfo) | Window.Previous(filemanager)]" />
			<param name="reversible" value="true" />
		</include>
		<include content="fade_animation">
			<param name="type" value="WindowClose" />
			<param name="time" value="0.5x" />
			<param name="condition" value="![Window.Next(skinsettings) | Window.Next(interfacesettings) | Window.Next(mediasettings) | Window.Next(playersettings) | Window.Next(systemsettings) | Window.Next(servicesettings) | Window.Next(gamesettings) | Window.Next(pvrsettings) | Window.Next(profiles) | Window.Next(systeminfo) | Window.Next(filemanager)]" />
			<param name="reversible" value="true" />
		</include>
	</include>

	<include name="Notification_OpenClose_Fade_Delayed_Animation">
		<include content="fade_animation">
			<param name="type" value="WindowOpen" />
			<param name="time" value="1x" />
			<param name="delay" value="0.5x" />
		</include>
		<include content="fade_animation">
			<param name="type" value="WindowClose" />
			<param name="time" value="1x" />
			<param name="delay" value="1.5x" />
		</include>
	</include>

	<!-- Fade in on Visible -->
	<include name="Visible_Fade_Animation">
		<include content="fade_animation">
			<param name="type" value="Visible" />
			<param name="time" value="1x" />
		</include>
	</include>

	<include name="Visible_Fade_Delayed_Animation">
		<include content="fade_animation">
			<param name="type" value="Visible" />
			<param name="time" value="1x" />
			<param name="delay" value="1x" />
		</include>
	</include>

	<include name="Visible_Fade_Delayed_Long_Animation">
		<include content="fade_animation">
			<param name="type" value="Visible" />
			<param name="time" value="1x" />
			<param name="delay" value="2x" />
		</include>
	</include>

	<!-- Fade in on Visible, fade out on Hidden -->
	<include name="VisibleHidden_Fade_Animation">
		<include content="fade_animation">
			<param name="type" value="Visible" />
			<param name="time" value="1x" />
		</include>
		<include content="fade_animation">
			<param name="type" value="Hidden" />
			<param name="time" value="0.5x" />
		</include>
	</include>

	<include name="VisibleHidden_Fade_Delayed_Animation">
		<include content="fade_animation">
			<param name="type" value="Visible" />
			<param name="time" value="1x" />
			<param name="delay" value="1.5x" />
		</include>
		<include content="fade_animation">
			<param name="type" value="Hidden" />
			<param name="time" value="0.5x" />
		</include>
	</include>

	<include name="VisibleHidden_Fade_Delayed_Long_Animation">
		<include content="fade_animation">
			<param name="type" value="Visible" />
			<param name="time" value="1x" />
			<param name="delay" value="3x" />
		</include>
		<include content="fade_animation">
			<param name="type" value="Hidden" />
			<param name="time" value="0.5x" />
		</include>
	</include>

	<include name="VisibleHidden_Background_Fade_Delayed_Animation">
		<include content="fade_animation">
			<param name="type" value="Visible" />
			<param name="time" value="1x" />
			<param name="delay" value="0.25x" />
		</include>
		<include content="fade_animation">
			<param name="type" value="Hidden" />
			<param name="time" value="1x" />
			<param name="delay" value="0.25x" />
		</include>
	</include>

	<!-- Fade diffuses -->
	<include name="Dialog_Over_Artwork_Fadediffuse_Animation">
		<include content="fadediffuse_animation">
			<param name="type" value="Conditional" />
			<param name="start" value="ffffffff" />
			<param name="end" value="ff555555" /> <!-- 33% -->
			<param name="time" value="1x" />
			<param name="condition" value="$EXP[TransparentDialog_IsVisible] + !$EXP[Container_HasBackground]" />
		</include>
	</include>

	<include name="Dialog_Over_Light_Background_Fadediffuse_Animation">
		<include content="fadediffuse_animation">
			<param name="type" value="Conditional" />
			<param name="start" value="ffffffff" />
			<param name="end" value="ff555555" /> <!-- 33% -->
			<param name="time" value="1x" />
			<param name="condition" value="$EXP[TransparentDialog_IsVisible]" />
		</include>
	</include>

	<!-- Rotations -->
	<include name="Rotate_180_Animation">
		<animation effect="rotate" start="0" end="180" center="auto" time="0" condition="true">Conditional</animation>
	</include>

	<!-- Conditionals/scenarios -->
	<include name="Focus_Zoom_Animation" >
		<animation effect="zoom" center="auto" start="103" end="100" time="Default_Transition_0.75x" tween="back" easing="in" condition="$EXP[GridView_IsVisible]" reversible="false">Focus</animation>
	</include>
	<include name="Multiart_Focus_Fade_Animation">
		<animation effect="fade" start="0" end="100" time="Default_Transition_0.75x" delay="3000" tween="sine" easing="inout" reversible="false">Focus</animation>
	</include>

	<include name="Grid_Details_Overlay_Fade_Animation">
		<include content="fade_animation">
			<param name="type" value="Visible" />
			<param name="time" value="1x" />
			<param name="delay" value="1x" />
			<param name="quick_delay" value="1x" />
		</include>
	</include>

	<include name="Ken_Burns_Effect_Animation">
		<animation type="Conditional" pulse="true" condition="true" reversible="true">
			<effect type="zoom" center="auto" end="108" time="21000" tween="sine" easing="inout" />
		</animation>
	</include>

	<include name="Light_Theme_Background_Fade_Animation">
		<include content="fade_animation">
			<param name="type" value="WindowOpen" />
			<param name="time" value="1x" />
			<param name="delay" value="1x" />
			<param name="reversible" value="true" />
		</include>
		<include content="fade_animation">
			<param name="type" value="WindowClose" />
			<param name="time" value="1x" />
			<param name="reversible" value="true" />
		</include>
		<include content="fade_animation"> <!-- Seperate visible fade with delay for when options menu is visible (during transition between views) -->
			<param name="type" value="Visible" />
			<param name="time" value="1x" />
			<param name="delay" value="1x" />
			<param name="condition" value="String.IsEqual(Window(home).Property(OptionsMenu),Active)" />
			<param name="reversible" value="true" />
		</include>
		<include content="fade_animation">
			<param name="type" value="Visible" />
			<param name="time" value="1x" />
			<param name="condition" value="!String.IsEqual(Window(home).Property(OptionsMenu),Active)" />
			<param name="reversible" value="true" />
		</include>
		<include content="fade_animation">
			<param name="type" value="Hidden" />
			<param name="time" value="1x" />
			<param name="condition" value="!String.IsEqual(Window(home).Property(OptionsMenu),Active)" />
			<param name="reversible" value="true" />
		</include>
	</include>

	<include name="VideoPlayer_Mask_Fade_Animation">
		<param name="fadein_condition" default="[Window.Previous(VideoFullScreen.xml) + !Player.Paused + !$EXP[TransparentDialog_IsVisible]] | Window.Previous(MyPVRChannels.xml) | Window.Previous(MyPVRGuide.xml) | Window.Previous(MyPVRRecordings.xml) | Window.Previous(MyPVRSearch.xml) | Window.Previous(MyPVRTimers.xml)" />
		<param name="fadeout_condition" default="[Window.Next(VideoFullScreen.xml) + !Player.Paused + !$EXP[TransparentDialog_IsVisible]] | Window.Next(MyPVRChannels.xml) | Window.Next(MyPVRGuide.xml) | Window.Next(MyPVRRecordings.xml) | Window.Next(MyPVRSearch.xml) | Window.Next(MyPVRTimers.xml)" />
		<definition>
			<include content="fade_animation">
				<param name="type" value="WindowOpen" />
				<param name="time" value="1x" />
				<param name="condition" value="$PARAM[fadein_condition]" />
				<param name="reversible" value="true" />
			</include>
			<include content="fade_animation">
				<param name="type" value="WindowClose" />
				<param name="time" value="1x" />
				<param name="condition" value="$PARAM[fadeout_condition]" />
				<param name="reversible" value="true" />
			</include>
			<include content="fade_animation">
				<param name="type" value="Visible" />
				<param name="time" value="1x" />
				<param name="reversible" value="true" />
			</include>
			<include content="fade_animation">
				<param name="type" value="Visible" />
				<param name="time" value="1x" />
				<param name="reversible" value="true" />
			</include>
		</definition>
	</include>

	<include name="Multiart_Fade_Animation">
		<animation effect="fade" start="0" end="100" time="Default_Transition_1x" delay="4000" tween="sine" easing="inout" reversible="false">WindowOpen</animation>
		<animation effect="fade" start="0" end="100" time="Default_Transition_1x" delay="1500" tween="sine" easing="inout" reversible="false">Visible</animation>
	</include>

	<include name="MusicPlayer_Fade_Animation">
		<animation effect="fade" start="0" end="100" time="Default_Transition_1x" tween="sine" easing="inout" reversible="true">VisibleChange</animation>
	</include>

	<include name="Options_Menu_Fade_Animation">
		<animation effect="fade" start="0" end="100" time="Default_Transition_1x" tween="sine" easing="inout" reversible="true">Visible</animation>
		<animation effect="fade" start="100" end="0" time="Default_Transition_1x" delay="Default_Transition_1x" tween="sine" easing="inout" reversible="true" condition="!$EXP[TransparentDialog_IsVisible] | [$EXP[Container_HasBackground] + $EXP[PanelDialog_IsVisible]]">Hidden</animation>
	</include>

	<include name="PlayerSeekLabel_Fade_Delayed_Animation">
		<animation effect="fade" start="0" end="100" time="Default_Transition_1x" delay="Default_Transition_1.5x" tween="sine" easing="inout" reversible="false">Visible</animation>
		<animation effect="fade" start="100" end="0" time="Default_Transition_1x" delay="0" tween="sine" easing="inout" reversible="false">Hidden</animation>
	</include>

	<include name="Scrollbar_Fade_Animation">
		<animation effect="fade" start="0" end="100" time="Default_Transition_1x" tween="sine" easing="inout" reversible="true" condition="!Container.Scrolling">Visible</animation>
		<animation effect="fade" start="0" end="100" time="Default_Transition_1x" delay="Default_Transition_1x" tween="sine" easing="inout" reversible="true" condition="Container.Scrolling">Visible</animation>
	</include>

	<include name="Secondary_List_Scroll_Animation">
		<param name="fadeout" default="true" />
		<definition>
			<animation effect="slide" start="0" end="0,-1080" time="Default_Transition_1x" tween="sine" easing="inout" reversible="true" condition="Control.HasFocus(3100) + [[$EXP[ListView_Display_IsThumbnails] + !Container.Content(artists)] | $EXP[BillboardView_IsVisible] | $EXP[ShowcaseView_IsVisible]]">Conditional</animation>
			<animation effect="slide" start="0" end="-720,0" time="Default_Transition_1x" tween="sine" easing="inout" reversible="true" condition="Control.HasFocus(3100) + $EXP[ListView_Display_IsThumbnails] + Container.Content(artists)">Conditional</animation>
			<animation effect="slide" start="0" end="-1920,0" time="Default_Transition_1x" tween="sine" easing="inout" reversible="true" condition="Control.HasFocus(3100) + $EXP[ListView_Display_IsBackground]">Conditional</animation>
			<animation effect="slide" start="0" end="0,-720" time="Default_Transition_1x" tween="sine" easing="inout" reversible="true" condition="Control.HasFocus(3100) + $EXP[StripView_Display_IsPosters]">Conditional</animation>
			<animation effect="slide" start="0" end="0,-630" time="Default_Transition_1x" tween="sine" easing="inout" reversible="true" condition="Control.HasFocus(3100) + [$EXP[StripView_Display_IsFanart] | $EXP[StripView_Display_IsSquare]]">Conditional</animation>
			<animation effect="fade" start="100" end="0" time="Default_Transition_0.25x" delay="Default_Transition_1x" reversible="false" tween="sine" easing="inout" condition="Control.HasFocus(3100) + $PARAM[fadeout]">Conditional</animation>
		</definition>
	</include>

	<include name="Trailer_Autoplay_Fade_Animation">
		<animation effect="fade" start="100" end="0" time="Default_Transition_1x" tween="sine" easing="inout" reversible="false" condition="$EXP[Trailer_Autoplay_IsVisible]">Conditional</animation>
		<animation effect="fade" start="0" end="100" time="Default_Transition_1x" delay="Default_Transition_3x" tween="sine" easing="inout" reversible="false" condition="!$EXP[Trailer_Autoplay_IsVisible]">Conditional</animation>
	</include>

	<include name="Trailer_Autoplay_Fade_Delayed_Animation">
		<animation effect="fade" start="100" end="0" time="Default_Transition_1x" delay="1500" tween="sine" easing="inout" reversible="false" condition="$EXP[Trailer_Autoplay_IsVisible]">Conditional</animation>
		<animation effect="fade" start="0" end="100" time="Default_Transition_1x" delay="1500" tween="sine" easing="inout" reversible="false" condition="!$EXP[Trailer_Autoplay_IsVisible]">Conditional</animation>
	</include>

	<include name="Video_Breadcrumb_Fade_Animation">
		<animation effect="fade" start="0" end="100" time="Default_Transition_1x" tween="sine" easing="inout" reversible="false">Visible</animation>
		<animation effect="fade" start="100" end="0" time="Default_Transition_1x" tween="sine" easing="inout" reversible="false">Hidden</animation>
	</include>

	<include name="Video_Breadcrumb_Backing_Fade_Animation">
		<animation effect="fade" start="0" end="100" time="Default_Transition_1x" tween="sine" easing="inout" reversible="false" condition="![!Skin.TimerIsRunning(video_playback_label_interruptor) + Integer.IsGreater(Skin.TimerElapsedSecs(video_playback),2) + Integer.IsLess(Skin.TimerElapsedSecs(video_playback),11)]">Visible</animation>
		<animation effect="fade" start="100" end="0" time="Default_Transition_0.5x" tween="sine" easing="inout" reversible="false" condition="![!Skin.TimerIsRunning(video_playback_label_interruptor) + Integer.IsGreater(Skin.TimerElapsedSecs(video_playback),2) + Integer.IsLess(Skin.TimerElapsedSecs(video_playback),11)]">Hidden</animation>
	</include>

	<include name="Widget_Breadcrumb_Animation">
		<include content="fade_Visible" condition="!Skin.HasSetting(Quick_Transitions)">
			<param name="time" value="Default_Transition_1x" />
			<param name="delay" value="Default_Transition_1x" />
			<param name="reversible" value="false" />
			<param name="condition" value="Control.HasFocus(50) | Control.HasFocus(3201) | Control.HasFocus(3202) | Control.HasFocus(3203) | Control.HasFocus(3204) | Control.HasFocus(3205) | Control.HasFocus(3206) | Control.HasFocus(3207) | Control.HasFocus(3208) | Control.HasFocus(3209)" />
		</include>
	</include>

</includes>