<?xml version="1.0" encoding="UTF-8"?>
<window type="dialog" id="1134">
	<visible>[Window.IsActive(home) + !Window.IsActive(1180) + !String.IsEqual(Window(home).Property(Home_Widget),3204)] | [Window.IsActive(1180) + !String.IsEqual(Window(home).Property(Infoscreen_Widget),3204)]</visible>
	<animation effect="fade" start="100" end="0" time="Default_Transition_10x" condition="Window.IsActive(home) + !Window.IsActive(1180)">WindowClose</animation>
	<animation effect="fade" start="100" end="0" time="Default_Transition_0.5x" condition="Window.IsActive(1180)">WindowClose</animation>
	<zorder>0</zorder>
	<controls/>
</window>
