<?xml version="1.0" encoding="UTF-8"?>
<includes>
	<include name="Widget_Reset_Button">
		<control type="button" id="4200">
			<visible allowhiddenfocus="true">false</visible>
			<!-- Widget 1: In Progress, Strip, fanart -->
			<onfocus>Skin.Reset(Widget1_Content_Disabled)</onfocus>
			<onfocus>Skin.Reset(Widget1_Content_InProgress)</onfocus>
			<onfocus>Skin.Reset(Widget1_Content_NextUp)</onfocus>
			<onfocus>Skin.Reset(Widget1_Content_LatestMovies)</onfocus>
			<onfocus>Skin.Reset(Widget1_Content_LatestTVShows)</onfocus>
			<onfocus>Skin.Reset(Widget1_Content_RandomMovies)</onfocus>
			<onfocus>Skin.Reset(Widget1_Content_RandomTVShows)</onfocus>
			<onfocus>Skin.Reset(Widget1_Content_LatestAlbums)</onfocus>
			<onfocus>Skin.Reset(Widget1_Content_RecentAlbums)</onfocus>
			<onfocus>Skin.Reset(Widget1_Content_RandomAlbums)</onfocus>
			<onfocus>Skin.Reset(Widget1_Content_Favourites)</onfocus>
			<onfocus>Skin.Reset(Widget1_Content_Custom)</onfocus>
			<onfocus>Skin.Reset(Widget1_View_Billboard)</onfocus>
			<onfocus>Skin.Reset(Widget1_View_Showcase)</onfocus>
			<onfocus>Skin.Reset(Widget1_View_Strip)</onfocus>
			<onfocus>Skin.Reset(Widget1_View_Grid)</onfocus>
			<onfocus>Skin.Reset(Widget1_Display_Fanart)</onfocus>
			<onfocus>Skin.Reset(Widget1_Display_Posters)</onfocus>
			<onfocus>Skin.Reset(Widget1_Display_Square)</onfocus>
			<onfocus>Skin.SetBool(Widget1_Content_InProgress)</onfocus>
			<onfocus>Skin.SetBool(Widget1_View_Strip)</onfocus>
			<onfocus>Skin.SetBool(Widget1_Display_Fanart)</onfocus>
			<onfocus>Skin.SetString(Widget1_Custom_Target,)</onfocus>
			<onfocus>Skin.SetString(Widget1_Custom_SortOrder,descending)</onfocus>
			<onfocus>Skin.SetString(Widget1_Custom_SortMethod,name)</onfocus>
			<onfocus>Skin.SetString(Widget1_Custom_SortMethod_Label,$LOCALIZE[551])</onfocus>
			<onfocus>Skin.SetString(Widget1_Custom_Path,)</onfocus>
			<onfocus>Skin.SetString(Widget1_Custom_Name,)</onfocus>
			<onfocus>Skin.SetString(Widget1_Custom_Limit,20)</onfocus>
			<!-- Widget 2: Next up, Strip, posters -->
			<onfocus>Skin.Reset(Widget2_Content_Disabled)</onfocus>
			<onfocus>Skin.Reset(Widget2_Content_InProgress)</onfocus>
			<onfocus>Skin.Reset(Widget2_Content_NextUp)</onfocus>
			<onfocus>Skin.Reset(Widget2_Content_LatestMovies)</onfocus>
			<onfocus>Skin.Reset(Widget2_Content_LatestTVShows)</onfocus>
			<onfocus>Skin.Reset(Widget2_Content_RandomMovies)</onfocus>
			<onfocus>Skin.Reset(Widget2_Content_RandomTVShows)</onfocus>
			<onfocus>Skin.Reset(Widget2_Content_LatestAlbums)</onfocus>
			<onfocus>Skin.Reset(Widget2_Content_RecentAlbums)</onfocus>
			<onfocus>Skin.Reset(Widget2_Content_RandomAlbums)</onfocus>
			<onfocus>Skin.Reset(Widget2_Content_Favourites)</onfocus>
			<onfocus>Skin.Reset(Widget2_Content_Custom)</onfocus>
			<onfocus>Skin.Reset(Widget2_View_Billboard)</onfocus>
			<onfocus>Skin.Reset(Widget2_View_Showcase)</onfocus>
			<onfocus>Skin.Reset(Widget2_View_Strip)</onfocus>
			<onfocus>Skin.Reset(Widget2_View_Grid)</onfocus>
			<onfocus>Skin.Reset(Widget2_Display_Fanart)</onfocus>
			<onfocus>Skin.Reset(Widget2_Display_Posters)</onfocus>
			<onfocus>Skin.Reset(Widget2_Display_Square)</onfocus>
			<onfocus>Skin.SetBool(Widget2_Content_NextUp)</onfocus>
			<onfocus>Skin.SetBool(Widget2_View_Strip)</onfocus>
			<onfocus>Skin.SetBool(Widget2_Display_Posters)</onfocus>
			<onfocus>Skin.SetString(Widget2_Custom_Target,)</onfocus>
			<onfocus>Skin.SetString(Widget2_Custom_SortOrder,descending)</onfocus>
			<onfocus>Skin.SetString(Widget2_Custom_SortMethod,name)</onfocus>
			<onfocus>Skin.SetString(Widget2_Custom_SortMethod_Label,$LOCALIZE[551])</onfocus>
			<onfocus>Skin.SetString(Widget2_Custom_Path,)</onfocus>
			<onfocus>Skin.SetString(Widget2_Custom_Name,)</onfocus>
			<onfocus>Skin.SetString(Widget2_Custom_Limit,20)</onfocus>
			<!-- Widget 3: Latest movies, Billboard, fanart -->
			<onfocus>Skin.Reset(Widget3_Content_Disabled)</onfocus>
			<onfocus>Skin.Reset(Widget3_Content_InProgress)</onfocus>
			<onfocus>Skin.Reset(Widget3_Content_NextUp)</onfocus>
			<onfocus>Skin.Reset(Widget3_Content_LatestMovies)</onfocus>
			<onfocus>Skin.Reset(Widget3_Content_LatestTVShows)</onfocus>
			<onfocus>Skin.Reset(Widget3_Content_RandomMovies)</onfocus>
			<onfocus>Skin.Reset(Widget3_Content_RandomTVShows)</onfocus>
			<onfocus>Skin.Reset(Widget3_Content_LatestAlbums)</onfocus>
			<onfocus>Skin.Reset(Widget3_Content_RecentAlbums)</onfocus>
			<onfocus>Skin.Reset(Widget3_Content_RandomAlbums)</onfocus>
			<onfocus>Skin.Reset(Widget3_Content_Favourites)</onfocus>
			<onfocus>Skin.Reset(Widget3_Content_Custom)</onfocus>
			<onfocus>Skin.Reset(Widget3_View_Billboard)</onfocus>
			<onfocus>Skin.Reset(Widget3_View_Showcase)</onfocus>
			<onfocus>Skin.Reset(Widget3_View_Strip)</onfocus>
			<onfocus>Skin.Reset(Widget3_View_Grid)</onfocus>
			<onfocus>Skin.Reset(Widget3_Display_Fanart)</onfocus>
			<onfocus>Skin.Reset(Widget3_Display_Posters)</onfocus>
			<onfocus>Skin.Reset(Widget3_Display_Square)</onfocus>
			<onfocus>Skin.SetBool(Widget3_Content_LatestMovies)</onfocus>
			<onfocus>Skin.SetBool(Widget3_View_Billboard)</onfocus>
			<onfocus>Skin.SetBool(Widget3_Display_Fanart)</onfocus>
			<onfocus>Skin.SetString(Widget3_Custom_Target,)</onfocus>
			<onfocus>Skin.SetString(Widget3_Custom_SortOrder,descending)</onfocus>
			<onfocus>Skin.SetString(Widget3_Custom_SortMethod,name)</onfocus>
			<onfocus>Skin.SetString(Widget3_Custom_SortMethod_Label,$LOCALIZE[551])</onfocus>
			<onfocus>Skin.SetString(Widget3_Custom_Path,)</onfocus>
			<onfocus>Skin.SetString(Widget3_Custom_Name,)</onfocus>
			<onfocus>Skin.SetString(Widget3_Custom_Limit,20)</onfocus>
			<!-- Widget 4: Latest tv shows, grid, posters -->
			<onfocus>Skin.Reset(Widget4_Content_Disabled)</onfocus>
			<onfocus>Skin.Reset(Widget4_Content_InProgress)</onfocus>
			<onfocus>Skin.Reset(Widget4_Content_NextUp)</onfocus>
			<onfocus>Skin.Reset(Widget4_Content_LatestMovies)</onfocus>
			<onfocus>Skin.Reset(Widget4_Content_LatestTVShows)</onfocus>
			<onfocus>Skin.Reset(Widget4_Content_RandomMovies)</onfocus>
			<onfocus>Skin.Reset(Widget4_Content_RandomTVShows)</onfocus>
			<onfocus>Skin.Reset(Widget4_Content_LatestAlbums)</onfocus>
			<onfocus>Skin.Reset(Widget4_Content_RecentAlbums)</onfocus>
			<onfocus>Skin.Reset(Widget4_Content_RandomAlbums)</onfocus>
			<onfocus>Skin.Reset(Widget4_Content_Favourites)</onfocus>
			<onfocus>Skin.Reset(Widget4_Content_Custom)</onfocus>
			<onfocus>Skin.Reset(Widget4_View_Billboard)</onfocus>
			<onfocus>Skin.Reset(Widget4_View_Showcase)</onfocus>
			<onfocus>Skin.Reset(Widget4_View_Strip)</onfocus>
			<onfocus>Skin.Reset(Widget4_View_Grid)</onfocus>
			<onfocus>Skin.Reset(Widget4_Display_Fanart)</onfocus>
			<onfocus>Skin.Reset(Widget4_Display_Posters)</onfocus>
			<onfocus>Skin.Reset(Widget4_Display_Square)</onfocus>
			<onfocus>Skin.SetBool(Widget4_Content_LatestTVShows)</onfocus>
			<onfocus>Skin.SetBool(Widget4_View_Grid)</onfocus>
			<onfocus>Skin.SetBool(Widget4_Display_Posters)</onfocus>
			<onfocus>Skin.SetString(Widget4_Custom_Target,)</onfocus>
			<onfocus>Skin.SetString(Widget4_Custom_SortOrder,descending)</onfocus>
			<onfocus>Skin.SetString(Widget4_Custom_SortMethod,name)</onfocus>
			<onfocus>Skin.SetString(Widget4_Custom_SortMethod_Label,$LOCALIZE[551])</onfocus>
			<onfocus>Skin.SetString(Widget4_Custom_Path,)</onfocus>
			<onfocus>Skin.SetString(Widget4_Custom_Name,)</onfocus>
			<onfocus>Skin.SetString(Widget4_Custom_Limit,20)</onfocus>
			<!-- Widget 5: Disabled -->
			<onfocus>Skin.Reset(Widget5_Content_Disabled)</onfocus>
			<onfocus>Skin.Reset(Widget5_Content_InProgress)</onfocus>
			<onfocus>Skin.Reset(Widget5_Content_NextUp)</onfocus>
			<onfocus>Skin.Reset(Widget5_Content_LatestMovies)</onfocus>
			<onfocus>Skin.Reset(Widget5_Content_LatestTVShows)</onfocus>
			<onfocus>Skin.Reset(Widget5_Content_RandomMovies)</onfocus>
			<onfocus>Skin.Reset(Widget5_Content_RandomTVShows)</onfocus>
			<onfocus>Skin.Reset(Widget5_Content_LatestAlbums)</onfocus>
			<onfocus>Skin.Reset(Widget5_Content_RecentAlbums)</onfocus>
			<onfocus>Skin.Reset(Widget5_Content_RandomAlbums)</onfocus>
			<onfocus>Skin.Reset(Widget5_Content_Favourites)</onfocus>
			<onfocus>Skin.Reset(Widget5_Content_Custom)</onfocus>
			<onfocus>Skin.Reset(Widget5_View_Billboard)</onfocus>
			<onfocus>Skin.Reset(Widget5_View_Showcase)</onfocus>
			<onfocus>Skin.Reset(Widget5_View_Strip)</onfocus>
			<onfocus>Skin.Reset(Widget5_View_Grid)</onfocus>
			<onfocus>Skin.Reset(Widget5_Display_Fanart)</onfocus>
			<onfocus>Skin.Reset(Widget5_Display_Posters)</onfocus>
			<onfocus>Skin.Reset(Widget5_Display_Square)</onfocus>
			<onfocus>Skin.SetBool(Widget5_Content_Disabled)</onfocus>
			<onfocus>Skin.SetBool(Widget5_View_Strip)</onfocus>
			<onfocus>Skin.SetBool(Widget5_Display_Posters)</onfocus>
			<onfocus>Skin.SetString(Widget5_Custom_Target,)</onfocus>
			<onfocus>Skin.SetString(Widget5_Custom_SortOrder,descending)</onfocus>
			<onfocus>Skin.SetString(Widget5_Custom_SortMethod,name)</onfocus>
			<onfocus>Skin.SetString(Widget5_Custom_SortMethod_Label,$LOCALIZE[551])</onfocus>
			<onfocus>Skin.SetString(Widget5_Custom_Path,)</onfocus>
			<onfocus>Skin.SetString(Widget5_Custom_Name,)</onfocus>
			<onfocus>Skin.SetString(Widget5_Custom_Limit,20)</onfocus>
			<!-- Widget 6: Disabled -->
			<onfocus>Skin.Reset(Widget6_Content_Disabled)</onfocus>
			<onfocus>Skin.Reset(Widget6_Content_InProgress)</onfocus>
			<onfocus>Skin.Reset(Widget6_Content_NextUp)</onfocus>
			<onfocus>Skin.Reset(Widget6_Content_LatestMovies)</onfocus>
			<onfocus>Skin.Reset(Widget6_Content_LatestTVShows)</onfocus>
			<onfocus>Skin.Reset(Widget6_Content_RandomMovies)</onfocus>
			<onfocus>Skin.Reset(Widget6_Content_RandomTVShows)</onfocus>
			<onfocus>Skin.Reset(Widget6_Content_LatestAlbums)</onfocus>
			<onfocus>Skin.Reset(Widget6_Content_RecentAlbums)</onfocus>
			<onfocus>Skin.Reset(Widget6_Content_RandomAlbums)</onfocus>
			<onfocus>Skin.Reset(Widget6_Content_Favourites)</onfocus>
			<onfocus>Skin.Reset(Widget6_Content_Custom)</onfocus>
			<onfocus>Skin.Reset(Widget6_View_Billboard)</onfocus>
			<onfocus>Skin.Reset(Widget6_View_Showcase)</onfocus>
			<onfocus>Skin.Reset(Widget6_View_Strip)</onfocus>
			<onfocus>Skin.Reset(Widget6_View_Grid)</onfocus>
			<onfocus>Skin.Reset(Widget6_Display_Fanart)</onfocus>
			<onfocus>Skin.Reset(Widget6_Display_Posters)</onfocus>
			<onfocus>Skin.Reset(Widget6_Display_Square)</onfocus>
			<onfocus>Skin.SetBool(Widget6_Content_Disabled)</onfocus>
			<onfocus>Skin.SetBool(Widget6_View_Strip)</onfocus>
			<onfocus>Skin.SetBool(Widget6_Display_Posters)</onfocus>
			<onfocus>Skin.SetString(Widget6_Custom_Target,)</onfocus>
			<onfocus>Skin.SetString(Widget6_Custom_SortOrder,descending)</onfocus>
			<onfocus>Skin.SetString(Widget6_Custom_SortMethod,name)</onfocus>
			<onfocus>Skin.SetString(Widget6_Custom_SortMethod_Label,$LOCALIZE[551])</onfocus>
			<onfocus>Skin.SetString(Widget6_Custom_Path,)</onfocus>
			<onfocus>Skin.SetString(Widget6_Custom_Name,)</onfocus>
			<onfocus>Skin.SetString(Widget6_Custom_Limit,20)</onfocus>
			<!-- Widget 7: Disabled -->
			<onfocus>Skin.Reset(Widget7_Content_Disabled)</onfocus>
			<onfocus>Skin.Reset(Widget7_Content_InProgress)</onfocus>
			<onfocus>Skin.Reset(Widget7_Content_NextUp)</onfocus>
			<onfocus>Skin.Reset(Widget7_Content_LatestMovies)</onfocus>
			<onfocus>Skin.Reset(Widget7_Content_LatestTVShows)</onfocus>
			<onfocus>Skin.Reset(Widget7_Content_RandomMovies)</onfocus>
			<onfocus>Skin.Reset(Widget7_Content_RandomTVShows)</onfocus>
			<onfocus>Skin.Reset(Widget7_Content_LatestAlbums)</onfocus>
			<onfocus>Skin.Reset(Widget7_Content_RecentAlbums)</onfocus>
			<onfocus>Skin.Reset(Widget7_Content_RandomAlbums)</onfocus>
			<onfocus>Skin.Reset(Widget7_Content_Favourites)</onfocus>
			<onfocus>Skin.Reset(Widget7_Content_Custom)</onfocus>
			<onfocus>Skin.Reset(Widget7_View_Billboard)</onfocus>
			<onfocus>Skin.Reset(Widget7_View_Showcase)</onfocus>
			<onfocus>Skin.Reset(Widget7_View_Strip)</onfocus>
			<onfocus>Skin.Reset(Widget7_View_Grid)</onfocus>
			<onfocus>Skin.Reset(Widget7_Display_Fanart)</onfocus>
			<onfocus>Skin.Reset(Widget7_Display_Posters)</onfocus>
			<onfocus>Skin.Reset(Widget7_Display_Square)</onfocus>
			<onfocus>Skin.SetBool(Widget7_Content_Disabled)</onfocus>
			<onfocus>Skin.SetBool(Widget7_View_Strip)</onfocus>
			<onfocus>Skin.SetBool(Widget7_Display_Posters)</onfocus>
			<onfocus>Skin.SetString(Widget7_Custom_Target,)</onfocus>
			<onfocus>Skin.SetString(Widget7_Custom_SortOrder,descending)</onfocus>
			<onfocus>Skin.SetString(Widget7_Custom_SortMethod,name)</onfocus>
			<onfocus>Skin.SetString(Widget7_Custom_SortMethod_Label,$LOCALIZE[551])</onfocus>
			<onfocus>Skin.SetString(Widget7_Custom_Path,)</onfocus>
			<onfocus>Skin.SetString(Widget7_Custom_Name,)</onfocus>
			<onfocus>Skin.SetString(Widget7_Custom_Limit,20)</onfocus>
			<!-- Widget 8: Disabled -->
			<onfocus>Skin.Reset(Widget8_Content_Disabled)</onfocus>
			<onfocus>Skin.Reset(Widget8_Content_InProgress)</onfocus>
			<onfocus>Skin.Reset(Widget8_Content_NextUp)</onfocus>
			<onfocus>Skin.Reset(Widget8_Content_LatestMovies)</onfocus>
			<onfocus>Skin.Reset(Widget8_Content_LatestTVShows)</onfocus>
			<onfocus>Skin.Reset(Widget8_Content_RandomMovies)</onfocus>
			<onfocus>Skin.Reset(Widget8_Content_RandomTVShows)</onfocus>
			<onfocus>Skin.Reset(Widget8_Content_LatestAlbums)</onfocus>
			<onfocus>Skin.Reset(Widget8_Content_RecentAlbums)</onfocus>
			<onfocus>Skin.Reset(Widget8_Content_RandomAlbums)</onfocus>
			<onfocus>Skin.Reset(Widget8_Content_Favourites)</onfocus>
			<onfocus>Skin.Reset(Widget8_Content_Custom)</onfocus>
			<onfocus>Skin.Reset(Widget8_View_Billboard)</onfocus>
			<onfocus>Skin.Reset(Widget8_View_Showcase)</onfocus>
			<onfocus>Skin.Reset(Widget8_View_Strip)</onfocus>
			<onfocus>Skin.Reset(Widget8_View_Grid)</onfocus>
			<onfocus>Skin.Reset(Widget8_Display_Fanart)</onfocus>
			<onfocus>Skin.Reset(Widget8_Display_Posters)</onfocus>
			<onfocus>Skin.Reset(Widget8_Display_Square)</onfocus>
			<onfocus>Skin.SetBool(Widget8_Content_Disabled)</onfocus>
			<onfocus>Skin.SetBool(Widget8_View_Strip)</onfocus>
			<onfocus>Skin.SetBool(Widget8_Display_Posters)</onfocus>
			<onfocus>Skin.SetString(Widget8_Custom_Target,)</onfocus>
			<onfocus>Skin.SetString(Widget8_Custom_SortOrder,descending)</onfocus>
			<onfocus>Skin.SetString(Widget8_Custom_SortMethod,name)</onfocus>
			<onfocus>Skin.SetString(Widget8_Custom_SortMethod_Label,$LOCALIZE[551])</onfocus>
			<onfocus>Skin.SetString(Widget8_Custom_Path,)</onfocus>
			<onfocus>Skin.SetString(Widget8_Custom_Name,)</onfocus>
			<onfocus>Skin.SetString(Widget8_Custom_Limit,20)</onfocus>
			<!-- Widget 9: Disabled -->
			<onfocus>Skin.Reset(Widget9_Content_Disabled)</onfocus>
			<onfocus>Skin.Reset(Widget9_Content_InProgress)</onfocus>
			<onfocus>Skin.Reset(Widget9_Content_NextUp)</onfocus>
			<onfocus>Skin.Reset(Widget9_Content_LatestMovies)</onfocus>
			<onfocus>Skin.Reset(Widget9_Content_LatestTVShows)</onfocus>
			<onfocus>Skin.Reset(Widget9_Content_RandomMovies)</onfocus>
			<onfocus>Skin.Reset(Widget9_Content_RandomTVShows)</onfocus>
			<onfocus>Skin.Reset(Widget9_Content_LatestAlbums)</onfocus>
			<onfocus>Skin.Reset(Widget9_Content_RecentAlbums)</onfocus>
			<onfocus>Skin.Reset(Widget9_Content_RandomAlbums)</onfocus>
			<onfocus>Skin.Reset(Widget9_Content_Favourites)</onfocus>
			<onfocus>Skin.Reset(Widget9_Content_Custom)</onfocus>
			<onfocus>Skin.Reset(Widget9_View_Billboard)</onfocus>
			<onfocus>Skin.Reset(Widget9_View_Showcase)</onfocus>
			<onfocus>Skin.Reset(Widget9_View_Strip)</onfocus>
			<onfocus>Skin.Reset(Widget9_View_Grid)</onfocus>
			<onfocus>Skin.Reset(Widget9_Display_Fanart)</onfocus>
			<onfocus>Skin.Reset(Widget9_Display_Posters)</onfocus>
			<onfocus>Skin.Reset(Widget9_Display_Square)</onfocus>
			<onfocus>Skin.SetBool(Widget9_Content_Disabled)</onfocus>
			<onfocus>Skin.SetBool(Widget9_View_Strip)</onfocus>
			<onfocus>Skin.SetBool(Widget9_Display_Posters)</onfocus>
			<onfocus>Skin.SetString(Widget9_Custom_Target,)</onfocus>
			<onfocus>Skin.SetString(Widget9_Custom_SortOrder,descending)</onfocus>
			<onfocus>Skin.SetString(Widget9_Custom_SortMethod,name)</onfocus>
			<onfocus>Skin.SetString(Widget9_Custom_SortMethod_Label,$LOCALIZE[551])</onfocus>
			<onfocus>Skin.SetString(Widget9_Custom_Path,)</onfocus>
			<onfocus>Skin.SetString(Widget9_Custom_Name,)</onfocus>
			<onfocus>Skin.SetString(Widget9_Custom_Limit,20)</onfocus>
			<onfocus>SetFocus(1102)</onfocus>
		</control>
	</include>
</includes>
