<?xml version="1.0" encoding="UTF-8"?>
<window>
	<!-- confirmdialog,yesnodialog,okdialog,progressdialog -->
	<onunload condition="String.IsEmpty(Window(Home).Property(SkinInitStarted))">ReplaceWindow(Startup.xml)</onunload>
	<defaultcontrol always="true">4000</defaultcontrol>
	<include content="WindowOpenClose_Fade_Delayed_Animation" />
	<controls>
		<control type="group">
			<visible>!Window.IsVisible(shutdownmenu) + !Window.IsVisible(selectdialog) + ![Window.Is(progressdialog) + [Window.IsActive(yesnodialog) | Window.IsActive(okdialog)]]</visible>
			<include content="Visible_Fade_Animation" />
			<control type="grouplist">
				<left>120</left>
				<right>120</right>
				<centertop>50%</centertop>
				<height>960</height>
				<align>center</align>
				<orientation>vertical</orientation>
				<itemgap>0</itemgap>
				<control type="textbox" id="1">
					<height max="480">auto</height>
					<font>List_Title_Focused</font>
					<textcolor>$VAR[Light_Color]</textcolor>
					<label>$INFO[Control.GetLabel(1)] $INFO[System.Progressbar,- ,%]</label>
				</control>
				<control type="textbox" id="9">
					<height max="480">auto</height>
					<font>List_Title_Unfocused</font>
					<textcolor>$VAR[Light_Color]</textcolor>
				</control>
			</control>
			<control type="progress" id="20">
				<width>360</width>
				<height>8</height>
				<left>780</left>
				<top>1047</top>
				<texturebg colordiffuse="$VAR[Progress_Light_Background_Color]">views/white_100.png</texturebg>
				<midtexture colordiffuse="$VAR[Progress_Light_Focus_Color]">views/white_100.png</midtexture>
			</control>
			<include content="Button_Group_Template">
				<param name="include_labels" value="true" />
				<param name="show_labels" value="![String.IsEqual(Control.GetLabel(10),$LOCALIZE[106]) | String.IsEqual(Control.GetLabel(10),$LOCALIZE[222]) | String.IsEqual(Control.GetLabel(11),$LOCALIZE[107]) | String.IsEqual(Control.GetLabel(11),$LOCALIZE[186])]" />
				<param name="button1" value="true" />
				<param name="button1_id" value="10" />
				<param name="button2" value="true" />
				<param name="button2_id" value="11" />
				<param name="button3_id" value="12" />
				<param name="unfocused_color" value="$VAR[Light_Color]" />
				<param name="color" value="$VAR[Light_Color]" />
			</include>
		</control>
	</controls>
</window>