<?xml version="1.0" encoding="UTF-8"?>
<window>
	<!-- musicosd -->
	<onload condition="!String.IsEmpty(window(musicosd).property(MusicOSD_Controls))">ClearProperty(MusicOSD_Controls,musicosd)</onload>
	<onunload condition="!String.IsEmpty(window(musicosd).property(MusicOSD_Controls))">ClearProperty(MusicOSD_Controls,musicosd)</onunload>
	<defaultcontrol always="true">1</defaultcontrol>
	<include content="WindowOpenClose_Fade_Delayed_Animation" />
	<controls>
		<include content="OSD_Template">
			<param name="breadcrumb_color" value="$VAR[Primary_Color]" />
			<param name="windowname" value="musicosd" />
		</include>
	</controls>
</window>