<?xml version="1.0" encoding="UTF-8"?>
<includes>

	<variable name="Fallback_Texture">
		<value>views/dark_grey_100.png</value>
	</variable>

	<variable name="Clearlogo_Texture">
		<value condition="VideoPlayer.IsFullscreen + !String.IsEmpty(VideoPlayer.Art(clearlogo-billboard))">$INFO[VideoPlayer.Art(clearlogo-billboard)]</value>
		<value condition="VideoPlayer.IsFullscreen + !String.IsEmpty(VideoPlayer.Art(clearlogo-aligned))">$INFO[VideoPlayer.Art(clearlogo-aligned)]</value>
		<value condition="VideoPlayer.IsFullscreen + !String.IsEmpty(VideoPlayer.Art(clearlogo))">$INFO[VideoPlayer.Art(clearlogo)]</value>
		<value condition="Control.HasFocus(3100) + $EXP[BillboardView_IsVisible] + !String.IsEmpty(Container(3100).ListItem.Art(clearlogo-billboard))">$INFO[Container(3100).ListItem.Art(clearlogo-billboard)]</value>
		<value condition="Control.HasFocus(3100) + Skin.String(Theme,Light) + $EXP[Logo_Aligned] + !String.IsEmpty(Container(3100).ListItem.Art(clearlogo-alt-aligned))">$INFO[Container(3100).ListItem.Art(clearlogo-alt-aligned)]</value>
		<value condition="Control.HasFocus(3100) + Skin.String(Theme,Light) + !String.IsEmpty(Container(3100).ListItem.Art(clearlogo-alt))">$INFO[Container(3100).ListItem.Art(clearlogo-alt)]</value>
		<value condition="Control.HasFocus(3100) + $EXP[Logo_Aligned] + !String.IsEmpty(Container(3100).ListItem.Art(clearlogo-aligned))">$INFO[Container(3100).ListItem.Art(clearlogo-aligned)]</value>
		<value condition="Control.HasFocus(3100)">$INFO[Container(3100).ListItem.Art(clearlogo)]</value>
		<value condition="!$EXP[Infoscreen_Widget_HasFocus] + $EXP[BillboardView_IsVisible] + !String.IsEmpty(ListItem.Art(clearlogo-billboard))">$INFO[ListItem.Art(clearlogo-billboard)]</value>
		<value condition="!$EXP[Infoscreen_Widget_HasFocus] + Skin.String(Theme,Light) + !$EXP[BillboardView_IsVisible] + $EXP[Logo_Aligned] + !String.IsEmpty(ListItem.Art(clearlogo-alt-aligned))">$INFO[ListItem.Art(clearlogo-alt-aligned)]</value>
		<value condition="!$EXP[Infoscreen_Widget_HasFocus] + Skin.String(Theme,Light) + !$EXP[BillboardView_IsVisible] + !String.IsEmpty(ListItem.Art(clearlogo-alt))">$INFO[ListItem.Art(clearlogo-alt)]</value>
		<value condition="!$EXP[Infoscreen_Widget_HasFocus] + $EXP[Logo_Aligned] + !String.IsEmpty(ListItem.Art(clearlogo-aligned))">$INFO[ListItem.Art(clearlogo-aligned)]</value>
		<value condition="!$EXP[Infoscreen_Widget_HasFocus]">$INFO[ListItem.Art(clearlogo)]</value>
	</variable>

	<variable name="Fanart_Slideshow_Home_Texture">
		<value condition="Skin.HasSetting(Home_Background_Override_Enabled) + Skin.String(Home_Background_Override)">$INFO[Container(3300).ListItem.Art(fanart)]</value>
		<value condition="String.IsEmpty(Container(3000).ListItem.Property(backgroundPlaylist)) + !String.IsEmpty(Container(3000).ListItem.Property(background))">$INFO[Container(3000).ListItem.Property(background)]</value>
		<value>$INFO[Container(3300).ListItem.Art(fanart)]</value>
	</variable>

	<variable name="Fanart_Slideshow_Global_Texture">
		<value condition="Window.Is(addonsettings) + !String.IsEmpty(ListItem.Art(fanart))">$INFO[ListItem.Art(fanart)]</value>
		<value condition="!String.IsEmpty(Window(home).Property(Fanart_Slideshow_Global))">$INFO[Window(home).Property(Fanart_Slideshow_Global)]</value>
		<value>$INFO[Container(3300).ListItem.Art(fanart)]</value>
	</variable>

	<variable name="Infoscreen_Background_Texture">
		<value condition="String.IsEqual(ListItem.DBType,episode) + !String.IsEmpty(ListItem.Art(thumb))">$INFO[ListItem.Art(thumb)]</value>
		<value condition="String.IsEqual(Container.FolderName,ListItem.TVShowTitle) + !String.IsEmpty(ListItem.TVShowTitle) + !String.IsEmpty(Window(home).Property(Season_Fanart))">$INFO[Window(home).Property(Season_Fanart)]</value>
		<value condition="!String.IsEmpty(ListItem.Art(fanart))">$INFO[ListItem.Art(fanart)]</value>
		<value condition="!String.IsEmpty(ListItem.Art(thumb))">$INFO[ListItem.Art(thumb)]</value>
	</variable>

	<variable name="musicplaylisteditor_Background_Texture">
		<value condition="String.IsEqual(Window(musicplaylisteditor).Property(ActiveList),Right) + String.IsEqual(Container(100).ListItem.DBType,album) + !String.IsEmpty(Container(100).ListItem.Art(fanart))">$INFO[Container(100).ListItem.Art(fanart)]</value>
		<value condition="String.IsEqual(Window(musicplaylisteditor).Property(ActiveList),Right) + String.IsEqual(Container(100).ListItem.DBType,song) + !String.IsEmpty(Container(100).ListItem.Art(album.fanart))">$INFO[Container(100).ListItem.Art(album.fanart)]</value>
		<value condition="String.IsEqual(Window(musicplaylisteditor).Property(ActiveList),Right) + [String.IsEqual(Container(100).ListItem.DBType,album) | String.IsEqual(Container(100).ListItem.DBType,song)] + !String.IsEmpty(Container(100).ListItem.Art(artist.fanart))">$INFO[Container(100).ListItem.Art(artist.fanart)]</value>
		<value condition="String.IsEqual(Window(musicplaylisteditor).Property(ActiveList),Right) + [String.IsEqual(Container(100).ListItem.DBType,album) | String.IsEqual(Container(100).ListItem.DBType,song)] + !String.IsEmpty(Container(100).ListItem.Art(artist.thumb))">$INFO[Container(100).ListItem.Art(artist.thumb)]</value>
		<value condition="String.IsEqual(Window(musicplaylisteditor).Property(ActiveList),Right) + !String.IsEmpty(Container(100).ListItem.Art(fanart))">$INFO[Container(100).ListItem.Art(fanart)]</value>
		<value condition="String.IsEqual(Window(musicplaylisteditor).Property(ActiveList),Right) + !String.IsEmpty(Container(100).ListItem.Art(thumb))">$INFO[Container(100).ListItem.Art(thumb)]</value>
		<value condition="String.IsEqual(Container(50).ListItem.DBType,album) + !String.IsEmpty(Container(50).ListItem.Art(fanart))">$INFO[Container(50).ListItem.Art(fanart)]</value>
		<value condition="String.IsEqual(Container(50).ListItem.DBType,song) + !String.IsEmpty(Container(50).ListItem.Art(album.fanart))">$INFO[Container(50).ListItem.Art(album.fanart)]</value>
		<value condition="[String.IsEqual(Container(50).ListItem.DBType,album) | String.IsEqual(Container(50).ListItem.DBType,song)] + !String.IsEmpty(Container(50).ListItem.Art(artist.fanart))">$INFO[Container(50).ListItem.Art(artist.fanart)]</value>
		<value condition="[String.IsEqual(Container(50).ListItem.DBType,album) | String.IsEqual(Container(50).ListItem.DBType,song)] + !String.IsEmpty(Container(50).ListItem.Art(artist.thumb))">$INFO[Container(50).ListItem.Art(artist.thumb)]</value>
		<value condition="!String.IsEmpty(ListItem.Art(fanart))">$INFO[ListItem.Art(fanart)]</value>
		<value condition="!String.IsEmpty(ListItem.Art(thumb))">$INFO[ListItem.Art(thumb)]</value>
		<value condition="!String.IsEmpty(Window(home).Property(Fanart_Slideshow_Global))">$INFO[Window(home).Property(Fanart_Slideshow_Global)]</value>
		<value>$INFO[Container(3300).ListItem.Art(fanart)]</value>
	</variable>

	<variable name="Grid(0)Content">
		<value condition="!String.IsEmpty(Container.ListItem(0).Art(square)) + $EXP[GridView_Display_IsSquare]">$INFO[ListItem(0).Art(square)]</value>
		<value condition="!String.IsEmpty(Container.ListItem(0).Art(thumb)) + [[$EXP[GridView_Display_IsSquare] + String.IsEqual(ListItem(0).DBType,artist)] | String.IsEqual(ListItem(0).DBType,episode) | String.IsEqual(ListItem(0).DBType,album)]">$INFO[ListItem(0).Art(thumb)]</value>
		<value condition="!String.IsEmpty(Container.ListItem(0).Art(fanart)) + !$EXP[GridView_Display_IsPosters]">$INFO[ListItem(0).Art(fanart)]</value>
		<value condition="!String.IsEmpty(Container.ListItem(0).Art(tvshow.fanart)) + !$EXP[GridView_Display_IsPosters]">$INFO[ListItem(0).Art(tvshow.fanart)]</value>
		<value condition="!String.IsEmpty(Container.ListItem(0).Art(tvshow.square)) + !$EXP[GridView_Display_IsPosters]">$INFO[ListItem(0).Art(tvshow.square)]</value>
		<value condition="!String.IsEmpty(Container.ListItem(0).Art(keyart)) + [$EXP[GridView_Details_On] | $EXP[Prefer_Keyart]]">$INFO[ListItem(0).Art(keyart)]</value>
		<value condition="!String.IsEmpty(Container.ListItem(0).Art(poster))">$INFO[ListItem(0).Art(poster)]</value>
		<value condition="!String.IsEmpty(Container.ListItem(0).Art(tvshow.keyart)) + $EXP[Prefer_Keyart]">$INFO[ListItem(0).Art(tvshow.keyart)]</value>
		<value condition="!String.IsEmpty(Container.ListItem(0).Art(tvshow.poster))">$INFO[ListItem(0).Art(tvshow.poster)]</value>
		<value condition="!String.IsEmpty(Container.ListItem(0).Art(thumb))">$INFO[ListItem(0).Art(thumb)]</value>
	</variable>

	<variable name="Showcase(-3)Content">
		<value />
	</variable>
	<variable name="Showcase(-2)Content">
		<value />
	</variable>
	<variable name="Showcase(-1)Content">
		<value condition="!String.IsEmpty(Container.ListItemNoWrap(-1).Art(square)) + $EXP[ShowcaseView_Display_IsSquare]">$INFO[ListItem(-1).Art(square)]</value>
		<value condition="!String.IsEmpty(Container.ListItemNoWrap(-1).Art(thumb)) + [String.IsEqual(ListItem(-1).DBType,artist) | String.IsEqual(ListItem(-1).DBType,album)]">$INFO[ListItem(-1).Art(thumb)]</value>
		<value condition="!String.IsEmpty(Container.ListItemNoWrap(-1).Art(fanart)) + $EXP[ShowcaseView_Display_IsSquare]">$INFO[ListItem(-1).Art(fanart)]</value>
		<value condition="!String.IsEmpty(Container.ListItemNoWrap(-1).Art(keyart)) + $EXP[ShowcaseView_Display_IsSquare]">$INFO[ListItem(-1).Art(keyart)]</value>
		<value condition="!String.IsEmpty(Container.ListItemNoWrap(-1).Art(tvshow.square)) + $EXP[ShowcaseView_Display_IsSquare]">$INFO[ListItem(-1).Art(tvshow.square)]</value>
		<value condition="!String.IsEmpty(Container.ListItemNoWrap(-1).Art(tvshow.fanart)) + $EXP[ShowcaseView_Display_IsSquare]">$INFO[ListItem(-1).Art(tvshow.fanart)]</value>
		<value condition="!String.IsEmpty(Container.ListItemNoWrap(-1).Art(keyart)) + [[$EXP[ShowcaseView_Details_Logo_IsOn] + !String.IsEmpty(ListItem(-1).Art(clearlogo))] | $EXP[ShowcaseView_Details_Overlay_IsVisible] | $EXP[Prefer_Keyart]]">$INFO[ListItem(-1).Art(keyart)]</value>
		<value condition="!String.IsEmpty(Container.ListItemNoWrap(-1).Art(poster))">$INFO[ListItem(-1).Art(poster)]</value>
		<value condition="!String.IsEmpty(Container.ListItemNoWrap(-1).Art(tvshow.keyart)) + [$EXP[ShowcaseView_Details_Overlay_IsVisible] | $EXP[Prefer_Keyart]]">$INFO[ListItem(-1).Art(tvshow.keyart)]</value>
		<value condition="!String.IsEmpty(Container.ListItemNoWrap(-1).Art(tvshow.poster))">$INFO[ListItem(-1).Art(tvshow.poster)]</value>
		<value condition="!String.IsEmpty(Container.ListItemNoWrap(-1).Art(thumb))">$INFO[ListItem(-1).Art(thumb)]</value>
	</variable>
	<variable name="Showcase(0)Content">
		<value condition="!String.IsEmpty(Container.ListItemNoWrap(0).Art(square)) + $EXP[ShowcaseView_Display_IsSquare]">$INFO[ListItem(0).Art(square)]</value>
		<value condition="!String.IsEmpty(Container.ListItemNoWrap(0).Art(thumb)) + [String.IsEqual(ListItem(0).DBType,artist) | String.IsEqual(ListItem(0).DBType,album)]">$INFO[ListItem(0).Art(thumb)]</value>
		<value condition="!String.IsEmpty(Container.ListItemNoWrap(0).Art(fanart)) + $EXP[ShowcaseView_Display_IsSquare]">$INFO[ListItem(0).Art(fanart)]</value>
		<value condition="!String.IsEmpty(Container.ListItemNoWrap(0).Art(keyart)) + $EXP[ShowcaseView_Display_IsSquare]">$INFO[ListItem(0).Art(keyart)]</value>
		<value condition="!String.IsEmpty(Container.ListItemNoWrap(0).Art(tvshow.square)) + $EXP[ShowcaseView_Display_IsSquare]">$INFO[ListItem(0).Art(tvshow.square)]</value>
		<value condition="!String.IsEmpty(Container.ListItemNoWrap(0).Art(tvshow.fanart)) + $EXP[ShowcaseView_Display_IsSquare]">$INFO[ListItem(0).Art(tvshow.fanart)]</value>
		<value condition="!String.IsEmpty(Container.ListItemNoWrap(0).Art(keyart)) + [[$EXP[ShowcaseView_Details_Logo_IsOn] + !String.IsEmpty(ListItem(0).Art(clearlogo))] | $EXP[ShowcaseView_Details_Overlay_IsVisible] | $EXP[Prefer_Keyart]]">$INFO[ListItem(0).Art(keyart)]</value>
		<value condition="!String.IsEmpty(Container.ListItemNoWrap(0).Art(poster))">$INFO[ListItem(0).Art(poster)]</value>
		<value condition="!String.IsEmpty(Container.ListItemNoWrap(0).Art(tvshow.keyart)) + [$EXP[ShowcaseView_Details_Overlay_IsVisible] | $EXP[Prefer_Keyart]]">$INFO[ListItem(0).Art(tvshow.keyart)]</value>
		<value condition="!String.IsEmpty(Container.ListItemNoWrap(0).Art(tvshow.poster))">$INFO[ListItem(0).Art(tvshow.poster)]</value>
		<value condition="!String.IsEmpty(Container.ListItemNoWrap(0).Art(thumb))">$INFO[ListItem(0).Art(thumb)]</value>
	</variable>
	<variable name="Showcase(1)Content">
		<value condition="!String.IsEmpty(Container.ListItemNoWrap(1).Art(square)) + $EXP[ShowcaseView_Display_IsSquare]">$INFO[ListItem(1).Art(square)]</value>
		<value condition="!String.IsEmpty(Container.ListItemNoWrap(1).Art(thumb)) + [String.IsEqual(ListItem(1).DBType,artist) | String.IsEqual(ListItem(1).DBType,album)]">$INFO[ListItem(1).Art(thumb)]</value>
		<value condition="!String.IsEmpty(Container.ListItemNoWrap(1).Art(fanart)) + $EXP[ShowcaseView_Display_IsSquare]">$INFO[ListItem(1).Art(fanart)]</value>
		<value condition="!String.IsEmpty(Container.ListItemNoWrap(1).Art(keyart)) + $EXP[ShowcaseView_Display_IsSquare]">$INFO[ListItem(1).Art(keyart)]</value>
		<value condition="!String.IsEmpty(Container.ListItemNoWrap(1).Art(tvshow.square)) + $EXP[ShowcaseView_Display_IsSquare]">$INFO[ListItem(1).Art(tvshow.square)]</value>
		<value condition="!String.IsEmpty(Container.ListItemNoWrap(1).Art(tvshow.fanart)) + $EXP[ShowcaseView_Display_IsSquare]">$INFO[ListItem(1).Art(tvshow.fanart)]</value>
		<value condition="!String.IsEmpty(Container.ListItemNoWrap(1).Art(keyart)) + [[$EXP[ShowcaseView_Details_Logo_IsOn] + !String.IsEmpty(ListItem(1).Art(clearlogo))] | $EXP[ShowcaseView_Details_Overlay_IsVisible] | $EXP[Prefer_Keyart]]">$INFO[ListItem(1).Art(keyart)]</value>
		<value condition="!String.IsEmpty(Container.ListItemNoWrap(1).Art(poster))">$INFO[ListItem(1).Art(poster)]</value>
		<value condition="!String.IsEmpty(Container.ListItemNoWrap(1).Art(tvshow.keyart)) + [$EXP[ShowcaseView_Details_Overlay_IsVisible] | $EXP[Prefer_Keyart]]">$INFO[ListItem(1).Art(tvshow.keyart)]</value>
		<value condition="!String.IsEmpty(Container.ListItemNoWrap(1).Art(tvshow.poster))">$INFO[ListItem(1).Art(tvshow.poster)]</value>
		<value condition="!String.IsEmpty(Container.ListItemNoWrap(1).Art(thumb))">$INFO[ListItem(1).Art(thumb)]</value>
	</variable>
	<variable name="Showcase(2)Content">
		<value condition="!String.IsEmpty(Container.ListItemNoWrap(2).Art(square)) + $EXP[ShowcaseView_Display_IsSquare]">$INFO[ListItem(2).Art(square)]</value>
		<value condition="!String.IsEmpty(Container.ListItemNoWrap(2).Art(thumb)) + [String.IsEqual(ListItem(2).DBType,artist) | String.IsEqual(ListItem(2).DBType,album)]">$INFO[ListItem(2).Art(thumb)]</value>
		<value condition="!String.IsEmpty(Container.ListItemNoWrap(2).Art(fanart)) + $EXP[ShowcaseView_Display_IsSquare]">$INFO[ListItem(2).Art(fanart)]</value>
		<value condition="!String.IsEmpty(Container.ListItemNoWrap(2).Art(keyart)) + $EXP[ShowcaseView_Display_IsSquare]">$INFO[ListItem(2).Art(keyart)]</value>
		<value condition="!String.IsEmpty(Container.ListItemNoWrap(2).Art(tvshow.square)) + $EXP[ShowcaseView_Display_IsSquare]">$INFO[ListItem(2).Art(tvshow.square)]</value>
		<value condition="!String.IsEmpty(Container.ListItemNoWrap(2).Art(tvshow.fanart)) + $EXP[ShowcaseView_Display_IsSquare]">$INFO[ListItem(2).Art(tvshow.fanart)]</value>
		<value condition="!String.IsEmpty(Container.ListItemNoWrap(2).Art(keyart)) + [[$EXP[ShowcaseView_Details_Logo_IsOn] + !String.IsEmpty(ListItem(2).Art(clearlogo))] | $EXP[ShowcaseView_Details_Overlay_IsVisible] | $EXP[Prefer_Keyart]]">$INFO[ListItem(2).Art(keyart)]</value>
		<value condition="!String.IsEmpty(Container.ListItemNoWrap(2).Art(poster))">$INFO[ListItem(2).Art(poster)]</value>
		<value condition="!String.IsEmpty(Container.ListItemNoWrap(2).Art(tvshow.keyart)) + [$EXP[ShowcaseView_Details_Overlay_IsVisible] | $EXP[Prefer_Keyart]]">$INFO[ListItem(2).Art(tvshow.keyart)]</value>
		<value condition="!String.IsEmpty(Container.ListItemNoWrap(2).Art(tvshow.poster))">$INFO[ListItem(2).Art(tvshow.poster)]</value>
		<value condition="!String.IsEmpty(Container.ListItemNoWrap(2).Art(thumb))">$INFO[ListItem(2).Art(thumb)]</value>
	</variable>
	<variable name="Showcase(3)Content">
		<value condition="!String.IsEmpty(Container.ListItemNoWrap(3).Art(keyart)) + [[$EXP[ShowcaseView_Details_Logo_IsOn] + !String.IsEmpty(ListItem(3).Art(clearlogo))] | $EXP[ShowcaseView_Details_Overlay_IsVisible] | $EXP[Prefer_Keyart]]">$INFO[ListItem(3).Art(keyart)]</value>
		<value condition="!String.IsEmpty(Container.ListItemNoWrap(3).Art(poster))">$INFO[ListItem(3).Art(poster)]</value>
		<value condition="!String.IsEmpty(Container.ListItemNoWrap(3).Art(tvshow.keyart)) + [$EXP[ShowcaseView_Details_Overlay_IsVisible] | $EXP[Prefer_Keyart]]">$INFO[ListItem(3).Art(tvshow.keyart)]</value>
		<value condition="!String.IsEmpty(Container.ListItemNoWrap(3).Art(tvshow.poster))">$INFO[ListItem(3).Art(tvshow.poster)]</value>
		<value condition="!String.IsEmpty(Container.ListItemNoWrap(3).Art(thumb))">$INFO[ListItem(3).Art(thumb)]</value>
	</variable>
	
	<variable name="Strip(-3)Content">
		<value condition="!String.IsEmpty(Container.ListItemNoWrap(-3).Art(square)) + $EXP[StripView_Display_IsSquare]">$INFO[ListItem(-3).Art(square)]</value>
		<value condition="!String.IsEmpty(Container.ListItemNoWrap(-3).Art(thumb)) + [[$EXP[StripView_Display_IsSquare] + String.IsEqual(ListItem(-3).DBType,artist)] | String.IsEqual(ListItem(-3).DBType,episode) | String.IsEqual(ListItem(-3).DBType,album)]">$INFO[ListItem(-3).Art(thumb)]</value>
		<value condition="!String.IsEmpty(Container.ListItemNoWrap(-3).Art(fanart)) + !$EXP[StripView_Display_IsPosters]">$INFO[ListItem(-3).Art(fanart)]</value>
		<value condition="!String.IsEmpty(Container.ListItemNoWrap(-3).Art(tvshow.fanart)) + !$EXP[StripView_Display_IsPosters]">$INFO[ListItem(-3).Art(tvshow.fanart)]</value>
		<value condition="!String.IsEmpty(Container.ListItemNoWrap(-3).Art(tvshow.square)) + !$EXP[StripView_Display_IsPosters]">$INFO[ListItem(-3).Art(tvshow.square)]</value>
		<value condition="!String.IsEmpty(Container.ListItemNoWrap(-3).Art(keyart)) + [[$EXP[StripView_Details_Logo_IsOn] + !String.IsEmpty(ListItem(-3).Art(clearlogo))] | $EXP[Prefer_Keyart]]">$INFO[ListItem(-3).Art(keyart)]</value>
		<value condition="!String.IsEmpty(Container.ListItemNoWrap(-3).Art(poster))">$INFO[ListItem(-3).Art(poster)]</value>
		<value condition="!String.IsEmpty(Container.ListItemNoWrap(-3).Art(tvshow.keyart)) + $EXP[Prefer_Keyart]">$INFO[ListItem(-3).Art(tvshow.keyart)]</value>
		<value condition="!String.IsEmpty(Container.ListItemNoWrap(-3).Art(tvshow.poster))">$INFO[ListItem(-3).Art(tvshow.poster)]</value>
		<value condition="!String.IsEmpty(Container.ListItemNoWrap(-3).Art(thumb))">$INFO[ListItem(-3).Art(thumb)]</value>
	</variable>
	<variable name="Strip(-2)Content">
		<value condition="!String.IsEmpty(Container.ListItemNoWrap(-2).Art(square)) + $EXP[StripView_Display_IsSquare]">$INFO[ListItem(-2).Art(square)]</value>
		<value condition="!String.IsEmpty(Container.ListItemNoWrap(-2).Art(thumb)) + [[$EXP[StripView_Display_IsSquare] + String.IsEqual(ListItem(-2).DBType,artist)] | String.IsEqual(ListItem(-2).DBType,episode) | String.IsEqual(ListItem(-2).DBType,album)]">$INFO[ListItem(-2).Art(thumb)]</value>
		<value condition="!String.IsEmpty(Container.ListItemNoWrap(-2).Art(fanart)) + !$EXP[StripView_Display_IsPosters]">$INFO[ListItem(-2).Art(fanart)]</value>
		<value condition="!String.IsEmpty(Container.ListItemNoWrap(-2).Art(tvshow.fanart)) + !$EXP[StripView_Display_IsPosters]">$INFO[ListItem(-2).Art(tvshow.fanart)]</value>
		<value condition="!String.IsEmpty(Container.ListItemNoWrap(-2).Art(tvshow.square)) + !$EXP[StripView_Display_IsPosters]">$INFO[ListItem(-2).Art(tvshow.square)]</value>
		<value condition="!String.IsEmpty(Container.ListItemNoWrap(-2).Art(keyart)) + [[$EXP[StripView_Details_Logo_IsOn] + !String.IsEmpty(ListItem(-2).Art(clearlogo))] | $EXP[Prefer_Keyart]]">$INFO[ListItem(-2).Art(keyart)]</value>
		<value condition="!String.IsEmpty(Container.ListItemNoWrap(-2).Art(poster))">$INFO[ListItem(-2).Art(poster)]</value>
		<value condition="!String.IsEmpty(Container.ListItemNoWrap(-2).Art(tvshow.keyart)) + $EXP[Prefer_Keyart]">$INFO[ListItem(-2).Art(tvshow.keyart)]</value>
		<value condition="!String.IsEmpty(Container.ListItemNoWrap(-2).Art(tvshow.poster))">$INFO[ListItem(-2).Art(tvshow.poster)]</value>
		<value condition="!String.IsEmpty(Container.ListItemNoWrap(-2).Art(thumb))">$INFO[ListItem(-2).Art(thumb)]</value>
	</variable>
	<variable name="Strip(-1)Content">
		<value condition="!String.IsEmpty(Container.ListItemNoWrap(-1).Art(square)) + $EXP[StripView_Display_IsSquare]">$INFO[ListItem(-1).Art(square)]</value>
		<value condition="!String.IsEmpty(Container.ListItemNoWrap(-1).Art(thumb)) + [[$EXP[StripView_Display_IsSquare] + String.IsEqual(ListItem(-1).DBType,artist)] | String.IsEqual(ListItem(-1).DBType,episode) | String.IsEqual(ListItem(-1).DBType,album)]">$INFO[ListItem(-1).Art(thumb)]</value>
		<value condition="!String.IsEmpty(Container.ListItemNoWrap(-1).Art(fanart)) + !$EXP[StripView_Display_IsPosters]">$INFO[ListItem(-1).Art(fanart)]</value>
		<value condition="!String.IsEmpty(Container.ListItemNoWrap(-1).Art(tvshow.fanart)) + !$EXP[StripView_Display_IsPosters]">$INFO[ListItem(-1).Art(tvshow.fanart)]</value>
		<value condition="!String.IsEmpty(Container.ListItemNoWrap(-1).Art(tvshow.square)) + !$EXP[StripView_Display_IsPosters]">$INFO[ListItem(-1).Art(tvshow.square)]</value>
		<value condition="!String.IsEmpty(Container.ListItemNoWrap(-1).Art(keyart)) + [[$EXP[StripView_Details_Logo_IsOn] + !String.IsEmpty(ListItem(-1).Art(clearlogo))] | $EXP[Prefer_Keyart]]">$INFO[ListItem(-1).Art(keyart)]</value>
		<value condition="!String.IsEmpty(Container.ListItemNoWrap(-1).Art(poster))">$INFO[ListItem(-1).Art(poster)]</value>
		<value condition="!String.IsEmpty(Container.ListItemNoWrap(-1).Art(tvshow.keyart)) + $EXP[Prefer_Keyart]">$INFO[ListItem(-1).Art(tvshow.keyart)]</value>
		<value condition="!String.IsEmpty(Container.ListItemNoWrap(-1).Art(tvshow.poster))">$INFO[ListItem(-1).Art(tvshow.poster)]</value>
		<value condition="!String.IsEmpty(Container.ListItemNoWrap(-1).Art(thumb))">$INFO[ListItem(-1).Art(thumb)]</value>
	</variable>
	<variable name="Strip(0)Content">
		<value condition="!String.IsEmpty(Container.ListItemNoWrap(0).Art(square)) + $EXP[StripView_Display_IsSquare]">$INFO[ListItem(0).Art(square)]</value>
		<value condition="!String.IsEmpty(Container.ListItemNoWrap(0).Art(thumb)) + [[$EXP[StripView_Display_IsSquare] + String.IsEqual(ListItem(0).DBType,artist)] | String.IsEqual(ListItem(0).DBType,episode) | String.IsEqual(ListItem(0).DBType,album)]">$INFO[ListItem(0).Art(thumb)]</value>
		<value condition="!String.IsEmpty(Container.ListItemNoWrap(0).Art(fanart)) + !$EXP[StripView_Display_IsPosters]">$INFO[ListItem(0).Art(fanart)]</value>
		<value condition="!String.IsEmpty(Container.ListItemNoWrap(0).Art(tvshow.fanart)) + !$EXP[StripView_Display_IsPosters]">$INFO[ListItem(0).Art(tvshow.fanart)]</value>
		<value condition="!String.IsEmpty(Container.ListItemNoWrap(0).Art(tvshow.square)) + !$EXP[StripView_Display_IsPosters]">$INFO[ListItem(0).Art(tvshow.square)]</value>
		<value condition="!String.IsEmpty(Container.ListItemNoWrap(0).Art(keyart)) + [[$EXP[StripView_Details_Logo_IsOn] + !String.IsEmpty(ListItem(0).Art(clearlogo))] | $EXP[Prefer_Keyart]]">$INFO[ListItem(0).Art(keyart)]</value>
		<value condition="!String.IsEmpty(Container.ListItemNoWrap(0).Art(poster))">$INFO[ListItem(0).Art(poster)]</value>
		<value condition="!String.IsEmpty(Container.ListItemNoWrap(0).Art(tvshow.keyart)) + $EXP[Prefer_Keyart]">$INFO[ListItem(0).Art(tvshow.keyart)]</value>
		<value condition="!String.IsEmpty(Container.ListItemNoWrap(0).Art(tvshow.poster))">$INFO[ListItem(0).Art(tvshow.poster)]</value>
		<value condition="!String.IsEmpty(Container.ListItemNoWrap(0).Art(thumb))">$INFO[ListItem(0).Art(thumb)]</value>
	</variable>
	<variable name="Strip(1)Content">
		<value condition="!String.IsEmpty(Container.ListItemNoWrap(1).Art(square)) + $EXP[StripView_Display_IsSquare]">$INFO[ListItem(1).Art(square)]</value>
		<value condition="!String.IsEmpty(Container.ListItemNoWrap(1).Art(thumb)) + [[$EXP[StripView_Display_IsSquare] + String.IsEqual(ListItem(1).DBType,artist)] | String.IsEqual(ListItem(1).DBType,episode) | String.IsEqual(ListItem(1).DBType,album)]">$INFO[ListItem(1).Art(thumb)]</value>
		<value condition="!String.IsEmpty(Container.ListItemNoWrap(1).Art(fanart)) + !$EXP[StripView_Display_IsPosters]">$INFO[ListItem(1).Art(fanart)]</value>
		<value condition="!String.IsEmpty(Container.ListItemNoWrap(1).Art(tvshow.fanart)) + !$EXP[StripView_Display_IsPosters]">$INFO[ListItem(1).Art(tvshow.fanart)]</value>
		<value condition="!String.IsEmpty(Container.ListItemNoWrap(1).Art(tvshow.square)) + !$EXP[StripView_Display_IsPosters]">$INFO[ListItem(1).Art(tvshow.square)]</value>
		<value condition="!String.IsEmpty(Container.ListItemNoWrap(1).Art(keyart)) + [[$EXP[StripView_Details_Logo_IsOn] + !String.IsEmpty(ListItem(1).Art(clearlogo))] | $EXP[Prefer_Keyart]]">$INFO[ListItem(1).Art(keyart)]</value>
		<value condition="!String.IsEmpty(Container.ListItemNoWrap(1).Art(poster))">$INFO[ListItem(1).Art(poster)]</value>
		<value condition="!String.IsEmpty(Container.ListItemNoWrap(1).Art(tvshow.keyart)) + $EXP[Prefer_Keyart]">$INFO[ListItem(1).Art(tvshow.keyart)]</value>
		<value condition="!String.IsEmpty(Container.ListItemNoWrap(1).Art(tvshow.poster))">$INFO[ListItem(1).Art(tvshow.poster)]</value>
		<value condition="!String.IsEmpty(Container.ListItemNoWrap(1).Art(thumb))">$INFO[ListItem(1).Art(thumb)]</value>
	</variable>
	<variable name="Strip(2)Content">
		<value condition="!String.IsEmpty(Container.ListItemNoWrap(2).Art(square)) + $EXP[StripView_Display_IsSquare]">$INFO[ListItem(2).Art(square)]</value>
		<value condition="!String.IsEmpty(Container.ListItemNoWrap(2).Art(thumb)) + [[$EXP[StripView_Display_IsSquare] + String.IsEqual(ListItem(2).DBType,artist)] | String.IsEqual(ListItem(2).DBType,episode) | String.IsEqual(ListItem(2).DBType,album)]">$INFO[ListItem(2).Art(thumb)]</value>
		<value condition="!String.IsEmpty(Container.ListItemNoWrap(2).Art(fanart)) + !$EXP[StripView_Display_IsPosters]">$INFO[ListItem(2).Art(fanart)]</value>
		<value condition="!String.IsEmpty(Container.ListItemNoWrap(2).Art(tvshow.fanart)) + !$EXP[StripView_Display_IsPosters]">$INFO[ListItem(2).Art(tvshow.fanart)]</value>
		<value condition="!String.IsEmpty(Container.ListItemNoWrap(2).Art(tvshow.square)) + !$EXP[StripView_Display_IsPosters]">$INFO[ListItem(2).Art(tvshow.square)]</value>
		<value condition="!String.IsEmpty(Container.ListItemNoWrap(2).Art(keyart)) + [[$EXP[StripView_Details_Logo_IsOn] + !String.IsEmpty(ListItem(2).Art(clearlogo))] | $EXP[Prefer_Keyart]]">$INFO[ListItem(2).Art(keyart)]</value>
		<value condition="!String.IsEmpty(Container.ListItemNoWrap(2).Art(poster))">$INFO[ListItem(2).Art(poster)]</value>
		<value condition="!String.IsEmpty(Container.ListItemNoWrap(2).Art(tvshow.keyart)) + $EXP[Prefer_Keyart]">$INFO[ListItem(2).Art(tvshow.keyart)]</value>
		<value condition="!String.IsEmpty(Container.ListItemNoWrap(2).Art(tvshow.poster))">$INFO[ListItem(2).Art(tvshow.poster)]</value>
		<value condition="!String.IsEmpty(Container.ListItemNoWrap(2).Art(thumb))">$INFO[ListItem(2).Art(thumb)]</value>
	</variable>
	<variable name="Strip(3)Content">
		<value condition="!String.IsEmpty(Container.ListItemNoWrap(3).Art(square)) + $EXP[StripView_Display_IsSquare]">$INFO[ListItem(3).Art(square)]</value>
		<value condition="!String.IsEmpty(Container.ListItemNoWrap(3).Art(thumb)) + [[$EXP[StripView_Display_IsSquare] + String.IsEqual(ListItem(3).DBType,artist)] | String.IsEqual(ListItem(3).DBType,episode) | String.IsEqual(ListItem(3).DBType,album)]">$INFO[ListItem(3).Art(thumb)]</value>
		<value condition="!String.IsEmpty(Container.ListItemNoWrap(3).Art(fanart)) + !$EXP[StripView_Display_IsPosters]">$INFO[ListItem(3).Art(fanart)]</value>
		<value condition="!String.IsEmpty(Container.ListItemNoWrap(3).Art(tvshow.fanart)) + !$EXP[StripView_Display_IsPosters]">$INFO[ListItem(3).Art(tvshow.fanart)]</value>
		<value condition="!String.IsEmpty(Container.ListItemNoWrap(3).Art(tvshow.square)) + !$EXP[StripView_Display_IsPosters]">$INFO[ListItem(3).Art(tvshow.square)]</value>
		<value condition="!String.IsEmpty(Container.ListItemNoWrap(3).Art(keyart)) + [[$EXP[StripView_Details_Logo_IsOn] + !String.IsEmpty(ListItem(3).Art(clearlogo))] | $EXP[Prefer_Keyart]]">$INFO[ListItem(3).Art(keyart)]</value>
		<value condition="!String.IsEmpty(Container.ListItemNoWrap(3).Art(poster))">$INFO[ListItem(3).Art(poster)]</value>
		<value condition="!String.IsEmpty(Container.ListItemNoWrap(3).Art(tvshow.keyart)) + $EXP[Prefer_Keyart]">$INFO[ListItem(3).Art(tvshow.keyart)]</value>
		<value condition="!String.IsEmpty(Container.ListItemNoWrap(3).Art(tvshow.poster))">$INFO[ListItem(3).Art(tvshow.poster)]</value>
		<value condition="!String.IsEmpty(Container.ListItemNoWrap(3).Art(thumb))">$INFO[ListItem(3).Art(thumb)]</value>
	</variable>
	
	<variable name="Thumbnail(-3)Content">
		<value />
	</variable>
	<variable name="Thumbnail(-2)Content">
		<value />
	</variable>
	<variable name="Thumbnail(-1)Content">
		<value condition="!String.IsEmpty(Container.ListItem(-1).Art(thumb)) + [String.IsEqual(ListItem(-1).DBType,episode) | String.IsEqual(ListItem(-1).DBType,album)]">$INFO[ListItem(-1).Art(thumb)]</value>
		<value condition="!String.IsEmpty(Container.ListItem(-1).Art(fanart)) + !$EXP[ListView_Display_IsThumbnails]">$INFO[ListItem(-1).Art(fanart)]</value>
		<value condition="!String.IsEmpty(Container.ListItem(-1).Art(tvshow.fanart)) + !$EXP[ListView_Display_IsThumbnails]">$INFO[ListItem(-1).Art(tvshow.fanart)]</value>
		<value condition="!String.IsEmpty(Container.ListItem(-1).Art(album.fanart)) + !$EXP[ListView_Display_IsThumbnails]">$INFO[ListItem(-1).Art(album.fanart)]</value>
		<value condition="!String.IsEmpty(Container.ListItem(-1).Art(artist.fanart)) + !$EXP[ListView_Display_IsThumbnails]">$INFO[ListItem(-1).Art(artist.fanart)]</value>
		<value condition="!String.IsEmpty(Container.ListItem(-1).Art(keyart)) + $EXP[ListView_Display_IsThumbnails] + $EXP[Prefer_Keyart]">$INFO[ListItem(-1).Art(keyart)]</value>
		<value condition="!String.IsEmpty(Container.ListItem(-1).Art(poster)) + $EXP[ListView_Display_IsThumbnails]">$INFO[ListItem(-1).Art(poster)]</value>
		<value condition="!String.IsEmpty(Container.ListItem(-1).Art(tvshow.keyart)) + $EXP[ListView_Display_IsThumbnails] + $EXP[Prefer_Keyart]">$INFO[ListItem(-1).Art(tvshow.keyart)]</value>
		<value condition="!String.IsEmpty(Container.ListItem(-1).Art(tvshow.poster)) + $EXP[ListView_Display_IsThumbnails]">$INFO[ListItem(-1).Art(tvshow.poster)]</value>
		<value condition="!String.IsEmpty(Container.ListItem(-1).Art(artist.thumb))">$INFO[ListItem(-1).Art(artist.thumb)]</value>
		<value condition="!String.IsEmpty(Container.ListItem(-1).Art(thumb))">$INFO[ListItem(-1).Art(thumb)]</value>
	</variable>
	<variable name="Thumbnail(0)Content">
		<value condition="!String.IsEmpty(Container.ListItem(0).Art(thumb)) + [String.IsEqual(ListItem(0).DBType,episode) | String.IsEqual(ListItem(0).DBType,album)]">$INFO[ListItem(0).Art(thumb)]</value>
		<value condition="!String.IsEmpty(Container.ListItem(0).Art(fanart)) + !$EXP[ListView_Display_IsThumbnails]">$INFO[ListItem(0).Art(fanart)]</value>
		<value condition="!String.IsEmpty(Container.ListItem(0).Art(tvshow.fanart)) + !$EXP[ListView_Display_IsThumbnails]">$INFO[ListItem(0).Art(tvshow.fanart)]</value>
		<value condition="!String.IsEmpty(Container.ListItem(0).Art(album.fanart)) + !$EXP[ListView_Display_IsThumbnails]">$INFO[ListItem(0).Art(album.fanart)]</value>
		<value condition="!String.IsEmpty(Container.ListItem(0).Art(artist.fanart)) + !$EXP[ListView_Display_IsThumbnails]">$INFO[ListItem(0).Art(artist.fanart)]</value>
		<value condition="!String.IsEmpty(Container.ListItem(0).Art(keyart)) + $EXP[ListView_Display_IsThumbnails] + $EXP[Prefer_Keyart]">$INFO[ListItem(0).Art(keyart)]</value>
		<value condition="!String.IsEmpty(Container.ListItem(0).Art(poster)) + $EXP[ListView_Display_IsThumbnails]">$INFO[ListItem(0).Art(poster)]</value>
		<value condition="!String.IsEmpty(Container.ListItem(0).Art(tvshow.keyart)) + $EXP[ListView_Display_IsThumbnails] + $EXP[Prefer_Keyart]">$INFO[ListItem(0).Art(tvshow.keyart)]</value>
		<value condition="!String.IsEmpty(Container.ListItem(0).Art(tvshow.poster)) + $EXP[ListView_Display_IsThumbnails]">$INFO[ListItem(0).Art(tvshow.poster)]</value>
		<value condition="!String.IsEmpty(Container.ListItem(0).Art(artist.thumb))">$INFO[ListItem(0).Art(artist.thumb)]</value>
		<value condition="!String.IsEmpty(Container.ListItem(0).Art(thumb))">$INFO[ListItem(0).Art(thumb)]</value>
	</variable>
	<variable name="Thumbnail(1)Content">
		<value condition="!String.IsEmpty(Container.ListItem(1).Art(thumb)) + [String.IsEqual(ListItem(1).DBType,episode) | String.IsEqual(ListItem(1).DBType,album)]">$INFO[ListItem(1).Art(thumb)]</value>
		<value condition="!String.IsEmpty(Container.ListItem(1).Art(fanart)) + !$EXP[ListView_Display_IsThumbnails]">$INFO[ListItem(1).Art(fanart)]</value>
		<value condition="!String.IsEmpty(Container.ListItem(1).Art(tvshow.fanart)) + !$EXP[ListView_Display_IsThumbnails]">$INFO[ListItem(1).Art(tvshow.fanart)]</value>
		<value condition="!String.IsEmpty(Container.ListItem(1).Art(album.fanart)) + !$EXP[ListView_Display_IsThumbnails]">$INFO[ListItem(1).Art(album.fanart)]</value>
		<value condition="!String.IsEmpty(Container.ListItem(1).Art(artist.fanart)) + !$EXP[ListView_Display_IsThumbnails]">$INFO[ListItem(1).Art(artist.fanart)]</value>
		<value condition="!String.IsEmpty(Container.ListItem(1).Art(keyart)) + $EXP[ListView_Display_IsThumbnails] + $EXP[Prefer_Keyart]">$INFO[ListItem(1).Art(keyart)]</value>
		<value condition="!String.IsEmpty(Container.ListItem(1).Art(poster)) + $EXP[ListView_Display_IsThumbnails]">$INFO[ListItem(1).Art(poster)]</value>
		<value condition="!String.IsEmpty(Container.ListItem(1).Art(tvshow.keyart)) + $EXP[ListView_Display_IsThumbnails] + $EXP[Prefer_Keyart]">$INFO[ListItem(1).Art(tvshow.keyart)]</value>
		<value condition="!String.IsEmpty(Container.ListItem(1).Art(tvshow.poster)) + $EXP[ListView_Display_IsThumbnails]">$INFO[ListItem(1).Art(tvshow.poster)]</value>
		<value condition="!String.IsEmpty(Container.ListItem(1).Art(artist.thumb))">$INFO[ListItem(1).Art(artist.thumb)]</value>
		<value condition="!String.IsEmpty(Container.ListItem(1).Art(thumb))">$INFO[ListItem(1).Art(thumb)]</value>
	</variable>
	<variable name="Thumbnail(2)Content">
		<value />
	</variable>
	<variable name="Thumbnail(3)Content">
		<value />
	</variable>
	<variable name="Thumbnail(4)Content">
		<value/>
	</variable>
	<variable name="Thumbnail(5)Content">
		<value/>
	</variable>
	<variable name="Thumbnail(6)Content">
		<value/>
	</variable>

	<variable name="Multiart_Type">
		<value condition="Control.HasFocus(3201) + Skin.HasSetting(Widget1_Display_Posters) + String.IsEqual(ListItem.DBType,episode) + $EXP[Prefer_Keyart] + !String.IsEmpty(ListItem.Art(tvshow.keyart1))">tvshow.keyart</value>
		<value condition="Control.HasFocus(3201) + Skin.HasSetting(Widget1_Display_Posters) + String.IsEqual(ListItem.DBType,episode) + [!$EXP[Prefer_Keyart] | String.IsEmpty(ListItem.Art(tvshow.keyart))] + !String.IsEmpty(ListItem.Art(tvshow.poster1))">tvshow.poster</value>
		<value condition="Control.HasFocus(3201) + Skin.HasSetting(Widget1_Display_Fanart) + String.IsEqual(ListItem.DBType,episode) + !String.IsEmpty(ListItem.Art(tvshow.fanart1))">tvshow.fanart</value>
		<value condition="Control.HasFocus(3201) + Skin.HasSetting(Widget1_Display_Square) + String.IsEqual(ListItem.DBType,episode) + !String.IsEmpty(ListItem.Art(tvshow.square1))">tvshow.square</value>
		<value condition="Control.HasFocus(3202) + Skin.HasSetting(Widget2_Display_Posters) + String.IsEqual(ListItem.DBType,episode) + $EXP[Prefer_Keyart] + !String.IsEmpty(ListItem.Art(tvshow.keyart1))">tvshow.keyart</value>
		<value condition="Control.HasFocus(3202) + Skin.HasSetting(Widget2_Display_Posters) + String.IsEqual(ListItem.DBType,episode) + [!$EXP[Prefer_Keyart] | String.IsEmpty(ListItem.Art(tvshow.keyart))] + !String.IsEmpty(ListItem.Art(tvshow.poster1))">tvshow.poster</value>
		<value condition="Control.HasFocus(3202) + Skin.HasSetting(Widget2_Display_Fanart) + String.IsEqual(ListItem.DBType,episode) + !String.IsEmpty(ListItem.Art(tvshow.fanart1))">tvshow.fanart</value>
		<value condition="Control.HasFocus(3202) + Skin.HasSetting(Widget2_Display_Square) + String.IsEqual(ListItem.DBType,episode) + !String.IsEmpty(ListItem.Art(tvshow.square1))">tvshow.square</value>
		<value condition="Control.HasFocus(3203) + Skin.HasSetting(Widget3_Display_Posters) + String.IsEqual(ListItem.DBType,episode) + $EXP[Prefer_Keyart] + !String.IsEmpty(ListItem.Art(tvshow.keyart1))">tvshow.keyart</value>
		<value condition="Control.HasFocus(3203) + Skin.HasSetting(Widget3_Display_Posters) + String.IsEqual(ListItem.DBType,episode) + [!$EXP[Prefer_Keyart] | String.IsEmpty(ListItem.Art(tvshow.keyart))] + !String.IsEmpty(ListItem.Art(tvshow.poster1))">tvshow.poster</value>
		<value condition="Control.HasFocus(3203) + Skin.HasSetting(Widget3_Display_Fanart) + String.IsEqual(ListItem.DBType,episode) + !String.IsEmpty(ListItem.Art(tvshow.fanart1))">tvshow.fanart</value>
		<value condition="Control.HasFocus(3203) + Skin.HasSetting(Widget3_Display_Square) + String.IsEqual(ListItem.DBType,episode) + !String.IsEmpty(ListItem.Art(tvshow.square1))">tvshow.square</value>
		<value condition="Control.HasFocus(3204) + Skin.HasSetting(Widget4_Display_Posters) + String.IsEqual(ListItem.DBType,episode) + $EXP[Prefer_Keyart] + !String.IsEmpty(ListItem.Art(tvshow.keyart1))">tvshow.keyart</value>
		<value condition="Control.HasFocus(3204) + Skin.HasSetting(Widget4_Display_Posters) + String.IsEqual(ListItem.DBType,episode) + [!$EXP[Prefer_Keyart] | String.IsEmpty(ListItem.Art(tvshow.keyart))] + !String.IsEmpty(ListItem.Art(tvshow.poster1))">tvshow.poster</value>
		<value condition="Control.HasFocus(3204) + Skin.HasSetting(Widget4_Display_Fanart) + String.IsEqual(ListItem.DBType,episode) + !String.IsEmpty(ListItem.Art(tvshow.fanart1))">tvshow.fanart</value>
		<value condition="Control.HasFocus(3204) + Skin.HasSetting(Widget4_Display_Square) + String.IsEqual(ListItem.DBType,episode) + !String.IsEmpty(ListItem.Art(tvshow.square1))">tvshow.square</value>
		<value condition="Control.HasFocus(3205) + Skin.HasSetting(Widget5_Display_Posters) + String.IsEqual(ListItem.DBType,episode) + $EXP[Prefer_Keyart] + !String.IsEmpty(ListItem.Art(tvshow.keyart1))">tvshow.keyart</value>
		<value condition="Control.HasFocus(3205) + Skin.HasSetting(Widget5_Display_Posters) + String.IsEqual(ListItem.DBType,episode) + [!$EXP[Prefer_Keyart] | String.IsEmpty(ListItem.Art(tvshow.keyart))] + !String.IsEmpty(ListItem.Art(tvshow.poster1))">tvshow.poster</value>
		<value condition="Control.HasFocus(3205) + Skin.HasSetting(Widget5_Display_Fanart) + String.IsEqual(ListItem.DBType,episode) + !String.IsEmpty(ListItem.Art(tvshow.fanart1))">tvshow.fanart</value>
		<value condition="Control.HasFocus(3205) + Skin.HasSetting(Widget5_Display_Square) + String.IsEqual(ListItem.DBType,episode) + !String.IsEmpty(ListItem.Art(tvshow.square1))">tvshow.square</value>
		<value condition="Control.HasFocus(3206) + Skin.HasSetting(Widget6_Display_Posters) + String.IsEqual(ListItem.DBType,episode) + $EXP[Prefer_Keyart] + !String.IsEmpty(ListItem.Art(tvshow.keyart1))">tvshow.keyart</value>
		<value condition="Control.HasFocus(3206) + Skin.HasSetting(Widget6_Display_Posters) + String.IsEqual(ListItem.DBType,episode) + [!$EXP[Prefer_Keyart] | String.IsEmpty(ListItem.Art(tvshow.keyart))] + !String.IsEmpty(ListItem.Art(tvshow.poster1))">tvshow.poster</value>
		<value condition="Control.HasFocus(3206) + Skin.HasSetting(Widget6_Display_Fanart) + String.IsEqual(ListItem.DBType,episode) + !String.IsEmpty(ListItem.Art(tvshow.fanart1))">tvshow.fanart</value>
		<value condition="Control.HasFocus(3206) + Skin.HasSetting(Widget6_Display_Square) + String.IsEqual(ListItem.DBType,episode) + !String.IsEmpty(ListItem.Art(tvshow.square1))">tvshow.square</value>
		<value condition="Control.HasFocus(3207) + Skin.HasSetting(Widget7_Display_Posters) + String.IsEqual(ListItem.DBType,episode) + $EXP[Prefer_Keyart] + !String.IsEmpty(ListItem.Art(tvshow.keyart1))">tvshow.keyart</value>
		<value condition="Control.HasFocus(3207) + Skin.HasSetting(Widget7_Display_Posters) + String.IsEqual(ListItem.DBType,episode) + [!$EXP[Prefer_Keyart] | String.IsEmpty(ListItem.Art(tvshow.keyart))] + !String.IsEmpty(ListItem.Art(tvshow.poster1))">tvshow.poster</value>
		<value condition="Control.HasFocus(3207) + Skin.HasSetting(Widget7_Display_Fanart) + String.IsEqual(ListItem.DBType,episode) + !String.IsEmpty(ListItem.Art(tvshow.fanart1))">tvshow.fanart</value>
		<value condition="Control.HasFocus(3207) + Skin.HasSetting(Widget7_Display_Square) + String.IsEqual(ListItem.DBType,episode) + !String.IsEmpty(ListItem.Art(tvshow.square1))">tvshow.square</value>
		<value condition="Control.HasFocus(3208) + Skin.HasSetting(Widget8_Display_Posters) + String.IsEqual(ListItem.DBType,episode) + $EXP[Prefer_Keyart] + !String.IsEmpty(ListItem.Art(tvshow.keyart1))">tvshow.keyart</value>
		<value condition="Control.HasFocus(3208) + Skin.HasSetting(Widget8_Display_Posters) + String.IsEqual(ListItem.DBType,episode) + [!$EXP[Prefer_Keyart] | String.IsEmpty(ListItem.Art(tvshow.keyart))] + !String.IsEmpty(ListItem.Art(tvshow.poster1))">tvshow.poster</value>
		<value condition="Control.HasFocus(3208) + Skin.HasSetting(Widget8_Display_Fanart) + String.IsEqual(ListItem.DBType,episode) + !String.IsEmpty(ListItem.Art(tvshow.fanart1))">tvshow.fanart</value>
		<value condition="Control.HasFocus(3208) + Skin.HasSetting(Widget8_Display_Square) + String.IsEqual(ListItem.DBType,episode) + !String.IsEmpty(ListItem.Art(tvshow.square1))">tvshow.square</value>
		<value condition="Control.HasFocus(3209) + Skin.HasSetting(Widget9_Display_Posters) + String.IsEqual(ListItem.DBType,episode) + $EXP[Prefer_Keyart] + !String.IsEmpty(ListItem.Art(tvshow.keyart1))">tvshow.keyart</value>
		<value condition="Control.HasFocus(3209) + Skin.HasSetting(Widget9_Display_Posters) + String.IsEqual(ListItem.DBType,episode) + [!$EXP[Prefer_Keyart] | String.IsEmpty(ListItem.Art(tvshow.keyart))] + !String.IsEmpty(ListItem.Art(tvshow.poster1))">tvshow.poster</value>
		<value condition="Control.HasFocus(3209) + Skin.HasSetting(Widget9_Display_Fanart) + String.IsEqual(ListItem.DBType,episode) + !String.IsEmpty(ListItem.Art(tvshow.fanart1))">tvshow.fanart</value>
		<value condition="Control.HasFocus(3209) + Skin.HasSetting(Widget9_Display_Square) + String.IsEqual(ListItem.DBType,episode) + !String.IsEmpty(ListItem.Art(tvshow.square1))">tvshow.square</value>
	  <value condition="!Window.IsActive(home) + [String.IsEqual(ListItem.DBType,episode) | String.IsEqual(ListItem.DBType,album) | String.IsEqual(ListItem.DBType,song)] + !String.IsEmpty(ListItem.Art(thumb1))">thumb</value>
		<value condition="$EXP[ListView_Display_IsThumbnails] + String.IsEqual(ListItem.DBType,artist) + !String.IsEmpty(ListItem.Art(thumb1))">thumb</value>
	  <value condition="$EXP[ListView_Display_IsThumbnails] + $EXP[Prefer_Keyart] + !String.IsEmpty(ListItem.Art(keyart1))">keyart</value>
		<value condition="$EXP[ListView_Display_IsThumbnails] + [!$EXP[Prefer_Keyart] | String.IsEmpty(ListItem.Art(keyart))] + !String.IsEmpty(ListItem.Art(poster1))">poster</value>
	  <value condition="![String.Contains(ListItem.Path,themoviedb.helper) + !Window.Is(home)] + [$EXP[ListView_Display_IsBackground] | $EXP[BillboardView_IsVisible]] + !String.IsEmpty(ListItem.Art(fanart1))">fanart</value>
	  <value condition="$EXP[ShowcaseView_Display_IsPosters] + $EXP[ShowcaseView_Details_Overlay_IsVisible] + !String.IsEmpty(ListItem.Art(keyart1))">keyart</value>
	  <value condition="$EXP[ShowcaseView_Display_IsPosters] + $EXP[ShowcaseView_Details_Logo_IsOn] + !String.IsEmpty(ListItem.Art(clearlogo)) + !String.IsEmpty(ListItem.Art(keyart1))">keyart</value>
	  <value condition="$EXP[ShowcaseView_Display_IsPosters] + $EXP[Prefer_Keyart] + !String.IsEmpty(ListItem.Art(keyart1))">keyart</value>
		<value condition="$EXP[ShowcaseView_Display_IsPosters] + [!$EXP[Prefer_Keyart] | String.IsEmpty(ListItem.Art(keyart))] + !String.IsEmpty(ListItem.Art(poster1))">poster</value>
	  <value condition="$EXP[ShowcaseView_Display_IsSquare] + String.IsEqual(ListItem.DBType,artist) + !String.IsEmpty(ListItem.Art(thumb1))">thumb</value>
	  <value condition="$EXP[ShowcaseView_Display_IsSquare] + !String.IsEmpty(ListItem.Art(square1))">square</value>
	  <value condition="$EXP[StripView_Display_IsPosters] + $EXP[Prefer_Keyart] + !String.IsEmpty(ListItem.Art(keyart1))">keyart</value>
		<value condition="$EXP[StripView_Display_IsPosters] + [!$EXP[Prefer_Keyart] | String.IsEmpty(ListItem.Art(keyart))] + !String.IsEmpty(ListItem.Art(poster1))">poster</value>
	  <value condition="![String.Contains(ListItem.Path,themoviedb.helper) + !Window.Is(home)] + $EXP[StripView_Display_IsFanart] + !String.IsEmpty(ListItem.Art(fanart1))">fanart</value>
	  <value condition="$EXP[StripView_Display_IsSquare] + String.IsEqual(ListItem.DBType,artist) + !String.IsEmpty(ListItem.Art(thumb1))">thumb</value>
	  <value condition="$EXP[StripView_Display_IsSquare] + !String.IsEmpty(ListItem.Art(square1))">square</value>
	  <value condition="$EXP[GridView_Display_IsPosters] + $EXP[Prefer_Keyart] + !String.IsEmpty(ListItem.Art(keyart1))">keyart</value>
		<value condition="$EXP[GridView_Display_IsPosters] + [!$EXP[Prefer_Keyart] | String.IsEmpty(ListItem.Art(keyart))] + $EXP[GridView_Details_On] + !String.IsEmpty(ListItem.Art(keyart1))">keyart</value>
	  <value condition="$EXP[GridView_Display_IsPosters] + !String.IsEmpty(ListItem.Art(poster1))">poster</value>
	  <value condition="![String.Contains(ListItem.Path,themoviedb.helper) + !Window.Is(home)] + $EXP[GridView_Display_IsFanart] + !String.IsEmpty(ListItem.Art(fanart1))">fanart</value>
	  <value condition="$EXP[GridView_Display_IsSquare] + String.IsEqual(ListItem.DBType,artist) + !String.IsEmpty(ListItem.Art(thumb1))">thumb</value>
	  <value condition="$EXP[GridView_Display_IsSquare] + !String.IsEmpty(ListItem.Art(square1))">square</value>
	  <value>flags/blank.png</value>
	</variable>

	<variable name="addonbrowser(-3)Content">
		<value condition="!String.IsEmpty(ListItemNoWrap(-3).Label) + !String.IsEmpty(ListItem(-3).Art(thumb))">$INFO[ListItem(-3).Art(thumb)]</value>
		<value>$VAR[Fallback_Texture]</value>
	</variable>
	<variable name="addonbrowser(-2)Content">
		<value condition="!String.IsEmpty(ListItemNoWrap(-2).Label) + !String.IsEmpty(ListItem(-2).Art(thumb))">$INFO[ListItem(-2).Art(thumb)]</value>
		<value>$VAR[Fallback_Texture]</value>
	</variable>
	<variable name="addonbrowser(-1)Content">
		<value condition="!String.IsEmpty(ListItemNoWrap(-1).Label) + !String.IsEmpty(ListItem(-1).Art(thumb))">$INFO[ListItem(-1).Art(thumb)]</value>
		<value>$VAR[Fallback_Texture]</value>
	</variable>
	<variable name="addonbrowser(0)Content">
		<value condition="!String.IsEmpty(ListItem(0).Art(thumb))">$INFO[ListItem(0).Art(thumb)]</value>
		<value>$VAR[Fallback_Texture]</value>
	</variable>
	<variable name="addonbrowser(1)Content">
		<value condition="!String.IsEmpty(ListItemNoWrap(1).Label) + !String.IsEmpty(ListItem(1).Art(thumb))">$INFO[ListItem(1).Art(thumb)]</value>
		<value>$VAR[Fallback_Texture]</value>
	</variable>
	<variable name="addonbrowser(2)Content">
		<value condition="!String.IsEmpty(ListItemNoWrap(2).Label) + !String.IsEmpty(ListItem(2).Art(thumb))">$INFO[ListItem(2).Art(thumb)]</value>
		<value>$VAR[Fallback_Texture]</value>
	</variable>
	<variable name="addonbrowser(3)Content">
		<value condition="!String.IsEmpty(ListItemNoWrap(3).Label) + !String.IsEmpty(ListItem(3).Art(thumb))">$INFO[ListItem(3).Art(thumb)]</value>
		<value>$VAR[Fallback_Texture]</value>
	</variable>

	<variable name="loginscreen(-3)Content">
		<value condition="!String.IsEmpty(Container(52).ListItemNoWrap(-3).Label) + !String.Contains(Container(52).ListItem(-3).Art(thumb),DefaultUser)">$INFO[Container(52).ListItem(-3).Art(thumb)]</value>
		<value condition="!String.IsEmpty(Container(52).ListItemNoWrap(-3).Label)">$VAR[Fallback_Texture]</value>
	</variable>
	<variable name="loginscreen(-2)Content">
		<value condition="!String.IsEmpty(Container(52).ListItemNoWrap(-2).Label) + !String.Contains(Container(52).ListItem(-2).Art(thumb),DefaultUser)">$INFO[Container(52).ListItem(-2).Art(thumb)]</value>
		<value condition="!String.IsEmpty(Container(52).ListItemNoWrap(-2).Label)">$VAR[Fallback_Texture]</value>
	</variable>
	<variable name="loginscreen(-1)Content">
		<value condition="!String.IsEmpty(Container(52).ListItemNoWrap(-1).Label) + !String.Contains(Container(52).ListItem(-1).Art(thumb),DefaultUser)">$INFO[Container(52).ListItem(-1).Art(thumb)]</value>
		<value condition="!String.IsEmpty(Container(52).ListItemNoWrap(-1).Label)">$VAR[Fallback_Texture]</value>
	</variable>
	<variable name="loginscreen(0)Content">
		<value condition="!String.Contains(Container(52).ListItem(0).Art(thumb),DefaultUser)">$INFO[Container(52).ListItem(0).Art(thumb)]</value>
		<value>$VAR[Fallback_Texture]</value>
	</variable>
	<variable name="loginscreen(1)Content">
		<value condition="!String.IsEmpty(Container(52).ListItemNoWrap(1).Label) + !String.Contains(Container(52).ListItem(1).Art(thumb),DefaultUser)">$INFO[Container(52).ListItem(1).Art(thumb)]</value>
		<value condition="!String.IsEmpty(Container(52).ListItemNoWrap(1).Label)">$VAR[Fallback_Texture]</value>
	</variable>
	<variable name="loginscreen(2)Content">
		<value condition="!String.IsEmpty(Container(52).ListItemNoWrap(2).Label) + !String.Contains(Container(52).ListItem(2).Art(thumb),DefaultUser)">$INFO[Container(52).ListItem(2).Art(thumb)]</value>
		<value condition="!String.IsEmpty(Container(52).ListItemNoWrap(2).Label)">$VAR[Fallback_Texture]</value>
	</variable>
	<variable name="loginscreen(3)Content">
		<value condition="!String.IsEmpty(Container(52).ListItemNoWrap(3).Label) + !String.Contains(Container(52).ListItem(3).Art(thumb),DefaultUser)">$INFO[Container(52).ListItem(3).Art(thumb)]</value>
		<value condition="!String.IsEmpty(Container(52).ListItemNoWrap(3).Label)">$VAR[Fallback_Texture]</value>
	</variable>

	<variable name="playlist(-1)Content">
		<value condition="!String.IsEmpty(ListItemNoWrap(-1).Label) + String.IsEqual(ListItem(-1).DBType,song) + $EXP[ListView_Display_IsBackground] + !String.IsEmpty(ListItem(-1).Art(album.fanart))">$INFO[ListItem(-1).Art(album.fanart)]</value>
		<value condition="!String.IsEmpty(ListItemNoWrap(-1).Label) + String.IsEqual(ListItem(-1).DBType,song) + $EXP[ListView_Display_IsBackground] + !String.IsEmpty(ListItem(-1).Art(artist.fanart))">$INFO[ListItem(-1).Art(artist.fanart)]</value>
		<value condition="!String.IsEmpty(ListItemNoWrap(-1).Label) + String.IsEqual(ListItem(-1).DBType,movie) + !String.IsEmpty(ListItem(-1).Art(fanart))">$INFO[ListItem(-1).Art(fanart)]</value>
		<value condition="!String.IsEmpty(ListItemNoWrap(-1).Label) + !String.IsEmpty(ListItem(-1).Art(thumb))">$INFO[ListItem(-1).Art(thumb)]</value>
		<value condition="!String.IsEmpty(Container(11).ListItemNoWrap(-1).Label)">$VAR[Fallback_Texture]</value>
	</variable>
	<variable name="playlist(0)Content">
		<value condition="String.IsEqual(ListItem(0).DBType,song) + $EXP[ListView_Display_IsBackground] + !String.IsEmpty(ListItem(0).Art(album.fanart))">$INFO[ListItem(0).Art(album.fanart)]</value>
		<value condition="String.IsEqual(ListItem(0).DBType,song) + $EXP[ListView_Display_IsBackground] + !String.IsEmpty(ListItem(0).Art(artist.fanart))">$INFO[ListItem(0).Art(artist.fanart)]</value>
		<value condition="String.IsEqual(ListItem(0).DBType,movie) + !String.IsEmpty(ListItem(0).Art(fanart))">$INFO[ListItem(0).Art(fanart)]</value>
		<value condition="!String.IsEmpty(ListItem(0).Art(thumb))">$INFO[ListItem(0).Art(thumb)]</value>
		<value>$VAR[Fallback_Texture]</value>
	</variable>
	<variable name="playlist(1)Content">
		<value condition="!String.IsEmpty(ListItemNoWrap(1).Label) + String.IsEqual(ListItem(1).DBType,song) + $EXP[ListView_Display_IsBackground] + !String.IsEmpty(ListItem(1).Art(album.fanart))">$INFO[ListItem(1).Art(album.fanart)]</value>
		<value condition="!String.IsEmpty(ListItemNoWrap(1).Label) + String.IsEqual(ListItem(1).DBType,song) + $EXP[ListView_Display_IsBackground] + !String.IsEmpty(ListItem(1).Art(artist.fanart))">$INFO[ListItem(1).Art(artist.fanart)]</value>
		<value condition="!String.IsEmpty(ListItemNoWrap(1).Label) + String.IsEqual(ListItem(1).DBType,movie) + !String.IsEmpty(ListItem(1).Art(fanart))">$INFO[ListItem(1).Art(fanart)]</value>
		<value condition="!String.IsEmpty(ListItemNoWrap(1).Label) + !String.IsEmpty(ListItem(1).Art(thumb))">$INFO[ListItem(1).Art(thumb)]</value>		
		<value condition="!String.IsEmpty(Container(11).ListItemNoWrap(1).Label)">$VAR[Fallback_Texture]</value>
	</variable>

	<variable name="pictures(-3)Content">
		<value condition="!String.IsEmpty(Container.ListItemNoWrap(-3).Art(thumb))">$INFO[ListItem(-3).Art(thumb)]</value>
	</variable>
	<variable name="pictures(-2)Content">
		<value condition="!String.IsEmpty(Container.ListItemNoWrap(-2).Art(thumb))">$INFO[ListItem(-2).Art(thumb)]</value>
	</variable>
	<variable name="pictures(-1)Content">
		<value condition="!String.IsEmpty(Container.ListItemNoWrap(-1).Art(thumb))">$INFO[ListItem(-1).Art(thumb)]</value>
	</variable>
	<variable name="pictures(0)Content">
		<value condition="$EXP[ListView_IsVisible] + ListItem(0).IsFolder + !String.IsEmpty(Container(3100).ListItem(0).PicturePath)">$INFO[Container(3100).ListItem.PicturePath]</value>
		<value condition="!String.IsEmpty(Container.ListItemNoWrap(0).Art(thumb))">$INFO[ListItem(0).Art(thumb)]</value>
	</variable>
	<variable name="pictures(1)Content">
		<value condition="!String.IsEmpty(Container.ListItemNoWrap(1).Art(thumb))">$INFO[ListItem(1).Art(thumb)]</value>
	</variable>
	<variable name="pictures(2)Content">
		<value condition="!String.IsEmpty(Container.ListItemNoWrap(2).Art(thumb))">$INFO[ListItem(2).Art(thumb)]</value>
	</variable>
	<variable name="pictures(3)Content">
		<value condition="!String.IsEmpty(Container.ListItemNoWrap(2).Art(thumb))">$INFO[ListItem(2).Art(thumb)]</value>
	</variable>

	<variable name="videobookmarks(-1)Content">
		<value condition="!String.IsEmpty(Container(11).ListItemNoWrap(-1).Label) + !String.IsEmpty(Container(11).ListItem(-1).Art(thumb))">$INFO[Container(11).ListItem(-1).Art(thumb)]</value>
		<value condition="!String.IsEmpty(Container(11).ListItemNoWrap(-1).Label)">$VAR[Fallback_Texture]</value>
	</variable>
	<variable name="videobookmarks(0)Content">
		<value condition="!String.IsEmpty(Container(11).ListItem(0).Art(thumb))">$INFO[Container(11).ListItem(0).Art(thumb)]</value>
		<value>$VAR[Fallback_Texture]</value>
	</variable>
	<variable name="videobookmarks(1)Content">
		<value condition="!String.IsEmpty(Container(11).ListItemNoWrap(1).Label) + !String.IsEmpty(Container(11).ListItem(1).Art(thumb))">$INFO[Container(11).ListItem(1).Art(thumb)]</value>
		<value condition="!String.IsEmpty(Container(11).ListItemNoWrap(1).Label)">$VAR[Fallback_Texture]</value>
	</variable>
	<variable name="videobookmarks(2)Content">
		<value condition="!String.IsEmpty(Container(11).ListItemNoWrap(2).Label) + !String.IsEmpty(Container(11).ListItem(2).Art(thumb))">$INFO[Container(11).ListItem(2).Art(thumb)]</value>
		<value condition="!String.IsEmpty(Container(11).ListItemNoWrap(2).Label)">$VAR[Fallback_Texture]</value>
	</variable>
	<variable name="videobookmarks(3)Content">
		<value condition="!String.IsEmpty(Container(11).ListItemNoWrap(3).Label) + !String.IsEmpty(Container(11).ListItem(3).Art(thumb))">$INFO[Container(11).ListItem(3).Art(thumb)]</value>
		<value condition="!String.IsEmpty(Container(11).ListItemNoWrap(3).Label)">$VAR[Fallback_Texture]</value>
	</variable>

	
</includes>
