<?xml version="1.0" encoding="UTF-8"?>
<window>
	<!-- addoninformation -->
	<onload condition="!String.Contains(Control.GetLabel(13),*) | String.IsEmpty(Skin.String(AutoUpdate))">Skin.SetString(AutoUpdate,off)</onload>
	<onunload>ClearProperty(AddonDetails,home)</onunload>
	<defaultcontrol always="true">4010</defaultcontrol>
	<backgroundcolor>$VAR[Secondary_Color]</backgroundcolor>
	<include content="WindowOpenClose_Fade_Delayed_Animation" />
	<controls>
		<include content="Infoscreen_Header_Template">
			<param name="windowname" value="addoninformation" />
			<param name="visible" value="!Window.IsVisible(selectdialog) + !Window.IsVisible(addonsettings)" />
			<param name="default_control" value="SetFocus(3000,0,absolute)" />
			<include content="Infoscreen_Header">
				<param name="left" value="780" />
				<param name="right" value="120" />
				<param name="align" value="left" />
			</include>
		</include>
		<include content="Infoscreen_Furniture_Template">
			<param name="visible" value="!Window.IsVisible(selectdialog) + !Window.IsVisible(addonsettings)" />
			<include content="Infoscreen_Widget_50_Screenshots" />
			<include content="DialogAddonInfo_Scrollbar" />
		</include>
	</controls>
</window>