<?xml version="1.0" encoding="UTF-8" standalone="yes"?>
<addon id="resource.fonts.copacetic" name="Copacetic fonts" version="0.0.1" provider-name="realcopacetic">
    <requires>
        <import addon="kodi.resource" version="1.0.0"/>
    </requires>
    <extension point="kodi.resource.font" compile="false" />
    <extension point="xbmc.addon.metadata">
        <summary lang="en_GB">Copacetic fonts</summary>
        <description lang="en_GB">Additional charactersets for use with the skin Copacetic including CJK.</description>
        <language></language>
        <platform>all</platform>
        <license>Creative Commons Attribution Non-Commercial Share-Alike 4.0</license>
        <forum></forum>
        <email></email>
        <source></source>
        <assets>
            <icon>resources/icon.png</icon>
        </assets>
    </extension>
</addon>