<?xml version="1.0" encoding="UTF-8"?>
<includes>

	<!-- Default Transitions -->
	<constant name="Default_Transition_0.25x">90</constant>
	<constant name="Default_Transition_0.5x">180</constant>
	<constant name="Default_Transition_0.75x">270</constant>
	<constant name="Default_Transition_1x">360</constant>
	<constant name="Default_Transition_1.5x">540</constant>
	<constant name="Default_Transition_2x">720</constant>
	<constant name="Default_Transition_3x">1080</constant>
	<constant name="Default_Transition_4x">1440</constant>
	<constant name="Default_Transition_5x">1800</constant>
	<constant name="Default_Transition_6x">2160</constant>
	<constant name="Default_Transition_7x">2520</constant>
	<constant name="Default_Transition_10x">3600</constant>

	<!-- Quick Transitions -->
	<constant name="Quick_Transition_0.25x">45</constant>
	<constant name="Quick_Transition_0.5x">90</constant>
	<constant name="Quick_Transition_0.75x">135</constant>
	<constant name="Quick_Transition_1x">180</constant>
	<constant name="Quick_Transition_1.5x">180</constant>
	<constant name="Default_Transition_2x">180</constant>
	<constant name="Quick_Transition_3x">180</constant>
	<constant name="Default_Transition_4x">180</constant>
	<constant name="Default_Transition_5x">180</constant>
	<constant name="Default_Transition_6x">180</constant>
	<constant name="Default_Transition_7x">180</constant>

	<!-- Autoscroll -->
	<autoscroll delay="5000" time="7500" repeat="2000">true</autoscroll>

	<!-- Now playing bars animation-->
	<constant name="NowPlaying_Bar_1">240</constant>
	<constant name="NowPlaying_Bar_1_Delay">111</constant>
	<constant name="NowPlaying_Bar_2">240</constant>
	<constant name="NowPlaying_Bar_3">190</constant>

	<!-- DO NOT CHANGE -->
	<constant name="Forced_Delay">1000</constant>
	
</includes>
