<?xml version="1.0" encoding="UTF-8"?>
<includes>

	<include name="skinsettings_Background_Brightness_Button_Conditions">
		<onleft condition="Skin.String(Background_Brightness,25)">Skin.SetString(Background_Brightness,33)</onleft>
		<onleft condition="Skin.String(Background_Brightness,33) | !Skin.String(Background_Brightness)">Skin.SetString(Background_Brightness,50)</onleft>
		<onright condition="Skin.String(Background_Brightness,50)">Skin.SetString(Background_Brightness,33)</onright>
		<onright condition="Skin.String(Background_Brightness,33) | !Skin.String(Background_Brightness)">Skin.SetString(Background_Brightness,25)</onright>
	</include>
	<include name="skinsettings_Background_Brightness_Unfocused_Slides">
		<animation effect="slide" end="60" time="0" condition="Integer.IsLess(Skin.String(Background_Brightness),33) | !Skin.String(Background_Brightness)">Conditional</animation>
		<animation effect="slide" end="60" time="0" condition="Integer.IsLess(Skin.String(Background_Brightness),50)">Conditional</animation>
	</include>
	<include name="skinsettings_Background_Brightness_Focused_Slides">
		<animation effect="slide" end="55" time="0" condition="Integer.IsLess(Skin.String(Background_Brightness),33) | !Skin.String(Background_Brightness)">Conditional</animation>
		<animation effect="slide" end="55" time="0" condition="Integer.IsLess(Skin.String(Background_Brightness),50)">Conditional</animation>
	</include>

	<include name="skinsettings_Background_High_Threshold_Button_Conditions">
		<onleft condition="Skin.String(Background_High_Threshold,600)">Skin.SetString(Background_High_Threshold,590)</onleft>
		<onleft condition="Skin.String(Background_High_Threshold,590)">Skin.SetString(Background_High_Threshold,580)</onleft>
		<onleft condition="Skin.String(Background_High_Threshold,580)">Skin.SetString(Background_High_Threshold,570)</onleft>
		<onleft condition="Skin.String(Background_High_Threshold,570)">Skin.SetString(Background_High_Threshold,560)</onleft>
		<onleft condition="Skin.String(Background_High_Threshold,560)">Skin.SetString(Background_High_Threshold,550)</onleft>
		<onleft condition="Skin.String(Background_High_Threshold,550)">Skin.SetString(Background_High_Threshold,540)</onleft>
		<onleft condition="Skin.String(Background_High_Threshold,540)">Skin.SetString(Background_High_Threshold,530)</onleft>
		<onleft condition="Skin.String(Background_High_Threshold,530)">Skin.SetString(Background_High_Threshold,520)</onleft>
		<onleft condition="Skin.String(Background_High_Threshold,520)">Skin.SetString(Background_High_Threshold,510)</onleft>
		<onleft condition="Skin.String(Background_High_Threshold,510)">Skin.SetString(Background_High_Threshold,500)</onleft>
		<onleft condition="Skin.String(Background_High_Threshold,500)">Skin.SetString(Background_High_Threshold,490)</onleft>
		<onleft condition="Skin.String(Background_High_Threshold,490)">Skin.SetString(Background_High_Threshold,480)</onleft>
		<onleft condition="Skin.String(Background_High_Threshold,480)">Skin.SetString(Background_High_Threshold,470)</onleft>
		<onleft condition="Skin.String(Background_High_Threshold,470)">Skin.SetString(Background_High_Threshold,460)</onleft>
		<onleft condition="Skin.String(Background_High_Threshold,460) | !Skin.String(Background_High_Threshold)">Skin.SetString(Background_High_Threshold,450)</onleft>
		<onleft condition="Skin.String(Background_High_Threshold,450)">Skin.SetString(Background_High_Threshold,440)</onleft>
		<onleft condition="Skin.String(Background_High_Threshold,440)">Skin.SetString(Background_High_Threshold,430)</onleft>
		<onleft condition="Skin.String(Background_High_Threshold,430)">Skin.SetString(Background_High_Threshold,420)</onleft>
		<onleft condition="Skin.String(Background_High_Threshold,420)">Skin.SetString(Background_High_Threshold,410)</onleft>
		<onleft condition="Skin.String(Background_High_Threshold,410)">Skin.SetString(Background_High_Threshold,400)</onleft>
		<onright condition="Skin.String(Background_High_Threshold,400)">Skin.SetString(Background_High_Threshold,410)</onright>
		<onright condition="Skin.String(Background_High_Threshold,410)">Skin.SetString(Background_High_Threshold,420)</onright>
		<onright condition="Skin.String(Background_High_Threshold,420)">Skin.SetString(Background_High_Threshold,430)</onright>
		<onright condition="Skin.String(Background_High_Threshold,430)">Skin.SetString(Background_High_Threshold,440)</onright>
		<onright condition="Skin.String(Background_High_Threshold,440)">Skin.SetString(Background_High_Threshold,450)</onright>
		<onright condition="Skin.String(Background_High_Threshold,450)">Skin.SetString(Background_High_Threshold,460)</onright>
		<onright condition="Skin.String(Background_High_Threshold,460) | !Skin.String(Background_High_Threshold)">Skin.SetString(Background_High_Threshold,470)</onright>
		<onright condition="Skin.String(Background_High_Threshold,470)">Skin.SetString(Background_High_Threshold,480)</onright>
		<onright condition="Skin.String(Background_High_Threshold,480)">Skin.SetString(Background_High_Threshold,490)</onright>
		<onright condition="Skin.String(Background_High_Threshold,490)">Skin.SetString(Background_High_Threshold,500)</onright>
		<onright condition="Skin.String(Background_High_Threshold,500)">Skin.SetString(Background_High_Threshold,510)</onright>
		<onright condition="Skin.String(Background_High_Threshold,510)">Skin.SetString(Background_High_Threshold,520)</onright>
		<onright condition="Skin.String(Background_High_Threshold,520)">Skin.SetString(Background_High_Threshold,530)</onright>
		<onright condition="Skin.String(Background_High_Threshold,530)">Skin.SetString(Background_High_Threshold,540)</onright>
		<onright condition="Skin.String(Background_High_Threshold,540)">Skin.SetString(Background_High_Threshold,550)</onright>
		<onright condition="Skin.String(Background_High_Threshold,550)">Skin.SetString(Background_High_Threshold,560)</onright>
		<onright condition="Skin.String(Background_High_Threshold,560)">Skin.SetString(Background_High_Threshold,570)</onright>
		<onright condition="Skin.String(Background_High_Threshold,570)">Skin.SetString(Background_High_Threshold,580)</onright>
		<onright condition="Skin.String(Background_High_Threshold,580)">Skin.SetString(Background_High_Threshold,590)</onright>
		<onright condition="Skin.String(Background_High_Threshold,590)">Skin.SetString(Background_High_Threshold,600)</onright>
	</include>
	<include name="skinsettings_Background_High_Threshold_Unfocused_Slides">
		<animation effect="slide" end="60" time="0" condition="true">Conditional</animation>
		<animation effect="slide" end="3" time="0" condition="Integer.IsGreater(Skin.String(Background_High_Threshold),400)">Conditional</animation>
		<animation effect="slide" end="3" time="0" condition="Integer.IsGreater(Skin.String(Background_High_Threshold),410)">Conditional</animation>
		<animation effect="slide" end="3" time="0" condition="Integer.IsGreater(Skin.String(Background_High_Threshold),420)">Conditional</animation>
		<animation effect="slide" end="3" time="0" condition="Integer.IsGreater(Skin.String(Background_High_Threshold),430)">Conditional</animation>
		<animation effect="slide" end="3" time="0" condition="Integer.IsGreater(Skin.String(Background_High_Threshold),440)">Conditional</animation>
		<animation effect="slide" end="3" time="0" condition="Integer.IsGreater(Skin.String(Background_High_Threshold),450)">Conditional</animation>
		<animation effect="slide" end="3" time="0" condition="Integer.IsGreater(Skin.String(Background_High_Threshold),460) | !Skin.String(Background_High_Threshold)">Conditional</animation>
		<animation effect="slide" end="3" time="0" condition="Integer.IsGreater(Skin.String(Background_High_Threshold),470)">Conditional</animation>
		<animation effect="slide" end="3" time="0" condition="Integer.IsGreater(Skin.String(Background_High_Threshold),480)">Conditional</animation>
		<animation effect="slide" end="3" time="0" condition="Integer.IsGreater(Skin.String(Background_High_Threshold),490)">Conditional</animation>
		<animation effect="slide" end="3" time="0" condition="Integer.IsGreater(Skin.String(Background_High_Threshold),500)">Conditional</animation>
		<animation effect="slide" end="3" time="0" condition="Integer.IsGreater(Skin.String(Background_High_Threshold),510)">Conditional</animation>
		<animation effect="slide" end="3" time="0" condition="Integer.IsGreater(Skin.String(Background_High_Threshold),520)">Conditional</animation>
		<animation effect="slide" end="3" time="0" condition="Integer.IsGreater(Skin.String(Background_High_Threshold),530)">Conditional</animation>
		<animation effect="slide" end="3" time="0" condition="Integer.IsGreater(Skin.String(Background_High_Threshold),540)">Conditional</animation>
		<animation effect="slide" end="3" time="0" condition="Integer.IsGreater(Skin.String(Background_High_Threshold),550)">Conditional</animation>
		<animation effect="slide" end="3" time="0" condition="Integer.IsGreater(Skin.String(Background_High_Threshold),560)">Conditional</animation>
		<animation effect="slide" end="3" time="0" condition="Integer.IsGreater(Skin.String(Background_High_Threshold),570)">Conditional</animation>
		<animation effect="slide" end="3" time="0" condition="Integer.IsGreater(Skin.String(Background_High_Threshold),580)">Conditional</animation>
		<animation effect="slide" end="3" time="0" condition="Integer.IsGreater(Skin.String(Background_High_Threshold),590)">Conditional</animation>
	</include>
	<include name="skinsettings_Background_High_Threshold_Focused_Slides">
		<animation effect="slide" end="60" time="0" condition="true">Conditional</animation>
		<animation effect="slide" end="2" time="0" condition="Integer.IsGreater(Skin.String(Background_High_Threshold),400)">Conditional</animation>
		<animation effect="slide" end="3" time="0" condition="Integer.IsGreater(Skin.String(Background_High_Threshold),410)">Conditional</animation>
		<animation effect="slide" end="2" time="0" condition="Integer.IsGreater(Skin.String(Background_High_Threshold),420)">Conditional</animation>
		<animation effect="slide" end="3" time="0" condition="Integer.IsGreater(Skin.String(Background_High_Threshold),430)">Conditional</animation>
		<animation effect="slide" end="2" time="0" condition="Integer.IsGreater(Skin.String(Background_High_Threshold),440)">Conditional</animation>
		<animation effect="slide" end="3" time="0" condition="Integer.IsGreater(Skin.String(Background_High_Threshold),450)">Conditional</animation>
		<animation effect="slide" end="2" time="0" condition="Integer.IsGreater(Skin.String(Background_High_Threshold),460) | !Skin.String(Background_High_Threshold)">Conditional</animation>
		<animation effect="slide" end="3" time="0" condition="Integer.IsGreater(Skin.String(Background_High_Threshold),470)">Conditional</animation>
		<animation effect="slide" end="2" time="0" condition="Integer.IsGreater(Skin.String(Background_High_Threshold),480)">Conditional</animation>
		<animation effect="slide" end="3" time="0" condition="Integer.IsGreater(Skin.String(Background_High_Threshold),490)">Conditional</animation>
		<animation effect="slide" end="2" time="0" condition="Integer.IsGreater(Skin.String(Background_High_Threshold),500)">Conditional</animation>
		<animation effect="slide" end="3" time="0" condition="Integer.IsGreater(Skin.String(Background_High_Threshold),510)">Conditional</animation>
		<animation effect="slide" end="2" time="0" condition="Integer.IsGreater(Skin.String(Background_High_Threshold),520)">Conditional</animation>
		<animation effect="slide" end="3" time="0" condition="Integer.IsGreater(Skin.String(Background_High_Threshold),530)">Conditional</animation>
		<animation effect="slide" end="2" time="0" condition="Integer.IsGreater(Skin.String(Background_High_Threshold),540)">Conditional</animation>
		<animation effect="slide" end="3" time="0" condition="Integer.IsGreater(Skin.String(Background_High_Threshold),550)">Conditional</animation>
		<animation effect="slide" end="2" time="0" condition="Integer.IsGreater(Skin.String(Background_High_Threshold),560)">Conditional</animation>
		<animation effect="slide" end="3" time="0" condition="Integer.IsGreater(Skin.String(Background_High_Threshold),570)">Conditional</animation>
		<animation effect="slide" end="2" time="0" condition="Integer.IsGreater(Skin.String(Background_High_Threshold),580)">Conditional</animation>
		<animation effect="slide" end="3" time="0" condition="Integer.IsGreater(Skin.String(Background_High_Threshold),590)">Conditional</animation>
	</include>

	<include name="skinsettings_Background_Interval_Button_Conditions">
		<onleft condition="Skin.String(Background_Interval,30)">Skin.SetString(Background_Interval,25)</onleft>
		<onleft condition="Skin.String(Background_Interval,25)">Skin.SetString(Background_Interval,20)</onleft>
		<onleft condition="Skin.String(Background_Interval,20)">Skin.SetString(Background_Interval,15)</onleft>
		<onleft condition="Skin.String(Background_Interval,15)">Skin.SetString(Background_Interval,10)</onleft>
		<onleft condition="Skin.String(Background_Interval,10) | !Skin.String(Background_Interval)">Skin.SetString(Background_Interval,5)</onleft>
		<onright condition="Skin.String(Background_Interval,5)">Skin.SetString(Background_Interval,10)</onright>
		<onright condition="Skin.String(Background_Interval,10) | !Skin.String(Background_Interval)">Skin.SetString(Background_Interval,15)</onright>
		<onright condition="Skin.String(Background_Interval,15)">Skin.SetString(Background_Interval,20)</onright>
		<onright condition="Skin.String(Background_Interval,20)">Skin.SetString(Background_Interval,25)</onright>
		<onright condition="Skin.String(Background_Interval,25)">Skin.SetString(Background_Interval,30)</onright>
	</include>
	<include name="skinsettings_Background_Interval_Unfocused_Slides">
		<animation effect="slide" end="24" time="0" condition="Integer.IsGreater(Skin.String(Background_Interval),5)">Conditional</animation>
		<animation effect="slide" end="24" time="0" condition="Integer.IsGreater(Skin.String(Background_Interval),10) | !Skin.String(Background_Interval)">Conditional</animation>
		<animation effect="slide" end="24" time="0" condition="Integer.IsGreater(Skin.String(Background_Interval),15)">Conditional</animation>
		<animation effect="slide" end="24" time="0" condition="Integer.IsGreater(Skin.String(Background_Interval),20)">Conditional</animation>
		<animation effect="slide" end="24" time="0" condition="Integer.IsGreater(Skin.String(Background_Interval),25)">Conditional</animation>
	</include>
	<include name="skinsettings_Background_Interval_Focused_Slides">
		<animation effect="slide" end="22" time="0" condition="Integer.IsGreater(Skin.String(Background_Interval),5)">Conditional</animation>
		<animation effect="slide" end="22" time="0" condition="Integer.IsGreater(Skin.String(Background_Interval),10) | !Skin.String(Background_Interval)">Conditional</animation>
		<animation effect="slide" end="22" time="0" condition="Integer.IsGreater(Skin.String(Background_Interval),15)">Conditional</animation>
		<animation effect="slide" end="22" time="0" condition="Integer.IsGreater(Skin.String(Background_Interval),20)">Conditional</animation>
		<animation effect="slide" end="22" time="0" condition="Integer.IsGreater(Skin.String(Background_Interval),25)">Conditional</animation>
	</include>


	<include name="skinsettings_Background_Low_Threshold_Button_Conditions">
		<onleft condition="Skin.String(Background_Low_Threshold,100)">Skin.SetString(Background_Low_Threshold,95)</onleft>
		<onleft condition="Skin.String(Background_Low_Threshold,95)">Skin.SetString(Background_Low_Threshold,90)</onleft>
		<onleft condition="Skin.String(Background_Low_Threshold,90)">Skin.SetString(Background_Low_Threshold,85)</onleft>
		<onleft condition="Skin.String(Background_Low_Threshold,85)">Skin.SetString(Background_Low_Threshold,80)</onleft>
		<onleft condition="Skin.String(Background_Low_Threshold,80)">Skin.SetString(Background_Low_Threshold,75)</onleft>
		<onleft condition="Skin.String(Background_Low_Threshold,75)">Skin.SetString(Background_Low_Threshold,70)</onleft>
		<onleft condition="Skin.String(Background_Low_Threshold,70)">Skin.SetString(Background_Low_Threshold,65)</onleft>
		<onleft condition="Skin.String(Background_Low_Threshold,65) | !Skin.String(Background_Low_Threshold)">Skin.SetString(Background_Low_Threshold,60)</onleft>
		<onleft condition="Skin.String(Background_Low_Threshold,60)">Skin.SetString(Background_Low_Threshold,55)</onleft>
		<onleft condition="Skin.String(Background_Low_Threshold,55)">Skin.SetString(Background_Low_Threshold,50)</onleft>
		<onleft condition="Skin.String(Background_Low_Threshold,50)">Skin.SetString(Background_Low_Threshold,45)</onleft>
		<onleft condition="Skin.String(Background_Low_Threshold,45)">Skin.SetString(Background_Low_Threshold,40)</onleft>
		<onleft condition="Skin.String(Background_Low_Threshold,40)">Skin.SetString(Background_Low_Threshold,35)</onleft>
		<onleft condition="Skin.String(Background_Low_Threshold,35)">Skin.SetString(Background_Low_Threshold,30)</onleft>
		<onleft condition="Skin.String(Background_Low_Threshold,30)">Skin.SetString(Background_Low_Threshold,25)</onleft>
		<onright condition="Skin.String(Background_Low_Threshold,25)">Skin.SetString(Background_Low_Threshold,30)</onright>
		<onright condition="Skin.String(Background_Low_Threshold,30)">Skin.SetString(Background_Low_Threshold,35)</onright>
		<onright condition="Skin.String(Background_Low_Threshold,35)">Skin.SetString(Background_Low_Threshold,40)</onright>
		<onright condition="Skin.String(Background_Low_Threshold,40)">Skin.SetString(Background_Low_Threshold,45)</onright>
		<onright condition="Skin.String(Background_Low_Threshold,45)">Skin.SetString(Background_Low_Threshold,50)</onright>
		<onright condition="Skin.String(Background_Low_Threshold,50)">Skin.SetString(Background_Low_Threshold,55)</onright>
		<onright condition="Skin.String(Background_Low_Threshold,55)">Skin.SetString(Background_Low_Threshold,60)</onright>
		<onright condition="Skin.String(Background_Low_Threshold,60)">Skin.SetString(Background_Low_Threshold,65)</onright>
		<onright condition="Skin.String(Background_Low_Threshold,65) | !Skin.String(Background_Low_Threshold)">Skin.SetString(Background_Low_Threshold,70)</onright>
		<onright condition="Skin.String(Background_Low_Threshold,70)">Skin.SetString(Background_Low_Threshold,75)</onright>
		<onright condition="Skin.String(Background_Low_Threshold,75)">Skin.SetString(Background_Low_Threshold,80)</onright>
		<onright condition="Skin.String(Background_Low_Threshold,80)">Skin.SetString(Background_Low_Threshold,85)</onright>
		<onright condition="Skin.String(Background_Low_Threshold,85)">Skin.SetString(Background_Low_Threshold,90)</onright>
		<onright condition="Skin.String(Background_Low_Threshold,90)">Skin.SetString(Background_Low_Threshold,95)</onright>
		<onright condition="Skin.String(Background_Low_Threshold,95)">Skin.SetString(Background_Low_Threshold,100)</onright>
	</include>
	<include name="skinsettings_Background_Low_Threshold_Unfocused_Slides">
		<animation effect="slide" end="4" time="0" condition="Integer.IsGreater(Skin.String(Background_Low_Threshold),25)">Conditional</animation>
		<animation effect="slide" end="4" time="0" condition="Integer.IsGreater(Skin.String(Background_Low_Threshold),30)">Conditional</animation>
		<animation effect="slide" end="4" time="0" condition="Integer.IsGreater(Skin.String(Background_Low_Threshold),35)">Conditional</animation>
		<animation effect="slide" end="4" time="0" condition="Integer.IsGreater(Skin.String(Background_Low_Threshold),40)">Conditional</animation>
		<animation effect="slide" end="4" time="0" condition="Integer.IsGreater(Skin.String(Background_Low_Threshold),45)">Conditional</animation>
		<animation effect="slide" end="4" time="0" condition="Integer.IsGreater(Skin.String(Background_Low_Threshold),50)">Conditional</animation>
		<animation effect="slide" end="4" time="0" condition="Integer.IsGreater(Skin.String(Background_Low_Threshold),55)">Conditional</animation>
		<animation effect="slide" end="4" time="0" condition="Integer.IsGreater(Skin.String(Background_Low_Threshold),60)">Conditional</animation>
		<animation effect="slide" end="4" time="0" condition="Integer.IsGreater(Skin.String(Background_Low_Threshold),65) | !Skin.String(Background_Low_Threshold)">Conditional</animation>
		<animation effect="slide" end="4" time="0" condition="Integer.IsGreater(Skin.String(Background_Low_Threshold),70)">Conditional</animation>
		<animation effect="slide" end="4" time="0" condition="Integer.IsGreater(Skin.String(Background_Low_Threshold),75)">Conditional</animation>
		<animation effect="slide" end="4" time="0" condition="Integer.IsGreater(Skin.String(Background_Low_Threshold),80)">Conditional</animation>
		<animation effect="slide" end="4" time="0" condition="Integer.IsGreater(Skin.String(Background_Low_Threshold),85)">Conditional</animation>
		<animation effect="slide" end="4" time="0" condition="Integer.IsGreater(Skin.String(Background_Low_Threshold),90)">Conditional</animation>
		<animation effect="slide" end="4" time="0" condition="Integer.IsGreater(Skin.String(Background_Low_Threshold),95)">Conditional</animation>
	</include>
	<include name="skinsettings_Background_Low_Threshold_Focused_Slides">
		<animation effect="slide" end="3" time="0" condition="Integer.IsGreater(Skin.String(Background_Low_Threshold),25)">Conditional</animation>
		<animation effect="slide" end="3" time="0" condition="Integer.IsGreater(Skin.String(Background_Low_Threshold),30)">Conditional</animation>
		<animation effect="slide" end="4" time="0" condition="Integer.IsGreater(Skin.String(Background_Low_Threshold),35)">Conditional</animation>
		<animation effect="slide" end="3" time="0" condition="Integer.IsGreater(Skin.String(Background_Low_Threshold),40)">Conditional</animation>
		<animation effect="slide" end="3" time="0" condition="Integer.IsGreater(Skin.String(Background_Low_Threshold),45)">Conditional</animation>
		<animation effect="slide" end="4" time="0" condition="Integer.IsGreater(Skin.String(Background_Low_Threshold),50)">Conditional</animation>
		<animation effect="slide" end="3" time="0" condition="Integer.IsGreater(Skin.String(Background_Low_Threshold),55)">Conditional</animation>
		<animation effect="slide" end="3" time="0" condition="Integer.IsGreater(Skin.String(Background_Low_Threshold),60)">Conditional</animation>
		<animation effect="slide" end="4" time="0" condition="Integer.IsGreater(Skin.String(Background_Low_Threshold),65) | !Skin.String(Background_Low_Threshold)">Conditional</animation>
		<animation effect="slide" end="3" time="0" condition="Integer.IsGreater(Skin.String(Background_Low_Threshold),70)">Conditional</animation>
		<animation effect="slide" end="3" time="0" condition="Integer.IsGreater(Skin.String(Background_Low_Threshold),75)">Conditional</animation>
		<animation effect="slide" end="4" time="0" condition="Integer.IsGreater(Skin.String(Background_Low_Threshold),80)">Conditional</animation>
		<animation effect="slide" end="3" time="0" condition="Integer.IsGreater(Skin.String(Background_Low_Threshold),85)">Conditional</animation>
		<animation effect="slide" end="3" time="0" condition="Integer.IsGreater(Skin.String(Background_Low_Threshold),90)">Conditional</animation>
		<animation effect="slide" end="4" time="0" condition="Integer.IsGreater(Skin.String(Background_Low_Threshold),95)">Conditional</animation>
	</include>

	<include name="skinsettings_Background_Opacity_Button_Conditions">
		<onleft condition="Skin.String(Background_Opacity,100)">Skin.SetString(Background_Opacity,85)</onleft>
		<onleft condition="Skin.String(Background_Opacity,85)">Skin.SetString(Background_Opacity,75)</onleft>
		<onleft condition="Skin.String(Background_Opacity,75) | !Skin.String(Background_Opacity)">Skin.SetString(Background_Opacity,66)</onleft>
		<onleft condition="Skin.String(Background_Opacity,66)">Skin.SetString(Background_Opacity,50)</onleft>
		<onright condition="Skin.String(Background_Opacity,50)">Skin.SetString(Background_Opacity,66)</onright>
		<onright condition="Skin.String(Background_Opacity,66)">Skin.SetString(Background_Opacity,75)</onright>
		<onright condition="Skin.String(Background_Opacity,75) | !Skin.String(Background_Opacity)">Skin.SetString(Background_Opacity,85)</onright>
		<onright condition="Skin.String(Background_Opacity,85)">Skin.SetString(Background_Opacity,100)</onright>
	</include>
	<include name="skinsettings_Background_Opacity_Unfocused_Slides">
		<animation effect="slide" end="30" time="0" condition="Integer.IsGreaterOrEqual(Skin.String(Background_Opacity),66)">Conditional</animation>
		<animation effect="slide" end="30" time="0" condition="Integer.IsGreaterOrEqual(Skin.String(Background_Opacity),75) | !Skin.String(Background_Opacity)">Conditional</animation>
		<animation effect="slide" end="30" time="0" condition="Integer.IsGreaterOrEqual(Skin.String(Background_Opacity),85)">Conditional</animation>
		<animation effect="slide" end="30" time="0" condition="Integer.IsGreaterOrEqual(Skin.String(Background_Opacity),100)">Conditional</animation>
	</include>
	<include name="skinsettings_Background_Opacity_Focused_Slides">
		<animation effect="slide" end="27" time="0" condition="Integer.IsGreaterOrEqual(Skin.String(Background_Opacity),66)">Conditional</animation>
		<animation effect="slide" end="28" time="0" condition="Integer.IsGreaterOrEqual(Skin.String(Background_Opacity),75) | !Skin.String(Background_Opacity)">Conditional</animation>
		<animation effect="slide" end="27" time="0" condition="Integer.IsGreaterOrEqual(Skin.String(Background_Opacity),85)">Conditional</animation>
		<animation effect="slide" end="28" time="0" condition="Integer.IsGreaterOrEqual(Skin.String(Background_Opacity),100)">Conditional</animation>
	</include>

	<include name="skinsettings_Background_Slideshow_Button_Conditions">
		<onleft condition="Skin.String(Background_Slideshow,Custom) + Library.HasContent(music)">Skin.SetString(Background_Slideshow,Artists)</onleft>
		<onleft condition="Skin.String(Background_Slideshow,Custom) + !Library.HasContent(music) + Library.HasContent(tvshows)">Skin.SetString(Background_Slideshow,TVShows)</onleft>
		<onleft condition="Skin.String(Background_Slideshow,Custom) + !Library.HasContent(music) + !Library.HasContent(tvshows) + Library.HasContent(movies)">Skin.SetString(Background_Slideshow,Movies)</onleft>
		<onleft condition="Skin.String(Background_Slideshow,Artists) + Library.HasContent(tvshows)">Skin.SetString(Background_Slideshow,TVShows)</onleft>
		<onleft condition="Skin.String(Background_Slideshow,Artists) + !Library.HasContent(tvshows) + Library.HasContent(movies)">Skin.SetString(Background_Slideshow,Movies)</onleft>
		<onleft condition="Skin.String(Background_Slideshow,TVShows) + Library.HasContent(movies)">Skin.SetString(Background_Slideshow,Movies)</onleft>
		<onleft condition="Skin.String(Background_Slideshow,Movies)">Skin.SetString(Background_Slideshow,Videos)</onleft>
		<onleft condition="Skin.String(Background_Slideshow,Videos)">Skin.SetString(Background_Slideshow,Global)</onleft>
		<onright condition="[Skin.String(Background_Slideshow,Global) | !Skin.String(Background_Slideshow)] + Library.HasContent(video)">Skin.SetString(Background_Slideshow,Videos)</onright>
		<onright condition="[Skin.String(Background_Slideshow,Global) | !Skin.String(Background_Slideshow)] + !Library.HasContent(video) + Library.HasContent(music)">Skin.SetString(Background_Slideshow,Artists)</onright>
		<onright condition="[Skin.String(Background_Slideshow,Global) | !Skin.String(Background_Slideshow)] + !Library.HasContent(video) + !Library.HasContent(music)">Skin.SetString(Background_Slideshow,Custom)</onright>
		<onright condition="Skin.String(Background_Slideshow,Videos) + Library.HasContent(movies)">Skin.SetString(Background_Slideshow,Movies)</onright>
		<onright condition="Skin.String(Background_Slideshow,Videos) + !Library.HasContent(movies) + Library.HasContent(tvshows)">Skin.SetString(Background_Slideshow,TVShows)</onright>
		<onright condition="Skin.String(Background_Slideshow,Videos) + !Library.HasContent(movies) + !Library.HasContent(tvshows) + Library.HasContent(music)">Skin.SetString(Background_Slideshow,Artists)</onright>
		<onright condition="Skin.String(Background_Slideshow,Videos) + !Library.HasContent(movies) + !Library.HasContent(tvshows) + !Library.HasContent(music)">Skin.SetString(Background_Slideshow,Custom)</onright>
		<onright condition="Skin.String(Background_Slideshow,Movies) + Library.HasContent(tvshows)">Skin.SetString(Background_Slideshow,TVShows)</onright>
		<onright condition="Skin.String(Background_Slideshow,Movies) + !Library.HasContent(tvshows) + Library.HasContent(music)">Skin.SetString(Background_Slideshow,Artists)</onright>
		<onright condition="Skin.String(Background_Slideshow,Movies) + !Library.HasContent(tvshows) + !Library.HasContent(music)">Skin.SetString(Background_Slideshow,Custom)</onright>
		<onright condition="Skin.String(Background_Slideshow,TVShows) + Library.HasContent(music)">Skin.SetString(Background_Slideshow,Artists)</onright>
		<onright condition="Skin.String(Background_Slideshow,TVShows) + !Library.HasContent(music)">Skin.SetString(Background_Slideshow,Custom)</onright>
		<onright condition="Skin.String(Background_Slideshow,Artists)">Skin.SetString(Background_Slideshow,Custom)</onright>
	</include>
	<include name="skinsettings_Background_Slideshow_Unfocused_Slides">
		<animation effect="slide" end="24" time="0" condition="Skin.String(Background_Slideshow,Videos)">Conditional</animation>
		<animation effect="slide" end="48" time="0" condition="Skin.String(Background_Slideshow,Movies)">Conditional</animation>
		<animation effect="slide" end="72" time="0" condition="Skin.String(Background_Slideshow,TVShows)">Conditional</animation>
		<animation effect="slide" end="96" time="0" condition="Skin.String(Background_Slideshow,Artists)">Conditional</animation>
		<animation effect="slide" end="120" time="0" condition="Skin.String(Background_Slideshow,Custom)">Conditional</animation>
	</include>
	<include name="skinsettings_Background_Slideshow_Focused_Slides">
		<animation effect="slide" end="22" time="0" condition="Skin.String(Background_Slideshow,Videos)">Conditional</animation>
		<animation effect="slide" end="44" time="0" condition="Skin.String(Background_Slideshow,Movies)">Conditional</animation>
		<animation effect="slide" end="66" time="0" condition="Skin.String(Background_Slideshow,TVShows)">Conditional</animation>
		<animation effect="slide" end="88" time="0" condition="Skin.String(Background_Slideshow,Artists)">Conditional</animation>
		<animation effect="slide" end="110" time="0" condition="Skin.String(Background_Slideshow,Custom)">Conditional</animation>
	</include>

	<include name="skinsettings_GridView_Size_Button_Conditions">
		<onleft condition="!Skin.String(GridView_Size,Small)">Skin.SetString(GridView_Size,Small)</onleft>
		<onright condition="Skin.String(GridView_Size,Small)">Skin.SetString(GridView_Size,Large)</onright>
	</include>
	<include name="skinsettings_GridView_Size_Unfocused_Slides">
		<animation effect="slide" end="120" time="0" condition="Skin.String(GridView_Size,Large) | !Skin.String(GridView_Size)">Conditional</animation>
	</include>
	<include name="skinsettings_GridView_Size_Focused_Slides">
		<animation effect="slide" end="110" time="0" condition="Skin.String(GridView_Size,Large) | !Skin.String(GridView_Size)">Conditional</animation>
	</include>

	<include name="skinsettings_Multiart_Interval_Button_Conditions">
		<onleft condition="Skin.String(Multiart_Interval,10)">Skin.SetString(Multiart_Interval,7)</onleft>
		<onleft condition="Skin.String(Multiart_Interval,7)">Skin.SetString(Multiart_Interval,5)</onleft>
		<onleft condition="Skin.String(Multiart_Interval,5)">Skin.SetString(Multiart_Interval,4)</onleft>
		<onleft condition="Skin.String(Multiart_Interval,4) | !Skin.String(Multiart_Interval)">Skin.SetString(Multiart_Interval,3)</onleft>
		<onright condition="Skin.String(Multiart_Interval,3)">Skin.SetString(Multiart_Interval,4)</onright>
		<onright condition="Skin.String(Multiart_Interval,4) | !Skin.String(Multiart_Interval)">Skin.SetString(Multiart_Interval,5)</onright>
		<onright condition="Skin.String(Multiart_Interval,5)">Skin.SetString(Multiart_Interval,7)</onright>
		<onright condition="Skin.String(Multiart_Interval,7)">Skin.SetString(Multiart_Interval,10)</onright>
	</include>
	<include name="skinsettings_Multiart_Interval_Unfocused_Slides">
		<animation effect="slide" end="30" time="0" condition="Integer.IsGreater(Skin.String(Multiart_Interval),3)">Conditional</animation>
		<animation effect="slide" end="30" time="0" condition="Integer.IsGreater(Skin.String(Multiart_Interval),4) | !Skin.String(Multiart_Interval)">Conditional</animation>
		<animation effect="slide" end="30" time="0" condition="Integer.IsGreater(Skin.String(Multiart_Interval),5)">Conditional</animation>
		<animation effect="slide" end="30" time="0" condition="Integer.IsGreater(Skin.String(Multiart_Interval),7)">Conditional</animation>
	</include>
	<include name="skinsettings_Multiart_Interval_Focused_Slides">
		<animation effect="slide" end="27" time="0" condition="Integer.IsGreater(Skin.String(Multiart_Interval),3)">Conditional</animation>
		<animation effect="slide" end="28" time="0" condition="Integer.IsGreater(Skin.String(Multiart_Interval),4) | !Skin.String(Multiart_Interval)">Conditional</animation>
		<animation effect="slide" end="27" time="0" condition="Integer.IsGreater(Skin.String(Multiart_Interval),5)">Conditional</animation>
		<animation effect="slide" end="28" time="0" condition="Integer.IsGreater(Skin.String(Multiart_Interval),7)">Conditional</animation>
	</include>

	<include name="skinsettings_Music_Rating_Like_Threshold_Button_Conditions">
		<onleft condition="Skin.String(Music_Rating_Like_Threshold,10)">Skin.SetString(Music_Rating_Like_Threshold,9)</onleft>
		<onleft condition="Skin.String(Music_Rating_Like_Threshold,9)">Skin.SetString(Music_Rating_Like_Threshold,8)</onleft>
		<onleft condition="Skin.String(Music_Rating_Like_Threshold,8)">Skin.SetString(Music_Rating_Like_Threshold,7)</onleft>
		<onleft condition="Skin.String(Music_Rating_Like_Threshold,7)">Skin.SetString(Music_Rating_Like_Threshold,6)</onleft>
		<onleft condition="Skin.String(Music_Rating_Like_Threshold,6)">Skin.SetString(Music_Rating_Like_Threshold,5)</onleft>
		<onleft condition="Skin.String(Music_Rating_Like_Threshold,5)">Skin.SetString(Music_Rating_Like_Threshold,4)</onleft>
		<onleft condition="Skin.String(Music_Rating_Like_Threshold,4)">Skin.SetString(Music_Rating_Like_Threshold,3)</onleft>
		<onleft condition="Skin.String(Music_Rating_Like_Threshold,3)">Skin.SetString(Music_Rating_Like_Threshold,2)</onleft>
		<onleft condition="Skin.String(Music_Rating_Like_Threshold,2)">Skin.SetString(Music_Rating_Like_Threshold,1)</onleft>
		<onleft condition="Skin.String(Music_Rating_Like_Threshold,1)">Skin.SetString(Music_Rating_Like_Threshold,)</onleft>
		<onright condition="!Skin.String(Music_Rating_Like_Threshold)">Skin.SetString(Music_Rating_Like_Threshold,1)</onright>
		<onright condition="Skin.String(Music_Rating_Like_Threshold,1)">Skin.SetString(Music_Rating_Like_Threshold,2)</onright>
		<onright condition="Skin.String(Music_Rating_Like_Threshold,2)">Skin.SetString(Music_Rating_Like_Threshold,3)</onright>
		<onright condition="Skin.String(Music_Rating_Like_Threshold,3)">Skin.SetString(Music_Rating_Like_Threshold,4)</onright>
		<onright condition="Skin.String(Music_Rating_Like_Threshold,4)">Skin.SetString(Music_Rating_Like_Threshold,5)</onright>
		<onright condition="Skin.String(Music_Rating_Like_Threshold,5)">Skin.SetString(Music_Rating_Like_Threshold,6)</onright>
		<onright condition="Skin.String(Music_Rating_Like_Threshold,6)">Skin.SetString(Music_Rating_Like_Threshold,7)</onright>
		<onright condition="Skin.String(Music_Rating_Like_Threshold,7)">Skin.SetString(Music_Rating_Like_Threshold,8)</onright>
		<onright condition="Skin.String(Music_Rating_Like_Threshold,8)">Skin.SetString(Music_Rating_Like_Threshold,9)</onright>
		<onright condition="Skin.String(Music_Rating_Like_Threshold,9)">Skin.SetString(Music_Rating_Like_Threshold,10)</onright>
	</include>
	<include name="skinsettings_Music_Rating_Like_Threshold_Unfocused_Slides">
		<animation effect="slide" end="12" time="0" condition="Integer.IsGreater(Skin.String(Music_Rating_Like_Threshold),0)">Conditional</animation>
		<animation effect="slide" end="12" time="0" condition="Integer.IsGreater(Skin.String(Music_Rating_Like_Threshold),1)">Conditional</animation>
		<animation effect="slide" end="12" time="0" condition="Integer.IsGreater(Skin.String(Music_Rating_Like_Threshold),2)">Conditional</animation>
		<animation effect="slide" end="12" time="0" condition="Integer.IsGreater(Skin.String(Music_Rating_Like_Threshold),3)">Conditional</animation>
		<animation effect="slide" end="12" time="0" condition="Integer.IsGreater(Skin.String(Music_Rating_Like_Threshold),4)">Conditional</animation>
		<animation effect="slide" end="12" time="0" condition="Integer.IsGreater(Skin.String(Music_Rating_Like_Threshold),5)">Conditional</animation>
		<animation effect="slide" end="12" time="0" condition="Integer.IsGreater(Skin.String(Music_Rating_Like_Threshold),6)">Conditional</animation>
		<animation effect="slide" end="12" time="0" condition="Integer.IsGreater(Skin.String(Music_Rating_Like_Threshold),7)">Conditional</animation>
		<animation effect="slide" end="12" time="0" condition="Integer.IsGreater(Skin.String(Music_Rating_Like_Threshold),8)">Conditional</animation>
		<animation effect="slide" end="12" time="0" condition="Integer.IsGreater(Skin.String(Music_Rating_Like_Threshold),9)">Conditional</animation>
	</include>
	<include name="skinsettings_Music_Rating_Like_Threshold_Focused_Slides">
		<animation effect="slide" end="11" time="0" condition="Integer.IsGreater(Skin.String(Music_Rating_Like_Threshold),0)">Conditional</animation>
		<animation effect="slide" end="11" time="0" condition="Integer.IsGreater(Skin.String(Music_Rating_Like_Threshold),1)">Conditional</animation>
		<animation effect="slide" end="11" time="0" condition="Integer.IsGreater(Skin.String(Music_Rating_Like_Threshold),2)">Conditional</animation>
		<animation effect="slide" end="11" time="0" condition="Integer.IsGreater(Skin.String(Music_Rating_Like_Threshold),3)">Conditional</animation>
		<animation effect="slide" end="11" time="0" condition="Integer.IsGreater(Skin.String(Music_Rating_Like_Threshold),4)">Conditional</animation>
		<animation effect="slide" end="11" time="0" condition="Integer.IsGreater(Skin.String(Music_Rating_Like_Threshold),5)">Conditional</animation>
		<animation effect="slide" end="11" time="0" condition="Integer.IsGreater(Skin.String(Music_Rating_Like_Threshold),6)">Conditional</animation>
		<animation effect="slide" end="11" time="0" condition="Integer.IsGreater(Skin.String(Music_Rating_Like_Threshold),7)">Conditional</animation>
		<animation effect="slide" end="11" time="0" condition="Integer.IsGreater(Skin.String(Music_Rating_Like_Threshold),8)">Conditional</animation>
		<animation effect="slide" end="11" time="0" condition="Integer.IsGreater(Skin.String(Music_Rating_Like_Threshold),9)">Conditional</animation>
	</include>

	<include name="skinsettings_script-upnext_Artwork_Button_Conditions">
		<onleft condition="Skin.String(script-upnext_Artwork,Square)">Skin.SetString(script-upnext_Artwork,Fanart)</onleft>
		<onleft condition="Skin.String(script-upnext_Artwork,Fanart) | !Skin.String(script-upnext_Artwork)">Skin.SetString(script-upnext_Artwork,Posters)</onleft>
		<onright condition="Skin.String(script-upnext_Artwork,Posters)">Skin.SetString(script-upnext_Artwork,Fanart)</onright>
		<onright condition="Skin.String(script-upnext_Artwork,Fanart) | !Skin.String(script-upnext_Artwork)">Skin.SetString(script-upnext_Artwork,Square)</onright>
	</include>
	<include name="skinsettings_script-upnext_Artwork_Unfocused_Slides">
		<animation effect="slide" end="60" time="0" condition="Skin.String(script-upnext_Artwork,Fanart)">Conditional</animation>
		<animation effect="slide" end="120" time="0" condition="Skin.String(script-upnext_Artwork,Square)">Conditional</animation>
	</include>
	<include name="skinsettings_script-upnext_Artwork_Focused_Slides">
		<animation effect="slide" end="55" time="0" condition="Skin.String(script-upnext_Artwork,Fanart)">Conditional</animation>
		<animation effect="slide" end="110" time="0" condition="Skin.String(script-upnext_Artwork,Square)">Conditional</animation>
	</include>

	<include name="skinsettings_Trailer_Autoplay_Interval_Button_Conditions">
		<onleft condition="Skin.String(Trailer_Autoplay_Interval,10)">Skin.SetString(Trailer_Autoplay_Interval,9)</onleft>
		<onleft condition="Skin.String(Trailer_Autoplay_Interval,9)">Skin.SetString(Trailer_Autoplay_Interval,8)</onleft>
		<onleft condition="Skin.String(Trailer_Autoplay_Interval,8)">Skin.SetString(Trailer_Autoplay_Interval,7)</onleft>
		<onleft condition="Skin.String(Trailer_Autoplay_Interval,7)">Skin.SetString(Trailer_Autoplay_Interval,6)</onleft>
		<onleft condition="Skin.String(Trailer_Autoplay_Interval,6)">Skin.SetString(Trailer_Autoplay_Interval,5)</onleft>
		<onleft condition="Skin.String(Trailer_Autoplay_Interval,5)">Skin.SetString(Trailer_Autoplay_Interval,4)</onleft>
		<onleft condition="Skin.String(Trailer_Autoplay_Interval,4)">Skin.SetString(Trailer_Autoplay_Interval,3)</onleft>
		<onleft condition="Skin.String(Trailer_Autoplay_Interval,3) | !Skin.String(Trailer_Autoplay_Interval)">Skin.SetString(Trailer_Autoplay_Interval,2)</onleft>
		<onright condition="Skin.String(Trailer_Autoplay_Interval,2)">Skin.SetString(Trailer_Autoplay_Interval,3)</onright>
		<onright condition="Skin.String(Trailer_Autoplay_Interval,3) | !Skin.String(Trailer_Autoplay_Interval)">Skin.SetString(Trailer_Autoplay_Interval,4)</onright>
		<onright condition="Skin.String(Trailer_Autoplay_Interval,4)">Skin.SetString(Trailer_Autoplay_Interval,5)</onright>
		<onright condition="Skin.String(Trailer_Autoplay_Interval,5)">Skin.SetString(Trailer_Autoplay_Interval,6)</onright>
		<onright condition="Skin.String(Trailer_Autoplay_Interval,6)">Skin.SetString(Trailer_Autoplay_Interval,7)</onright>
		<onright condition="Skin.String(Trailer_Autoplay_Interval,7)">Skin.SetString(Trailer_Autoplay_Interval,8)</onright>
		<onright condition="Skin.String(Trailer_Autoplay_Interval,8)">Skin.SetString(Trailer_Autoplay_Interval,9)</onright>
		<onright condition="Skin.String(Trailer_Autoplay_Interval,9)">Skin.SetString(Trailer_Autoplay_Interval,10)</onright>
	</include>
	<include name="skinsettings_Trailer_Autoplay_Interval_Unfocused_Slides">
		<animation effect="slide" end="15" time="0" condition="Integer.IsGreater(Skin.String(Trailer_Autoplay_Interval),2)">Conditional</animation>
		<animation effect="slide" end="15" time="0" condition="Integer.IsGreater(Skin.String(Trailer_Autoplay_Interval),3) | !Skin.String(Trailer_Autoplay_Interval)">Conditional</animation>
		<animation effect="slide" end="15" time="0" condition="Integer.IsGreater(Skin.String(Trailer_Autoplay_Interval),4)">Conditional</animation>
		<animation effect="slide" end="15" time="0" condition="Integer.IsGreater(Skin.String(Trailer_Autoplay_Interval),5)">Conditional</animation>
		<animation effect="slide" end="15" time="0" condition="Integer.IsGreater(Skin.String(Trailer_Autoplay_Interval),6)">Conditional</animation>
		<animation effect="slide" end="15" time="0" condition="Integer.IsGreater(Skin.String(Trailer_Autoplay_Interval),7)">Conditional</animation>
		<animation effect="slide" end="15" time="0" condition="Integer.IsGreater(Skin.String(Trailer_Autoplay_Interval),8)">Conditional</animation>
		<animation effect="slide" end="15" time="0" condition="Integer.IsGreater(Skin.String(Trailer_Autoplay_Interval),9)">Conditional</animation>
	</include>
	<include name="skinsettings_Trailer_Autoplay_Interval_Focused_Slides">
		<animation effect="slide" end="14" time="0" condition="Integer.IsGreater(Skin.String(Trailer_Autoplay_Interval),2)">Conditional</animation>
		<animation effect="slide" end="14" time="0" condition="Integer.IsGreater(Skin.String(Trailer_Autoplay_Interval),3) | !Skin.String(Trailer_Autoplay_Interval)">Conditional</animation>
		<animation effect="slide" end="14" time="0" condition="Integer.IsGreater(Skin.String(Trailer_Autoplay_Interval),4)">Conditional</animation>
		<animation effect="slide" end="13" time="0" condition="Integer.IsGreater(Skin.String(Trailer_Autoplay_Interval),5)">Conditional</animation>
		<animation effect="slide" end="14" time="0" condition="Integer.IsGreater(Skin.String(Trailer_Autoplay_Interval),6)">Conditional</animation>
		<animation effect="slide" end="14" time="0" condition="Integer.IsGreater(Skin.String(Trailer_Autoplay_Interval),7)">Conditional</animation>
		<animation effect="slide" end="14" time="0" condition="Integer.IsGreater(Skin.String(Trailer_Autoplay_Interval),8)">Conditional</animation>
		<animation effect="slide" end="13" time="0" condition="Integer.IsGreater(Skin.String(Trailer_Autoplay_Interval),9)">Conditional</animation>
	</include>

	<include name="skinsettings_visualisation_Layout_Button_Conditions">
		<onleft condition="Skin.String(visualisation_Layout,Large)">Skin.SetString(visualisation_Layout,Small)</onleft>
		<onright condition="Skin.String(visualisation_Layout,Small) | !Skin.String(visualisation_Layout)">Skin.SetString(visualisation_Layout,Large)</onright>
	</include>
	<include name="skinsettings_visualisation_Layout_Unfocused_Slides">
		<animation effect="slide" end="120" time="0" condition="Skin.String(visualisation_Layout,Large)">Conditional</animation>
	</include>
	<include name="skinsettings_visualisation_Layout_Focused_Slides">
		<animation effect="slide" end="110" time="0" condition="Skin.String(visualisation_Layout,Large)">Conditional</animation>
	</include>

	<!-- Widgets -->
	<include name="skinsettings_Widget1_View_Button_Conditions">
		<onleft condition="Skin.String(Widget1_View,Grid)">Skin.SetString(Widget1_View,Strip)</onleft>
		<onleft condition="Skin.String(Widget1_View,Grid) + Skin.String(Widget1_Display,Spotlight)">Skin.SetString(Widget1_Display,Fanart)</onleft>
		<onleft condition="[Skin.String(Widget1_View,Strip) | !Skin.String(Widget1_View)]">Skin.SetString(Widget1_View,Showcase)</onleft>
		<onleft condition="[Skin.String(Widget1_View,Strip) | !Skin.String(Widget1_View)] + Skin.String(Widget1_Display,Fanart)">Skin.SetString(Widget1_Display,Posters)</onleft>
		<onleft condition="!$EXP[Widget1_IsSquare] + Skin.String(Widget1_View,Showcase)">Skin.SetString(Widget1_View,Billboard)</onleft>
		<onleft condition="!$EXP[Widget1_IsSquare] + Skin.String(Widget1_View,Showcase) + !Skin.String(Widget1_Display,Fanart)">Skin.SetString(Widget1_Display,Fanart)</onleft>
		<onright condition="Skin.String(Widget1_View,Billboard)">Skin.SetString(Widget1_View,Showcase)</onright>
		<onright condition="Skin.String(Widget1_View,Billboard) + Skin.String(Widget1_Display,Fanart)">Skin.SetString(Widget1_Display,Posters)</onright>
		<onright condition="Skin.String(Widget1_View,Showcase)">Skin.SetString(Widget1_View,Strip)</onright>
		<onright condition="[Skin.String(Widget1_View,Strip) | !Skin.String(Widget1_View)]">Skin.SetString(Widget1_View,Grid)</onright>
	</include>
	<include name="skinsettings_Widget1_View_Unfocused_Slides">
		<animation effect="slide" end="40" time="0" condition="!$EXP[Widget1_IsSquare] + Skin.String(Widget1_View,Showcase)">Conditional</animation>
		<animation effect="slide" end="80" time="0" condition="!$EXP[Widget1_IsSquare] + [Skin.String(Widget1_View,Strip) | !Skin.String(Widget1_View)]">Conditional</animation>
		<animation effect="slide" end="60" time="0" condition="$EXP[Widget1_IsSquare] + [Skin.String(Widget1_View,Strip) | !Skin.String(Widget1_View)]">Conditional</animation>
		<animation effect="slide" end="120" time="0" condition="Skin.String(Widget1_View,Grid)">Conditional</animation>
	</include>
	<include name="skinsettings_Widget1_View_Focused_Slides">
		<animation effect="slide" end="37" time="0" condition="!$EXP[Widget1_IsSquare] + Skin.String(Widget1_View,Showcase)">Conditional</animation>
		<animation effect="slide" end="73" time="0" condition="!$EXP[Widget1_IsSquare] + [Skin.String(Widget1_View,Strip) | !Skin.String(Widget1_View)]">Conditional</animation>
		<animation effect="slide" end="55" time="0" condition="$EXP[Widget1_IsSquare] + [Skin.String(Widget1_View,Strip) | !Skin.String(Widget1_View)]">Conditional</animation>
		<animation effect="slide" end="110" time="0" condition="Skin.String(Widget1_View,Grid)">Conditional</animation>
	</include>
	<include name="skinsettings_Widget1_Display_Button_Conditions">
		<onleft condition="!Skin.String(Widget1_View,Showcase) + Skin.String(Widget1_Display,Square)">Skin.SetString(Widget1_Display,Fanart)</onleft>
		<onleft condition="Skin.String(Widget1_View,Showcase) + Skin.String(Widget1_Display,Square)">Skin.SetString(Widget1_Display,Posters)</onleft>
		<onleft condition="Skin.String(Widget1_Display,Fanart) + !Skin.String(Widget1_View,Grid)">Skin.SetString(Widget1_Display,Posters)</onleft>
		<onleft condition="Skin.String(Widget1_Display,Fanart) + Skin.String(Widget1_View,Grid)">Skin.SetString(Widget1_Display,Spotlight)</onleft>
		<onleft condition="Skin.String(Widget1_Display,Spotlight)">Skin.SetString(Widget1_Display,Posters)</onleft>
		<onright condition="!Skin.String(Widget1_View,Showcase) + !Skin.String(Widget1_View,Grid) + [Skin.String(Widget1_Display,Posters) | !Skin.String(Widget1_Display)]">Skin.SetString(Widget1_Display,Fanart)</onright>
		<onright condition="Skin.String(Widget1_View,Showcase) + [Skin.String(Widget1_Display,Posters) | !Skin.String(Widget1_Display)]">Skin.SetString(Widget1_Display,Square)</onright>
		<onright condition="Skin.String(Widget1_View,Grid) + [Skin.String(Widget1_Display,Posters) | !Skin.String(Widget1_Display)]">Skin.SetString(Widget1_Display,Spotlight)</onright>
		<onright condition="Skin.String(Widget1_Display,Spotlight)">Skin.SetString(Widget1_Display,Fanart)</onright>
		<onright condition="Skin.String(Widget1_Display,Fanart)">Skin.SetString(Widget1_Display,Square)</onright>
	</include>
	<include name="skinsettings_Widget1_Display_Unfocused_Slides">
		<animation effect="slide" end="60" time="0" condition="!Skin.String(Widget1_View,Showcase) + !Skin.String(Widget1_View,Grid) + Skin.String(Widget1_Display,Fanart)">Conditional</animation>
		<animation effect="slide" end="120" time="0" condition="!Skin.String(Widget1_View,Grid) + Skin.String(Widget1_Display,Square)">Conditional</animation>
		<animation effect="slide" end="40" time="0" condition="Skin.String(Widget1_View,Grid) + Skin.String(Widget1_Display,Spotlight)">Conditional</animation>
		<animation effect="slide" end="80" time="0" condition="Skin.String(Widget1_View,Grid) + Skin.String(Widget1_Display,Fanart)">Conditional</animation>
		<animation effect="slide" end="120" time="0" condition="Skin.String(Widget1_View,Grid) + Skin.String(Widget1_Display,Square)">Conditional</animation>
	</include>
	<include name="skinsettings_Widget1_Display_Focused_Slides">
		<animation effect="slide" end="37" time="0" condition="Skin.String(Widget1_View,Grid) + Skin.String(Widget1_Display,Spotlight)">Conditional</animation>
		<animation effect="slide" end="55" time="0" condition="!Skin.String(Widget1_View,Showcase) + !Skin.String(Widget1_View,Grid) + Skin.String(Widget1_Display,Fanart)">Conditional</animation>
		<animation effect="slide" end="73" time="0" condition="Skin.String(Widget1_View,Grid) + Skin.String(Widget1_Display,Fanart)">Conditional</animation>
		<animation effect="slide" end="110" time="0" condition="Skin.String(Widget1_Display,Square)">Conditional</animation>
	</include>

	<include name="skinsettings_Widget2_View_Button_Conditions">
		<onleft condition="Skin.String(Widget2_View,Grid)">Skin.SetString(Widget2_View,Strip)</onleft>
		<onleft condition="Skin.String(Widget2_View,Grid) + Skin.String(Widget2_Display,Spotlight)">Skin.SetString(Widget2_Display,Fanart)</onleft>
		<onleft condition="[Skin.String(Widget2_View,Strip) | !Skin.String(Widget2_View)]">Skin.SetString(Widget2_View,Showcase)</onleft>
		<onleft condition="[Skin.String(Widget2_View,Strip) | !Skin.String(Widget2_View)] + Skin.String(Widget2_Display,Fanart)">Skin.SetString(Widget2_Display,Posters)</onleft>
		<onleft condition="!$EXP[Widget2_IsSquare] + Skin.String(Widget2_View,Showcase)">Skin.SetString(Widget2_View,Billboard)</onleft>
		<onleft condition="!$EXP[Widget2_IsSquare] + Skin.String(Widget2_View,Showcase) + !Skin.String(Widget2_Display,Fanart)">Skin.SetString(Widget2_Display,Fanart)</onleft>
		<onright condition="Skin.String(Widget2_View,Billboard)">Skin.SetString(Widget2_View,Showcase)</onright>
		<onright condition="Skin.String(Widget2_View,Billboard) + Skin.String(Widget2_Display,Fanart)">Skin.SetString(Widget2_Display,Posters)</onright>
		<onright condition="Skin.String(Widget2_View,Showcase)">Skin.SetString(Widget2_View,Strip)</onright>
		<onright condition="[Skin.String(Widget2_View,Strip) | !Skin.String(Widget2_View)]">Skin.SetString(Widget2_View,Grid)</onright>
	</include>
	<include name="skinsettings_Widget2_View_Unfocused_Slides">
		<animation effect="slide" end="40" time="0" condition="!$EXP[Widget2_IsSquare] + Skin.String(Widget2_View,Showcase)">Conditional</animation>
		<animation effect="slide" end="80" time="0" condition="!$EXP[Widget2_IsSquare] + [Skin.String(Widget2_View,Strip) | !Skin.String(Widget2_View)]">Conditional</animation>
		<animation effect="slide" end="60" time="0" condition="$EXP[Widget2_IsSquare] + [Skin.String(Widget2_View,Strip) | !Skin.String(Widget2_View)]">Conditional</animation>
		<animation effect="slide" end="120" time="0" condition="Skin.String(Widget2_View,Grid)">Conditional</animation>
	</include>
	<include name="skinsettings_Widget2_View_Focused_Slides">
		<animation effect="slide" end="37" time="0" condition="!$EXP[Widget2_IsSquare] + Skin.String(Widget2_View,Showcase)">Conditional</animation>
		<animation effect="slide" end="73" time="0" condition="!$EXP[Widget2_IsSquare] + [Skin.String(Widget2_View,Strip) | !Skin.String(Widget2_View)]">Conditional</animation>
		<animation effect="slide" end="55" time="0" condition="$EXP[Widget2_IsSquare] + [Skin.String(Widget2_View,Strip) | !Skin.String(Widget2_View)]">Conditional</animation>
		<animation effect="slide" end="110" time="0" condition="Skin.String(Widget2_View,Grid)">Conditional</animation>
	</include>
	<include name="skinsettings_Widget2_Display_Button_Conditions">
		<onleft condition="!Skin.String(Widget2_View,Showcase) + Skin.String(Widget2_Display,Square)">Skin.SetString(Widget2_Display,Fanart)</onleft>
		<onleft condition="Skin.String(Widget2_View,Showcase) + Skin.String(Widget2_Display,Square)">Skin.SetString(Widget2_Display,Posters)</onleft>
		<onleft condition="Skin.String(Widget2_Display,Fanart) + !Skin.String(Widget2_View,Grid)">Skin.SetString(Widget2_Display,Posters)</onleft>
		<onleft condition="Skin.String(Widget2_Display,Fanart) + Skin.String(Widget2_View,Grid)">Skin.SetString(Widget2_Display,Spotlight)</onleft>
		<onleft condition="Skin.String(Widget2_Display,Spotlight)">Skin.SetString(Widget2_Display,Posters)</onleft>
		<onright condition="!Skin.String(Widget2_View,Showcase) + !Skin.String(Widget2_View,Grid) + [Skin.String(Widget2_Display,Posters) | !Skin.String(Widget2_Display)]">Skin.SetString(Widget2_Display,Fanart)</onright>
		<onright condition="Skin.String(Widget2_View,Showcase) + [Skin.String(Widget2_Display,Posters) | !Skin.String(Widget2_Display)]">Skin.SetString(Widget2_Display,Square)</onright>
		<onright condition="Skin.String(Widget2_View,Grid) + [Skin.String(Widget2_Display,Posters) | !Skin.String(Widget2_Display)]">Skin.SetString(Widget2_Display,Spotlight)</onright>
		<onright condition="Skin.String(Widget2_Display,Spotlight)">Skin.SetString(Widget2_Display,Fanart)</onright>
		<onright condition="Skin.String(Widget2_Display,Fanart)">Skin.SetString(Widget2_Display,Square)</onright>
	</include>
	<include name="skinsettings_Widget2_Display_Unfocused_Slides">
		<animation effect="slide" end="60" time="0" condition="!Skin.String(Widget2_View,Showcase) + !Skin.String(Widget2_View,Grid) + Skin.String(Widget2_Display,Fanart)">Conditional</animation>
		<animation effect="slide" end="120" time="0" condition="!Skin.String(Widget2_View,Grid) + Skin.String(Widget2_Display,Square)">Conditional</animation>
		<animation effect="slide" end="40" time="0" condition="Skin.String(Widget2_View,Grid) + Skin.String(Widget2_Display,Spotlight)">Conditional</animation>
		<animation effect="slide" end="80" time="0" condition="Skin.String(Widget2_View,Grid) + Skin.String(Widget2_Display,Fanart)">Conditional</animation>
		<animation effect="slide" end="120" time="0" condition="Skin.String(Widget2_View,Grid) + Skin.String(Widget2_Display,Square)">Conditional</animation>
	</include>
	<include name="skinsettings_Widget2_Display_Focused_Slides">
		<animation effect="slide" end="37" time="0" condition="Skin.String(Widget2_View,Grid) + Skin.String(Widget2_Display,Spotlight)">Conditional</animation>
		<animation effect="slide" end="55" time="0" condition="!Skin.String(Widget2_View,Showcase) + !Skin.String(Widget2_View,Grid) + Skin.String(Widget2_Display,Fanart)">Conditional</animation>
		<animation effect="slide" end="73" time="0" condition="Skin.String(Widget2_View,Grid) + Skin.String(Widget2_Display,Fanart)">Conditional</animation>
		<animation effect="slide" end="110" time="0" condition="Skin.String(Widget2_Display,Square)">Conditional</animation>
	</include>

	<include name="skinsettings_Widget3_View_Button_Conditions">
		<onleft condition="Skin.String(Widget3_View,Grid)">Skin.SetString(Widget3_View,Strip)</onleft>
		<onleft condition="Skin.String(Widget3_View,Grid) + Skin.String(Widget3_Display,Spotlight)">Skin.SetString(Widget3_Display,Fanart)</onleft>
		<onleft condition="[Skin.String(Widget3_View,Strip) | !Skin.String(Widget3_View)]">Skin.SetString(Widget3_View,Showcase)</onleft>
		<onleft condition="[Skin.String(Widget3_View,Strip) | !Skin.String(Widget3_View)] + Skin.String(Widget3_Display,Fanart)">Skin.SetString(Widget3_Display,Posters)</onleft>
		<onleft condition="!$EXP[Widget3_IsSquare] + Skin.String(Widget3_View,Showcase)">Skin.SetString(Widget3_View,Billboard)</onleft>
		<onleft condition="!$EXP[Widget3_IsSquare] + Skin.String(Widget3_View,Showcase) + !Skin.String(Widget3_Display,Fanart)">Skin.SetString(Widget3_Display,Fanart)</onleft>
		<onright condition="Skin.String(Widget3_View,Billboard)">Skin.SetString(Widget3_View,Showcase)</onright>
		<onright condition="Skin.String(Widget3_View,Billboard) + Skin.String(Widget3_Display,Fanart)">Skin.SetString(Widget3_Display,Posters)</onright>
		<onright condition="Skin.String(Widget3_View,Showcase)">Skin.SetString(Widget3_View,Strip)</onright>
		<onright condition="[Skin.String(Widget3_View,Strip) | !Skin.String(Widget3_View)]">Skin.SetString(Widget3_View,Grid)</onright>
	</include>
	<include name="skinsettings_Widget3_View_Unfocused_Slides">
		<animation effect="slide" end="40" time="0" condition="!$EXP[Widget3_IsSquare] + Skin.String(Widget3_View,Showcase)">Conditional</animation>
		<animation effect="slide" end="80" time="0" condition="!$EXP[Widget3_IsSquare] + [Skin.String(Widget3_View,Strip) | !Skin.String(Widget3_View)]">Conditional</animation>
		<animation effect="slide" end="60" time="0" condition="$EXP[Widget3_IsSquare] + [Skin.String(Widget3_View,Strip) | !Skin.String(Widget3_View)]">Conditional</animation>
		<animation effect="slide" end="120" time="0" condition="Skin.String(Widget3_View,Grid)">Conditional</animation>
	</include>
	<include name="skinsettings_Widget3_View_Focused_Slides">
		<animation effect="slide" end="37" time="0" condition="!$EXP[Widget3_IsSquare] + Skin.String(Widget3_View,Showcase)">Conditional</animation>
		<animation effect="slide" end="73" time="0" condition="!$EXP[Widget3_IsSquare] + [Skin.String(Widget3_View,Strip) | !Skin.String(Widget3_View)]">Conditional</animation>
		<animation effect="slide" end="55" time="0" condition="$EXP[Widget3_IsSquare] + [Skin.String(Widget3_View,Strip) | !Skin.String(Widget3_View)]">Conditional</animation>
		<animation effect="slide" end="110" time="0" condition="Skin.String(Widget3_View,Grid)">Conditional</animation>
	</include>
	<include name="skinsettings_Widget3_Display_Button_Conditions">
		<onleft condition="!Skin.String(Widget3_View,Showcase) + Skin.String(Widget3_Display,Square)">Skin.SetString(Widget3_Display,Fanart)</onleft>
		<onleft condition="Skin.String(Widget3_View,Showcase) + Skin.String(Widget3_Display,Square)">Skin.SetString(Widget3_Display,Posters)</onleft>
		<onleft condition="Skin.String(Widget3_Display,Fanart) + !Skin.String(Widget3_View,Grid)">Skin.SetString(Widget3_Display,Posters)</onleft>
		<onleft condition="Skin.String(Widget3_Display,Fanart) + Skin.String(Widget3_View,Grid)">Skin.SetString(Widget3_Display,Spotlight)</onleft>
		<onleft condition="Skin.String(Widget3_Display,Spotlight)">Skin.SetString(Widget3_Display,Posters)</onleft>
		<onright condition="!Skin.String(Widget3_View,Showcase) + !Skin.String(Widget3_View,Grid) + [Skin.String(Widget3_Display,Posters) | !Skin.String(Widget3_Display)]">Skin.SetString(Widget3_Display,Fanart)</onright>
		<onright condition="Skin.String(Widget3_View,Showcase) + [Skin.String(Widget3_Display,Posters) | !Skin.String(Widget3_Display)]">Skin.SetString(Widget3_Display,Square)</onright>
		<onright condition="Skin.String(Widget3_View,Grid) + [Skin.String(Widget3_Display,Posters) | !Skin.String(Widget3_Display)]">Skin.SetString(Widget3_Display,Spotlight)</onright>
		<onright condition="Skin.String(Widget3_Display,Spotlight)">Skin.SetString(Widget3_Display,Fanart)</onright>
		<onright condition="Skin.String(Widget3_Display,Fanart)">Skin.SetString(Widget3_Display,Square)</onright>
	</include>
	<include name="skinsettings_Widget3_Display_Unfocused_Slides">
		<animation effect="slide" end="60" time="0" condition="!Skin.String(Widget3_View,Showcase) + !Skin.String(Widget3_View,Grid) + Skin.String(Widget3_Display,Fanart)">Conditional</animation>
		<animation effect="slide" end="120" time="0" condition="!Skin.String(Widget3_View,Grid) + Skin.String(Widget3_Display,Square)">Conditional</animation>
		<animation effect="slide" end="40" time="0" condition="Skin.String(Widget3_View,Grid) + Skin.String(Widget3_Display,Spotlight)">Conditional</animation>
		<animation effect="slide" end="80" time="0" condition="Skin.String(Widget3_View,Grid) + Skin.String(Widget3_Display,Fanart)">Conditional</animation>
		<animation effect="slide" end="120" time="0" condition="Skin.String(Widget3_View,Grid) + Skin.String(Widget3_Display,Square)">Conditional</animation>
	</include>
	<include name="skinsettings_Widget3_Display_Focused_Slides">
		<animation effect="slide" end="37" time="0" condition="Skin.String(Widget3_View,Grid) + Skin.String(Widget3_Display,Spotlight)">Conditional</animation>
		<animation effect="slide" end="55" time="0" condition="!Skin.String(Widget3_View,Showcase) + !Skin.String(Widget3_View,Grid) + Skin.String(Widget3_Display,Fanart)">Conditional</animation>
		<animation effect="slide" end="73" time="0" condition="Skin.String(Widget3_View,Grid) + Skin.String(Widget3_Display,Fanart)">Conditional</animation>
		<animation effect="slide" end="110" time="0" condition="Skin.String(Widget3_Display,Square)">Conditional</animation>
	</include>

	<include name="skinsettings_Widget4_View_Button_Conditions">
		<onleft condition="Skin.String(Widget4_View,Grid)">Skin.SetString(Widget4_View,Strip)</onleft>
		<onleft condition="Skin.String(Widget4_View,Grid) + Skin.String(Widget4_Display,Spotlight)">Skin.SetString(Widget4_Display,Fanart)</onleft>
		<onleft condition="[Skin.String(Widget4_View,Strip) | !Skin.String(Widget4_View)]">Skin.SetString(Widget4_View,Showcase)</onleft>
		<onleft condition="[Skin.String(Widget4_View,Strip) | !Skin.String(Widget4_View)] + Skin.String(Widget4_Display,Fanart)">Skin.SetString(Widget4_Display,Posters)</onleft>
		<onleft condition="!$EXP[Widget4_IsSquare] + Skin.String(Widget4_View,Showcase)">Skin.SetString(Widget4_View,Billboard)</onleft>
		<onleft condition="!$EXP[Widget4_IsSquare] + Skin.String(Widget4_View,Showcase) + !Skin.String(Widget4_Display,Fanart)">Skin.SetString(Widget4_Display,Fanart)</onleft>
		<onright condition="Skin.String(Widget4_View,Billboard)">Skin.SetString(Widget4_View,Showcase)</onright>
		<onright condition="Skin.String(Widget4_View,Billboard) + Skin.String(Widget4_Display,Fanart)">Skin.SetString(Widget4_Display,Posters)</onright>
		<onright condition="Skin.String(Widget4_View,Showcase)">Skin.SetString(Widget4_View,Strip)</onright>
		<onright condition="[Skin.String(Widget4_View,Strip) | !Skin.String(Widget4_View)]">Skin.SetString(Widget4_View,Grid)</onright>
	</include>
	<include name="skinsettings_Widget4_View_Unfocused_Slides">
		<animation effect="slide" end="40" time="0" condition="!$EXP[Widget4_IsSquare] + Skin.String(Widget4_View,Showcase)">Conditional</animation>
		<animation effect="slide" end="80" time="0" condition="!$EXP[Widget4_IsSquare] + [Skin.String(Widget4_View,Strip) | !Skin.String(Widget4_View)]">Conditional</animation>
		<animation effect="slide" end="60" time="0" condition="$EXP[Widget4_IsSquare] + [Skin.String(Widget4_View,Strip) | !Skin.String(Widget4_View)]">Conditional</animation>
		<animation effect="slide" end="120" time="0" condition="Skin.String(Widget4_View,Grid)">Conditional</animation>
	</include>
	<include name="skinsettings_Widget4_View_Focused_Slides">
		<animation effect="slide" end="37" time="0" condition="!$EXP[Widget4_IsSquare] + Skin.String(Widget4_View,Showcase)">Conditional</animation>
		<animation effect="slide" end="73" time="0" condition="!$EXP[Widget4_IsSquare] + [Skin.String(Widget4_View,Strip) | !Skin.String(Widget4_View)]">Conditional</animation>
		<animation effect="slide" end="55" time="0" condition="$EXP[Widget4_IsSquare] + [Skin.String(Widget4_View,Strip) | !Skin.String(Widget4_View)]">Conditional</animation>
		<animation effect="slide" end="110" time="0" condition="Skin.String(Widget4_View,Grid)">Conditional</animation>
	</include>
	<include name="skinsettings_Widget4_Display_Button_Conditions">
		<onleft condition="!Skin.String(Widget4_View,Showcase) + Skin.String(Widget4_Display,Square)">Skin.SetString(Widget4_Display,Fanart)</onleft>
		<onleft condition="Skin.String(Widget4_View,Showcase) + Skin.String(Widget4_Display,Square)">Skin.SetString(Widget4_Display,Posters)</onleft>
		<onleft condition="Skin.String(Widget4_Display,Fanart) + !Skin.String(Widget4_View,Grid)">Skin.SetString(Widget4_Display,Posters)</onleft>
		<onleft condition="Skin.String(Widget4_Display,Fanart) + Skin.String(Widget4_View,Grid)">Skin.SetString(Widget4_Display,Spotlight)</onleft>
		<onleft condition="Skin.String(Widget4_Display,Spotlight)">Skin.SetString(Widget4_Display,Posters)</onleft>
		<onright condition="!Skin.String(Widget4_View,Showcase) + !Skin.String(Widget4_View,Grid) + [Skin.String(Widget4_Display,Posters) | !Skin.String(Widget4_Display)]">Skin.SetString(Widget4_Display,Fanart)</onright>
		<onright condition="Skin.String(Widget4_View,Showcase) + [Skin.String(Widget4_Display,Posters) | !Skin.String(Widget4_Display)]">Skin.SetString(Widget4_Display,Square)</onright>
		<onright condition="Skin.String(Widget4_View,Grid) + [Skin.String(Widget4_Display,Posters) | !Skin.String(Widget4_Display)]">Skin.SetString(Widget4_Display,Spotlight)</onright>
		<onright condition="Skin.String(Widget4_Display,Spotlight)">Skin.SetString(Widget4_Display,Fanart)</onright>
		<onright condition="Skin.String(Widget4_Display,Fanart)">Skin.SetString(Widget4_Display,Square)</onright>
	</include>
	<include name="skinsettings_Widget4_Display_Unfocused_Slides">
		<animation effect="slide" end="60" time="0" condition="!Skin.String(Widget4_View,Showcase) + !Skin.String(Widget4_View,Grid) + Skin.String(Widget4_Display,Fanart)">Conditional</animation>
		<animation effect="slide" end="120" time="0" condition="!Skin.String(Widget4_View,Grid) + Skin.String(Widget4_Display,Square)">Conditional</animation>
		<animation effect="slide" end="40" time="0" condition="Skin.String(Widget4_View,Grid) + Skin.String(Widget4_Display,Spotlight)">Conditional</animation>
		<animation effect="slide" end="80" time="0" condition="Skin.String(Widget4_View,Grid) + Skin.String(Widget4_Display,Fanart)">Conditional</animation>
		<animation effect="slide" end="120" time="0" condition="Skin.String(Widget4_View,Grid) + Skin.String(Widget4_Display,Square)">Conditional</animation>
	</include>
	<include name="skinsettings_Widget4_Display_Focused_Slides">
		<animation effect="slide" end="37" time="0" condition="Skin.String(Widget4_View,Grid) + Skin.String(Widget4_Display,Spotlight)">Conditional</animation>
		<animation effect="slide" end="55" time="0" condition="!Skin.String(Widget4_View,Showcase) + !Skin.String(Widget4_View,Grid) + Skin.String(Widget4_Display,Fanart)">Conditional</animation>
		<animation effect="slide" end="73" time="0" condition="Skin.String(Widget4_View,Grid) + Skin.String(Widget4_Display,Fanart)">Conditional</animation>
		<animation effect="slide" end="110" time="0" condition="Skin.String(Widget4_Display,Square)">Conditional</animation>
	</include>

	<include name="skinsettings_Widget5_View_Button_Conditions">
		<onleft condition="Skin.String(Widget5_View,Grid)">Skin.SetString(Widget5_View,Strip)</onleft>
		<onleft condition="Skin.String(Widget5_View,Grid) + Skin.String(Widget5_Display,Spotlight)">Skin.SetString(Widget5_Display,Fanart)</onleft>
		<onleft condition="[Skin.String(Widget5_View,Strip) | !Skin.String(Widget5_View)]">Skin.SetString(Widget5_View,Showcase)</onleft>
		<onleft condition="[Skin.String(Widget5_View,Strip) | !Skin.String(Widget5_View)] + Skin.String(Widget5_Display,Fanart)">Skin.SetString(Widget5_Display,Posters)</onleft>
		<onleft condition="!$EXP[Widget5_IsSquare] + Skin.String(Widget5_View,Showcase)">Skin.SetString(Widget5_View,Billboard)</onleft>
		<onleft condition="!$EXP[Widget5_IsSquare] + Skin.String(Widget5_View,Showcase) + !Skin.String(Widget5_Display,Fanart)">Skin.SetString(Widget5_Display,Fanart)</onleft>
		<onright condition="Skin.String(Widget5_View,Billboard)">Skin.SetString(Widget5_View,Showcase)</onright>
		<onright condition="Skin.String(Widget5_View,Billboard) + Skin.String(Widget5_Display,Fanart)">Skin.SetString(Widget5_Display,Posters)</onright>
		<onright condition="Skin.String(Widget5_View,Showcase)">Skin.SetString(Widget5_View,Strip)</onright>
		<onright condition="[Skin.String(Widget5_View,Strip) | !Skin.String(Widget5_View)]">Skin.SetString(Widget5_View,Grid)</onright>
	</include>
	<include name="skinsettings_Widget5_View_Unfocused_Slides">
		<animation effect="slide" end="40" time="0" condition="!$EXP[Widget5_IsSquare] + Skin.String(Widget5_View,Showcase)">Conditional</animation>
		<animation effect="slide" end="80" time="0" condition="!$EXP[Widget5_IsSquare] + [Skin.String(Widget5_View,Strip) | !Skin.String(Widget5_View)]">Conditional</animation>
		<animation effect="slide" end="60" time="0" condition="$EXP[Widget5_IsSquare] + [Skin.String(Widget5_View,Strip) | !Skin.String(Widget5_View)]">Conditional</animation>
		<animation effect="slide" end="120" time="0" condition="Skin.String(Widget5_View,Grid)">Conditional</animation>
	</include>
	<include name="skinsettings_Widget5_View_Focused_Slides">
		<animation effect="slide" end="37" time="0" condition="!$EXP[Widget5_IsSquare] + Skin.String(Widget5_View,Showcase)">Conditional</animation>
		<animation effect="slide" end="73" time="0" condition="!$EXP[Widget5_IsSquare] + [Skin.String(Widget5_View,Strip) | !Skin.String(Widget5_View)]">Conditional</animation>
		<animation effect="slide" end="55" time="0" condition="$EXP[Widget5_IsSquare] + [Skin.String(Widget5_View,Strip) | !Skin.String(Widget5_View)]">Conditional</animation>
		<animation effect="slide" end="110" time="0" condition="Skin.String(Widget5_View,Grid)">Conditional</animation>
	</include>
	<include name="skinsettings_Widget5_Display_Button_Conditions">
		<onleft condition="!Skin.String(Widget5_View,Showcase) + Skin.String(Widget5_Display,Square)">Skin.SetString(Widget5_Display,Fanart)</onleft>
		<onleft condition="Skin.String(Widget5_View,Showcase) + Skin.String(Widget5_Display,Square)">Skin.SetString(Widget5_Display,Posters)</onleft>
		<onleft condition="Skin.String(Widget5_Display,Fanart) + !Skin.String(Widget5_View,Grid)">Skin.SetString(Widget5_Display,Posters)</onleft>
		<onleft condition="Skin.String(Widget5_Display,Fanart) + Skin.String(Widget5_View,Grid)">Skin.SetString(Widget5_Display,Spotlight)</onleft>
		<onleft condition="Skin.String(Widget5_Display,Spotlight)">Skin.SetString(Widget5_Display,Posters)</onleft>
		<onright condition="!Skin.String(Widget5_View,Showcase) + !Skin.String(Widget5_View,Grid) + [Skin.String(Widget5_Display,Posters) | !Skin.String(Widget5_Display)]">Skin.SetString(Widget5_Display,Fanart)</onright>
		<onright condition="Skin.String(Widget5_View,Showcase) + [Skin.String(Widget5_Display,Posters) | !Skin.String(Widget5_Display)]">Skin.SetString(Widget5_Display,Square)</onright>
		<onright condition="Skin.String(Widget5_View,Grid) + [Skin.String(Widget5_Display,Posters) | !Skin.String(Widget5_Display)]">Skin.SetString(Widget5_Display,Spotlight)</onright>
		<onright condition="Skin.String(Widget5_Display,Spotlight)">Skin.SetString(Widget5_Display,Fanart)</onright>
		<onright condition="Skin.String(Widget5_Display,Fanart)">Skin.SetString(Widget5_Display,Square)</onright>
	</include>
	<include name="skinsettings_Widget5_Display_Unfocused_Slides">
		<animation effect="slide" end="60" time="0" condition="!Skin.String(Widget5_View,Showcase) + !Skin.String(Widget5_View,Grid) + Skin.String(Widget5_Display,Fanart)">Conditional</animation>
		<animation effect="slide" end="120" time="0" condition="!Skin.String(Widget5_View,Grid) + Skin.String(Widget5_Display,Square)">Conditional</animation>
		<animation effect="slide" end="40" time="0" condition="Skin.String(Widget5_View,Grid) + Skin.String(Widget5_Display,Spotlight)">Conditional</animation>
		<animation effect="slide" end="80" time="0" condition="Skin.String(Widget5_View,Grid) + Skin.String(Widget5_Display,Fanart)">Conditional</animation>
		<animation effect="slide" end="120" time="0" condition="Skin.String(Widget5_View,Grid) + Skin.String(Widget5_Display,Square)">Conditional</animation>
	</include>
	<include name="skinsettings_Widget5_Display_Focused_Slides">
		<animation effect="slide" end="37" time="0" condition="Skin.String(Widget5_View,Grid) + Skin.String(Widget5_Display,Spotlight)">Conditional</animation>
		<animation effect="slide" end="55" time="0" condition="!Skin.String(Widget5_View,Showcase) + !Skin.String(Widget5_View,Grid) + Skin.String(Widget5_Display,Fanart)">Conditional</animation>
		<animation effect="slide" end="73" time="0" condition="Skin.String(Widget5_View,Grid) + Skin.String(Widget5_Display,Fanart)">Conditional</animation>
		<animation effect="slide" end="110" time="0" condition="Skin.String(Widget5_Display,Square)">Conditional</animation>
	</include>

	<include name="skinsettings_Widget6_View_Button_Conditions">
		<onleft condition="Skin.String(Widget6_View,Grid)">Skin.SetString(Widget6_View,Strip)</onleft>
		<onleft condition="Skin.String(Widget6_View,Grid) + Skin.String(Widget6_Display,Spotlight)">Skin.SetString(Widget6_Display,Fanart)</onleft>
		<onleft condition="[Skin.String(Widget6_View,Strip) | !Skin.String(Widget6_View)]">Skin.SetString(Widget6_View,Showcase)</onleft>
		<onleft condition="[Skin.String(Widget6_View,Strip) | !Skin.String(Widget6_View)] + Skin.String(Widget6_Display,Fanart)">Skin.SetString(Widget6_Display,Posters)</onleft>
		<onleft condition="!$EXP[Widget6_IsSquare] + Skin.String(Widget6_View,Showcase)">Skin.SetString(Widget6_View,Billboard)</onleft>
		<onleft condition="!$EXP[Widget6_IsSquare] + Skin.String(Widget6_View,Showcase) + !Skin.String(Widget6_Display,Fanart)">Skin.SetString(Widget6_Display,Fanart)</onleft>
		<onright condition="Skin.String(Widget6_View,Billboard)">Skin.SetString(Widget6_View,Showcase)</onright>
		<onright condition="Skin.String(Widget6_View,Billboard) + Skin.String(Widget6_Display,Fanart)">Skin.SetString(Widget6_Display,Posters)</onright>
		<onright condition="Skin.String(Widget6_View,Showcase)">Skin.SetString(Widget6_View,Strip)</onright>
		<onright condition="[Skin.String(Widget6_View,Strip) | !Skin.String(Widget6_View)]">Skin.SetString(Widget6_View,Grid)</onright>
	</include>
	<include name="skinsettings_Widget6_View_Unfocused_Slides">
		<animation effect="slide" end="40" time="0" condition="!$EXP[Widget6_IsSquare] + Skin.String(Widget6_View,Showcase)">Conditional</animation>
		<animation effect="slide" end="80" time="0" condition="!$EXP[Widget6_IsSquare] + [Skin.String(Widget6_View,Strip) | !Skin.String(Widget6_View)]">Conditional</animation>
		<animation effect="slide" end="60" time="0" condition="$EXP[Widget6_IsSquare] + [Skin.String(Widget6_View,Strip) | !Skin.String(Widget6_View)]">Conditional</animation>
		<animation effect="slide" end="120" time="0" condition="Skin.String(Widget6_View,Grid)">Conditional</animation>
	</include>
	<include name="skinsettings_Widget6_View_Focused_Slides">
		<animation effect="slide" end="37" time="0" condition="!$EXP[Widget6_IsSquare] + Skin.String(Widget6_View,Showcase)">Conditional</animation>
		<animation effect="slide" end="73" time="0" condition="!$EXP[Widget6_IsSquare] + [Skin.String(Widget6_View,Strip) | !Skin.String(Widget6_View)]">Conditional</animation>
		<animation effect="slide" end="55" time="0" condition="$EXP[Widget6_IsSquare] + [Skin.String(Widget6_View,Strip) | !Skin.String(Widget6_View)]">Conditional</animation>
		<animation effect="slide" end="110" time="0" condition="Skin.String(Widget6_View,Grid)">Conditional</animation>
	</include>
	<include name="skinsettings_Widget6_Display_Button_Conditions">
		<onleft condition="!Skin.String(Widget6_View,Showcase) + Skin.String(Widget6_Display,Square)">Skin.SetString(Widget6_Display,Fanart)</onleft>
		<onleft condition="Skin.String(Widget6_View,Showcase) + Skin.String(Widget6_Display,Square)">Skin.SetString(Widget6_Display,Posters)</onleft>
		<onleft condition="Skin.String(Widget6_Display,Fanart) + !Skin.String(Widget6_View,Grid)">Skin.SetString(Widget6_Display,Posters)</onleft>
		<onleft condition="Skin.String(Widget6_Display,Fanart) + Skin.String(Widget6_View,Grid)">Skin.SetString(Widget6_Display,Spotlight)</onleft>
		<onleft condition="Skin.String(Widget6_Display,Spotlight)">Skin.SetString(Widget6_Display,Posters)</onleft>
		<onright condition="!Skin.String(Widget6_View,Showcase) + !Skin.String(Widget6_View,Grid) + [Skin.String(Widget6_Display,Posters) | !Skin.String(Widget6_Display)]">Skin.SetString(Widget6_Display,Fanart)</onright>
		<onright condition="Skin.String(Widget6_View,Showcase) + [Skin.String(Widget6_Display,Posters) | !Skin.String(Widget6_Display)]">Skin.SetString(Widget6_Display,Square)</onright>
		<onright condition="Skin.String(Widget6_View,Grid) + [Skin.String(Widget6_Display,Posters) | !Skin.String(Widget6_Display)]">Skin.SetString(Widget6_Display,Spotlight)</onright>
		<onright condition="Skin.String(Widget6_Display,Spotlight)">Skin.SetString(Widget6_Display,Fanart)</onright>
		<onright condition="Skin.String(Widget6_Display,Fanart)">Skin.SetString(Widget6_Display,Square)</onright>
	</include>
	<include name="skinsettings_Widget6_Display_Unfocused_Slides">
		<animation effect="slide" end="60" time="0" condition="!Skin.String(Widget6_View,Showcase) + !Skin.String(Widget6_View,Grid) + Skin.String(Widget6_Display,Fanart)">Conditional</animation>
		<animation effect="slide" end="120" time="0" condition="!Skin.String(Widget6_View,Grid) + Skin.String(Widget6_Display,Square)">Conditional</animation>
		<animation effect="slide" end="40" time="0" condition="Skin.String(Widget6_View,Grid) + Skin.String(Widget6_Display,Spotlight)">Conditional</animation>
		<animation effect="slide" end="80" time="0" condition="Skin.String(Widget6_View,Grid) + Skin.String(Widget6_Display,Fanart)">Conditional</animation>
		<animation effect="slide" end="120" time="0" condition="Skin.String(Widget6_View,Grid) + Skin.String(Widget6_Display,Square)">Conditional</animation>
	</include>
	<include name="skinsettings_Widget6_Display_Focused_Slides">
		<animation effect="slide" end="37" time="0" condition="Skin.String(Widget6_View,Grid) + Skin.String(Widget6_Display,Spotlight)">Conditional</animation>
		<animation effect="slide" end="55" time="0" condition="!Skin.String(Widget6_View,Showcase) + !Skin.String(Widget6_View,Grid) + Skin.String(Widget6_Display,Fanart)">Conditional</animation>
		<animation effect="slide" end="73" time="0" condition="Skin.String(Widget6_View,Grid) + Skin.String(Widget6_Display,Fanart)">Conditional</animation>
		<animation effect="slide" end="110" time="0" condition="Skin.String(Widget6_Display,Square)">Conditional</animation>
	</include>

	<include name="skinsettings_Widget7_View_Button_Conditions">
		<onleft condition="Skin.String(Widget7_View,Grid)">Skin.SetString(Widget7_View,Strip)</onleft>
		<onleft condition="Skin.String(Widget7_View,Grid) + Skin.String(Widget7_Display,Spotlight)">Skin.SetString(Widget7_Display,Fanart)</onleft>
		<onleft condition="[Skin.String(Widget7_View,Strip) | !Skin.String(Widget7_View)]">Skin.SetString(Widget7_View,Showcase)</onleft>
		<onleft condition="[Skin.String(Widget7_View,Strip) | !Skin.String(Widget7_View)] + Skin.String(Widget7_Display,Fanart)">Skin.SetString(Widget7_Display,Posters)</onleft>
		<onleft condition="!$EXP[Widget7_IsSquare] + Skin.String(Widget7_View,Showcase)">Skin.SetString(Widget7_View,Billboard)</onleft>
		<onleft condition="!$EXP[Widget7_IsSquare] + Skin.String(Widget7_View,Showcase) + !Skin.String(Widget7_Display,Fanart)">Skin.SetString(Widget7_Display,Fanart)</onleft>
		<onright condition="Skin.String(Widget7_View,Billboard)">Skin.SetString(Widget7_View,Showcase)</onright>
		<onright condition="Skin.String(Widget7_View,Billboard) + Skin.String(Widget7_Display,Fanart)">Skin.SetString(Widget7_Display,Posters)</onright>
		<onright condition="Skin.String(Widget7_View,Showcase)">Skin.SetString(Widget7_View,Strip)</onright>
		<onright condition="[Skin.String(Widget7_View,Strip) | !Skin.String(Widget7_View)]">Skin.SetString(Widget7_View,Grid)</onright>
	</include>
	<include name="skinsettings_Widget7_View_Unfocused_Slides">
		<animation effect="slide" end="40" time="0" condition="!$EXP[Widget7_IsSquare] + Skin.String(Widget7_View,Showcase)">Conditional</animation>
		<animation effect="slide" end="80" time="0" condition="!$EXP[Widget7_IsSquare] + [Skin.String(Widget7_View,Strip) | !Skin.String(Widget7_View)]">Conditional</animation>
		<animation effect="slide" end="60" time="0" condition="$EXP[Widget7_IsSquare] + [Skin.String(Widget7_View,Strip) | !Skin.String(Widget7_View)]">Conditional</animation>
		<animation effect="slide" end="120" time="0" condition="Skin.String(Widget7_View,Grid)">Conditional</animation>
	</include>
	<include name="skinsettings_Widget7_View_Focused_Slides">
		<animation effect="slide" end="37" time="0" condition="!$EXP[Widget7_IsSquare] + Skin.String(Widget7_View,Showcase)">Conditional</animation>
		<animation effect="slide" end="73" time="0" condition="!$EXP[Widget7_IsSquare] + [Skin.String(Widget7_View,Strip) | !Skin.String(Widget7_View)]">Conditional</animation>
		<animation effect="slide" end="55" time="0" condition="$EXP[Widget7_IsSquare] + [Skin.String(Widget7_View,Strip) | !Skin.String(Widget7_View)]">Conditional</animation>
		<animation effect="slide" end="110" time="0" condition="Skin.String(Widget7_View,Grid)">Conditional</animation>
	</include>
	<include name="skinsettings_Widget7_Display_Button_Conditions">
		<onleft condition="!Skin.String(Widget7_View,Showcase) + Skin.String(Widget7_Display,Square)">Skin.SetString(Widget7_Display,Fanart)</onleft>
		<onleft condition="Skin.String(Widget7_View,Showcase) + Skin.String(Widget7_Display,Square)">Skin.SetString(Widget7_Display,Posters)</onleft>
		<onleft condition="Skin.String(Widget7_Display,Fanart) + !Skin.String(Widget7_View,Grid)">Skin.SetString(Widget7_Display,Posters)</onleft>
		<onleft condition="Skin.String(Widget7_Display,Fanart) + Skin.String(Widget7_View,Grid)">Skin.SetString(Widget7_Display,Spotlight)</onleft>
		<onleft condition="Skin.String(Widget7_Display,Spotlight)">Skin.SetString(Widget7_Display,Posters)</onleft>
		<onright condition="!Skin.String(Widget7_View,Showcase) + !Skin.String(Widget7_View,Grid) + [Skin.String(Widget7_Display,Posters) | !Skin.String(Widget7_Display)]">Skin.SetString(Widget7_Display,Fanart)</onright>
		<onright condition="Skin.String(Widget7_View,Showcase) + [Skin.String(Widget7_Display,Posters) | !Skin.String(Widget7_Display)]">Skin.SetString(Widget7_Display,Square)</onright>
		<onright condition="Skin.String(Widget7_View,Grid) + [Skin.String(Widget7_Display,Posters) | !Skin.String(Widget7_Display)]">Skin.SetString(Widget7_Display,Spotlight)</onright>
		<onright condition="Skin.String(Widget7_Display,Spotlight)">Skin.SetString(Widget7_Display,Fanart)</onright>
		<onright condition="Skin.String(Widget7_Display,Fanart)">Skin.SetString(Widget7_Display,Square)</onright>
	</include>
	<include name="skinsettings_Widget7_Display_Unfocused_Slides">
		<animation effect="slide" end="60" time="0" condition="!Skin.String(Widget7_View,Showcase) + !Skin.String(Widget7_View,Grid) + Skin.String(Widget7_Display,Fanart)">Conditional</animation>
		<animation effect="slide" end="120" time="0" condition="!Skin.String(Widget7_View,Grid) + Skin.String(Widget7_Display,Square)">Conditional</animation>
		<animation effect="slide" end="40" time="0" condition="Skin.String(Widget7_View,Grid) + Skin.String(Widget7_Display,Spotlight)">Conditional</animation>
		<animation effect="slide" end="80" time="0" condition="Skin.String(Widget7_View,Grid) + Skin.String(Widget7_Display,Fanart)">Conditional</animation>
		<animation effect="slide" end="120" time="0" condition="Skin.String(Widget7_View,Grid) + Skin.String(Widget7_Display,Square)">Conditional</animation>
	</include>
	<include name="skinsettings_Widget7_Display_Focused_Slides">
		<animation effect="slide" end="37" time="0" condition="Skin.String(Widget7_View,Grid) + Skin.String(Widget7_Display,Spotlight)">Conditional</animation>
		<animation effect="slide" end="55" time="0" condition="!Skin.String(Widget7_View,Showcase) + !Skin.String(Widget7_View,Grid) + Skin.String(Widget7_Display,Fanart)">Conditional</animation>
		<animation effect="slide" end="73" time="0" condition="Skin.String(Widget7_View,Grid) + Skin.String(Widget7_Display,Fanart)">Conditional</animation>
		<animation effect="slide" end="110" time="0" condition="Skin.String(Widget7_Display,Square)">Conditional</animation>
	</include>

	<include name="skinsettings_Widget8_View_Button_Conditions">
		<onleft condition="Skin.String(Widget8_View,Grid)">Skin.SetString(Widget8_View,Strip)</onleft>
		<onleft condition="Skin.String(Widget8_View,Grid) + Skin.String(Widget8_Display,Spotlight)">Skin.SetString(Widget8_Display,Fanart)</onleft>
		<onleft condition="[Skin.String(Widget8_View,Strip) | !Skin.String(Widget8_View)]">Skin.SetString(Widget8_View,Showcase)</onleft>
		<onleft condition="[Skin.String(Widget8_View,Strip) | !Skin.String(Widget8_View)] + Skin.String(Widget8_Display,Fanart)">Skin.SetString(Widget8_Display,Posters)</onleft>
		<onleft condition="!$EXP[Widget8_IsSquare] + Skin.String(Widget8_View,Showcase)">Skin.SetString(Widget8_View,Billboard)</onleft>
		<onleft condition="!$EXP[Widget8_IsSquare] + Skin.String(Widget8_View,Showcase) + !Skin.String(Widget8_Display,Fanart)">Skin.SetString(Widget8_Display,Fanart)</onleft>
		<onright condition="Skin.String(Widget8_View,Billboard)">Skin.SetString(Widget8_View,Showcase)</onright>
		<onright condition="Skin.String(Widget8_View,Billboard) + Skin.String(Widget8_Display,Fanart)">Skin.SetString(Widget8_Display,Posters)</onright>
		<onright condition="Skin.String(Widget8_View,Showcase)">Skin.SetString(Widget8_View,Strip)</onright>
		<onright condition="[Skin.String(Widget8_View,Strip) | !Skin.String(Widget8_View)]">Skin.SetString(Widget8_View,Grid)</onright>
	</include>
	<include name="skinsettings_Widget8_View_Unfocused_Slides">
		<animation effect="slide" end="40" time="0" condition="!$EXP[Widget8_IsSquare] + Skin.String(Widget8_View,Showcase)">Conditional</animation>
		<animation effect="slide" end="80" time="0" condition="!$EXP[Widget8_IsSquare] + [Skin.String(Widget8_View,Strip) | !Skin.String(Widget8_View)]">Conditional</animation>
		<animation effect="slide" end="60" time="0" condition="$EXP[Widget8_IsSquare] + [Skin.String(Widget8_View,Strip) | !Skin.String(Widget8_View)]">Conditional</animation>
		<animation effect="slide" end="120" time="0" condition="Skin.String(Widget8_View,Grid)">Conditional</animation>
	</include>
	<include name="skinsettings_Widget8_View_Focused_Slides">
		<animation effect="slide" end="37" time="0" condition="!$EXP[Widget8_IsSquare] + Skin.String(Widget8_View,Showcase)">Conditional</animation>
		<animation effect="slide" end="73" time="0" condition="!$EXP[Widget8_IsSquare] + [Skin.String(Widget8_View,Strip) | !Skin.String(Widget8_View)]">Conditional</animation>
		<animation effect="slide" end="55" time="0" condition="$EXP[Widget8_IsSquare] + [Skin.String(Widget8_View,Strip) | !Skin.String(Widget8_View)]">Conditional</animation>
		<animation effect="slide" end="110" time="0" condition="Skin.String(Widget8_View,Grid)">Conditional</animation>
	</include>
	<include name="skinsettings_Widget8_Display_Button_Conditions">
		<onleft condition="!Skin.String(Widget8_View,Showcase) + Skin.String(Widget8_Display,Square)">Skin.SetString(Widget8_Display,Fanart)</onleft>
		<onleft condition="Skin.String(Widget8_View,Showcase) + Skin.String(Widget8_Display,Square)">Skin.SetString(Widget8_Display,Posters)</onleft>
		<onleft condition="Skin.String(Widget8_Display,Fanart) + !Skin.String(Widget8_View,Grid)">Skin.SetString(Widget8_Display,Posters)</onleft>
		<onleft condition="Skin.String(Widget8_Display,Fanart) + Skin.String(Widget8_View,Grid)">Skin.SetString(Widget8_Display,Spotlight)</onleft>
		<onleft condition="Skin.String(Widget8_Display,Spotlight)">Skin.SetString(Widget8_Display,Posters)</onleft>
		<onright condition="!Skin.String(Widget8_View,Showcase) + !Skin.String(Widget8_View,Grid) + [Skin.String(Widget8_Display,Posters) | !Skin.String(Widget8_Display)]">Skin.SetString(Widget8_Display,Fanart)</onright>
		<onright condition="Skin.String(Widget8_View,Showcase) + [Skin.String(Widget8_Display,Posters) | !Skin.String(Widget8_Display)]">Skin.SetString(Widget8_Display,Square)</onright>
		<onright condition="Skin.String(Widget8_View,Grid) + [Skin.String(Widget8_Display,Posters) | !Skin.String(Widget8_Display)]">Skin.SetString(Widget8_Display,Spotlight)</onright>
		<onright condition="Skin.String(Widget8_Display,Spotlight)">Skin.SetString(Widget8_Display,Fanart)</onright>
		<onright condition="Skin.String(Widget8_Display,Fanart)">Skin.SetString(Widget8_Display,Square)</onright>
	</include>
	<include name="skinsettings_Widget8_Display_Unfocused_Slides">
		<animation effect="slide" end="60" time="0" condition="!Skin.String(Widget8_View,Showcase) + !Skin.String(Widget8_View,Grid) + Skin.String(Widget8_Display,Fanart)">Conditional</animation>
		<animation effect="slide" end="120" time="0" condition="!Skin.String(Widget8_View,Grid) + Skin.String(Widget8_Display,Square)">Conditional</animation>
		<animation effect="slide" end="40" time="0" condition="Skin.String(Widget8_View,Grid) + Skin.String(Widget8_Display,Spotlight)">Conditional</animation>
		<animation effect="slide" end="80" time="0" condition="Skin.String(Widget8_View,Grid) + Skin.String(Widget8_Display,Fanart)">Conditional</animation>
		<animation effect="slide" end="120" time="0" condition="Skin.String(Widget8_View,Grid) + Skin.String(Widget8_Display,Square)">Conditional</animation>
	</include>
	<include name="skinsettings_Widget8_Display_Focused_Slides">
		<animation effect="slide" end="37" time="0" condition="Skin.String(Widget8_View,Grid) + Skin.String(Widget8_Display,Spotlight)">Conditional</animation>
		<animation effect="slide" end="55" time="0" condition="!Skin.String(Widget8_View,Showcase) + !Skin.String(Widget8_View,Grid) + Skin.String(Widget8_Display,Fanart)">Conditional</animation>
		<animation effect="slide" end="73" time="0" condition="Skin.String(Widget8_View,Grid) + Skin.String(Widget8_Display,Fanart)">Conditional</animation>
		<animation effect="slide" end="110" time="0" condition="Skin.String(Widget8_Display,Square)">Conditional</animation>
	</include>

	<include name="skinsettings_Widget9_View_Button_Conditions">
		<onleft condition="Skin.String(Widget9_View,Grid)">Skin.SetString(Widget9_View,Strip)</onleft>
		<onleft condition="Skin.String(Widget9_View,Grid) + Skin.String(Widget9_Display,Spotlight)">Skin.SetString(Widget9_Display,Fanart)</onleft>
		<onleft condition="[Skin.String(Widget9_View,Strip) | !Skin.String(Widget9_View)]">Skin.SetString(Widget9_View,Showcase)</onleft>
		<onleft condition="[Skin.String(Widget9_View,Strip) | !Skin.String(Widget9_View)] + Skin.String(Widget9_Display,Fanart)">Skin.SetString(Widget9_Display,Posters)</onleft>
		<onleft condition="!$EXP[Widget9_IsSquare] + Skin.String(Widget9_View,Showcase)">Skin.SetString(Widget9_View,Billboard)</onleft>
		<onleft condition="!$EXP[Widget9_IsSquare] + Skin.String(Widget9_View,Showcase) + !Skin.String(Widget9_Display,Fanart)">Skin.SetString(Widget9_Display,Fanart)</onleft>
		<onright condition="Skin.String(Widget9_View,Billboard)">Skin.SetString(Widget9_View,Showcase)</onright>
		<onright condition="Skin.String(Widget9_View,Billboard) + Skin.String(Widget9_Display,Fanart)">Skin.SetString(Widget9_Display,Posters)</onright>
		<onright condition="Skin.String(Widget9_View,Showcase)">Skin.SetString(Widget9_View,Strip)</onright>
		<onright condition="[Skin.String(Widget9_View,Strip) | !Skin.String(Widget9_View)]">Skin.SetString(Widget9_View,Grid)</onright>
	</include>
	<include name="skinsettings_Widget9_View_Unfocused_Slides">
		<animation effect="slide" end="40" time="0" condition="!$EXP[Widget9_IsSquare] + Skin.String(Widget9_View,Showcase)">Conditional</animation>
		<animation effect="slide" end="80" time="0" condition="!$EXP[Widget9_IsSquare] + [Skin.String(Widget9_View,Strip) | !Skin.String(Widget9_View)]">Conditional</animation>
		<animation effect="slide" end="60" time="0" condition="$EXP[Widget9_IsSquare] + [Skin.String(Widget9_View,Strip) | !Skin.String(Widget9_View)]">Conditional</animation>
		<animation effect="slide" end="120" time="0" condition="Skin.String(Widget9_View,Grid)">Conditional</animation>
	</include>
	<include name="skinsettings_Widget9_View_Focused_Slides">
		<animation effect="slide" end="37" time="0" condition="!$EXP[Widget9_IsSquare] + Skin.String(Widget9_View,Showcase)">Conditional</animation>
		<animation effect="slide" end="73" time="0" condition="!$EXP[Widget9_IsSquare] + [Skin.String(Widget9_View,Strip) | !Skin.String(Widget9_View)]">Conditional</animation>
		<animation effect="slide" end="55" time="0" condition="$EXP[Widget9_IsSquare] + [Skin.String(Widget9_View,Strip) | !Skin.String(Widget9_View)]">Conditional</animation>
		<animation effect="slide" end="110" time="0" condition="Skin.String(Widget9_View,Grid)">Conditional</animation>
	</include>
	<include name="skinsettings_Widget9_Display_Button_Conditions">
		<onleft condition="!Skin.String(Widget9_View,Showcase) + Skin.String(Widget9_Display,Square)">Skin.SetString(Widget9_Display,Fanart)</onleft>
		<onleft condition="Skin.String(Widget9_View,Showcase) + Skin.String(Widget9_Display,Square)">Skin.SetString(Widget9_Display,Posters)</onleft>
		<onleft condition="Skin.String(Widget9_Display,Fanart) + !Skin.String(Widget9_View,Grid)">Skin.SetString(Widget9_Display,Posters)</onleft>
		<onleft condition="Skin.String(Widget9_Display,Fanart) + Skin.String(Widget9_View,Grid)">Skin.SetString(Widget9_Display,Spotlight)</onleft>
		<onleft condition="Skin.String(Widget9_Display,Spotlight)">Skin.SetString(Widget9_Display,Posters)</onleft>
		<onright condition="!Skin.String(Widget9_View,Showcase) + !Skin.String(Widget9_View,Grid) + [Skin.String(Widget9_Display,Posters) | !Skin.String(Widget9_Display)]">Skin.SetString(Widget9_Display,Fanart)</onright>
		<onright condition="Skin.String(Widget9_View,Showcase) + [Skin.String(Widget9_Display,Posters) | !Skin.String(Widget9_Display)]">Skin.SetString(Widget9_Display,Square)</onright>
		<onright condition="Skin.String(Widget9_View,Grid) + [Skin.String(Widget9_Display,Posters) | !Skin.String(Widget9_Display)]">Skin.SetString(Widget9_Display,Spotlight)</onright>
		<onright condition="Skin.String(Widget9_Display,Spotlight)">Skin.SetString(Widget9_Display,Fanart)</onright>
		<onright condition="Skin.String(Widget9_Display,Fanart)">Skin.SetString(Widget9_Display,Square)</onright>
	</include>
	<include name="skinsettings_Widget9_Display_Unfocused_Slides">
		<animation effect="slide" end="60" time="0" condition="!Skin.String(Widget9_View,Showcase) + !Skin.String(Widget9_View,Grid) + Skin.String(Widget9_Display,Fanart)">Conditional</animation>
		<animation effect="slide" end="120" time="0" condition="!Skin.String(Widget9_View,Grid) + Skin.String(Widget9_Display,Square)">Conditional</animation>
		<animation effect="slide" end="40" time="0" condition="Skin.String(Widget9_View,Grid) + Skin.String(Widget9_Display,Spotlight)">Conditional</animation>
		<animation effect="slide" end="80" time="0" condition="Skin.String(Widget9_View,Grid) + Skin.String(Widget9_Display,Fanart)">Conditional</animation>
		<animation effect="slide" end="120" time="0" condition="Skin.String(Widget9_View,Grid) + Skin.String(Widget9_Display,Square)">Conditional</animation>
	</include>
	<include name="skinsettings_Widget9_Display_Focused_Slides">
		<animation effect="slide" end="37" time="0" condition="Skin.String(Widget9_View,Grid) + Skin.String(Widget9_Display,Spotlight)">Conditional</animation>
		<animation effect="slide" end="55" time="0" condition="!Skin.String(Widget9_View,Showcase) + !Skin.String(Widget9_View,Grid) + Skin.String(Widget9_Display,Fanart)">Conditional</animation>
		<animation effect="slide" end="73" time="0" condition="Skin.String(Widget9_View,Grid) + Skin.String(Widget9_Display,Fanart)">Conditional</animation>
		<animation effect="slide" end="110" time="0" condition="Skin.String(Widget9_Display,Square)">Conditional</animation>
	</include>

</includes>