<?xml version="1.0" encoding="UTF-8"?>
<window type="dialog" id="1120">
	<onload condition="String.IsEqual(Window(home).Property(Multiart_Fadeout),true)">SetProperty(Multiart_Fadeout,delayed,home)</onload>
	<visible>Window.IsVisible(busydialog) | String.IsEqual(Window(home).Property(OptionsMenu),Active) | String.IsEqual(System.CurrentControlID,3100) | [Window.IsVisible(home) + Window.IsVisible(shutdownmenu)] | String.IsEqual(Window(home).Property(Trailer_Autoplay),true)</visible>
	<animation effect="fade" start="100" end="0" time="Default_Transition_4x">WindowClose</animation>
	<zorder>0</zorder>
	<controls/>
</window>