<?xml version="1.0" encoding="UTF-8"?>
<window>
	<!-- seekbar -->
	<visible>VideoPlayer.IsFullscreen | [Window.IsActive(visualisation) + !Window.IsVisible(1103) + [Player.ShowInfo | Window.IsActive(musicosd)]]</visible>
	<zorder>2</zorder>
	<controls>
		<include content="seekbar_Hidden" />
		<include content="Default_NoPanel_Layout">
			<include content="WindowOpenClose_Fade_Delayed_Animation" />
			<param name="visible" value="!Window.IsVisible(shutdownmenu)" />
			<param name="visible_animation" value="Visible_Fade_Delayed_Animation" />
			<include content="seekbar_Video" condition="Player.HasVideo" />
			<include content="seekbar_Music" condition="Player.HasAudio" />
		</include>
	</controls>
</window>