<?xml version="1.0" encoding="UTF-8"?>
<window>
	<!-- mediasource -->
	<defaultcontrol always="true">11</defaultcontrol>
	<backgroundcolor>$VAR[Dark_Color]</backgroundcolor>
	<zorder>2</zorder>
	<controls>
		<include content="mediasource_Hidden" />
		<include content="Default_Dialog_Panel_Layout">
			<param name="visible" value="![Window.IsVisible(shutdownmenu) | Window.IsVisible(sliderdialog) | Window.IsVisible(selectdialog) | Window.IsVisible(filebrowser) | Window.IsVisible(subtitlesearch) | Window.IsVisible(virtualkeyboard)]" />
			<include content="Breadcrumb_Label">
				<param name="title_label_id" value="2" />
			</include>
			<include content="Settings_List_Template">
				<param name="id" value="10" />
				<param name="embedded_buttons" value="true" />
				<param name="left" value="360" />
				<param name="width" value="1200" />
				<param name="top" value="300" />
				<param name="height" value="270" />
				<param name="onup" value="4000" />
				<param name="ondown" value="12" />
				<param name="focus_border_visible" value="Control.HasFocus(10) | Control.HasFocus(11) | Control.HasFocus(13) | Control.HasFocus(14)" />
				<param name="focus_color" value="$VAR[mediasource_Focus_Color]" />
				<param name="focus_border_margin_left" value="0" />
				<param name="focus_border_margin_right" vaue="0" />
				<onleft>14</onleft>
				<onright>11</onright>
			</include>
			<include content="Dialog_Divider_With_Scrollbar">
				<param name="left" value="360" />
				<param name="height" value="270" />
				<param name="scrollbarvisible" value="Control.HasFocus(10) | Control.HasFocus(11) | Control.HasFocus(13) | Control.HasFocus(14)" />
				<param name="scrollbaralignleft" value="true" />
				<animation effect="slide" end="0,-105" time="0" condition="true">Conditional</animation>
			</include>
			<control type="edit" id="12">
				<top>690</top>
				<height>90</height>
				<centerleft>50%</centerleft>
				<width>1200</width>
				<hinttext>1022</hinttext>
				<onup>11</onup>
				<ondown>4000</ondown>
			</control>
			<include content="Button_Group_Template">
				<param name="ondown" value="10" />
				<param name="onup" value="12" />
				<param name="color" value="$VAR[Light_Color]" />
				<param name="unfocused_color" value="$VAR[Light_Color]" />
				<param name="button1" value="true" />
				<param name="button1_id" value="19" />
				<param name="button2" value="true" />
				<param name="button2_id" value="18" />
			</include>
		</include>
	</controls>
</window>