<?xml version="1.0" encoding="UTF-8"?>
<includes>

	<include name="Artwork_Transition_Fade">
		<param name="visible" default="true" />
		<param name="target_id" />
		<param name="width" default="100%" />
		<param name="height" default="100%" />
		<param name="art_icon" default="Thumbnail" />
		<param name="fallback" default="fallback.png" />
		<param name="aspectratio" default="scale" />
		<param name="art_diffuse" default="!$EXP[ListView_Display_IsThumbnails] | Window.Is(videoplaylist)" />
		<param name="include_progress" default="false" />
		<param name="kenburns" default="false" />
		<definition>
			<control type="group">
				<visible>$PARAM[visible]</visible>
				<width>$PARAM[width]</width>
				<height>$PARAM[height]</height>
				<centertop>50%</centertop>
				<nested />
				<include content="Icon_Art">
					<param name="texture" value="$VAR[$PARAM[art_icon](0)Content]" />
					<param name="aspectratio" value="$PARAM[aspectratio]" />
					<param name="fallback" value="$PARAM[fallback]" />
					<param name="art_diffuse" value="$PARAM[art_diffuse]" />
					<param name="now_playing" value="false" />
					<param name="fadetime" value="0" />
					<param name="fade_on_dialog" value="false" />
					<include content="Ken_Burns_Effect_Animation" condition="$PARAM[kenburns]" />
					<include content="Secondary_List_Scroll_Animation" />
				</include>
				<include content="Icon_Art">
					<param name="texture" value="$VAR[$PARAM[art_icon](0)Content]" />
					<param name="aspectratio" value="$PARAM[aspectratio]" />
					<param name="fallback" value="$PARAM[fallback]" />
					<param name="art_diffuse" value="$PARAM[art_diffuse]" />
					<param name="now_playing" value="false" />
					<param name="fadetime" value="Default_Transition_1x" />
					<param name="fade_on_dialog" value="false" />
					<include content="Ken_Burns_Effect_Animation" condition="$PARAM[kenburns]" />
					<include content="Secondary_List_Scroll_Animation" />
				</include>
				<include content="Icon_Component_Indicator" condition="Skin.HasSetting(Secondary_List_Enabled)">
					<param name="visible" value="Container($PARAM[target_id]).ListItemNoWrap($PARAM[position]).IsCollection | [Container($PARAM[target_id]).ListItemNoWrap($PARAM[position]).HasVideoVersions + !String.IsEqual(Container($PARAM[target_id]).FolderName,Container.ListItemNoWrap($PARAM[position]).Title)]" />
					<include content="Secondary_List_Scroll_Animation" />
				</include>
				<!-- Progress overlay -->
				<include content="Icon_Component_Progress_Overlay" condition="$PARAM[include_progress] + [Window.Is(home) | Window.Is(videos) | Window.Is(movieinformation)]">
					<param name="visible" value="!String.IsEmpty(Container($PARAM[target_id]).ListItemNoWrap($PARAM[position]).Label)" />
				</include>
			</control>
		</definition>
	</include>

	<include name="ListView_Layout_Thumbnails">
		<param name="condition" default="$EXP[ListView_Display_IsThumbnails]" />
		<definition>
			<itemlayout height="60" width="1140" condition="$PARAM[condition]">
				<include content="Common_List_Unfocused">
					<param name="label_left" value="90" />
					<param name="label_maxwidth" value="840" />
				</include>
			</itemlayout>
			<focusedlayout height="60" width="1140" condition="$PARAM[condition]">
				<include content="Common_List_Focused">
					<param name="label_left" value="90" />
					<param name="label_maxwidth" value="990" />
				</include>
			</focusedlayout>
		</definition>
	</include>

	<include name="ListView_Layout_Background">
		<param name="condition" default="$EXP[ListView_Display_IsBackground]" />
		<param name="label_left" default="120" />
		<param name="unfocused_label_maxwidth" default="1080" />
		<param name="focused_label_maxwidth" default="1200" />
		<param name="icon_slide" default="-900" />
		<param name="music_rating_slide" default="870" />
		<definition>
			<itemlayout height="60" width="1920" condition="$PARAM[condition]">
				<include content="Common_List_Unfocused">
					<param name="label_left" value="$PARAM[label_left]" />
					<param name="label_maxwidth" value="$PARAM[unfocused_label_maxwidth]" />
					<param name="icon_slide" value="$PARAM[icon_slide]" />
					<param name="music_rating_slide" value="$PARAM[music_rating_slide]" />
					<param name="music_rating_color" value="$VAR[Light_Color]" />
				</include>
			</itemlayout>
			<focusedlayout height="60" width="1920" condition="$PARAM[condition]">
				<include content="Common_List_Focused">
					<param name="label_left" value="$PARAM[label_left]" />
					<param name="label_maxwidth" value="$PARAM[focused_label_maxwidth]" />
					<param name="icon_slide" value="$PARAM[icon_slide]" />
					<param name="music_rating_slide" value="$PARAM[music_rating_slide]" />
					<param name="music_rating_color" value="$VAR[Light_Color]" />
				</include>
			</focusedlayout>
		</definition>
	</include>

	<include name="ListView_Layout_addonbrowser">
		<itemlayout height="60" width="1140">
			<include content="Common_List_Unfocused">
				<param name="label_left" value="90" />
				<param name="label_maxwidth" value="840" />
				<param name="list_icon" value="true" />
				<param name="list_icon_texture" value="Special_Addonbrowser_unfocused" />
			</include>
		</itemlayout>
		<focusedlayout height="60" width="1140">
			<include content="Common_List_Focused">
				<param name="label_left" value="90" />
				<param name="label_maxwidth" value="990" />
				<param name="list_icon" value="true" />
				<param name="list_icon_texture" value="Special_Addonbrowser_focused" />
			</include>
		</focusedlayout>
	</include>

	<include name="ListView_Layout_videos">
		<include content="ListView_Layout_Thumbnails" />
		<include content="ListView_Layout_Background" />
	</include>

	<include name="ListView_Layout_music">
		<itemlayout height="60" width="1140" condition="$EXP[ListView_Display_IsThumbnails] + Container.Content(songs)">
			<include content="Common_List_Unfocused">
				<param name="label_left" value="90" />
				<param name="label_maxwidth" value="840" />
			</include>
		</itemlayout>
		<focusedlayout height="60" width="1140" condition="$EXP[ListView_Display_IsThumbnails] + Container.Content(songs)">
			<include content="Common_List_Focused">
				<param name="label_left" value="90" />
				<param name="label_maxwidth" value="840" />
			</include>
		</focusedlayout>
		<include content="ListView_Layout_Thumbnails">
			<param name="condition" value="$EXP[ListView_Display_IsThumbnails] + !Container.Content(songs)" />
		</include>
		<include content="ListView_Layout_Background" />
	</include>

	<include name="ListView_Layout_pictures">
		<itemlayout height="60" width="1140">
			<include content="Simple_List_Layout">
				<param name="label_left" value="60" />
				<param name="label_maxwidth" value="900" />
			</include>
		</itemlayout>
		<focusedlayout height="60" width="1140">
			<include content="Common_List_Focused">
				<param name="label_left" value="60" />
				<param name="label_maxwidth" value="1020" />
			</include>
		</focusedlayout>
	</include>

	<include name="ListView_Layout_tvsearch">
		<include content="ListView_Layout_Background">
			<param name="condition" value="true" />
		</include>
	</include>

	<include name="ListView_Layout_videoplaylist">
		<include content="ListView_Layout_Background">
			<param name="condition" value="true" />
		</include>
	</include>

</includes>