<?xml version="1.0" encoding="UTF-8"?>
<window>
	<!-- videoosd -->
	<onload condition="!String.IsEmpty(window(videoosd).property(VideoOSD_Controls))">ClearProperty(VideoOSD_Controls,videoosd)</onload>
	<onunload condition="!String.IsEmpty(window(videoosd).property(VideoOSD_Controls))">ClearProperty(VideoOSD_Controls,videoosd)</onunload>
	<onload condition="!Skin.TimerIsRunning(video_playback_label_interruptor)">Skin.TimerStart(video_playback_label_interruptor)</onload>
	<defaultcontrol always="true">4</defaultcontrol>
	<zorder>3</zorder>
	<controls>
		<include content="OSD_Template">
			<param name="breadcrumb_color" value="$VAR[Light_Color]" />
			<param name="windowname" value="videoosd" />
			<control type="button" id="4023">
				<visible allowhiddenfocus="true">false</visible>
				<description>Rating control</description>
				<onup>4021</onup>
				<ondown>4022</ondown>
				<onback>Dialog.Close(all,true)</onback>
			</control>
			<include content="Infoscreen_Stars" condition="VideoPlayer.IsFullscreen">
				<param name="parent_id" value="4023" />
				<param name="type" value="VideoPlayer" />
			</include>
		</include>
	</controls>
</window>