<?xml version="1.0" encoding="UTF-8"?>
<window>
	<!-- musicinformation -->
	<include content="musicinformation_OnLoadUnload" />
	<defaultcontrol always="true">4010</defaultcontrol>
	<backgroundcolor>$VAR[Secondary_Color]</backgroundcolor>
	<include content="WindowOpenClose_Fade_Delayed_Long_Animation" />
	<controls>
		<include content="Infoscreen_Header_Template">
			<param name="windowname" value="musicinformation" />
			<param name="visible" value="![Window.Is(songinformation) + Window.IsActive(musicinformation)]" />
			<param name="default_control" value="SetFocus(97)" />
			<include content="Infoscreen_Header" condition="String.IsEqual(ListItem.DBType,artist)">
				<param name="visible" value="ControlGroup(3000).HasFocus(97) | ControlGroup(3000).HasFocus(6) | $EXP[Hidden_Focus_Setter]" />
				<param name="left" value="120" />
				<param name="right" value="120" />
				<param name="align" value="center" />
			</include>
			<include content="Infoscreen_Header" condition="!String.IsEqual(ListItem.DBType,artist)">
				<param name="visible" value="ControlGroup(3000).HasFocus(97) | ControlGroup(3000).HasFocus(6) | $EXP[Hidden_Focus_Setter]" />
				<param name="left" value="780" />
				<param name="right" value="120" />
				<param name="align" value="left" />
			</include>
			<include content="Infoscreen_Plot" condition="String.IsEqual(ListItem.DBType,album)">
				<param name="visible" value="ControlGroup(3000).HasFocus(99)" />
				<param name="left" value="780" />
				<param name="right" value="120" />
				<param name="align" value="left" />
				<param name="font" value="Plot_Panel" />
			</include>
			<include content="Infoscreen_Plot" condition="String.IsEqual(ListItem.DBType,artist)">
				<param name="visible" value="ControlGroup(3000).HasFocus(99)" />
				<param name="left" value="240" />
				<param name="right" value="240" />
				<param name="align" value="center" />
				<param name="font" value="Plot_Fullscreen" />
			</include>
			<include content="Simple_List" condition="String.IsEqual(ListItem.DBType,album)">
				<param name="id" value="3100" />
				<param name="visible" value="ControlGroup(3000).HasFocus(98)" />
				<param name="layout" value="Common" />
				<param name="left" value="720" />
				<param name="width" value="1080" />
				<param name="label_left" value="120" />
				<param name="label_maxwidth" value="960" />
				<param name="now_playing" value="true" />
				<param name="icon_slide" value="-480" />
				<param name="music_rating_slide" value="540" />
				<param name="label" value="$INFO[ListItem.Label]" />
				<param name="selectedcolor" value="$VAR[Light_Color]" />
				<include content="Visible_Fade_Delayed_Animation" />
				<onclick condition="System.AddonIsEnabled(script.embuary.helper)">RunScript(script.embuary.helper,action=playall,id=3100,type=music,method=fromhere)</onclick>
				<content>musicdb://albums/$INFO[ListItem.DBID]/</content>
			</include>
			<include content="Infoscreen_Stars" condition="!String.IsEqual(ListItem.DBType,artist)">
				<param name="visible" value="ControlGroup(3000).HasFocus(7)" />
				<param name="itemgap" value="30" />
				<param name="starheight" value="60" />
			</include>
			<control type="textbox">
				<visible>ControlGroup(3000).HasFocus(12) + String.IsEqual(ListItem.DBType,album)</visible>
				<include content="Visible_Fade_Delayed_Animation" />
				<width>1680</width>
				<centerleft>50%</centerleft>
				<height max="146">auto</height>
				<centertop>50%</centertop>
				<font>Billboard_Title</font>
				<textcolor>$VAR[Light_Color]</textcolor>
				<label>$INFO[ListItem.Artist]</label>
				<align>left</align>
			</control>
			<control type="label">
				<visible>ControlGroup(3000).HasFocus(12) + String.IsEqual(ListItem.DBType,song)</visible>
				<width>1440</width>
				<centerleft>50%</centerleft>
				<height>52</height>
				<top>964</top>
				<font>Strip_Title</font>
				<textcolor>$VAR[Primary_Color]</textcolor>
				<label>$INFO[ListItem.Album]</label>
				<align>center</align>
				<aligny>center</aligny>
				<scroll>false</scroll>
			</control>
		</include>
		<include content="Infoscreen_Furniture_Template">
			<include content="Infoscreen_Widget_3201_MostPlayed" condition="!String.IsEqual(ListItem.DBType,album)" />
			<include content="Infoscreen_Widget_3202_Discography" />
			<include content="Infoscreen_Widget_3207_SimilarArtists" condition="String.IsEqual(ListItem.DBType,artist)" />
			<include content="Infoscreen_Widget_3207_SimilarAlbums" condition="!String.IsEqual(ListItem.DBType,artist)" />
			<include content="DialogMusicInfo_Scrollbar" />
		</include>
	</controls>
</window>