<?xml version="1.0" encoding="UTF-8"?>
<window type="dialog" id="1198">
	<visible>false</visible>
	<zorder>99</zorder>
	<controls>
		<control type="image">
			<texture colordiffuse="dd000000">views/white_100.png</texture>
		</control>
		<control type="grouplist">
			<width>40%</width>
			<left>10%</left>
			<control type="label">
				<label>Origin: [B]$INFO[Window(home).Property(Origin)][/B]</label>
			</control>
			<control type="label">
				<label>Breadcrumb_GoToNext: [B]$INFO[Window(musicinformation).Property(Breadcrumb_GoToNext)][/B]</label>
			</control>
			<control type="label">
				<label>Breadcrumb_GoToPrevious: [B]$INFO[Window(musicinformation).Property(Breadcrumb_GoToPrevious)][/B]</label>
			</control>
			<control type="label">
				<label>Breadcrumb_Level: [B]$INFO[Window(musicinformation).Property(Breadcrumb_Level)][/B]</label>
			</control>
			<control type="label">
				<label>SentFromInfo: [B]$INFO[Window(musicinformation).Property(SentFromInfo)][/B]</label>
			</control>
			<control type="label">
				<label>Infoscreen_Transition: [B]$INFO[Window(home).Property(Infoscreen_Transition)][/B]</label>
			</control>
		</control>
		<control type="grouplist">
			<width>40%</width>
			<right>10%</right>
			<control type="label">
				<label>ContainerPath_1: [B]$INFO[Window(musicinformation).Property(ContainerPath_1)][/B]</label>
			</control>
			<control type="label">
				<label>ContainerPath_2: [B]$INFO[Window(musicinformation).Property(ContainerPath_2)][/B]</label>
			</control>
			<control type="label">
				<label>ContainerPath_3: [B]$INFO[Window(musicinformation).Property(ContainerPath_3)][/B]</label>
			</control>
			<control type="label">
				<label>ContainerPath_4: [B]$INFO[Window(musicinformation).Property(ContainerPath_4)][/B]</label>
			</control>
			<control type="label">
				<label>ContainerPath_5: [B]$INFO[Window(musicinformation).Property(ContainerPath_5)][/B]</label>
			</control>
			<control type="label">
				<label>ContainerPath_6: [B]$INFO[Window(musicinformation).Property(ContainerPath_6)][/B]</label>
			</control>
			<control type="label">
				<label>ContainerPath_7: [B]$INFO[Window(musicinformation).Property(ContainerPath_7)][/B]</label>
			</control>
			<control type="label">
				<label>ContainerPath_8: [B]$INFO[Window(musicinformation).Property(ContainerPath_8)][/B]</label>
			</control>
			<control type="label">
				<label>ContainerPath_9: [B]$INFO[Window(musicinformation).Property(ContainerPath_9)][/B]</label>
			</control>
			<control type="label">
				<label>ContainerPath_10: [B]$INFO[Window(musicinformation).Property(ContainerPath_10)][/B]</label>
			</control>
		</control>
	</controls>
</window>