<?xml version="1.0" encoding="UTF-8"?>
<includes>

	<variable name="Infoscreen_Widget_Cast_Label">
		<!-- Featuring / Cast -->
		<value condition="String.IsEqual(ListItem.DBType,musicvideo)">$LOCALIZE[31222]</value>
		<value>$LOCALIZE[206]</value>
	</variable>
	<variable name="Infoscreen_Widget_Discography_Label">
		<value condition="String.IsEqual(ListItem.DBType,artist)">$LOCALIZE[21888]</value>
		<value condition="String.IsEqual(ListItem.DBType,album)">$INFO[ListItem.AlbumArtist,$LOCALIZE[31219] ]</value>
		<value condition="String.IsEqual(ListItem.DBType,song)">$INFO[ListItem.Artist,$LOCALIZE[31219] ]</value>
	</variable>

	<variable name="Infoscreen_Widget_Episodes_Label">
		<value condition="String.IsEqual(Container.FolderName,ListItem.TVShowTitle)">$INFO[Window(home).Property(Season_Number),$LOCALIZE[31217] ]</value>
		<value>$INFO[ListItem.Season,$LOCALIZE[31216] ]</value>
	</variable>

	<variable name="Infoscreen_Widget_MusicVideos_Label">
		<value condition="String.IsEqual(ListItem.DBType,artist)">$INFO[ListItem.Artist]</value>
		<value condition="String.IsEqual(ListItem.DBType,album)">$INFO[ListItem.Album]</value>
		<value condition="String.IsEqual(ListItem.DBType,song)">$INFO[ListItem.Title]</value>
	</variable>

	<variable name="Infoscreen_Widget_SimilarAlbums_Label">
		<value condition="String.IsEqual(Window(home).Property(RandomGenre),Soundtrack)">$LOCALIZE[31220]</value>
		<value condition="!String.IsEmpty(Window(home).Property(RandomGenre))">$INFO[Window(home).Property(RandomGenre)]</value>
		<value>$LOCALIZE[31221]</value>
	</variable>

	<variable name="Widget1_Content">
		<value condition="Skin.HasSetting(Widget1_Content_Disabled)">$LOCALIZE[1223]</value>
		<value condition="Skin.HasSetting(Widget1_Content_InProgress)">$LOCALIZE[31200]</value>
		<value condition="Skin.HasSetting(Widget1_Content_NextUp)">$LOCALIZE[31201]</value>
		<value condition="Skin.HasSetting(Widget1_Content_LatestMovies)">$LOCALIZE[31202]</value>
		<value condition="Skin.HasSetting(Widget1_Content_LatestTVShows)">$LOCALIZE[31203]</value>
		<value condition="Skin.HasSetting(Widget1_Content_RandomMovies)">$LOCALIZE[31204]</value>
		<value condition="Skin.HasSetting(Widget1_Content_RandomTVShows)">$LOCALIZE[31205]</value>
		<value condition="Skin.HasSetting(Widget1_Content_LatestAlbums)">$LOCALIZE[31206]</value>
		<value condition="Skin.HasSetting(Widget1_Content_RecentAlbums)">$LOCALIZE[31207]</value>
		<value condition="Skin.HasSetting(Widget1_Content_RandomAlbums)">$LOCALIZE[31208]</value>
		<value condition="Skin.HasSetting(Widget1_Content_LikedSongs)">$LOCALIZE[31209]</value>
		<value condition="Skin.HasSetting(Widget1_Content_Favourites)">$LOCALIZE[1036]</value>
		<value condition="Skin.HasSetting(Widget1_Content_Custom)">$LOCALIZE[31210]</value>
	</variable>
	<variable name="Widget1_View">
		<value condition="Skin.HasSetting(Widget1_Content_Disabled)" />
		<value condition="Skin.String(Widget1_View,Billboard)">$LOCALIZE[31001]</value>
		<value condition="Skin.String(Widget1_View,Showcase)">$LOCALIZE[31002]</value>
		<value condition="Skin.String(Widget1_View,Strip)">$LOCALIZE[31003]</value>
		<value condition="Skin.String(Widget1_View,Grid)">$LOCALIZE[31004]</value>
	</variable>
	<variable name="Widget1_Display">
		<value condition="Skin.HasSetting(Widget1_Content_Disabled)" />
		<value condition="Skin.String(Widget1_Display,Square)">$LOCALIZE[31008]</value>
		<value condition="Skin.String(Widget1_Display,Fanart)">$LOCALIZE[31007]</value>
		<value condition="Skin.String(Widget1_Display,Posters)">$LOCALIZE[31006]</value>
	</variable>
	<variable name="Widget2_Content">
		<value condition="Skin.HasSetting(Widget2_Content_Disabled)">$LOCALIZE[1223]</value>
		<value condition="Skin.HasSetting(Widget2_Content_InProgress)">$LOCALIZE[31200]</value>
		<value condition="Skin.HasSetting(Widget2_Content_NextUp)">$LOCALIZE[31201]</value>
		<value condition="Skin.HasSetting(Widget2_Content_LatestMovies)">$LOCALIZE[31202]</value>
		<value condition="Skin.HasSetting(Widget2_Content_LatestTVShows)">$LOCALIZE[31203]</value>
		<value condition="Skin.HasSetting(Widget2_Content_RandomMovies)">$LOCALIZE[31204]</value>
		<value condition="Skin.HasSetting(Widget2_Content_RandomTVShows)">$LOCALIZE[31205]</value>
		<value condition="Skin.HasSetting(Widget2_Content_LatestAlbums)">$LOCALIZE[31206]</value>
		<value condition="Skin.HasSetting(Widget2_Content_RecentAlbums)">$LOCALIZE[31207]</value>
		<value condition="Skin.HasSetting(Widget2_Content_RandomAlbums)">$LOCALIZE[31208]</value>
		<value condition="Skin.HasSetting(Widget2_Content_LikedSongs)">$LOCALIZE[31209]</value>
		<value condition="Skin.HasSetting(Widget2_Content_Favourites)">$LOCALIZE[1036]</value>
		<value condition="Skin.HasSetting(Widget2_Content_Custom)">$LOCALIZE[31210]</value>
	</variable>
	<variable name="Widget2_View">
		<value condition="Skin.HasSetting(Widget2_Content_Disabled)" />
		<value condition="Skin.String(Widget2_View,Billboard)">$LOCALIZE[31001]</value>
		<value condition="Skin.String(Widget2_View,Showcase)">$LOCALIZE[31002]</value>
		<value condition="Skin.String(Widget2_View,Strip)">$LOCALIZE[31003]</value>
		<value condition="Skin.String(Widget2_View,Grid)">$LOCALIZE[31004]</value>
	</variable>
	<variable name="Widget2_Display">
		<value condition="Skin.HasSetting(Widget2_Content_Disabled)" />
		<value condition="Skin.String(Widget2_Display,Square)">$LOCALIZE[31008]</value>
		<value condition="Skin.String(Widget2_Display,Fanart)">$LOCALIZE[31007]</value>
		<value condition="Skin.String(Widget2_Display,Posters)">$LOCALIZE[31006]</value>
	</variable>
	<variable name="Widget3_Content">
		<value condition="Skin.HasSetting(Widget3_Content_Disabled)">$LOCALIZE[1223]</value>
		<value condition="Skin.HasSetting(Widget3_Content_InProgress)">$LOCALIZE[31200]</value>
		<value condition="Skin.HasSetting(Widget3_Content_NextUp)">$LOCALIZE[31201]</value>
		<value condition="Skin.HasSetting(Widget3_Content_LatestMovies)">$LOCALIZE[31202]</value>
		<value condition="Skin.HasSetting(Widget3_Content_LatestTVShows)">$LOCALIZE[31203]</value>
		<value condition="Skin.HasSetting(Widget3_Content_RandomMovies)">$LOCALIZE[31204]</value>
		<value condition="Skin.HasSetting(Widget3_Content_RandomTVShows)">$LOCALIZE[31205]</value>
		<value condition="Skin.HasSetting(Widget3_Content_LatestAlbums)">$LOCALIZE[31206]</value>
		<value condition="Skin.HasSetting(Widget3_Content_RecentAlbums)">$LOCALIZE[31207]</value>
		<value condition="Skin.HasSetting(Widget3_Content_RandomAlbums)">$LOCALIZE[31208]</value>
		<value condition="Skin.HasSetting(Widget3_Content_LikedSongs)">$LOCALIZE[31209]</value>
		<value condition="Skin.HasSetting(Widget3_Content_Favourites)">$LOCALIZE[1036]</value>
		<value condition="Skin.HasSetting(Widget3_Content_Custom)">$LOCALIZE[31210]</value>
	</variable>
	<variable name="Widget3_View">
		<value condition="Skin.HasSetting(Widget3_Content_Disabled)" />
		<value condition="Skin.String(Widget3_View,Billboard)">$LOCALIZE[31001]</value>
		<value condition="Skin.String(Widget3_View,Showcase)">$LOCALIZE[31002]</value>
		<value condition="Skin.String(Widget3_View,Strip)">$LOCALIZE[31003]</value>
		<value condition="Skin.String(Widget3_View,Grid)">$LOCALIZE[31004]</value>
	</variable>
	<variable name="Widget3_Display">
		<value condition="Skin.HasSetting(Widget3_Content_Disabled)" />
		<value condition="Skin.String(Widget3_Display,Square)">$LOCALIZE[31008]</value>
		<value condition="Skin.String(Widget3_Display,Fanart)">$LOCALIZE[31007]</value>
		<value condition="Skin.String(Widget3_Display,Posters)">$LOCALIZE[31006]</value>
	</variable>
	<variable name="Widget4_Content">
		<value condition="Skin.HasSetting(Widget4_Content_Disabled)">$LOCALIZE[1223]</value>
		<value condition="Skin.HasSetting(Widget4_Content_InProgress)">$LOCALIZE[31200]</value>
		<value condition="Skin.HasSetting(Widget4_Content_NextUp)">$LOCALIZE[31201]</value>
		<value condition="Skin.HasSetting(Widget4_Content_LatestMovies)">$LOCALIZE[31202]</value>
		<value condition="Skin.HasSetting(Widget4_Content_LatestTVShows)">$LOCALIZE[31203]</value>
		<value condition="Skin.HasSetting(Widget4_Content_RandomMovies)">$LOCALIZE[31204]</value>
		<value condition="Skin.HasSetting(Widget4_Content_RandomTVShows)">$LOCALIZE[31205]</value>
		<value condition="Skin.HasSetting(Widget4_Content_LatestAlbums)">$LOCALIZE[31206]</value>
		<value condition="Skin.HasSetting(Widget4_Content_RecentAlbums)">$LOCALIZE[31207]</value>
		<value condition="Skin.HasSetting(Widget4_Content_RandomAlbums)">$LOCALIZE[31208]</value>
		<value condition="Skin.HasSetting(Widget4_Content_LikedSongs)">$LOCALIZE[31209]</value>
		<value condition="Skin.HasSetting(Widget4_Content_Favourites)">$LOCALIZE[1036]</value>
		<value condition="Skin.HasSetting(Widget4_Content_Custom)">$LOCALIZE[31210]</value>
	</variable>
	<variable name="Widget4_View">
		<value condition="Skin.HasSetting(Widget4_Content_Disabled)" />
		<value condition="Skin.String(Widget4_View,Billboard)">$LOCALIZE[31001]</value>
		<value condition="Skin.String(Widget4_View,Showcase)">$LOCALIZE[31002]</value>
		<value condition="Skin.String(Widget4_View,Strip)">$LOCALIZE[31003]</value>
		<value condition="Skin.String(Widget4_View,Grid)">$LOCALIZE[31004]</value>
	</variable>
	<variable name="Widget4_Display">
		<value condition="Skin.HasSetting(Widget4_Content_Disabled)" />
		<value condition="Skin.String(Widget4_Display,Square)">$LOCALIZE[31008]</value>
		<value condition="Skin.String(Widget4_Display,Fanart)">$LOCALIZE[31007]</value>
		<value condition="Skin.String(Widget4_Display,Posters)">$LOCALIZE[31006]</value>
	</variable>
	<variable name="Widget5_Content">
		<value condition="Skin.HasSetting(Widget5_Content_Disabled)">$LOCALIZE[1223]</value>
		<value condition="Skin.HasSetting(Widget5_Content_InProgress)">$LOCALIZE[31200]</value>
		<value condition="Skin.HasSetting(Widget5_Content_NextUp)">$LOCALIZE[31201]</value>
		<value condition="Skin.HasSetting(Widget5_Content_LatestMovies)">$LOCALIZE[31202]</value>
		<value condition="Skin.HasSetting(Widget5_Content_LatestTVShows)">$LOCALIZE[31203]</value>
		<value condition="Skin.HasSetting(Widget5_Content_RandomMovies)">$LOCALIZE[31204]</value>
		<value condition="Skin.HasSetting(Widget5_Content_RandomTVShows)">$LOCALIZE[31205]</value>
		<value condition="Skin.HasSetting(Widget5_Content_LatestAlbums)">$LOCALIZE[31206]</value>
		<value condition="Skin.HasSetting(Widget5_Content_RecentAlbums)">$LOCALIZE[31207]</value>
		<value condition="Skin.HasSetting(Widget5_Content_RandomAlbums)">$LOCALIZE[31208]</value>
		<value condition="Skin.HasSetting(Widget5_Content_LikedSongs)">$LOCALIZE[31209]</value>
		<value condition="Skin.HasSetting(Widget5_Content_Favourites)">$LOCALIZE[1036]</value>
		<value condition="Skin.HasSetting(Widget5_Content_Custom)">$LOCALIZE[31210]</value>
	</variable>
	<variable name="Widget5_View">
		<value condition="Skin.HasSetting(Widget5_Content_Disabled)" />
		<value condition="Skin.String(Widget5_View,Billboard)">$LOCALIZE[31001]</value>
		<value condition="Skin.String(Widget5_View,Showcase)">$LOCALIZE[31002]</value>
		<value condition="Skin.String(Widget5_View,Strip)">$LOCALIZE[31003]</value>
		<value condition="Skin.String(Widget5_View,Grid)">$LOCALIZE[31004]</value>
	</variable>
	<variable name="Widget5_Display">
		<value condition="Skin.HasSetting(Widget5_Content_Disabled)" />
		<value condition="Skin.String(Widget5_Display,Square)">$LOCALIZE[31008]</value>
		<value condition="Skin.String(Widget5_Display,Fanart)">$LOCALIZE[31007]</value>
		<value condition="Skin.String(Widget5_Display,Posters)">$LOCALIZE[31006]</value>
	</variable>
	<variable name="Widget6_Content">
		<value condition="Skin.HasSetting(Widget6_Content_Disabled)">$LOCALIZE[1223]</value>
		<value condition="Skin.HasSetting(Widget6_Content_InProgress)">$LOCALIZE[31200]</value>
		<value condition="Skin.HasSetting(Widget6_Content_NextUp)">$LOCALIZE[31201]</value>
		<value condition="Skin.HasSetting(Widget6_Content_LatestMovies)">$LOCALIZE[31202]</value>
		<value condition="Skin.HasSetting(Widget6_Content_LatestTVShows)">$LOCALIZE[31203]</value>
		<value condition="Skin.HasSetting(Widget6_Content_RandomMovies)">$LOCALIZE[31204]</value>
		<value condition="Skin.HasSetting(Widget6_Content_RandomTVShows)">$LOCALIZE[31205]</value>
		<value condition="Skin.HasSetting(Widget6_Content_LatestAlbums)">$LOCALIZE[31206]</value>
		<value condition="Skin.HasSetting(Widget6_Content_RecentAlbums)">$LOCALIZE[31207]</value>
		<value condition="Skin.HasSetting(Widget6_Content_RandomAlbums)">$LOCALIZE[31208]</value>
		<value condition="Skin.HasSetting(Widget6_Content_LikedSongs)">$LOCALIZE[31209]</value>
		<value condition="Skin.HasSetting(Widget6_Content_Favourites)">$LOCALIZE[1036]</value>
		<value condition="Skin.HasSetting(Widget6_Content_Custom)">$LOCALIZE[31210]</value>
	</variable>
	<variable name="Widget6_View">
		<value condition="Skin.HasSetting(Widget6_Content_Disabled)" />
		<value condition="Skin.String(Widget6_View,Billboard)">$LOCALIZE[31001]</value>
		<value condition="Skin.String(Widget6_View,Showcase)">$LOCALIZE[31002]</value>
		<value condition="Skin.String(Widget6_View,Strip)">$LOCALIZE[31003]</value>
		<value condition="Skin.String(Widget6_View,Grid)">$LOCALIZE[31004]</value>
	</variable>
	<variable name="Widget6_Display">
		<value condition="Skin.HasSetting(Widget6_Content_Disabled)" />
		<value condition="Skin.String(Widget6_Display,Square)">$LOCALIZE[31008]</value>
		<value condition="Skin.String(Widget6_Display,Fanart)">$LOCALIZE[31007]</value>
		<value condition="Skin.String(Widget6_Display,Posters)">$LOCALIZE[31006]</value>
	</variable>
	<variable name="Widget7_Content">
		<value condition="Skin.HasSetting(Widget7_Content_Disabled)">$LOCALIZE[1223]</value>
		<value condition="Skin.HasSetting(Widget7_Content_InProgress)">$LOCALIZE[31200]</value>
		<value condition="Skin.HasSetting(Widget7_Content_NextUp)">$LOCALIZE[31201]</value>
		<value condition="Skin.HasSetting(Widget7_Content_LatestMovies)">$LOCALIZE[31202]</value>
		<value condition="Skin.HasSetting(Widget7_Content_LatestTVShows)">$LOCALIZE[31203]</value>
		<value condition="Skin.HasSetting(Widget7_Content_RandomMovies)">$LOCALIZE[31204]</value>
		<value condition="Skin.HasSetting(Widget7_Content_RandomTVShows)">$LOCALIZE[31205]</value>
		<value condition="Skin.HasSetting(Widget7_Content_LatestAlbums)">$LOCALIZE[31206]</value>
		<value condition="Skin.HasSetting(Widget7_Content_RecentAlbums)">$LOCALIZE[31207]</value>
		<value condition="Skin.HasSetting(Widget7_Content_RandomAlbums)">$LOCALIZE[31208]</value>
		<value condition="Skin.HasSetting(Widget7_Content_LikedSongs)">$LOCALIZE[31209]</value>
		<value condition="Skin.HasSetting(Widget7_Content_Favourites)">$LOCALIZE[1036]</value>
		<value condition="Skin.HasSetting(Widget7_Content_Custom)">$LOCALIZE[31210]</value>
	</variable>
	<variable name="Widget7_View">
		<value condition="Skin.HasSetting(Widget7_Content_Disabled)" />
		<value condition="Skin.String(Widget7_View,Billboard)">$LOCALIZE[31001]</value>
		<value condition="Skin.String(Widget7_View,Showcase)">$LOCALIZE[31002]</value>
		<value condition="Skin.String(Widget7_View,Strip)">$LOCALIZE[31003]</value>
		<value condition="Skin.String(Widget7_View,Grid)">$LOCALIZE[31004]</value>
	</variable>
	<variable name="Widget7_Display">
		<value condition="Skin.StrHasSettinging(Widget7_Content_Disabled)" />
		<value condition="Skin.String(Widget7_Display,Square)">$LOCALIZE[31008]</value>
		<value condition="Skin.String(Widget7_Display,Fanart)">$LOCALIZE[31007]</value>
		<value condition="Skin.String(Widget7_Display,Posters)">$LOCALIZE[31006]</value>
	</variable>
	<variable name="Widget8_Content">
		<value condition="Skin.HasSetting(Widget8_Content_Disabled)">$LOCALIZE[1223]</value>
		<value condition="Skin.HasSetting(Widget8_Content_InProgress)">$LOCALIZE[31200]</value>
		<value condition="Skin.HasSetting(Widget8_Content_NextUp)">$LOCALIZE[31201]</value>
		<value condition="Skin.HasSetting(Widget8_Content_LatestMovies)">$LOCALIZE[31202]</value>
		<value condition="Skin.HasSetting(Widget8_Content_LatestTVShows)">$LOCALIZE[31203]</value>
		<value condition="Skin.HasSetting(Widget8_Content_RandomMovies)">$LOCALIZE[31204]</value>
		<value condition="Skin.HasSetting(Widget8_Content_RandomTVShows)">$LOCALIZE[31205]</value>
		<value condition="Skin.HasSetting(Widget8_Content_LatestAlbums)">$LOCALIZE[31206]</value>
		<value condition="Skin.HasSetting(Widget8_Content_RecentAlbums)">$LOCALIZE[31207]</value>
		<value condition="Skin.HasSetting(Widget8_Content_RandomAlbums)">$LOCALIZE[31208]</value>
		<value condition="Skin.HasSetting(Widget8_Content_LikedSongs)">$LOCALIZE[31209]</value>
		<value condition="Skin.HasSetting(Widget8_Content_Favourites)">$LOCALIZE[1036]</value>
		<value condition="Skin.HasSetting(Widget8_Content_Custom)">$LOCALIZE[31210]</value>
	</variable>
	<variable name="Widget8_View">
		<value condition="Skin.HasSetting(Widget8_Content_Disabled)" />
		<value condition="Skin.String(Widget8_View,Billboard)">$LOCALIZE[31001]</value>
		<value condition="Skin.String(Widget8_View,Showcase)">$LOCALIZE[31002]</value>
		<value condition="Skin.String(Widget8_View,Strip)">$LOCALIZE[31003]</value>
		<value condition="Skin.String(Widget8_View,Grid)">$LOCALIZE[31004]</value>
	</variable>
	<variable name="Widget8_Display">
		<value condition="Skin.HasSetting(Widget8_Content_Disabled)" />
		<value condition="Skin.String(Widget8_Display,Square)">$LOCALIZE[31008]</value>
		<value condition="Skin.String(Widget8_Display,Fanart)">$LOCALIZE[31007]</value>
		<value condition="Skin.String(Widget8_Display,Posters)">$LOCALIZE[31006]</value>
	</variable>
	<variable name="Widget9_Content">
		<value condition="Skin.HasSetting(Widget9_Content_Disabled)">$LOCALIZE[1223]</value>
		<value condition="Skin.HasSetting(Widget9_Content_InProgress)">$LOCALIZE[31200]</value>
		<value condition="Skin.HasSetting(Widget9_Content_NextUp)">$LOCALIZE[31201]</value>
		<value condition="Skin.HasSetting(Widget9_Content_LatestMovies)">$LOCALIZE[31202]</value>
		<value condition="Skin.HasSetting(Widget9_Content_LatestTVShows)">$LOCALIZE[31203]</value>
		<value condition="Skin.HasSetting(Widget9_Content_RandomMovies)">$LOCALIZE[31204]</value>
		<value condition="Skin.HasSetting(Widget9_Content_RandomTVShows)">$LOCALIZE[31205]</value>
		<value condition="Skin.HasSetting(Widget9_Content_LatestAlbums)">$LOCALIZE[31206]</value>
		<value condition="Skin.HasSetting(Widget9_Content_RecentAlbums)">$LOCALIZE[31207]</value>
		<value condition="Skin.HasSetting(Widget9_Content_RandomAlbums)">$LOCALIZE[31208]</value>
		<value condition="Skin.HasSetting(Widget9_Content_LikedSongs)">$LOCALIZE[31209]</value>
		<value condition="Skin.HasSetting(Widget9_Content_Favourites)">$LOCALIZE[1036]</value>
		<value condition="Skin.HasSetting(Widget9_Content_Custom)">$LOCALIZE[31210]</value>
	</variable>
	<variable name="Widget9_View">
		<value condition="Skin.HasSetting(Widget9_Content_Disabled)" />
		<value condition="Skin.String(Widget9_View,Billboard)">$LOCALIZE[31001]</value>
		<value condition="Skin.String(Widget9_View,Showcase)">$LOCALIZE[31002]</value>
		<value condition="Skin.String(Widget9_View,Strip)">$LOCALIZE[31003]</value>
		<value condition="Skin.String(Widget9_View,Grid)">$LOCALIZE[31004]</value>
	</variable>
	<variable name="Widget9_Display">
		<value condition="Skin.HasSetting(Widget9_Content_Disabled)" />
		<value condition="Skin.String(Widget9_Display,Square)">$LOCALIZE[31008]</value>
		<value condition="Skin.String(Widget9_Display,Fanart)">$LOCALIZE[31007]</value>
		<value condition="Skin.String(Widget9_Display,Posters)">$LOCALIZE[31006]</value>
	</variable>

</includes>