<?xml version="1.0" encoding="UTF-8"?>
<window>
	<!-- musicinformation -->
	<onload>ClearProperty(Infoscreen_Transition,home)</onload>
	<include content="musicinformation_OnLoadUnload" />
	<onload condition="String.IsEmpty(Window(home).Property(URL_Encoded_Artist)) + !String.IsEmpty(ListItem.Artist)">RunScript(script.copacetic.helper,action=url_encode,name=URL_Encoded_Artist,string='"$INFO[ListItem.Artist]"')</onload>
	<onload condition="String.IsEmpty(Window(home).Property(URL_Encoded_Album)) + !String.IsEmpty(ListItem.Album)">RunScript(script.copacetic.helper,action=url_encode,name=URL_Encoded_Album,string='"$INFO[ListItem.Album]"')</onload>
	<onload condition="String.IsEmpty(Window(home).Property(URL_Encoded_Album)) + String.IsEqual(ListItem.DBType,song) + !String.IsEmpty(ListItem.Title)">RunScript(script.copacetic.helper,action=url_encode,name=URL_Encoded_Song,string='"$INFO[ListItem.Title]"')</onload>
	<onunload condition="!String.IsEmpty(Window(home).Property(URL_Encoded_Artist))">ClearProperty(URL_Encoded_Artist,home)</onunload>
	<onunload condition="!String.IsEmpty(Window(home).Property(URL_Encoded_Album))">ClearProperty(URL_Encoded_Album,home)</onunload>
	<onunload condition="!String.IsEmpty(Window(home).Property(URL_Encoded_Song))">ClearProperty(URL_Encoded_Song,home)</onunload>
	<defaultcontrol always="true">97</defaultcontrol>
	<controls>
		<include content="Infoscreen_Header_Template">
			<param name="windowname" value="musicinformation" />
			<param name="background_visible" value="![String.IsEqual(ListItem.DBType,album) + !ControlGroup(3000).HasFocus(12)]" />
			<param name="content_visible" value="![Window.Is(songinformation) + Window.IsActive(musicinformation)]" />
			<include content="Infoscreen_Header" condition="String.IsEqual(ListItem.DBType,artist)">
				<param name="visible" value="ControlGroup(3000).HasFocus(97) | ControlGroup(3000).HasFocus(6)" />
				<param name="left" value="120" />
				<param name="right" value="120" />
				<param name="align" value="center" />
			</include>
			<include content="Infoscreen_Header" condition="!String.IsEqual(ListItem.DBType,artist)">
				<param name="visible" value="ControlGroup(3000).HasFocus(97) | ControlGroup(3000).HasFocus(95) | ControlGroup(3000).HasFocus(6)" />
				<param name="left" value="780" />
				<param name="right" value="120" />
				<param name="align" value="left" />
			</include>
			<include content="Infoscreen_Plot" condition="String.IsEqual(ListItem.DBType,album)">
				<param name="visible" value="ControlGroup(3000).HasFocus(99)" />
				<param name="left" value="780" />
				<param name="right" value="120" />
				<param name="align" value="left" />
				<param name="font" value="Plot_Panel" />
			</include>
			<include content="Infoscreen_Plot" condition="String.IsEqual(ListItem.DBType,artist)">
				<param name="visible" value="ControlGroup(3000).HasFocus(99)" />
				<param name="left" value="240" />
				<param name="right" value="240" />
				<param name="align" value="center" />
				<param name="font" value="Plot_Fullscreen" />
			</include>
			<include content="Simple_List" condition="String.IsEqual(ListItem.DBType,album)">
				<param name="id" value="3100" />
				<param name="visible" value="ControlGroup(3000).HasFocus(98)" />
				<param name="layout" value="Common" />
				<param name="left" value="720" />
				<param name="width" value="1080" />
				<param name="label_left" value="120" />
				<param name="label_maxwidth" value="960" />
				<param name="now_playing" value="true" />
				<param name="icon_slide" value="-480" />
				<param name="music_rating_slide" value="540" />
				<param name="label" value="$INFO[ListItem.Label]" />
				<param name="selectedcolor" value="$VAR[Light_Color]" />
				<include content="Visible_Fade_Delayed_Animation" />
				<onclick condition="System.AddonIsEnabled(script.copacetic.helper)">RunScript(script.copacetic.helper,action=play_album_from_track,id=$INFO[Container(3100).ListItem.DBID],track=$INFO[Container(3100).ListItem.TrackNumber])</onclick>
				<!-- <onclick>RunScript(script.copacetic.helper,action=play_items,id=3100,type=music,method=from_here)</onclick> -->
				<content>musicdb://albums/$INFO[ListItem.DBID]/-1/</content>
			</include>
			<include content="Infoscreen_Stars" condition="!String.IsEqual(ListItem.DBType,artist)">
				<param name="starheight" value="60" />
			</include>
			<control type="textbox">
				<visible>ControlGroup(3000).HasFocus(12) + String.IsEqual(ListItem.DBType,album)</visible>
				<include content="Visible_Fade_Delayed_Animation" />
				<width>1680</width>
				<centerleft>50%</centerleft>
				<height max="146">auto</height>
				<centertop>50%</centertop>
				<font>Billboard_Title</font>
				<textcolor>$VAR[Light_Color]</textcolor>
				<label>$INFO[ListItem.Artist]</label>
				<align>left</align>
			</control>
			<control type="label">
				<visible>ControlGroup(3000).HasFocus(12) + String.IsEqual(ListItem.DBType,song)</visible>
				<width>1440</width>
				<centerleft>50%</centerleft>
				<height>52</height>
				<top>964</top>
				<font>Strip_Title</font>
				<textcolor>$VAR[Primary_Color]</textcolor>
				<label>$INFO[ListItem.Album]</label>
				<align>center</align>
				<aligny>center</aligny>
				<scroll>false</scroll>
			</control>
		</include>
		<include content="Infoscreen_Furniture_Template">
			<param name="overlay" value="![String.IsEqual(ListItem.DBType,artist) + ControlGroup(3000).HasFocus] + ![String.IsEqual(ListItem.DBType,album) + ControlGroup(3000).HasFocus(12)] + ![$EXP[PanelDialog_IsVisible] + !String.IsEqual(ListItem.DBType,artist)]" />
			<include content="Infoscreen_Widget_3201_MostPlayed" condition="String.IsEqual(ListItem.DBType,artist)" />
			<include content="Infoscreen_Widget_3202_Discography" />
			<include content="Infoscreen_Widget_3205_MusicVideos" />
			<include content="Infoscreen_Widget_3207_SimilarArtists" condition="String.IsEqual(ListItem.DBType,artist)" />
			<include content="Infoscreen_Widget_3207_SimilarAlbums" condition="String.IsEqual(ListItem.DBType,album)" />
			<include content="Infoscreen_Widget_3207_SimilarSongs" condition="String.IsEqual(ListItem.DBType,song)" />
			<include content="DialogMusicInfo_Scrollbar" />
		</include>
	</controls>
</window>