<?xml version="1.0" encoding="UTF-8"?>
<window>
	<!-- virtualkeyboard -->
	<defaultcontrol always="true">4010</defaultcontrol>
	<zorder>2</zorder>
	<controls>
		<include content="DialogKeyboard_Hidden" />
		<include content="Default_Dialog_Panel_Layout">
			<param name="visible" value="!Window.IsVisible(shutdownmenu) + !Window.IsVisible(numericinput)" />
			<param name="panel_edge_top" value="435" />
			<include content="Breadcrumb_Label">
				<param name="title_label_id" value="311" />
			</include>
			<control type="grouplist">
				<top>495</top>
				<height>450</height>
				<orientation>vertical</orientation>
				<align>top</align>
				<itemgap>0</itemgap>
				<include content="Default_Scrolltime" condition="!Skin.HasSetting(Experiment_Disable_Transitions)" />
				<include content="Quick_Scrolltime" condition="Skin.HasSetting(Experiment_Disable_Transitions)" />
				<include content="Keyboard_Row_Layout">
					<param name="id" value="3000" />
				</include>
				<include content="Keyboard_Row_Layout">
					<param name="id" value="3001" />
				</include>
				<include content="Keyboard_Row_Layout">
					<param name="id" value="3002" />
				</include>
				<include content="Keyboard_Row_Layout">
					<param name="id" value="3003" />
				</include>
			</control>
			<include content="DialogKeyboard_Autocomplete" condition="System.AddonIsEnabled(plugin.program.autocompletion)" />
			<control type="edit" id="312">
				<width>1200</width>
				<centerleft>50%</centerleft>
				<top>390</top>
				<font>Main_Menu_Unfocused</font>
				<textcolor>$VAR[Dark_Color]</textcolor>
				<focusedcolor>$VAR[Dark_Color]</focusedcolor>
				<texturenofocus colordiffuse="$VAR[Light_Color]">views/white_100.png</texturenofocus>
				<texturefocus colordiffuse="$VAR[Light_Color]">views/white_100.png</texturefocus>
				<onup>3100</onup>
				<ondown>3000</ondown>
				<onright>301</onright>
			</control>
			<control type="image">
				<visible>Control.HasFocus(312)</visible>
				<width>1200</width>
				<centerleft>50%</centerleft>
				<top>480</top>
				<height>6</height>
				<texture colordiffuse="$VAR[Accent_Color]">views/white_100.png</texture>
			</control>
			<include content="Button_Grouplist">
				<param name="bottom" value="30" />
				<param name="height" value="120" />
				<param name="align" value="center" />
				<animation effect="slide" end="-60,0" time="0" reversible="false" condition="Control.IsVisible(310)">Conditional</animation>
				<include content="Button_Template">
					<param name="target_id" value="309" />
					<param name="texture" value="Settings" />
					<param name="unfocused_color" value="$VAR[Breadcrumb_Label_Color]" />
					<param name="focused_color" value="$VAR[Breadcrumb_Label_Color]" />
				</include>
				<include content="Button_Template">
					<param name="toggle_button" value="true" />
					<param name="target_id" value="310" />
					<param name="texture" value="Visible" />
					<param name="alt_texture" value="Hidden" />
					<param name="use_alt_texture" value="String.IsEqual(Control.GetLabel(310),$LOCALIZE[12308])" />
					<param name="unfocused_color" value="$VAR[Breadcrumb_Label_Color]" />
					<param name="focused_color" value="$VAR[Breadcrumb_Label_Color]" />
				</include>
				<include content="Button_Template">
					<param name="target_id" value="307" />
					<param name="texture" value="IP" />
					<param name="unfocused_color" value="$VAR[Breadcrumb_Label_Color]" />
					<param name="focused_color" value="$VAR[Breadcrumb_Label_Color]" />
				</include>
				<include content="Button_Template_Special">
					<param name="target_id" value="304" />
					<param name="texture" value="Symbols" />
					<param name="unfocused_color" value="$VAR[Breadcrumb_Label_Color]" />
					<param name="focused_color" value="$VAR[virtualkeyboard_Symbols_Key_Color]" />
					<param name="border" value="true" />
					<param name="border_color" value="$VAR[virtualkeyboard_Symbols_Key_Color]" />
				</include>
				<include content="Button_Template_Special">
					<param name="target_id" value="303" />
					<param name="texture" value="Caps" />
					<param name="unfocused_color" value="$VAR[Breadcrumb_Label_Color]" />
					<param name="focused_color" value="$VAR[virtualkeyboard_Caps_Key_Color]" />
					<param name="border" value="true" />
					<param name="border_color" value="$VAR[virtualkeyboard_Caps_Key_Color]" />
				</include>
				<include content="Button_Template">
					<param name="target_id" value="32" />
					<param name="texture" value="Space" />
					<param name="unfocused_color" value="$VAR[Breadcrumb_Label_Color]" />
					<param name="focused_color" value="$VAR[Breadcrumb_Label_Color]" />
				</include>
				<include content="Button_Template_Special">
					<param name="target_id" value="302" />
					<param name="texture" value="Shift" />
					<param name="unfocused_color" value="$VAR[Breadcrumb_Label_Color]" />
					<param name="focused_color" value="$VAR[virtualkeyboard_Shift_Key_Color]" />
					<param name="border" value="true" />
					<param name="border_color" value="$VAR[virtualkeyboard_Shift_Key_Color]" />
				</include>
				<include content="Button_Template">
					<param name="target_id" value="305" />
					<param name="texture" value="Left_Arrow" />
					<param name="unfocused_color" value="$VAR[Breadcrumb_Label_Color]" />
					<param name="focused_color" value="$VAR[Breadcrumb_Label_Color]" />
				</include>
				<include content="Button_Template">
					<param name="target_id" value="306" />
					<param name="texture" value="Right_Arrow" />
					<param name="unfocused_color" value="$VAR[Breadcrumb_Label_Color]" />
					<param name="focused_color" value="$VAR[Breadcrumb_Label_Color]" />
				</include>
				<include content="Button_Template">
					<param name="target_id" value="8" />
					<param name="texture" value="Backspace" />
					<param name="unfocused_color" value="$VAR[Breadcrumb_Label_Color]" />
					<param name="focused_color" value="$VAR[Breadcrumb_Label_Color]" />
				</include>
			</include>
			<include content="Button_Group_Template">
				<param name="onup" value="3003" />
				<param name="onleft" value="8" />
				<param name="onright" value="309" />
				<param name="button1" value="true" />
				<param name="button1_id" value="301" />
				<param name="button2" value="true" />
				<param name="button2_id" value="300" />
			</include>
		</include>
	</controls>
</window>