<?xml version="1.0" encoding="UTF-8"?>
<window>
	<!-- filemanager -->
	<onload>ClearProperty(ActiveList,filemanager)</onload>
	<onunload>ClearProperty(ActiveList,filemanager)</onunload>
	<defaultcontrol always="true">3011</defaultcontrol>
	<backgroundcolor>$VAR[Dark_Color]</backgroundcolor>
	<controls>
		<include content="Background_Multiart_Settings" />
		<include content="Default_Dialog_Panel_And_Lists_Layout">
			<param name="window_name" value="filemanager" />
			<param name="left_list_visible" value="![Window.IsVisible(contextmenu) + String.IsEqual(Window(filemanager).Property(ActiveList),Right)]" />
			<param name="left_list_id" value="20" />
			<param name="left_list_onleft" value="3011" />
			<param name="right_list_visible" value="![Window.IsVisible(contextmenu) + String.IsEqual(Window(filemanager).Property(ActiveList),Left)]" />
			<param name="right_list_id" value="21" />
			<param name="right_list_onright" value="3011" />
			<param name="right_list_focus_border_visible" value="true" />
			<include content="SettingsCategory_Layout">
				<param name="left_list_id" value="20" />
				<param name="right_list_id" value="21" />
			</include>
			<control type="button">
				<left>90</left>
				<width>870</width>
				<bottom>60</bottom>
				<height>60</height>
				<label>$INFO[Control.GetLabel(101),,...]</label>
				<label2>$INFO[Container(20).NumItems,, $LOCALIZE[31622]]</label2>
				<haspath>true</haspath>
				<textcolor>$VAR[Light_Color]</textcolor>
				<aligny>center</aligny>
				<font>Description</font>
			</control>
			<control type="button">
				<left>960</left>
				<width>870</width>
				<bottom>60</bottom>
				<height>60</height>
				<label>$INFO[Control.GetLabel(102),,...]</label>
				<label2>$INFO[Container(21).NumItems,, $LOCALIZE[31622]]</label2>
				<haspath>true</haspath>
				<textcolor>$VAR[Light_Color]</textcolor>
				<aligny>center</aligny>
				<font>Description</font>
			</control>
			<include content="Hidden_Components">
				<control type="label" id="101" />
				<control type="label" id="102" />
			</include>
		</include>
	</controls>
</window>