<?xml version="1.0" encoding="UTF-8"?>
<includes>

		<include name="Texture_Button_Template">
			<param name="width"/>
			<param name="texture"/>
			<param name="color"/>
			<definition>
				<control type="image">
					<width>$PARAM[width]</width>
					<height>$PARAM[width]</height>
					<texture colordiffuse="$PARAM[color]">$PARAM[texture]</texture>
					<aspectratio>scale</aspectratio>
				</control>
			</definition>
		</include>

		<include name="Browse_unfocused">
			<param name="color" default="$VAR[Common_Overlay_Label_Color]"/>
			<param name="width" default="120"/>
			<definition>
				<include content="Texture_Button_Template">
					<param name="texture" value="buttons/Browse_unfocused_$PARAM[width].png"/>
					<param name="width" value="$PARAM[width]"/>
					<param name="color" value="$PARAM[color]"/>
				</include>
			</definition>
		</include>

		<include name="Browse_focused">
			<param name="color" default="$VAR[Common_Overlay_Label_Color]"/>
			<param name="width" default="120"/>
			<definition>
				<include content="Texture_Button_Template">
					<param name="texture" value="buttons/Browse_focused_$PARAM[width].png"/>
					<param name="width" value="$PARAM[width]"/>
					<param name="color" value="$PARAM[color]"/>
				</include>
			</definition>
		</include>

		<include name="IP_unfocused">
			<param name="color" default="$VAR[Common_Overlay_Label_Color]"/>
			<param name="width" default="120"/>
			<definition>
				<include content="Texture_Button_Template">
					<param name="texture" value="buttons/IP_unfocused_$PARAM[width].png"/>
					<param name="width" value="$PARAM[width]"/>
					<param name="color" value="$PARAM[color]"/>
				</include>
			</definition>
		</include>

		<include name="IP_focused">
			<param name="color" default="$VAR[Common_Overlay_Label_Color]"/>
			<param name="width" default="120"/>
			<definition>
				<include content="Texture_Button_Template">
					<param name="texture" value="buttons/IP_focused_$PARAM[width].png"/>
					<param name="width" value="$PARAM[width]"/>
					<param name="color" value="$PARAM[color]"/>
				</include>
			</definition>
		</include>

		<include name="Hidden_unfocused">
			<param name="color" default="$VAR[Common_Overlay_Label_Color]"/>
			<param name="width" default="120"/>
			<definition>
				<include content="Texture_Button_Template">
					<param name="texture" value="buttons/Hidden_unfocused_$PARAM[width].png"/>
					<param name="width" value="$PARAM[width]"/>
					<param name="color" value="$PARAM[color]"/>
				</include>
			</definition>
		</include>

		<include name="Hidden_focused">
			<param name="color" default="$VAR[Common_Overlay_Label_Color]"/>
			<param name="width" default="120"/>
			<definition>
				<include content="Texture_Button_Template">
					<param name="texture" value="buttons/Hidden_focused_$PARAM[width].png"/>
					<param name="width" value="$PARAM[width]"/>
					<param name="color" value="$PARAM[color]"/>
				</include>
			</definition>
		</include>

		<include name="Mirrored_unfocused">
			<param name="color" default="$VAR[Common_Overlay_Label_Color]"/>
			<param name="width" default="120"/>
			<definition>
				<include content="Texture_Button_Template">
					<param name="texture" value="buttons/Mirrored_unfocused_$PARAM[width].png"/>
					<param name="width" value="$PARAM[width]"/>
					<param name="color" value="$PARAM[color]"/>
				</include>
			</definition>
		</include>

		<include name="Mirrored_focused">
			<param name="color" default="$VAR[Common_Overlay_Label_Color]"/>
			<param name="width" default="120"/>
			<definition>
				<include content="Texture_Button_Template">
					<param name="texture" value="buttons/Mirrored_focused_$PARAM[width].png"/>
					<param name="width" value="$PARAM[width]"/>
					<param name="color" value="$PARAM[color]"/>
				</include>
			</definition>
		</include>

		<include name="Play_unfocused">
			<param name="color" default="$VAR[Common_Overlay_Label_Color]"/>
			<param name="width" default="60"/>
			<definition>
				<include content="Texture_Button_Template">
					<param name="texture" value="buttons/Play_unfocused_$PARAM[width].png"/>
					<param name="width" value="$PARAM[width]"/>
					<param name="color" value="$PARAM[color]"/>
				</include>
			</definition>
		</include>

		<include name="Play_focused">
			<param name="color" default="$VAR[Common_Overlay_Label_Color]"/>
			<param name="width" default="60"/>
			<definition>
				<include content="Texture_Button_Template">
					<param name="texture" value="buttons/Play_focused_$PARAM[width].png"/>
					<param name="width" value="$PARAM[width]"/>
					<param name="color" value="$PARAM[color]"/>
				</include>
			</definition>
		</include>

		<include name="Power_unfocused">
			<param name="color" default="$VAR[Common_Overlay_Label_Color]"/>
			<param name="width" default="120"/>
			<definition>
				<include content="Texture_Button_Template">
					<param name="texture" value="buttons/Power_unfocused_$PARAM[width].png"/>
					<param name="width" value="$PARAM[width]"/>
					<param name="color" value="$PARAM[color]"/>
				</include>
			</definition>
		</include>

		<include name="Power_focused">
			<param name="color" default="$VAR[Common_Overlay_Label_Color]"/>
			<param name="width" default="120"/>
			<definition>
				<include content="Texture_Button_Template">
					<param name="texture" value="buttons/Power_focused_$PARAM[width].png"/>
					<param name="width" value="$PARAM[width]"/>
					<param name="color" value="$PARAM[color]"/>
				</include>
			</definition>
		</include>

		<include name="Refresh_unfocused">
			<param name="color" default="$VAR[Common_Overlay_Label_Color]"/>
			<param name="width" default="120"/>
			<definition>
				<include content="Texture_Button_Template">
					<param name="texture" value="buttons/Refresh_unfocused_$PARAM[width].png"/>
					<param name="width" value="$PARAM[width]"/>
					<param name="color" value="$PARAM[color]"/>
				</include>
			</definition>
		</include>

		<include name="Refresh_focused">
			<param name="color" default="$VAR[Common_Overlay_Label_Color]"/>
			<param name="width" default="120"/>
			<definition>
				<include content="Texture_Button_Template">
					<param name="texture" value="buttons/Refresh_focused_$PARAM[width].png"/>
					<param name="width" value="$PARAM[width]"/>
					<param name="color" value="$PARAM[color]"/>
				</include>
			</definition>
		</include>

		<include name="Settings_unfocused">
			<param name="color" default="$VAR[Common_Overlay_Label_Color]"/>
			<param name="width" default="120"/>
			<definition>
				<include content="Texture_Button_Template">
					<param name="texture" value="buttons/Settings_unfocused_$PARAM[width].png"/>
					<param name="width" value="$PARAM[width]"/>
					<param name="color" value="$PARAM[color]"/>
				</include>
			</definition>
		</include>

		<include name="Settings_focused">
			<param name="color" default="$VAR[Common_Overlay_Label_Color]"/>
			<param name="width" default="120"/>
			<definition>
				<include content="Texture_Button_Template">
					<param name="texture" value="buttons/Settings_focused_$PARAM[width].png"/>
					<param name="width" value="$PARAM[width]"/>
					<param name="color" value="$PARAM[color]"/>
				</include>
			</definition>
		</include>

		<include name="Symbols_unfocused">
			<param name="color" default="$VAR[Common_Overlay_Label_Color]"/>
			<param name="width" default="120"/>
			<definition>
				<include content="Texture_Button_Template">
					<param name="texture" value="buttons/Symbols_unfocused_$PARAM[width].png"/>
					<param name="width" value="$PARAM[width]"/>
					<param name="color" value="$PARAM[color]"/>
				</include>
			</definition>
		</include>

		<include name="Symbols_focused">
			<param name="color" default="$VAR[Common_Overlay_Label_Color]"/>
			<param name="width" default="120"/>
			<definition>
				<include content="Texture_Button_Template">
					<param name="texture" value="buttons/Symbols_focused_$PARAM[width].png"/>
					<param name="width" value="$PARAM[width]"/>
					<param name="color" value="$PARAM[color]"/>
				</include>
			</definition>
		</include>

		<include name="Visible_unfocused">
			<param name="color" default="$VAR[Common_Overlay_Label_Color]"/>
			<param name="width" default="120"/>
			<definition>
				<include content="Texture_Button_Template">
					<param name="texture" value="buttons/Visible_unfocused_$PARAM[width].png"/>
					<param name="width" value="$PARAM[width]"/>
					<param name="color" value="$PARAM[color]"/>
				</include>
			</definition>
		</include>

		<include name="Visible_focused">
			<param name="color" default="$VAR[Common_Overlay_Label_Color]"/>
			<param name="width" default="120"/>
			<definition>
				<include content="Texture_Button_Template">
					<param name="texture" value="buttons/Visible_focused_$PARAM[width].png"/>
					<param name="width" value="$PARAM[width]"/>
					<param name="color" value="$PARAM[color]"/>
				</include>
			</definition>
		</include>

</includes>
