<?xml version="1.0" encoding="UTF-8"?>
<includes>

	<include name="Hidden_List">
		<param name="id" default="3100" />
		<param name="visible" />
		<param name="sortby" />
		<param name="sortorder" />
		<definition>
			<control type="list" id="$PARAM[id]">
				<visible>ListItem.IsFolder</visible>
				<width>0</width>
				<height>0</height>
				<orientation>vertical</orientation>
				<itemlayout />
				<focusedlayout />
				<content sortby="date" sortorder="descending">$INFO[ListItem.FolderPath]</content>
			</control>
		</definition>
	</include>

	<include name="User_Scroll_Delay">
		<param name="onprevious_id" default="5001" />
		<param name="onnext_id" default="5002" />
		<param name="onprevious_trigger" default="Container.OnPrevious | Container(50).OnPrevious | Container(3201).OnPrevious | Container(3202).OnPrevious | Container(3203).OnPrevious | Container(3204).OnPrevious | Container(3205).OnPrevious | Container(3206).OnPrevious | Container(3207).OnPrevious | Container(3208).OnPrevious | Container(3209).OnPrevious | Container(11).OnPrevious | Container(52).OnPrevious" />
		<param name="onnext_trigger" default="Container.OnNext | Container(50).OnNext | Container(3201).OnNext | Container(3202).OnNext | Container(3203).OnNext | Container(3204).OnNext | Container(3205).OnNext | Container(3206).OnNext | Container(3207).OnNext | Container(3208).OnNext | Container(3209).OnNext | Container(11).OnNext | Container(52).OnNext" />
		<definition>
			<control type="group" id="$PARAM[onprevious_id]">
				<visible>$PARAM[onprevious_trigger]</visible>
				<animation effect="slide" end="0,0" time="360" reversible="false">Hidden</animation>
			</control>
			<control type="group" id="$PARAM[onnext_id]">
				<visible>$PARAM[onnext_trigger]</visible>
				<animation effect="slide" end="0,0" time="360" reversible="false">Hidden</animation>
			</control>
		</definition>
	</include>

	<include name="HiddenFocusButton">
		<control type="button">
			<visible allowhiddenfocus="true">false</visible>
			<onfocus>SetProperty(Next_Art,$INFO[Container.ListItemNoWrap(1).Label],home)</onfocus>
			<onfocus condition="Skin.HasSetting(Multiart_Slideshow) + !Window.IsVisible(1126)">ClearProperty(Multiart_Fadeout,home)</onfocus>
			<onfocus condition="$EXP[GridView_IsVisible]">SetProperty(GridView_Column,$INFO[Container.Column],home)</onfocus>
			<onfocus condition="$EXP[GridView_IsVisible]">SetProperty(GridView_Row,$INFO[Container.Row],home)</onfocus>
			<onfocus condition="Skin.HasSetting(Multiart_Slideshow) + !Window.IsVisible(1126) + String.IsEqual(Control.GetLabel(6400),thumb) + !String.IsEmpty(ListItem.Art(thumb))">SetProperty(Multiart_0,$ESCINFO[Container.ListItem.Art(thumb)],home)</onfocus>
			<onfocus condition="Skin.HasSetting(Multiart_Slideshow) + !Window.IsVisible(1126) + String.IsEqual(Control.GetLabel(6400),keyart) + !String.IsEmpty(ListItem.Art(keyart))">SetProperty(Multiart_0,$ESCINFO[Container.ListItem.Art(keyart)],home)</onfocus>
			<onfocus condition="Skin.HasSetting(Multiart_Slideshow) + !Window.IsVisible(1126) + String.IsEqual(Control.GetLabel(6400),poster) + !String.IsEmpty(ListItem.Art(poster))">SetProperty(Multiart_0,$ESCINFO[Container.ListItem.Art(poster)],home)</onfocus>
			<onfocus condition="Skin.HasSetting(Multiart_Slideshow) + !Window.IsVisible(1126) + String.IsEqual(Control.GetLabel(6400),fanart) + !String.IsEmpty(ListItem.Art(fanart))">SetProperty(Multiart_0,$ESCINFO[Container.ListItem.Art(fanart)],home)</onfocus>
			<onfocus condition="Skin.HasSetting(Multiart_Slideshow) + !Window.IsVisible(1126) + String.IsEqual(Control.GetLabel(6400),square) + !String.IsEmpty(ListItem.Art(square))">SetProperty(Multiart_0,$ESCINFO[Container.ListItem.Art(square)],home)</onfocus>
			<onfocus condition="Skin.HasSetting(Multiart_Slideshow) + !Window.IsVisible(1126) + String.IsEqual(Control.GetLabel(6400),tvshow.keyart) + !String.IsEmpty(ListItem.Art(tvshow.keyart))">SetProperty(Multiart_0,$ESCINFO[Container.ListItem.Art(tvshow.keyart)],home)</onfocus>
			<onfocus condition="Skin.HasSetting(Multiart_Slideshow) + !Window.IsVisible(1126) + String.IsEqual(Control.GetLabel(6400),tvshow.poster) + !String.IsEmpty(ListItem.Art(tvshow.poster))">SetProperty(Multiart_0,$ESCINFO[Container.ListItem.Art(tvshow.poster)],home)</onfocus>
			<onfocus condition="Skin.HasSetting(Multiart_Slideshow) + !Window.IsVisible(1126) + String.IsEqual(Control.GetLabel(6400),tvshow.fanart) + !String.IsEmpty(ListItem.Art(tvshow.fanart))">SetProperty(Multiart_0,$ESCINFO[Container.ListItem.Art(tvshow.fanart)],home)</onfocus>
			<onfocus condition="Skin.HasSetting(Multiart_Slideshow) + !Window.IsVisible(1126) + String.IsEqual(Control.GetLabel(6400),tvshow.square) + !String.IsEmpty(ListItem.Art(tvshow.square))">SetProperty(Multiart_0,$ESCINFO[Container.ListItem.Art(tvshow.square)],home)</onfocus>
			<onunfocus condition="String.IsEqual(Window(home).Property(Trailer_Autoplay),true) + Player.HasVideo">PlayerControl(Stop)</onunfocus>
			<onunfocus condition="String.IsEqual(Window(home).Property(Trailer_Autoplay),true)">ClearProperty(Trailer_Autoplay,home)</onunfocus>
		</control>
	</include>

	<include name="Multiart_Resetter">
		<control type="button">
			<animation effect="slide" end="0,0" time="360" reversible="false">Focus</animation>
			<visible allowhiddenfocus="true">false</visible>
			<onfocus condition="!Window.IsVisible(1126)">ClearProperty(Multiart_1,home)</onfocus>
			<onfocus condition="!Window.IsVisible(1126)">ClearProperty(Multiart_2,home)</onfocus>
			<onfocus condition="!Window.IsVisible(1126)">ClearProperty(Multiart_3,home)</onfocus>
			<onfocus condition="!Window.IsVisible(1126)">ClearProperty(Multiart_4,home)</onfocus>
			<onfocus condition="!Window.IsVisible(1126)">ClearProperty(Multiart_5,home)</onfocus>
			<onfocus condition="!Window.IsVisible(1126)">ClearProperty(Multiart_6,home)</onfocus>
			<onfocus condition="!Window.IsVisible(1126)">ClearProperty(Multiart_7,home)</onfocus>
			<onfocus condition="!Window.IsVisible(1126)">ClearProperty(Multiart_8,home)</onfocus>
			<onfocus condition="!Window.IsVisible(1126)">ClearProperty(Multiart_9,home)</onfocus>
			<onfocus condition="!Window.IsVisible(1126)">ClearProperty(Multiart_10,home)</onfocus>
			<onfocus condition="!Window.IsVisible(1126)">ClearProperty(Multiart_11,home)</onfocus>
			<onfocus condition="!Window.IsVisible(1126)">ClearProperty(Multiart_12,home)</onfocus>
			<onfocus condition="!Window.IsVisible(1126)">ClearProperty(Multiart_13,home)</onfocus>
			<onfocus condition="!Window.IsVisible(1126)">ClearProperty(Multiart_14,home)</onfocus>
			<onfocus condition="!Window.IsVisible(1126)">ClearProperty(Multiart_15,home)</onfocus>
		</control>
	</include>

	<include name="Multiart_Setter">
		<control type="button">
			<animation effect="slide" end="0,0" time="3000" reversible="false">Focus</animation>
			<visible allowhiddenfocus="true">false</visible>
			<onfocus condition="Skin.HasSetting(Multiart_Slideshow) + !Window.IsVisible(1126) + !String.IsEqual(Control.GetLabel(6400),flags/blank.png) + !$EXP[ContentSwitching]">SetProperty(Multiart_Fadeout,true,home)</onfocus>
			<include content="Set_Multiart_OnFocus_Conditions" condition="Skin.HasSetting(Multiart_Slideshow) + [Window.Is(home) | Window.Is(videos) | Window.Is(music)]" />
		</control>
	</include>	

	<include name="Custom_List">
		<param name="type" default="fixedlist" />
		<param name="id" />
		<param name="viewtype_label" />
		<param name="viewtype" />
		<param name="visible" />
		<param name="orientation" />
		<definition>
			<control type="$PARAM[type]" id="$PARAM[id]">
				<width>1920</width>
				<viewtype label="$PARAM[viewtype_label]">$PARAM[viewtype]</viewtype>
				<visible>$PARAM[visible]</visible>
				<focusposition>0</focusposition>
				<include>$PARAM[viewtype_label]_Navigation</include>
				<pagecontrol>60</pagecontrol>
				<preloaditems>2</preloaditems>
				<orientation>$PARAM[orientation]</orientation>
				<scrolltime tween="sine" easing="inout">360</scrolltime>
				<focusedlayout width="480">
					<include>HiddenFocusButton</include>
					<include content="Multiart_Resetter" condition="Skin.HasSetting(Multiart_Slideshow)" />
					<include content="Multiart_Setter" condition="Skin.HasSetting(Multiart_Slideshow)" />
				</focusedlayout>
				<itemlayout width="480" />
			</control>
		</definition>
	</include>

	<include name="Common_List_Layout">
		<param name="visible" default="true" />
		<param name="nowplayingtop" default="-34" />
		<param name="nowplayingvisible" default="true" />
		<param name="icontop" default="-3" />
		<param name="icontexture" default="Check_unfocused" />
		<param name="iconvisible" default="String.IsEqual(ListItem.Overlay,OverlayWatched.png)" />
		<param name="labelleft" default="120" />
		<param name="labelheight" default="55" />
		<param name="labelmaxwidth" default="720" />
		<param name="label" default="$VAR[Title_Label]" />
		<param name="font" default="List_Title_Unfocused" />
		<param name="textcolor" default="$VAR[Common_List_Label_Color]" />
		<param name="selectedcolor" default="$VAR[Common_List_Label_Color]" />
		<param name="tracknumber" default="true" />
		<param name="tracknumbercolor" default="$VAR[Common_List_Label_Color]" />
		<param name="scroll" default="false" />
		<definition>
			<control type="group">
				<visible>$PARAM[visible]</visible>
				<width>100%</width>
				<height>$PARAM[labelheight]</height>
				<control type="group">
					<width>120</width>
					<height>120</height>
					<left>0</left>
					<top>$PARAM[nowplayingtop]</top>
					<visible>$PARAM[nowplayingvisible]</visible>
					<include content="Now_Playing_Icon">
						<param name="visible" value="$EXP[ListItem(0)_NowPlaying]" />
						<param name="color" default="$PARAM[tracknumbercolor]" />
					</include>
				</control>
				<control type="group">
					<visible>!$EXP[ListItem(0)_NowPlaying]</visible>
					<visible>$PARAM[iconvisible]</visible>
					<width>60</width>
					<height>60</height>
					<left>30</left>
					<top>$PARAM[icontop]</top>
					<include content="$PARAM[icontexture]">
						<param name="color" value="$PARAM[tracknumbercolor]" />
					</include>
				</control>
				<control type="label">
					<height>$PARAM[labelheight]</height>
					<width>120</width>
					<left>0</left>
					<align>center</align>
					<aligny>center</aligny>
					<font>$PARAM[font]</font>
					<textcolor>$PARAM[tracknumbercolor]</textcolor>
					<disabledcolor>$VAR[Light_Grey_Color]</disabledcolor>
					<selectedcolor>$PARAM[selectedcolor]</selectedcolor>
					<label>$VAR[TrackNumber_Label]</label>
					<visible>!ListItem.IsPlaying + !Window.Is(videoplaylist)</visible>
					<visible>$PARAM[tracknumber]</visible>
				</control>
				<control type="label">
					<left>$PARAM[labelleft]</left>
					<width max="$PARAM[labelmaxwidth]">auto</width>
					<height>$PARAM[labelheight]</height>
					<aligny>center</aligny>
					<font>$PARAM[font]</font>
					<textcolor>$PARAM[textcolor]</textcolor>
					<disabledcolor>$VAR[Light_Grey_Color]</disabledcolor>
					<selectedcolor>$PARAM[selectedcolor]</selectedcolor>
					<label>$PARAM[label]</label>
					<scroll>$PARAM[scroll]</scroll>
					<scrollsuffix> / </scrollsuffix>
				</control>
			</control>
		</definition>
	</include>

	<include name="Common_List_Unfocused">
		<param name="selectedcolor" default="$VAR[Common_List_Label_Color]" />
		<definition>
			<param name="selectedcolor" />
			<include content="Common_List_Layout">
				<param name="icontexture" value="Check_unfocused" />
				<param name="iconvisible" value="String.IsEqual(ListItem.Overlay,OverlayWatched.png)" />
				<param name="tracknumbercolor" value="$VAR[Common_List_Label_Color]" />
				<param name="label" value="$VAR[Title_Unfocused_Label]" />
				<param name="textcolor" value="$VAR[Common_List_Label_Color]" />
				<param name="selectedcolor" value="$PARAM[selectedcolor]" />
			</include>
		</definition>
	</include>

	<include name="Common_List_Focused">
		<param name="labelmaxwidth" />
		<param name="selectedcolor" default="$VAR[Common_List_Label_Color]" />
		<definition>
			<include>HiddenFocusButton</include>
			<include content="Multiart_Resetter" condition="Skin.HasSetting(Multiart_Slideshow)" />
			<include content="Multiart_Setter" condition="Skin.HasSetting(Multiart_Slideshow)" />
			<include content="Common_List_Layout">
				<param name="nowplayingtop" value="-30" />
				<param name="icontop" value="0" />
				<param name="icontexture" value="Check_focused" />
				<param name="iconvisible" value="String.IsEqual(ListItem.Overlay,OverlayWatched.png)" />
				<param name="tracknumbercolor" value="$PARAM[textcolor]" />
				<param name="label" value="$VAR[Title_Label]" />
				<param name="labelheight" value="60" />
				<param name="labelmaxwidth" value="$PARAM[labelmaxwidth]" />
				<param name="font" value="List_Title_Focused" />
				<param name="textcolor" value="$VAR[Common_List_Label_Color]" />
				<param name="selectedcolor" value="$PARAM[selectedcolor]" />
			</include>
		</definition>
	</include>

	<include name="Common_List_Info_Label">
		<param name="visible" default="$EXP[$PARAM[viewtype_label]View_Display_IsBackground] + $EXP[$PARAM[viewtype_label]View_Details_Info_IsVisible]" />
		<param name="width" default="1680" />
		<param name="left" default="120" />
		<param name="hiddenlabel" default="$VAR[Title_Label]" />
		<param name="hiddenlabelmaxwidth" default="1200" />
		<param name="infolabel" default="$VAR[Info_Label,$LOCALIZE[31115] ]" />
		<param name="infolabelwidth" default="180" />
		<definition>
			<control type="group">
				<animation effect="slide" start="0,0" end="-120,0" time="0" condition="true">Conditional</animation>
				<visible>$PARAM[visible]</visible>
				<visible>Control.HasFocus(3100)</visible>
				<width>120</width>
				<height>120</height>
				<left>$PARAM[left]</left>
				<centertop>50%</centertop>
				<include content="Now_Playing_Icon">
					<param name="visible" value="$EXP[ListItem(0)_NowPlaying]" />
					<param name="color" default="$VAR[Common_List_Label_Color]" />
				</include>
				<control type="group">
					<visible>!$EXP[ListItem(0)_NowPlaying]</visible>
					<visible>String.IsEqual(Container(3100).ListItem.Overlay,OverlayWatched.png)</visible>
					<include content="Check_focused">
						<param name="color" value="$VAR[Common_List_Label_Color]" />
					</include>
				</control>
			</control>
			<control type="grouplist">
				<visible>$PARAM[visible]</visible>
				<left>$PARAM[left]</left>
				<top>500</top>
				<width>$PARAM[width]</width>
				<height>80</height>
				<itemgap>12</itemgap>
				<orientation>horizontal</orientation>
				<usecontrolcoords>true</usecontrolcoords>
				<!-- Title Gap -->
				<control type="label">
					<width max="$PARAM[hiddenlabelmaxwidth]">auto</width>
					<height>80</height>
					<aligny>center</aligny>
					<font>List_Title_Focused</font>
					<textcolor>$VAR[Common_List_Info_Label_Color]</textcolor>
					<label>$PARAM[hiddenlabel]</label>
				</control>
				<!-- Abbreviated Details -->
				<control type="label">
					<width max="$PARAM[infolabelwidth]">auto</width>
					<top>30</top>
					<height>35</height>
					<font>List_Info</font>
					<textcolor>$VAR[Light_Color]</textcolor>
					<label>$PARAM[infolabel]</label>
					<aligny>center</aligny>
				</control>
			</control>
		</definition>
	</include>

	<include name="Simple_List">
		<param name="id" />
		<param name="visible" default="true" />
		<param name="orientation" default="vertical" />
		<param name="left" default="780" />
		<param name="width" default="1020" />
		<param name="height" default="500" />
		<param name="focusposition" default="4" />
		<param name="nowplayingvisible" default="false" />
		<param name="labelleft" default="0" />
		<param name="label" default="$INFO[ListItem.Label]" />
		<param name="labelmaxwidth" default="1020" />
		<param name="textcolor" default="$VAR[Light_Color]" />
		<param name="selectedcolor" default="$VAR[Accent_Color]" />
		<param name="focusedinclude" default="Blank_Include" />
		<definition>
			<control type="fixedlist" id="$PARAM[id]">
				<viewtype label="List">list</viewtype>
				<visible allowhiddenfocus="true">$PARAM[visible]</visible>
				<nested />
				<include>$PARAM[animation]</include>
				<left>$PARAM[left]</left>
				<width>$PARAM[width]</width>
				<centertop>50%</centertop>
				<height>$PARAM[height]</height>
				<include>Simple_List_Navigation</include>
				<onup>$PARAM[id]</onup>
				<ondown>$PARAM[id]</ondown>
				<onclick condition="Window.Is(musicinformation) + System.AddonIsEnabled(script.embuary.helper)">RunScript(script.embuary.helper,action=playall,id=3100,type=music,method=fromhere)</onclick>
				<preloaditems>2</preloaditems>
				<focusposition>$PARAM[focusposition]</focusposition>
				<orientation>vertical</orientation>
				<scrolltime tween="sine" easing="inout">360</scrolltime>
				<itemlayout height="55" width="$PARAM[width]">
					<include content="Common_List_Layout">
						<param name="nowplayingvisible" value="$PARAM[nowplayingvisible]" />
						<param name="iconvisible" value="false" />
						<param name="labelleft" value="$PARAM[labelleft]" />
						<param name="label" value="$PARAM[label]" />
						<param name="tracknumbercolor" value="$PARAM[textcolor]" />
						<param name="textcolor" value="$PARAM[textcolor]" />
						<param name="selectedcolor" value="$PARAM[selectedcolor]" />
					</include>
				</itemlayout>
				<focusedlayout height="60" width="$PARAM[width]" condition="Control.HasFocus($PARAM[id])">
					<include content="Common_List_Layout">
						<param name="nowplayingvisible" value="$PARAM[nowplayingvisible]" />
						<param name="iconvisible" value="false" />
						<param name="labelleft" value="$PARAM[labelleft]" />
						<param name="label" value="$PARAM[label]" />
						<param name="labelmaxwidth" value="$PARAM[width]" />
						<param name="font" value="List_Title_Focused" />
						<param name="tracknumbercolor" value="$PARAM[textcolor]" />
						<param name="textcolor" value="$PARAM[textcolor]" />
						<param name="selectedcolor" value="$PARAM[selectedcolor]" />
					</include>
					<include>$PARAM[focusedinclude]</include>
				</focusedlayout>
				<focusedlayout height="60" width="$PARAM[width]" condition="!Control.HasFocus($PARAM[id])">
					<control type="group">
						<top>5</top>
						<include content="Common_List_Layout">
							<param name="nowplayingvisible" value="$PARAM[nowplayingvisible]" />
							<param name="iconvisible" value="false" />
							<param name="labelleft" value="$PARAM[labelleft]" />
							<param name="label" value="$PARAM[label]" />
							<param name="labelmaxwidth" value="$PARAM[width]" />
							<param name="tracknumbercolor" value="$PARAM[textcolor]" />
							<param name="textcolor" value="$PARAM[textcolor]" />
							<param name="selectedcolor" value="$PARAM[selectedcolor]" />
						</include>
					</control>
					<include>$PARAM[focusedinclude]</include>
				</focusedlayout>
				<nested />
			</control>
		</definition>
	</include>

	<include name="Common_Details_Logo">
		<param name="visible" />
		<definition>
			<control type="image">
				<visible>$PARAM[visible]</visible>
				<width>560</width>
				<height>237</height>
				<aspectratio>keep</aspectratio>
				<texture background="true">$VAR[Clearlogo_Texture]</texture>
				<nested />
			</control>
		</definition>
	</include>

	<include name="Common_Details_Textbox">
		<param name="visible" default="true" />
		<param name="gap" default="0" />
		<param name="maxheight" default="146" />
		<param name="font" />
		<param name="color" />
		<param name="label" />
		<param name="align" default="left" />
		<param name="scroll" default="false" />
		<definition>
			<control type="textbox">
				<visible>$PARAM[visible]</visible>
				<top>$PARAM[gap]</top>
				<height max="$PARAM[maxheight]">auto</height>
				<font>$PARAM[font]</font>
				<textcolor>$PARAM[color]</textcolor>
				<label>$PARAM[label]</label>
				<align>$PARAM[align]</align>
				<autoscroll delay="5000" time="1500" repeat="2000">$PARAM[scroll]</autoscroll>
			</control>
		</definition>
	</include>

	<include name="Common_Details_Info">
		<param name="visible" default="true" />
		<param name="gap" default="0" />
		<param name="maxheight" default="35" />
		<param name="font" />
		<param name="color" />
		<param name="label" />
		<param name="align" default="left" />
		<definition>
			<control type="label">
				<visible>$PARAM[visible]</visible>
				<top>$PARAM[gap]</top>
				<height max="$PARAM[maxheight]">auto</height>
				<font>$PARAM[font]</font>
				<textcolor>$PARAM[color]</textcolor>
				<label>$PARAM[label]</label>
				<align>$PARAM[align]</align>
				<scroll>true</scroll>
				<scrollsuffix> / </scrollsuffix>
			</control>
		</definition>
	</include>

	<include name="Common_Details">
		<param name="viewtype_label" default="Billboard" />
		<param name="left" default="120" />
		<param name="bottom" default="0" />
		<param name="width" default="1680" />
		<param name="height" default="100%" />
		<param name="align" default="center" />
		<param name="itemgap" default="0" />
		<param name="title_label" default="$VAR[Title_Label]" />
		<param name="title_color" default="$VAR[Common_List_Label_Color]" />
		<param name="title_maxheight" default="146" />
		<param name="info_label" default="$VAR[Info_Label]" />
		<param name="info_maxheight" default="35" />
		<param name="plot_label" default="$VAR[Plot_Label]" />
		<param name="plot_maxheight" default="103" />
		<definition>
			<include content="Hidden_Components">
				<control type="label" id="6003">
					<label>$PARAM[plot_label]</label>
				</control>
			</include>
			<control type="group">
				<visible>[!$EXP[$PARAM[viewtype_label]View_Details_Off] + ![$EXP[StripView_IsVisible] + $EXP[StripView_Details_Title] + !$EXP[StripView_Details_Logo_IsOn]]] | Window.Is(home) | $EXP[Infoscreen_Widget_HasFocus]</visible>
				<nested />
				<left>$PARAM[left]</left>
				<width>$PARAM[width]</width>
				<height>$PARAM[height]</height>
				<bottom>$PARAM[bottom]</bottom>
				<control type="group">
					<visible>![Control.HasFocus(3100) + $EXP[Secondary_List_ContentSwitching]]</visible>
					<include content="Visible_Fade_Delayed_Animation" />
					<control type="grouplist">
						<orientation>vertical</orientation>
						<align>$PARAM[align]</align>
						<itemgap>$PARAM[itemgap]</itemgap>
						<usecontrolcoords>true</usecontrolcoords>
						<include content="Common_Details_Logo" condition="Window.IsMedia">
							<param name="visible" value="$EXP[$PARAM[viewtype_label]View_Details_Logo_IsVisible]" />
							<animation effect="slide" start="0,0" end="20,0" time="0" condition="[$EXP[StripView_IsVisible] + !$EXP[StripView_Details_Info_IsVisible] + !$EXP[StripView_Details_Plot_IsVisible]]">Conditional</animation>
							<animation effect="slide" start="0,0" end="-60,371" time="0" condition="$EXP[BillboardView_IsVisible] + !$EXP[BillboardView_Details_Info_IsVisible] + !$EXP[BillboardView_Details_Plot_IsVisible]">Conditional</animation>
							<animation effect="slide" start="0,0" end="0,-10" time="0" condition="$EXP[$PARAM[viewtype_label]View_Details_Info_IsVisible] | $EXP[$PARAM[viewtype_label]View_Details_Plot_IsVisible]">Conditional</animation>
						</include>
						<include content="Common_Details_Textbox">
							<param name="visible" value="!$EXP[$PARAM[viewtype_label]View_Details_Logo_IsVisible] + ![$EXP[ShowcaseView_IsVisible] + !$EXP[ShowcaseView_Details_Info_IsVisible] + !$EXP[ShowcaseView_Details_Plot_IsVisible]] | $EXP[Infoscreen_Widget_HasFocus] | Window.Is(home)" />
							<param name="font" value="$PARAM[viewtype_label]_Title" />
							<param name="color" value="$PARAM[title_color]" />
							<param name="maxheight" value="$PARAM[title_maxheight]" />
							<param name="label" value="$PARAM[title_label]" />
						</include>
						<include content="Common_Details_Textbox" condition="Window.IsMedia">
							<param name="visible" value="!$EXP[$PARAM[viewtype_label]View_Details_Logo_IsVisible] + $EXP[ShowcaseView_IsVisible] + !$EXP[ShowcaseView_Details_Info_IsVisible] + !$EXP[ShowcaseView_Details_Plot_IsVisible]" />
							<param name="font" value="$PARAM[viewtype_label]_Title" />
							<param name="color" value="$PARAM[title_color]" />
							<param name="label" value="$PARAM[title_label]" />
							<param name="maxheight" value="$PARAM[title_maxheight]" />
							<param name="align" value="center" />
						</include>
						<include content="Common_Details_Info">
							<param name="visible" value="$EXP[$PARAM[viewtype_label]View_Details_Info_IsVisible] | Window.Is(home) | $EXP[Infoscreen_Widget_HasFocus]" />
							<param name="maxheight" value="$PARAM[info_maxheight]" />
							<param name="font" value="$PARAM[viewtype_label]_Info" />
							<param name="color" value="$PARAM[title_color]" />
							<param name="label" value="$PARAM[info_label]" />
						</include>
						<include content="Common_Details_Textbox" condition="Window.IsMedia">
							<param name="visible" value="$EXP[$PARAM[viewtype_label]View_Details_Plot_IsVisible] + !String.IsEmpty(Control.GetLabel(6003)) + ![Control.HasFocus(3100) + Container.Content(tvshows)]" />
							<param name="gap" value="60" />
							<param name="maxheight" value="$PARAM[plot_maxheight]" />
							<param name="font" value="Body" />
							<param name="color" value="$VAR[Plot_Color]" />
							<param name="label" value="$PARAM[plot_label]" />
							<param name="scroll" value="true" />
						</include>
					</control>
				</control>
			</control>
		</definition>
	</include>

	<include name="Variable_Title_Label">
		<param name="visible" default="true" />
		<param name="label" />
		<param name="width" default="1200" />
		<param name="bottom" default="45" />
		<param name="height" default="90" />
		<param name="font_large" default="Strip_Title" />
		<param name="font_medium" default="Title_Breadcrumb_Label" />
		<param name="font_small" default="MusicPlayer_Title" />
		<definition>
			<control type="grouplist">
				<visible>$PARAM[visible]</visible>
				<width>1200</width>
				<height>270</height>
				<top>-270</top>
				<orientation>vertical</orientation>
				<align>left</align>
				<itemgap>0</itemgap>
				<control type="textbox" id="6005">
					<height>66</height>
					<font>$PARAM[font_large]</font>
					<textcolor>$VAR[Blank_Color]</textcolor>
					<label>$PARAM[label]</label>
					<align>center</align>
					<aligny>center</aligny>
					<autoscroll>false</autoscroll>
				</control>
				<control type="textbox" id="6006">
					<height>90</height>
					<font>$PARAM[font_medium]</font>
					<textcolor>$VAR[Blank_Color]</textcolor>
					<label>$PARAM[label]</label>
					<align>center</align>
					<aligny>center</aligny>
					<autoscroll>false</autoscroll>
				</control>
				<control type="textbox" id="6007">
					<height>90</height>
					<font>$PARAM[font_small]</font>
					<textcolor>$VAR[Blank_Color]</textcolor>
					<label>$PARAM[label]</label>
					<align>center</align>
					<aligny>center</aligny>
					<autoscroll>false</autoscroll>
				</control>
			</control>
			<control type="group">
				<visible>$PARAM[visible]</visible>
				<nested />
				<centerleft>50%</centerleft>
				<width>$PARAM[width]</width>
				<bottom>$PARAM[bottom]</bottom>
				<height>$PARAM[height]</height>
				<animation effect="slide" end="0,-15" time="0" condition="$EXP[StripView_Display_IsSquare] | [$EXP[StripView_Display_IsFanart] + !$EXP[StripView_Flags_IsOn]]">Conditional</animation>
				<animation effect="slide" end="0,-17" time="0" condition="Window.Is(visualisation)">Conditional</animation>
				<control type="label">
					<visible>!Container(6005).HasNext</visible>
					<font>$PARAM[font_large]</font>
					<textcolor>$VAR[Primary_Color]</textcolor>
					<label>$PARAM[label]</label>
					<align>center</align>
					<aligny>center</aligny>
					<scroll>false</scroll>
				</control>
				<control type="label">
					<visible>Container(6005).HasNext + !Container(6006).HasNext</visible>
					<font>$PARAM[font_medium]</font>
					<textcolor>$VAR[Primary_Color]</textcolor>
					<label>$PARAM[label]</label>
					<wrapmultiline>true</wrapmultiline>
					<align>center</align>
					<aligny>center</aligny>
					<scroll>false</scroll>
				</control>
				<control type="label">
					<visible>Container(6005).HasNext + Container(6006).HasNext + !Container(6007).HasNext</visible>
					<font>$PARAM[font_small]</font>
					<textcolor>$VAR[Primary_Color]</textcolor>
					<label>$PARAM[label]</label>
					<wrapmultiline>true</wrapmultiline>
					<align>center</align>
					<aligny>center</aligny>
					<scroll>true</scroll>
				</control>

			</control>
		</definition>
	</include>

	<include name="Breadcrumb_Label">
		<param name="visible" default="true" />
		<param name="bar" default="true" />
		<param name="left" default="60" />
		<param name="right" default="60" />
		<param name="top" default="60" />
		<param name="title_label_id" default="980" />
		<param name="title_label" default="$VAR[Title_Breadcrumb_Label]" />
		<param name="maxtitlelabelwidth" default="960" />
		<param name="haspath" default="false" />
		<param name="label_color" default="$VAR[Common_Overlay_Label_Color]" />
		<param name="info_label_id" default="981" />
		<param name="info_label" default="$VAR[Info_Breadcrumb_Label]" />
		<param name="info_label_visible" default="false" />
		<param name="maxinfolabelwidth" default="600" />
		<definition>
			<control type="group">
				<visible>$PARAM[visible]</visible>
				<include content="Visible_Fade_Animation" />
				<nested />
				<control type="grouplist">
					<left>$PARAM[left]</left>
					<right>$PARAM[right]</right>
					<top>$PARAM[top]</top>
					<height>60</height>
					<orientation>horizontal</orientation>
					<align>left</align>
					<itemgap>12</itemgap>
					<usecontrolcoords>true</usecontrolcoords>
					<control type="image">
						<visible>$PARAM[bar]</visible>
						<visible>!String.IsEmpty(Control.GetLabel($PARAM[title_label_id]))</visible>
						<top>6</top>
						<height>48</height>
						<width>6</width>
						<texture colordiffuse="$VAR[Accent_Color]">views/white_100.png</texture>
					</control>
					<control type="label" id="$PARAM[title_label_id]">
						<height>60</height>
						<width max="$PARAM[maxtitlelabelwidth]">auto</width>
						<label>$PARAM[title_label]</label>
						<font>Title_Breadcrumb_Label</font>
						<textcolor>$PARAM[label_color]</textcolor>
						<haspath>$PARAM[haspath]</haspath>
					</control>
					<control type="label" id="$PARAM[info_label_id]">
						<width max="$PARAM[maxinfolabelwidth]">auto</width>
						<height>35</height>
						<top>16</top>
						<label>$PARAM[info_label]</label>
						<font>Info_Breadcrumb_Label</font>
						<textcolor>$PARAM[label_color]</textcolor>
						<visible>$PARAM[info_label_visible]</visible>
						<visible>!String.IsEmpty(Control.GetLabel($PARAM[title_label_id]))</visible>
					</control>
				</control>
			</control>
		</definition>
	</include>

	<include name="Description_Label">
		<param name="id" default="" />
		<param name="type" default="label" />
		<param name="visible" default="true" />
		<param name="textcolor" default="$VAR[Common_Overlay_Label_Color]" />
		<param name="label" default="" />
		<param name="left" default="150" />
		<param name="right" default="240" />
		<param name="height" default="180" />
		<param name="haspath" default="false" />
		<param name="bottom" default="0" />
		<definition>
			<control type="$PARAM[type]" id="$PARAM[id]">
				<include content="Visible_Fade_Animation" />
				<visible>$PARAM[visible]</visible>
				<left>$PARAM[left]</left>
				<right>$PARAM[right]</right>
				<height>$PARAM[height]</height>
				<bottom>$PARAM[bottom]</bottom>
				<label>$PARAM[label]</label>
				<align>left</align>
				<aligny>center</aligny>
				<font>Description</font>
				<textcolor>$PARAM[textcolor]</textcolor>
				<haspath>$PARAM[haspath]</haspath>
			</control>
		</definition>
	</include>

	<include name="Progress_Bar">
		<param name="id" default="50" />
		<param name="background_color" default="$VAR[Progress_Background_Color]" />
		<param name="focus_color" default="$VAR[Progress_Focused_Color]" />
		<param name="unwatched_indicator_background" default="$VAR[Unwatched_Indicator_Background_Color]" />
		<param name="slides" default="Default" />
		<definition>
			<control type="group">
				<visible>Control.HasFocus($PARAM[id])</visible>
				<visible>!String.IsEqual(Container($PARAM[id]).ListItem.DBType,artist) + !String.IsEqual(Container($PARAM[id]).ListItem.DBType,album) + !String.IsEqual(Container($PARAM[id]).ListItem.DBType,song) + ![$EXP[Infoscreen_IsVisible] + Control.HasFocus(50)]</visible>
				<!-- Movie/Episode Resumable -->
				<control type="progress">
					<width>100%</width>
					<height>100%</height>
					<visible>Container($PARAM[id]).ListItem.IsResumable</visible>
					<texturebg colordiffuse="$PARAM[background_color]">views/white_100.png</texturebg>
					<midtexture colordiffuse="$PARAM[focus_color]">views/white_100.png</midtexture>
					<info>Container($PARAM[id]).ListItem.PercentPlayed</info>
				</control>
				<!-- ListItem Watched -->
				<control type="image">
					<width>100%</width>
					<height>100%</height>
					<visible>!Container($PARAM[id]).ListItem.IsResumable + [String.IsEqual(Container($PARAM[id]).ListItem.Overlay,OverlayWatched.png) | Integer.IsGreater(Container($PARAM[id]).ListItem.PlayCount,0)] + ![$EXP[ListView_IsVisible] + !$EXP[Infoscreen_IsVisible]]</visible>
					<texture colordiffuse="$PARAM[focus_color]">views/white_100.png</texture>
				</control>
				<!-- TV show / Season not watched -->
				<control type="group">
					<animation effect="slide" start="0,0" end="0,6" time="0" condition="Skin.HasSetting(Unwatched_Indicator) + $EXP[ShowcaseView_IsVisible] + $EXP[ShowcaseView_Details_Off]">Conditional</animation>
					<visible>[String.IsEqual(Container($PARAM[id]).ListItem.DBType,tvshow) | String.IsEqual(Container($PARAM[id]).ListItem.DBType,season)] + !String.IsEqual(Container($PARAM[id]).ListItem.Overlay,OverlayWatched.png) + !Integer.IsGreater(Container($PARAM[id]).ListItem.PlayCount,0)</visible>
					<!-- 0 -->
					<control type="image">
						<visible>Integer.IsEqual(Container($PARAM[id]).ListItem.Property(WatchedEpisodePercent),0) + Integer.IsGreater(Container($PARAM[id]).ListItem.Property(UnwatchedEpisodes),0)</visible>
						<width>100%</width>
						<height>100%</height>
						<texture colordiffuse="$PARAM[background_color]">views/white_100.png</texture>
					</control>
					<!--- Greater than 0 -->
					<control type="progress">
						<visible>Integer.IsGreater(Container($PARAM[id]).ListItem.Property(WatchedEpisodePercent),0)</visible>
						<info>Container($PARAM[id]).ListItem.Property(WatchedEpisodePercent)</info>
						<width>100%</width>
						<height>100%</height>
						<texturebg colordiffuse="$PARAM[background_color]">views/white_100.png</texturebg>
						<lefttexture></lefttexture>
						<midtexture colordiffuse="$PARAM[focus_color]">views/white_100.png</midtexture>
						<righttexture></righttexture>
						<overlaytexture></overlaytexture>
					</control>
					<!-- Unwatched Indicator -->
					<include condition="Skin.HasSetting(Unwatched_Indicator)" content="Progress_Unwatched_Indicator">
						<param name="id" value="$PARAM[id]" />
						<param name="slides" value="$PARAM[slides]" />
						<param name="unwatched_indicator_background" value="$PARAM[unwatched_indicator_background]" />
					</include>
				</control>
			</control>
		</definition>
	</include>

	<include name="Progress_Unwatched_Indicator">
		<control type="group">
			<visible>!Integer.IsEqual(Container($PARAM[id]).ListItem.Property(UnWatchedEpisodes),0)</visible>
			<include content="Progress_Slides_$PARAM[slides]">
				<param name="id" value="$PARAM[id]" />
			</include>
			<width>30</width>
			<height>30</height>
			<centertop>50%</centertop>
			<left>0</left>
			<control type="image">
				<texture colordiffuse="$PARAM[unwatched_indicator_background]">views/white_100.png</texture>
			</control>
			<control type="label">
				<width>100%</width>
				<height>100%</height>
				<align>center</align>
				<aligny>center</aligny>
				<font>Unwatched_Indicator</font>
				<textcolor>$VAR[Unwatched_Indicator_Label_Color]</textcolor>
				<label>$INFO[Container($PARAM[id]).ListItem.Property(UnWatchedEpisodes)]</label>
			</control>
		</control>
	</include>

	<include name="Progress_Slides_Default">
		<param name="id" />
		<definition>
			<animation effect="slide" end="165" time="0" condition="Integer.IsEqual(Container($PARAM[id]).ListItem.Property(WatchedEpisodePercent),0)">Conditional</animation>
			<animation effect="slide" end="174" time="0" condition="Integer.IsGreater(Container($PARAM[id]).ListItem.Property(WatchedEpisodePercent),0) + Integer.IsLessOrEqual(Container($PARAM[id]).ListItem.Property(WatchedEpisodePercent),5)">Conditional</animation>
			<animation effect="slide" end="183" time="0" condition="Integer.IsGreater(Container($PARAM[id]).ListItem.Property(WatchedEpisodePercent),5) + Integer.IsLessOrEqual(Container($PARAM[id]).ListItem.Property(WatchedEpisodePercent),10)">Conditional</animation>
			<animation effect="slide" end="192" time="0" condition="Integer.IsGreater(Container($PARAM[id]).ListItem.Property(WatchedEpisodePercent),10) + Integer.IsLessOrEqual(Container($PARAM[id]).ListItem.Property(WatchedEpisodePercent),15)">Conditional</animation>
			<animation effect="slide" end="201" time="0" condition="Integer.IsGreater(Container($PARAM[id]).ListItem.Property(WatchedEpisodePercent),15) + Integer.IsLessOrEqual(Container($PARAM[id]).ListItem.Property(WatchedEpisodePercent),20)">Conditional</animation>
			<animation effect="slide" end="210" time="0" condition="Integer.IsGreater(Container($PARAM[id]).ListItem.Property(WatchedEpisodePercent),20) + Integer.IsLessOrEqual(Container($PARAM[id]).ListItem.Property(WatchedEpisodePercent),25)">Conditional</animation>
			<animation effect="slide" end="219" time="0" condition="Integer.IsGreater(Container($PARAM[id]).ListItem.Property(WatchedEpisodePercent),25) + Integer.IsLessOrEqual(Container($PARAM[id]).ListItem.Property(WatchedEpisodePercent),30)">Conditional</animation>
			<animation effect="slide" end="228" time="0" condition="Integer.IsGreater(Container($PARAM[id]).ListItem.Property(WatchedEpisodePercent),30) + Integer.IsLessOrEqual(Container($PARAM[id]).ListItem.Property(WatchedEpisodePercent),35)">Conditional</animation>
			<animation effect="slide" end="237" time="0" condition="Integer.IsGreater(Container($PARAM[id]).ListItem.Property(WatchedEpisodePercent),35) + Integer.IsLessOrEqual(Container($PARAM[id]).ListItem.Property(WatchedEpisodePercent),40)">Conditional</animation>
			<animation effect="slide" end="246" time="0" condition="Integer.IsGreater(Container($PARAM[id]).ListItem.Property(WatchedEpisodePercent),40) + Integer.IsLessOrEqual(Container($PARAM[id]).ListItem.Property(WatchedEpisodePercent),45)">Conditional</animation>
			<animation effect="slide" end="255" time="0" condition="Integer.IsGreater(Container($PARAM[id]).ListItem.Property(WatchedEpisodePercent),45) + Integer.IsLessOrEqual(Container($PARAM[id]).ListItem.Property(WatchedEpisodePercent),50)">Conditional</animation>
			<animation effect="slide" end="264" time="0" condition="Integer.IsGreater(Container($PARAM[id]).ListItem.Property(WatchedEpisodePercent),50) + Integer.IsLessOrEqual(Container($PARAM[id]).ListItem.Property(WatchedEpisodePercent),55)">Conditional</animation>
			<animation effect="slide" end="273" time="0" condition="Integer.IsGreater(Container($PARAM[id]).ListItem.Property(WatchedEpisodePercent),55) + Integer.IsLessOrEqual(Container($PARAM[id]).ListItem.Property(WatchedEpisodePercent),60)">Conditional</animation>
			<animation effect="slide" end="282" time="0" condition="Integer.IsGreater(Container($PARAM[id]).ListItem.Property(WatchedEpisodePercent),60) + Integer.IsLessOrEqual(Container($PARAM[id]).ListItem.Property(WatchedEpisodePercent),65)">Conditional</animation>
			<animation effect="slide" end="291" time="0" condition="Integer.IsGreater(Container($PARAM[id]).ListItem.Property(WatchedEpisodePercent),65) + Integer.IsLessOrEqual(Container($PARAM[id]).ListItem.Property(WatchedEpisodePercent),70)">Conditional</animation>
			<animation effect="slide" end="300" time="0" condition="Integer.IsGreater(Container($PARAM[id]).ListItem.Property(WatchedEpisodePercent),70) + Integer.IsLessOrEqual(Container($PARAM[id]).ListItem.Property(WatchedEpisodePercent),75)">Conditional</animation>
			<animation effect="slide" end="309" time="0" condition="Integer.IsGreater(Container($PARAM[id]).ListItem.Property(WatchedEpisodePercent),75) + Integer.IsLessOrEqual(Container($PARAM[id]).ListItem.Property(WatchedEpisodePercent),80)">Conditional</animation>
			<animation effect="slide" end="318" time="0" condition="Integer.IsGreater(Container($PARAM[id]).ListItem.Property(WatchedEpisodePercent),80) + Integer.IsLessOrEqual(Container($PARAM[id]).ListItem.Property(WatchedEpisodePercent),85)">Conditional</animation>
			<animation effect="slide" end="327" time="0" condition="Integer.IsGreater(Container($PARAM[id]).ListItem.Property(WatchedEpisodePercent),85) + Integer.IsLessOrEqual(Container($PARAM[id]).ListItem.Property(WatchedEpisodePercent),90)">Conditional</animation>
			<animation effect="slide" end="336" time="0" condition="Integer.IsGreater(Container($PARAM[id]).ListItem.Property(WatchedEpisodePercent),90) + Integer.IsLessOrEqual(Container($PARAM[id]).ListItem.Property(WatchedEpisodePercent),95)">Conditional</animation>
			<animation effect="slide" end="345" time="0" condition="Integer.IsGreater(Container($PARAM[id]).ListItem.Property(WatchedEpisodePercent),95) + Integer.IsLess(Container($PARAM[id]).ListItem.Property(WatchedEpisodePercent),100)">Conditional</animation>
		</definition>
	</include>

	<include name="Progress_Slides_Narrow">
		<param name="id" />
		<definition>
			<animation effect="slide" end="105" time="0" condition="Integer.IsEqual(Container($PARAM[id]).ListItem.Property(WatchedEpisodePercent),0)">Conditional</animation>
			<animation effect="slide" end="111" time="0" condition="Integer.IsGreater(Container($PARAM[id]).ListItem.Property(WatchedEpisodePercent),0) + Integer.IsLessOrEqual(Container($PARAM[id]).ListItem.Property(WatchedEpisodePercent),5)">Conditional</animation>
			<animation effect="slide" end="117" time="0" condition="Integer.IsGreater(Container($PARAM[id]).ListItem.Property(WatchedEpisodePercent),5) + Integer.IsLessOrEqual(Container($PARAM[id]).ListItem.Property(WatchedEpisodePercent),10)">Conditional</animation>
			<animation effect="slide" end="123" time="0" condition="Integer.IsGreater(Container($PARAM[id]).ListItem.Property(WatchedEpisodePercent),10) + Integer.IsLessOrEqual(Container($PARAM[id]).ListItem.Property(WatchedEpisodePercent),15)">Conditional</animation>
			<animation effect="slide" end="129" time="0" condition="Integer.IsGreater(Container($PARAM[id]).ListItem.Property(WatchedEpisodePercent),15) + Integer.IsLessOrEqual(Container($PARAM[id]).ListItem.Property(WatchedEpisodePercent),20)">Conditional</animation>
			<animation effect="slide" end="135" time="0" condition="Integer.IsGreater(Container($PARAM[id]).ListItem.Property(WatchedEpisodePercent),20) + Integer.IsLessOrEqual(Container($PARAM[id]).ListItem.Property(WatchedEpisodePercent),25)">Conditional</animation>
			<animation effect="slide" end="141" time="0" condition="Integer.IsGreater(Container($PARAM[id]).ListItem.Property(WatchedEpisodePercent),25) + Integer.IsLessOrEqual(Container($PARAM[id]).ListItem.Property(WatchedEpisodePercent),30)">Conditional</animation>
			<animation effect="slide" end="147" time="0" condition="Integer.IsGreater(Container($PARAM[id]).ListItem.Property(WatchedEpisodePercent),30) + Integer.IsLessOrEqual(Container($PARAM[id]).ListItem.Property(WatchedEpisodePercent),35)">Conditional</animation>
			<animation effect="slide" end="153" time="0" condition="Integer.IsGreater(Container($PARAM[id]).ListItem.Property(WatchedEpisodePercent),35) + Integer.IsLessOrEqual(Container($PARAM[id]).ListItem.Property(WatchedEpisodePercent),40)">Conditional</animation>
			<animation effect="slide" end="159" time="0" condition="Integer.IsGreater(Container($PARAM[id]).ListItem.Property(WatchedEpisodePercent),40) + Integer.IsLessOrEqual(Container($PARAM[id]).ListItem.Property(WatchedEpisodePercent),45)">Conditional</animation>
			<animation effect="slide" end="165" time="0" condition="Integer.IsGreater(Container($PARAM[id]).ListItem.Property(WatchedEpisodePercent),45) + Integer.IsLessOrEqual(Container($PARAM[id]).ListItem.Property(WatchedEpisodePercent),50)">Conditional</animation>
			<animation effect="slide" end="171" time="0" condition="Integer.IsGreater(Container($PARAM[id]).ListItem.Property(WatchedEpisodePercent),50) + Integer.IsLessOrEqual(Container($PARAM[id]).ListItem.Property(WatchedEpisodePercent),55)">Conditional</animation>
			<animation effect="slide" end="177" time="0" condition="Integer.IsGreater(Container($PARAM[id]).ListItem.Property(WatchedEpisodePercent),55) + Integer.IsLessOrEqual(Container($PARAM[id]).ListItem.Property(WatchedEpisodePercent),60)">Conditional</animation>
			<animation effect="slide" end="183" time="0" condition="Integer.IsGreater(Container($PARAM[id]).ListItem.Property(WatchedEpisodePercent),60) + Integer.IsLessOrEqual(Container($PARAM[id]).ListItem.Property(WatchedEpisodePercent),65)">Conditional</animation>
			<animation effect="slide" end="189" time="0" condition="Integer.IsGreater(Container($PARAM[id]).ListItem.Property(WatchedEpisodePercent),65) + Integer.IsLessOrEqual(Container($PARAM[id]).ListItem.Property(WatchedEpisodePercent),70)">Conditional</animation>
			<animation effect="slide" end="195" time="0" condition="Integer.IsGreater(Container($PARAM[id]).ListItem.Property(WatchedEpisodePercent),70) + Integer.IsLessOrEqual(Container($PARAM[id]).ListItem.Property(WatchedEpisodePercent),75)">Conditional</animation>
			<animation effect="slide" end="201" time="0" condition="Integer.IsGreater(Container($PARAM[id]).ListItem.Property(WatchedEpisodePercent),75) + Integer.IsLessOrEqual(Container($PARAM[id]).ListItem.Property(WatchedEpisodePercent),80)">Conditional</animation>
			<animation effect="slide" end="207" time="0" condition="Integer.IsGreater(Container($PARAM[id]).ListItem.Property(WatchedEpisodePercent),80) + Integer.IsLessOrEqual(Container($PARAM[id]).ListItem.Property(WatchedEpisodePercent),85)">Conditional</animation>
			<animation effect="slide" end="213" time="0" condition="Integer.IsGreater(Container($PARAM[id]).ListItem.Property(WatchedEpisodePercent),85) + Integer.IsLessOrEqual(Container($PARAM[id]).ListItem.Property(WatchedEpisodePercent),90)">Conditional</animation>
			<animation effect="slide" end="219" time="0" condition="Integer.IsGreater(Container($PARAM[id]).ListItem.Property(WatchedEpisodePercent),90) + Integer.IsLessOrEqual(Container($PARAM[id]).ListItem.Property(WatchedEpisodePercent),95)">Conditional</animation>
			<animation effect="slide" end="225" time="0" condition="Integer.IsGreater(Container($PARAM[id]).ListItem.Property(WatchedEpisodePercent),95) + Integer.IsLess(Container($PARAM[id]).ListItem.Property(WatchedEpisodePercent),100)">Conditional</animation>
		</definition>
	</include>

	<include name="Flag_Icon">
		<param name="visible" default="true" />
		<param name="id" />
		<param name="texture" />
		<param name="colordiffuse" default="$VAR[Light_Color]" />
		<definition>
			<control type="image" id="$PARAM[id]">
				<include content="Hidden_Control" />
				<texture fallback="flags/blank.png">$PARAM[texture]</texture>
			</control>
			<control type="group">
				<visible>$PARAM[visible]</visible>
				<visible>!String.IsEqual(Control.GetLabel($PARAM[id]),flags/blank.png)</visible>
				<animation effect="slide" end="-60" time="0" condition="$EXP[ListView_Display_IsThumbnails]">Conditional</animation>
				<nested />
				<width>180</width>
				<height>180</height>
				<control type="image">
					<centerleft>50%</centerleft>
					<centertop>50%</centertop>
					<width>90</width>
					<height>60</height>
					<aspectratio>keep</aspectratio>
					<texture fallback="flags/blank.png" colordiffuse="$PARAM[colordiffuse]">$PARAM[texture]</texture>
				</control>
			</control>
		</definition>
	</include>

</includes>