<?xml version="1.0" encoding="UTF-8"?>
<includes>
	<include name="ShowcaseView_Menu_Options">
		<item id="1">
			<description>Layout / Showcase</description>
			<onclick>SetFocus(502)</onclick>
			<label>$LOCALIZE[31130] $LOCALIZE[31203] $LOCALIZE[31131]</label>
			<label2>$LOCALIZE[31224] $LOCALIZE[31116] $LOCALIZE[31203]</label2>
			<property name="ActionLeft">Container.PreviousViewMode</property>
			<property name="ActionRight">Container.NextViewMode</property>
			<visible>Integer.IsGreater(Container.ViewCount,1) + Control.IsVisible(502)</visible>
		</item>
		<!-- Display -->
		<!-- Movies -->
		<item id="2">
			<description>Display (Movies) / Posters</description>
			<label>$LOCALIZE[31130] $LOCALIZE[31206] $LOCALIZE[31131]</label>
			<label2>$LOCALIZE[131] $LOCALIZE[31116] $LOCALIZE[31206]</label2>
			<onclick>SetFocus(502)</onclick>
			<property name="ActionLeft">Skin.SetString(ShowcaseView_Display_Movies,Square)</property>
			<property name="ActionRight">Skin.SetString(ShowcaseView_Display_Movies,Square)</property>
			<visible>Control.IsVisible(502) + $EXP[ShowcaseView_Display_IsPosters_Movies]</visible>
		</item>
		<item id="2">
			<description>Display (Movies) / Square</description>
			<label>$LOCALIZE[31130] $LOCALIZE[31208] $LOCALIZE[31131]</label>
			<label2>$LOCALIZE[131] $LOCALIZE[31116] $LOCALIZE[31208]</label2>
			<onclick>SetFocus(502)</onclick>
			<property name="ActionLeft">Skin.SetString(ShowcaseView_Display_Movies,Posters)</property>
			<property name="ActionRight">Skin.SetString(ShowcaseView_Display_Movies,Posters)</property>
			<visible>Control.IsVisible(502) + $EXP[ShowcaseView_Display_IsSquare_Movies]</visible>
		</item>
		<!-- Sets -->
		<item id="2">
			<description>Display (Sets) / Posters</description>
			<label>$LOCALIZE[31130] $LOCALIZE[31206] $LOCALIZE[31131]</label>
			<label2>$LOCALIZE[131] $LOCALIZE[31116] $LOCALIZE[31206]</label2>
			<onclick>SetFocus(502)</onclick>
			<property name="ActionLeft">Skin.SetString(ShowcaseView_Display_Sets,Square)</property>
			<property name="ActionRight">Skin.SetString(ShowcaseView_Display_Sets,Square)</property>
			<visible>Control.IsVisible(502) + $EXP[ShowcaseView_Display_IsPosters_Sets]</visible>
		</item>
		<item id="2">
			<description>Display (Sets) / Square</description>
			<label>$LOCALIZE[31130] $LOCALIZE[31208] $LOCALIZE[31131]</label>
			<label2>$LOCALIZE[131] $LOCALIZE[31116] $LOCALIZE[31208]</label2>
			<onclick>SetFocus(502)</onclick>
			<property name="ActionLeft">Skin.SetString(ShowcaseView_Display_Sets,Posters)</property>
			<property name="ActionRight">Skin.SetString(ShowcaseView_Display_Sets,Posters)</property>
			<visible>Control.IsVisible(502) + $EXP[ShowcaseView_Display_IsSquare_Sets]</visible>
		</item>
		<!-- TV shows -->
		<item id="2">
			<description>Display (TV Shows) / Posters</description>
			<label>$LOCALIZE[31130] $LOCALIZE[31206] $LOCALIZE[31131]</label>
			<label2>$LOCALIZE[131] $LOCALIZE[31116] $LOCALIZE[31206]</label2>
			<onclick>SetFocus(502)</onclick>
			<property name="ActionLeft">Skin.SetString(ShowcaseView_Display_TVShows,Square)</property>
			<property name="ActionRight">Skin.SetString(ShowcaseView_Display_TVShows,Square)</property>
			<visible>Control.IsVisible(502) + $EXP[ShowcaseView_Display_IsPosters_TVShows]</visible>
		</item>
		<item id="2">
			<description>Display (TV Shows) / Square</description>
			<label>$LOCALIZE[31130] $LOCALIZE[31208] $LOCALIZE[31131]</label>
			<label2>$LOCALIZE[131] $LOCALIZE[31116] $LOCALIZE[31208]</label2>
			<onclick>SetFocus(502)</onclick>
			<property name="ActionLeft">Skin.SetString(ShowcaseView_Display_TVShows,Posters)</property>
			<property name="ActionRight">Skin.SetString(ShowcaseView_Display_TVShows,Posters)</property>
			<visible>Control.IsVisible(502) + $EXP[ShowcaseView_Display_IsSquare_TVShows]</visible>
		</item>
		<!-- Seasons -->
		<item id="2">
			<description>Display (Seasons) / Posters</description>
			<label>$LOCALIZE[31130] $LOCALIZE[31206] $LOCALIZE[31131]</label>
			<label2>$LOCALIZE[131] $LOCALIZE[31116] $LOCALIZE[31206]</label2>
			<onclick>SetFocus(502)</onclick>
			<property name="ActionLeft">Skin.SetString(ShowcaseView_Display_Seasons,Square)</property>
			<property name="ActionRight">Skin.SetString(ShowcaseView_Display_Seasons,Square)</property>
			<visible>Control.IsVisible(502) + $EXP[ShowcaseView_Display_IsPosters_Seasons]</visible>
		</item>
		<item id="2">
			<description>Display (Seasons) / Square</description>
			<label>$LOCALIZE[31130] $LOCALIZE[31208] $LOCALIZE[31131]</label>
			<label2>$LOCALIZE[131] $LOCALIZE[31116] $LOCALIZE[31208]</label2>
			<onclick>SetFocus(502)</onclick>
			<property name="ActionLeft">Skin.SetString(ShowcaseView_Display_Seasons,Posters)</property>
			<property name="ActionRight">Skin.SetString(ShowcaseView_Display_Seasons,Posters)</property>
			<visible>Control.IsVisible(502) + $EXP[ShowcaseView_Display_IsSquare_Seasons]</visible>
		</item>
		<!-- Details -->
		<!-- Movies -->
		<item id="2">
			<description>Details (Movies) / Off</description>
			<label>$LOCALIZE[31130] $LOCALIZE[591] $LOCALIZE[31131]</label>
			<label2>$LOCALIZE[32109] $LOCALIZE[31116] $LOCALIZE[591]</label2>
			<onclick>SetFocus(502)</onclick>
			<property name="ActionLeft">Skin.SetString(ShowcaseView_Details_Movies,All_Side)</property>
			<property name="ActionRight">Skin.SetString(ShowcaseView_Details_Movies,Title_Overlay)</property>
			<visible>Control.IsVisible(502) + Container.Content(movies) + Skin.String(ShowcaseView_Details_Movies,Off)</visible>
		</item>
		<item id="3">
			<description>Details (Movies) / Title (Overlay)</description>
			<label>$LOCALIZE[31130] $LOCALIZE[32111] ($LOCALIZE[32156]) $LOCALIZE[31131]</label>
			<label2>$LOCALIZE[32109] $LOCALIZE[31116] $LOCALIZE[32111] ($LOCALIZE[32156])</label2>
			<onclick>SetFocus(502)</onclick>
			<property name="ActionLeft">Skin.SetString(ShowcaseView_Details_Movies,Off)</property>
			<property name="ActionRight">Skin.SetString(ShowcaseView_Details_Movies,TitleAndInfo_Overlay)</property>
			<visible>Control.IsVisible(502) + Container.Content(movies) + Skin.String(ShowcaseView_Details_Movies,Title_Overlay)</visible>
		</item>
		<item id="4">
			<description>Details (Movies) / Title and Info (Overlay)</description>
			<label>$LOCALIZE[31130] $LOCALIZE[32150] ($LOCALIZE[32156]) $LOCALIZE[31131]</label>
			<label2>$LOCALIZE[32109] $LOCALIZE[31116] $LOCALIZE[32150] ($LOCALIZE[32156])</label2>
			<onclick>SetFocus(502)</onclick>
			<property name="ActionLeft">Skin.SetString(ShowcaseView_Details_Movies,Title_Overlay)</property>
			<property name="ActionRight">Skin.SetString(ShowcaseView_Details_Movies,Title_Side)</property>
			<visible>Control.IsVisible(502) + Container.Content(movies) + Skin.String(ShowcaseView_Details_Movies,TitleAndInfo_Overlay)</visible>
		</item>
		<item id="5">
			<description>Details (Movies) / Title (Side)</description>
			<label>$LOCALIZE[31130] $LOCALIZE[32111] ($LOCALIZE[32155]) $LOCALIZE[31131]</label>
			<label2>$LOCALIZE[32109] $LOCALIZE[31116] $LOCALIZE[32111] ($LOCALIZE[32155])</label2>
			<onclick>SetFocus(502)</onclick>
			<property name="ActionLeft">Skin.SetString(ShowcaseView_Details_Movies,TitleAndInfo_Overlay)</property>
			<property name="ActionRight">Skin.SetString(ShowcaseView_Details_Movies,TitleAndInfo_Side)</property>
			<visible>Control.IsVisible(502) + Container.Content(movies) + Skin.String(ShowcaseView_Details_Movies,Title_Side)</visible>
		</item>
		<item>
			<description>Details (Movies) / Title and Info (Side)</description>
			<label>$LOCALIZE[31130] $LOCALIZE[32150] ($LOCALIZE[32155]) $LOCALIZE[31131]</label>
			<label2>$LOCALIZE[32109] $LOCALIZE[31116] $LOCALIZE[32150] ($LOCALIZE[32155])</label2>
			<onclick>SetFocus(502)</onclick>
			<property name="ActionLeft">Skin.SetString(ShowcaseView_Details_Movies,Title_Side)</property>
			<property name="ActionRight">Skin.SetString(ShowcaseView_Details_Movies,TitleAndPlot_Side)</property>
			<visible>Control.IsVisible(502) + Container.Content(movies) + Skin.String(ShowcaseView_Details_Movies,TitleAndInfo_Side)</visible>
		</item>
		<item>
			<description>Details (Movies) / Title and Plot (Side)</description>
			<label>$LOCALIZE[31130] $LOCALIZE[32151] ($LOCALIZE[32155]) $LOCALIZE[31131]</label>
			<label2>$LOCALIZE[32109] $LOCALIZE[31116] $LOCALIZE[32151] ($LOCALIZE[32155])</label2>
			<onclick>SetFocus(502)</onclick>
			<property name="ActionLeft">Skin.SetString(ShowcaseView_Details_Movies,TitleAndInfo_Side)</property>
			<property name="ActionRight">Skin.SetString(ShowcaseView_Details_Movies,All_Side)</property>
			<visible>Control.IsVisible(502) + Container.Content(movies) + Skin.String(ShowcaseView_Details_Movies,TitleAndPlot_Side)</visible>
		</item>
		<item id="6">
			<description>Details (Movies) / All (Side)</description>
			<label>$LOCALIZE[31130] $LOCALIZE[593] ($LOCALIZE[32155]) $LOCALIZE[31131]</label>
			<label2>$LOCALIZE[32109] $LOCALIZE[31116] $LOCALIZE[593] ($LOCALIZE[32155])</label2>
			<onclick>SetFocus(502)</onclick>
			<property name="ActionLeft">Skin.SetString(ShowcaseView_Details_Movies,TitleAndPlot_Side)</property>
			<property name="ActionRight">Skin.SetString(ShowcaseView_Details_Movies,Off)</property>
			<visible>Control.IsVisible(502) + Container.Content(movies) + [Skin.String(ShowcaseView_Details_Movies,All_Side) | String.IsEmpty(Skin.String(ShowcaseView_Details_Movies))]</visible>
		</item>
		<!-- Sets -->
		<item id="2">
			<description>Details (Sets) / Off</description>
			<label>$LOCALIZE[31130] $LOCALIZE[591] $LOCALIZE[31131]</label>
			<label2>$LOCALIZE[32109] $LOCALIZE[31116] $LOCALIZE[591]</label2>
			<onclick>SetFocus(502)</onclick>
			<property name="ActionLeft">Skin.SetString(ShowcaseView_Details_Sets,All_Side)</property>
			<property name="ActionRight">Skin.SetString(ShowcaseView_Details_Sets,Title_Overlay)</property>
			<visible>Control.IsVisible(502) + Container.Content(sets) + Skin.String(ShowcaseView_Details_Sets,Off)</visible>
		</item>
		<item id="3">
			<description>Details (Sets) / Title (Overlay)</description>
			<label>$LOCALIZE[31130] $LOCALIZE[32111] ($LOCALIZE[32156]) $LOCALIZE[31131]</label>
			<label2>$LOCALIZE[32109] $LOCALIZE[31116] $LOCALIZE[32111] ($LOCALIZE[32156])</label2>
			<onclick>SetFocus(502)</onclick>
			<property name="ActionLeft">Skin.SetString(ShowcaseView_Details_Sets,Off)</property>
			<property name="ActionRight">Skin.SetString(ShowcaseView_Details_Sets,TitleAndInfo_Overlay)</property>
			<visible>Control.IsVisible(502) + Container.Content(sets) + Skin.String(ShowcaseView_Details_Sets,Title_Overlay)</visible>
		</item>
		<item id="4">
			<description>Details (Sets) / Title and Info (Overlay)</description>
			<label>$LOCALIZE[31130] $LOCALIZE[32150] ($LOCALIZE[32156]) $LOCALIZE[31131]</label>
			<label2>$LOCALIZE[32109] $LOCALIZE[31116] $LOCALIZE[32150] ($LOCALIZE[32156])</label2>
			<onclick>SetFocus(502)</onclick>
			<property name="ActionLeft">Skin.SetString(ShowcaseView_Details_Sets,Title_Overlay)</property>
			<property name="ActionRight">Skin.SetString(ShowcaseView_Details_Sets,Title_Side)</property>
			<visible>Control.IsVisible(502) + Container.Content(sets) + Skin.String(ShowcaseView_Details_Sets,TitleAndInfo_Overlay)</visible>
		</item>
		<item id="5">
			<description>Details (Sets) / Title (Side)</description>
			<label>$LOCALIZE[31130] $LOCALIZE[32111] ($LOCALIZE[32155]) $LOCALIZE[31131]</label>
			<label2>$LOCALIZE[32109] $LOCALIZE[31116] $LOCALIZE[32111] ($LOCALIZE[32155])</label2>
			<onclick>SetFocus(502)</onclick>
			<property name="ActionLeft">Skin.SetString(ShowcaseView_Details_Sets,TitleAndInfo_Overlay)</property>
			<property name="ActionRight">Skin.SetString(ShowcaseView_Details_Sets,TitleAndInfo_Side)</property>
			<visible>Control.IsVisible(502) + Container.Content(sets) + Skin.String(ShowcaseView_Details_Sets,Title_Side)</visible>
		</item>
		<item>
			<description>Details (Sets) / Title and Info (Side)</description>
			<label>$LOCALIZE[31130] $LOCALIZE[32150] ($LOCALIZE[32155]) $LOCALIZE[31131]</label>
			<label2>$LOCALIZE[32109] $LOCALIZE[31116] $LOCALIZE[32150] ($LOCALIZE[32155])</label2>
			<onclick>SetFocus(502)</onclick>
			<property name="ActionLeft">Skin.SetString(ShowcaseView_Details_Sets,Title_Side)</property>
			<property name="ActionRight">Skin.SetString(ShowcaseView_Details_Sets,TitleAndPlot_Side)</property>
			<visible>Control.IsVisible(502) + Container.Content(sets) + Skin.String(ShowcaseView_Details_Sets,TitleAndInfo_Side)</visible>
		</item>
		<item>
			<description>Details (Sets) / Title and Plot (Side)</description>
			<label>$LOCALIZE[31130] $LOCALIZE[32151] ($LOCALIZE[32155]) $LOCALIZE[31131]</label>
			<label2>$LOCALIZE[32109] $LOCALIZE[31116] $LOCALIZE[32151] ($LOCALIZE[32155])</label2>
			<onclick>SetFocus(502)</onclick>
			<property name="ActionLeft">Skin.SetString(ShowcaseView_Details_Sets,TitleAndInfo_Side)</property>
			<property name="ActionRight">Skin.SetString(ShowcaseView_Details_Sets,All_Side)</property>
			<visible>Control.IsVisible(502) + Container.Content(sets) + Skin.String(ShowcaseView_Details_Sets,TitleAndPlot_Side)</visible>
		</item>
		<item id="6">
			<description>Details (Sets) / All (Side)</description>
			<label>$LOCALIZE[31130] $LOCALIZE[593] ($LOCALIZE[32155]) $LOCALIZE[31131]</label>
			<label2>$LOCALIZE[32109] $LOCALIZE[31116] $LOCALIZE[593] ($LOCALIZE[32155])</label2>
			<onclick>SetFocus(502)</onclick>
			<property name="ActionLeft">Skin.SetString(ShowcaseView_Details_Sets,TitleAndPlot_Side)</property>
			<property name="ActionRight">Skin.SetString(ShowcaseView_Details_Sets,Off)</property>
			<visible>Control.IsVisible(502) + Container.Content(sets) + [Skin.String(ShowcaseView_Details_Sets,All_Side) | String.IsEmpty(Skin.String(ShowcaseView_Details_Sets))]</visible>
		</item>
		<!-- TV shows -->
		<item id="2">
			<description>Details (TV Shows) / Off</description>
			<label>$LOCALIZE[31130] $LOCALIZE[591] $LOCALIZE[31131]</label>
			<label2>$LOCALIZE[32109] $LOCALIZE[31116] $LOCALIZE[591]</label2>
			<onclick>SetFocus(502)</onclick>
			<property name="ActionLeft">Skin.SetString(ShowcaseView_Details_TVShows,All_Side)</property>
			<property name="ActionRight">Skin.SetString(ShowcaseView_Details_TVShows,Title_Overlay)</property>
			<visible>Control.IsVisible(502) + Container.Content(tvshows) + Skin.String(ShowcaseView_Details_TVShows,Off)</visible>
		</item>
		<item id="3">
			<description>Details (TV Shows) / Title (Overlay)</description>
			<label>$LOCALIZE[31130] $LOCALIZE[32111] ($LOCALIZE[32156]) $LOCALIZE[31131]</label>
			<label2>$LOCALIZE[32109] $LOCALIZE[31116] $LOCALIZE[32111] ($LOCALIZE[32156])</label2>
			<onclick>SetFocus(502)</onclick>
			<property name="ActionLeft">Skin.SetString(ShowcaseView_Details_TVShows,Off)</property>
			<property name="ActionRight">Skin.SetString(ShowcaseView_Details_TVShows,TitleAndInfo_Overlay)</property>
			<visible>Control.IsVisible(502) + Container.Content(tvshows) + Skin.String(ShowcaseView_Details_TVShows,Title_Overlay)</visible>
		</item>
		<item id="4">
			<description>Details (TV Shows) / Title And Info (Overlay)</description>
			<label>$LOCALIZE[31130] Title and Info (Overlay)$LOCALIZE[31131]</label>
			<label2>$LOCALIZE[32109] $LOCALIZE[31116] $LOCALIZE[32150] ($LOCALIZE[32156])</label2>
			<onclick>SetFocus(502)</onclick>
			<property name="ActionLeft">Skin.SetString(ShowcaseView_Details_TVShows,Title_Overlay)</property>
			<property name="ActionRight">Skin.SetString(ShowcaseView_Details_TVShows,Title_Side)</property>
			<visible>Control.IsVisible(502) + Container.Content(tvshows) + Skin.String(ShowcaseView_Details_TVShows,TitleAndInfo_Overlay)</visible>
		</item>
		<item id="5">
			<description>Details (TV Shows) / Title (Side)</description>
			<label>$LOCALIZE[31130] $LOCALIZE[32111] ($LOCALIZE[32155]) $LOCALIZE[31131]</label>
			<label2>$LOCALIZE[32109] $LOCALIZE[31116] $LOCALIZE[32111] ($LOCALIZE[32155])</label2>
			<onclick>SetFocus(502)</onclick>
			<property name="ActionLeft">Skin.SetString(ShowcaseView_Details_TVShows,TitleAndInfo_Overlay)</property>
			<property name="ActionRight">Skin.SetString(ShowcaseView_Details_TVShows,TitleAndInfo_Side)</property>
			<visible>Control.IsVisible(502) + Container.Content(tvshows) + Skin.String(ShowcaseView_Details_TVShows,Title_Side)</visible>
		</item>
		<item>
			<description>Details (TV Shows) / Title and Info (Side)</description>
			<label>$LOCALIZE[31130] $LOCALIZE[32150] ($LOCALIZE[32155]) $LOCALIZE[31131]</label>
			<label2>$LOCALIZE[32109] $LOCALIZE[31116] $LOCALIZE[32150] ($LOCALIZE[32155])</label2>
			<onclick>SetFocus(502)</onclick>
			<property name="ActionLeft">Skin.SetString(ShowcaseView_Details_TVShows,Title_Side)</property>
			<property name="ActionRight">Skin.SetString(ShowcaseView_Details_TVShows,TitleAndPlot_Side)</property>
			<visible>Control.IsVisible(502) + Container.Content(tvshows) + Skin.String(ShowcaseView_Details_TVShows,TitleAndInfo_Side)</visible>
		</item>
		<item>
			<description>Details (TV Shows) / Title and Plot (Side)</description>
			<label>$LOCALIZE[31130] $LOCALIZE[32151] ($LOCALIZE[32155]) $LOCALIZE[31131]</label>
			<label2>$LOCALIZE[32109] $LOCALIZE[31116] $LOCALIZE[32151] ($LOCALIZE[32155])</label2>
			<onclick>SetFocus(502)</onclick>
			<property name="ActionLeft">Skin.SetString(ShowcaseView_Details_TVShows,TitleAndInfo_Side)</property>
			<property name="ActionRight">Skin.SetString(ShowcaseView_Details_TVShows,All_Side)</property>
			<visible>Control.IsVisible(502) + Container.Content(tvshows) + Skin.String(ShowcaseView_Details_TVShows,TitleAndPlot_Side)</visible>
		</item>
		<item id="6">
			<description>Details (TV Shows) / All (Side)</description>
			<label>$LOCALIZE[31130] $LOCALIZE[593] ($LOCALIZE[32155]) $LOCALIZE[31131]</label>
			<label2>$LOCALIZE[32109] $LOCALIZE[31116] $LOCALIZE[593] ($LOCALIZE[32155])</label2>
			<onclick>SetFocus(502)</onclick>
			<property name="ActionLeft">Skin.SetString(ShowcaseView_Details_TVShows,TitleAndPlot_Side)</property>
			<property name="ActionRight">Skin.SetString(ShowcaseView_Details_TVShows,Off)</property>
			<visible>Control.IsVisible(502) + Container.Content(tvshows) + [Skin.String(ShowcaseView_Details_TVShows,All_Side) | String.IsEmpty(Skin.String(ShowcaseView_Details_TVShows))]</visible>
		</item>
		<!-- Seasons -->
		<item id="2">
			<description>Details (Seasons) / Off</description>
			<label>$LOCALIZE[31130] $LOCALIZE[591] $LOCALIZE[31131]</label>
			<label2>$LOCALIZE[32109] $LOCALIZE[31116] $LOCALIZE[591]</label2>
			<onclick>SetFocus(502)</onclick>
			<property name="ActionLeft">Skin.SetString(ShowcaseView_Details_Seasons,All_Side)</property>
			<property name="ActionRight">Skin.SetString(ShowcaseView_Details_Seasons,Title_Overlay)</property>
			<visible>Control.IsVisible(502) + Container.Content(seasons) + Skin.String(ShowcaseView_Details_Seasons,Off)</visible>
		</item>
		<item id="3">
			<description>Details (Seasons) / Title (Overlay)</description>
			<label>$LOCALIZE[31130] $LOCALIZE[32111] ($LOCALIZE[32156]) $LOCALIZE[31131]</label>
			<label2>$LOCALIZE[32109] $LOCALIZE[31116] $LOCALIZE[32111] ($LOCALIZE[32156])</label2>
			<onclick>SetFocus(502)</onclick>
			<property name="ActionLeft">Skin.SetString(ShowcaseView_Details_Seasons,Off)</property>
			<property name="ActionRight">Skin.SetString(ShowcaseView_Details_Seasons,TitleAndInfo_Overlay)</property>
			<visible>Control.IsVisible(502) + Container.Content(seasons) + Skin.String(ShowcaseView_Details_Seasons,Title_Overlay)</visible>
		</item>
		<item id="4">
			<description>Details (Seasons) / Title And Info (Overlay)</description>
			<label>$LOCALIZE[31130] $LOCALIZE[32150] ($LOCALIZE[32156]) $LOCALIZE[31131]</label>
			<label2>$LOCALIZE[32109] $LOCALIZE[31116] $LOCALIZE[32150] ($LOCALIZE[32156])</label2>
			<onclick>SetFocus(502)</onclick>
			<property name="ActionLeft">Skin.SetString(ShowcaseView_Details_Seasons,Title_Overlay)</property>
			<property name="ActionRight">Skin.SetString(ShowcaseView_Details_Seasons,Title_Side)</property>
			<visible>Control.IsVisible(502) + Container.Content(seasons) + Skin.String(ShowcaseView_Details_Seasons,TitleAndInfo_Overlay)</visible>
		</item>
		<item id="5">
			<description>Details (Seasons) / Title (Side)</description>
			<label>$LOCALIZE[31130] $LOCALIZE[32111] ($LOCALIZE[32155]) $LOCALIZE[31131]</label>
			<label2>$LOCALIZE[32109] $LOCALIZE[31116] $LOCALIZE[32111] ($LOCALIZE[32155])</label2>
			<onclick>SetFocus(502)</onclick>
			<property name="ActionLeft">Skin.SetString(ShowcaseView_Details_Seasons,TitleAndInfo_Overlay)</property>
			<property name="ActionRight">Skin.SetString(ShowcaseView_Details_Seasons,TitleAndInfo_Side)</property>
			<visible>Control.IsVisible(502) + Container.Content(seasons) + Skin.String(ShowcaseView_Details_Seasons,Title_Side)</visible>
		</item>
		<item>
			<description>Details (Seasons) / Title and Info (Side)</description>
			<label>$LOCALIZE[31130] $LOCALIZE[32150] ($LOCALIZE[32155]) $LOCALIZE[31131]</label>
			<label2>$LOCALIZE[32109] $LOCALIZE[31116] $LOCALIZE[32150] ($LOCALIZE[32155])</label2>
			<onclick>SetFocus(502)</onclick>
			<property name="ActionLeft">Skin.SetString(ShowcaseView_Details_Seasons,Title_Side)</property>
			<property name="ActionRight">Skin.SetString(ShowcaseView_Details_Seasons,TitleAndPlot_Side)</property>
			<visible>Control.IsVisible(502) + Container.Content(seasons) + [Skin.String(ShowcaseView_Details_Seasons,TitleAndInfo_Side) | String.IsEmpty(Skin.String(ShowcaseView_Details_Seasons))]</visible>
		</item>
		<item>
			<description>Details (Seasons) / Title and Plot (Side)</description>
			<label>$LOCALIZE[31130] $LOCALIZE[32151] ($LOCALIZE[32155]) $LOCALIZE[31131]</label>
			<label2>$LOCALIZE[32109] $LOCALIZE[31116] $LOCALIZE[32151] ($LOCALIZE[32155])</label2>
			<onclick>SetFocus(502)</onclick>
			<property name="ActionLeft">Skin.SetString(ShowcaseView_Details_Seasons,TitleAndInfo_Side)</property>
			<property name="ActionRight">Skin.SetString(ShowcaseView_Details_Seasons,All_Side)</property>
			<visible>Control.IsVisible(502) + Container.Content(seasons) + Skin.String(ShowcaseView_Details_Seasons,TitleAndPlot_Side)</visible>
		</item>
		<item id="6">
			<description>Details (Seasons) / All (Side)</description>
			<label>$LOCALIZE[31130] $LOCALIZE[593] ($LOCALIZE[32155]) $LOCALIZE[31131]</label>
			<label2>$LOCALIZE[32109] $LOCALIZE[31116] $LOCALIZE[593] ($LOCALIZE[32155])</label2>
			<onclick>SetFocus(502)</onclick>
			<property name="ActionLeft">Skin.SetString(ShowcaseView_Details_Seasons,TitleAndPlot_Side)</property>
			<property name="ActionRight">Skin.SetString(ShowcaseView_Details_Seasons,Off)</property>
			<visible>Control.IsVisible(502) + Container.Content(seasons) + Skin.String(ShowcaseView_Details_Seasons,All_Side)</visible>
		</item>
		<!-- Episodes -->
		<item id="3">
			<description>Details (Episodes) / Off</description>
			<label>$LOCALIZE[31130] $LOCALIZE[591] $LOCALIZE[31131]</label>
			<label2>$LOCALIZE[32109] $LOCALIZE[31116] $LOCALIZE[591]</label2>
			<onclick>SetFocus(502)</onclick>
			<property name="ActionLeft">Skin.SetString(ShowcaseView_Details_Episodes,All_Side)</property>
			<property name="ActionRight">Skin.SetString(ShowcaseView_Details_Episodes,Title_Overlay)</property>
			<visible>Control.IsVisible(502) + Container.Content(episodes) + Skin.String(ShowcaseView_Details_Episodes,Off)</visible>
		</item>
		<item>
			<description>Details (Episodes) / Title (Overlay)</description>
			<label>$LOCALIZE[31130] $LOCALIZE[32111] ($LOCALIZE[32156]) $LOCALIZE[31131]</label>
			<label2>$LOCALIZE[32109] $LOCALIZE[31116] $LOCALIZE[32111] ($LOCALIZE[32156])</label2>
			<onclick>SetFocus(502)</onclick>
			<property name="ActionLeft">Skin.SetString(ShowcaseView_Details_Episodes,Off)</property>
			<property name="ActionRight">Skin.SetString(ShowcaseView_Details_Episodes,TitleAndInfo_Overlay)</property>
			<visible>Control.IsVisible(502) + Container.Content(episodes) + Skin.String(ShowcaseView_Details_Episodes,Title_Overlay)</visible>
		</item>
		<item id="4">
			<description>Details (Episodes) / Title and Info (Overlay)</description>
			<label>$LOCALIZE[31130] $LOCALIZE[32150] ($LOCALIZE[32156]) $LOCALIZE[31131]</label>
			<label2>$LOCALIZE[32109] $LOCALIZE[31116] $LOCALIZE[32150] ($LOCALIZE[32156])</label2>
			<onclick>SetFocus(502)</onclick>
			<property name="ActionLeft">Skin.SetString(ShowcaseView_Details_Episodes,Title_Overlay)</property>
			<property name="ActionRight">Skin.SetString(ShowcaseView_Details_Episodes,Title_Side)</property>
			<visible>Control.IsVisible(502) + Container.Content(episodes) + Skin.String(ShowcaseView_Details_Episodes,TitleAndInfo_Overlay)</visible>
		</item>
		<item id="5">
			<description>Details (Episodes) / Title (Side)</description>
			<label>$LOCALIZE[31130] $LOCALIZE[32111] ($LOCALIZE[32155]) $LOCALIZE[31131]</label>
			<label2>$LOCALIZE[32109] $LOCALIZE[31116] $LOCALIZE[32111] ($LOCALIZE[32155])</label2>
			<onclick>SetFocus(502)</onclick>
			<property name="ActionLeft">Skin.SetString(ShowcaseView_Details_Episodes,TitleAndInfo_Overlay)</property>
			<property name="ActionRight">Skin.SetString(ShowcaseView_Details_Episodes,TitleAndInfo_Side)</property>
			<visible>Control.IsVisible(502) + Container.Content(episodes) + Skin.String(ShowcaseView_Details_Episodes,Title_Side)</visible>
		</item>
		<item>
			<description>Details (Episodes) / Title and Info (Side)</description>
			<label>$LOCALIZE[31130] $LOCALIZE[32150] ($LOCALIZE[32155]) $LOCALIZE[31131]</label>
			<label2>$LOCALIZE[32109] $LOCALIZE[31116] $LOCALIZE[32150] ($LOCALIZE[32155])</label2>
			<onclick>SetFocus(502)</onclick>
			<property name="ActionLeft">Skin.SetString(ShowcaseView_Details_Episodes,Title_Side)</property>
			<property name="ActionRight">Skin.SetString(ShowcaseView_Details_Episodes,TitleAndPlot_Side)</property>
			<visible>Control.IsVisible(502) + Container.Content(episodes) + Skin.String(ShowcaseView_Details_Episodes,TitleAndInfo_Side)</visible>
		</item>
		<item>
			<description>Details (Episodes) / Title and Plot (Side)</description>
			<label>$LOCALIZE[31130] $LOCALIZE[32151] ($LOCALIZE[32155]) $LOCALIZE[31131]</label>
			<label2>$LOCALIZE[32109] $LOCALIZE[31116] $LOCALIZE[32151] ($LOCALIZE[32155])</label2>
			<onclick>SetFocus(502)</onclick>
			<property name="ActionLeft">Skin.SetString(ShowcaseView_Details_Episodes,TitleAndInfo_Side)</property>
			<property name="ActionRight">Skin.SetString(ShowcaseView_Details_Episodes,All_Side)</property>
			<visible>Control.IsVisible(502) + Container.Content(episodes) + Skin.String(ShowcaseView_Details_Episodes,TitleAndPlot_Side)</visible>
		</item>
		<item id="6">
			<description>Details (Episodes) / All (Side)</description>
			<label>$LOCALIZE[31130] $LOCALIZE[593] ($LOCALIZE[32155]) $LOCALIZE[31131]</label>
			<label2>$LOCALIZE[32109] $LOCALIZE[31116] $LOCALIZE[593] ($LOCALIZE[32155])</label2>
			<onclick>SetFocus(502)</onclick>
			<property name="ActionLeft">Skin.SetString(ShowcaseView_Details_Episodes,TitleAndPlot_Side)</property>
			<property name="ActionRight">Skin.SetString(ShowcaseView_Details_Episodes,Off)</property>
			<visible>Control.IsVisible(502) + Container.Content(episodes) + [Skin.String(ShowcaseView_Details_Episodes,All_Side) | String.IsEmpty(Skin.String(ShowcaseView_Details_Episodes))]</visible>
		</item>
		<!-- Artists -->
		<item id="3">
			<description>Artist Details / Off</description>
			<label>$LOCALIZE[31130] $LOCALIZE[591] $LOCALIZE[31131]</label>
			<label2>$LOCALIZE[32109] $LOCALIZE[31116] $LOCALIZE[591]</label2>
			<onclick>SetFocus(502)</onclick>
			<property name="ActionLeft">Skin.SetString(ShowcaseView_Details_Artists,All_Side)</property>
			<property name="ActionRight">Skin.SetString(ShowcaseView_Details_Artists,Title_Overlay)</property>
			<visible>Control.IsVisible(502) + Container.Content(artists) + Skin.String(ShowcaseView_Details_Artists,Off)</visible>
		</item>
		<item>
			<description>Artist Details / Title (Overlay)</description>
			<label>$LOCALIZE[31130] $LOCALIZE[32111] ($LOCALIZE[32156]) $LOCALIZE[31131]</label>
			<label2>$LOCALIZE[32109] $LOCALIZE[31116] $LOCALIZE[32111] ($LOCALIZE[32156])</label2>
			<onclick>SetFocus(502)</onclick>
			<property name="ActionLeft">Skin.SetString(ShowcaseView_Details_Artists,Off)</property>
			<property name="ActionRight">Skin.SetString(ShowcaseView_Details_Artists,TitleAndInfo_Overlay)</property>
			<visible>Control.IsVisible(502) + Container.Content(artists) + Skin.String(ShowcaseView_Details_Artists,Title_Overlay)</visible>
		</item>
		<item id="4">
			<description>Artist Details / Title And Info (Overlay)</description>
			<label>$LOCALIZE[31130] $LOCALIZE[32150] ($LOCALIZE[32156]) $LOCALIZE[31131]</label>
			<label2>$LOCALIZE[32109] $LOCALIZE[31116] $LOCALIZE[32150] ($LOCALIZE[32156])</label2>
			<onclick>SetFocus(502)</onclick>
			<property name="ActionLeft">Skin.SetString(ShowcaseView_Details_Artists,Title_Overlay)</property>
			<property name="ActionRight">Skin.SetString(ShowcaseView_Details_Artists,Title_Side)</property>
			<visible>Control.IsVisible(502) + Container.Content(artists) + [Skin.String(ShowcaseView_Details_Artists,TitleAndInfo_Overlay) | String.IsEmpty(Skin.String(ShowcaseView_Details_Artists))]</visible>
		</item>
		<item id="5">
			<description>Artist Details / Title (Side)</description>
			<label>$LOCALIZE[31130] $LOCALIZE[32111] ($LOCALIZE[32155]) $LOCALIZE[31131]</label>
			<label2>$LOCALIZE[32109] $LOCALIZE[31116] $LOCALIZE[32111] ($LOCALIZE[32155])</label2>
			<onclick>SetFocus(502)</onclick>
			<property name="ActionLeft">Skin.SetString(ShowcaseView_Details_Artists,TitleAndInfo_Overlay)</property>
			<property name="ActionRight">Skin.SetString(ShowcaseView_Details_Artists,TitleAndInfo_Side)</property>
			<visible>Control.IsVisible(502) + Container.Content(artists) + Skin.String(ShowcaseView_Details_Artists,Title_Side)</visible>
		</item>
		<item>
			<description>Artist Details / Title And Info (Side)</description>
			<label>$LOCALIZE[31130] $LOCALIZE[32150] ($LOCALIZE[32155]) $LOCALIZE[31131]</label>
			<label2>$LOCALIZE[32109] $LOCALIZE[31116] $LOCALIZE[32150] ($LOCALIZE[32155])</label2>
			<onclick>SetFocus(502)</onclick>
			<property name="ActionLeft">Skin.SetString(ShowcaseView_Details_Artists,Title_Side)</property>
			<property name="ActionRight">Skin.SetString(ShowcaseView_Details_Artists,TitleAndPlot_Side)</property>
			<visible>Control.IsVisible(502) + Container.Content(artists) + Skin.String(ShowcaseView_Details_Artists,TitleAndInfo_Side)</visible>
		</item>
		<item>
			<description>Artist Details / Title And Plot (Side)</description>
			<label>$LOCALIZE[31130] $LOCALIZE[32152] ($LOCALIZE[32155]) $LOCALIZE[31131]</label>
			<label2>$LOCALIZE[32109] $LOCALIZE[31116] $LOCALIZE[32152] ($LOCALIZE[32155])</label2>
			<onclick>SetFocus(502)</onclick>
			<property name="ActionLeft">Skin.SetString(ShowcaseView_Details_Artists,TitleAndInfo_Side)</property>
			<property name="ActionRight">Skin.SetString(ShowcaseView_Details_Artists,All_Side)</property>
			<visible>Control.IsVisible(502) + Container.Content(artists) + Skin.String(ShowcaseView_Details_Artists,TitleAndPlot_Side)</visible>
		</item>
		<item id="6">
			<description>Artist Details / All (Side)</description>
			<label>$LOCALIZE[31130] $LOCALIZE[593] ($LOCALIZE[32155]) $LOCALIZE[31131]</label>
			<label2>$LOCALIZE[32109] $LOCALIZE[31116] $LOCALIZE[593] ($LOCALIZE[32155])</label2>
			<onclick>SetFocus(502)</onclick>
			<property name="ActionLeft">Skin.SetString(ShowcaseView_Details_Artists,TitleAndPlot_Side)</property>
			<property name="ActionRight">Skin.SetString(ShowcaseView_Details_Artists,Off)</property>
			<visible>Control.IsVisible(502) + Container.Content(artists) + Skin.String(ShowcaseView_Details_Artists,All_Side)</visible>
		</item>
		<!-- Albums -->
		<item id="3">
			<description>Album Details / Off</description>
			<label>$LOCALIZE[31130] $LOCALIZE[591] $LOCALIZE[31131]</label>
			<label2>$LOCALIZE[32109] $LOCALIZE[31116] $LOCALIZE[591]</label2>
			<onclick>SetFocus(502)</onclick>
			<property name="ActionLeft">Skin.SetString(ShowcaseView_Details_Albums,All_Side)</property>
			<property name="ActionRight">Skin.SetString(ShowcaseView_Details_Albums,Title_Overlay)</property>
			<visible>Control.IsVisible(502) + Container.Content(albums) + Skin.String(ShowcaseView_Details_Albums,Off)</visible>
		</item>
		<item>
			<description>Album Details / Title (Overlay)</description>
			<label>$LOCALIZE[31130] $LOCALIZE[32111] ($LOCALIZE[32156]) $LOCALIZE[31131]</label>
			<label2>$LOCALIZE[32109] $LOCALIZE[31116] $LOCALIZE[32111] ($LOCALIZE[32156])</label2>
			<onclick>SetFocus(502)</onclick>
			<property name="ActionLeft">Skin.SetString(ShowcaseView_Details_Albums,Off)</property>
			<property name="ActionRight">Skin.SetString(ShowcaseView_Details_Albums,TitleAndInfo_Overlay)</property>
			<visible>Control.IsVisible(502) + Container.Content(albums) + Skin.String(ShowcaseView_Details_Albums,Title_Overlay)</visible>
		</item>
		<item id="4">
			<description>Album Details / Title and Info (Overlay)</description>
			<label>$LOCALIZE[31130] $LOCALIZE[32150] ($LOCALIZE[32156]) $LOCALIZE[31131]</label>
			<label2>$LOCALIZE[32109] $LOCALIZE[31116] $LOCALIZE[32150] ($LOCALIZE[32156])</label2>
			<onclick>SetFocus(502)</onclick>
			<property name="ActionLeft">Skin.SetString(ShowcaseView_Details_Albums,Title_Overlay)</property>
			<property name="ActionRight">Skin.SetString(ShowcaseView_Details_Albums,Title_Side)</property>
			<visible>Control.IsVisible(502) + Container.Content(albums) + [Skin.String(ShowcaseView_Details_Albums,TitleAndInfo_Overlay) | String.IsEmpty(Skin.String(ShowcaseView_Details_Albums))]</visible>
		</item>
		<item id="5">
			<description>Album Details / Title (Side)</description>
			<label>$LOCALIZE[31130] $LOCALIZE[32111] ($LOCALIZE[32155]) $LOCALIZE[31131]</label>
			<label2>$LOCALIZE[32109] $LOCALIZE[31116] $LOCALIZE[32111] ($LOCALIZE[32155])</label2>
			<onclick>SetFocus(502)</onclick>
			<property name="ActionLeft">Skin.SetString(ShowcaseView_Details_Albums,TitleAndInfo_Overlay)</property>
			<property name="ActionRight">Skin.SetString(ShowcaseView_Details_Albums,TitleAndInfo_Side)</property>
			<visible>Control.IsVisible(502) + Container.Content(albums) + Skin.String(ShowcaseView_Details_Albums,Title_Side)</visible>
		</item>
		<item>
			<description>Album Details / Title And Info (Side)</description>
			<label>$LOCALIZE[31130] $LOCALIZE[32150] ($LOCALIZE[32155]) $LOCALIZE[31131]</label>
			<label2>$LOCALIZE[32109] $LOCALIZE[31116] $LOCALIZE[32150] ($LOCALIZE[32155])</label2>
			<onclick>SetFocus(502)</onclick>
			<property name="ActionLeft">Skin.SetString(ShowcaseView_Details_Albums,Title_Side)</property>
			<property name="ActionRight">Skin.SetString(ShowcaseView_Details_Albums,TitleAndPlot_Side)</property>
			<visible>Control.IsVisible(502) + Container.Content(albums) + Skin.String(ShowcaseView_Details_Albums,TitleAndInfo_Side)</visible>
		</item>
		<item>
			<description>Album Details / Title And Review (Side)</description>
			<label>$LOCALIZE[31130] $LOCALIZE[32153] ($LOCALIZE[32155]) $LOCALIZE[31131]</label>
			<label2>$LOCALIZE[32109] $LOCALIZE[31116] $LOCALIZE[32153] ($LOCALIZE[32155])</label2>
			<onclick>SetFocus(502)</onclick>
			<property name="ActionLeft">Skin.SetString(ShowcaseView_Details_Albums,TitleAndInfo_Side)</property>
			<property name="ActionRight">Skin.SetString(ShowcaseView_Details_Albums,All_Side)</property>
			<visible>Control.IsVisible(502) + Container.Content(albums) + Skin.String(ShowcaseView_Details_Albums,TitleAndPlot_Side)</visible>
		</item>
		<item id="6">
			<description>Album Details / All (Side)</description>
			<label>$LOCALIZE[31130] $LOCALIZE[593] ($LOCALIZE[32155]) $LOCALIZE[31131]</label>
			<label2>$LOCALIZE[32109] $LOCALIZE[31116] $LOCALIZE[593] ($LOCALIZE[32155])</label2>
			<onclick>SetFocus(502)</onclick>
			<property name="ActionLeft">Skin.SetString(ShowcaseView_Details_Albums,TitleAndPlot_Side)</property>
			<property name="ActionRight">Skin.SetString(ShowcaseView_Details_Albums,Off)</property>
			<visible>Control.IsVisible(502) + Container.Content(albums) + Skin.String(ShowcaseView_Details_Albums,All_Side)</visible>
		</item>
		<!-- Clearlogos -->
		<!-- Movies -->
		<!-- Keyart visible -->
		<item id="2">
			<description>Movie logos / Off</description>
			<label>$LOCALIZE[31130] $LOCALIZE[591] $LOCALIZE[31131]</label>
			<label2>$LOCALIZE[32112] $LOCALIZE[31116] $LOCALIZE[591]</label2>
			<onclick>SetFocus(502)</onclick>
			<property name="ActionLeft">Skin.SetString(ShowcaseView_Logo_Movies,On)</property>
			<property name="ActionRight">Skin.SetString(ShowcaseView_Logo_Movies,On)</property>
			<visible>Control.IsVisible(502) + Container.Content(movies) + [Skin.String(ShowcaseView_Logo_Movies,Off) | String.IsEmpty(Skin.String(ShowcaseView_Logo_Movies))] + !$EXP[ShowcaseView_Details_Off] + $EXP[ShowcaseView_Display_IsPosters_Movies] + !String.IsEmpty(ListItem.Art(clearlogo)) + !String.IsEmpty(ListItem.Art(keyart))</visible>
		</item>
		<!-- Keyart visible -->
		<item id="2">
			<description>Movie logos / On</description>
			<label>$LOCALIZE[31130] $LOCALIZE[34222] $LOCALIZE[31131]</label>
			<label2>$LOCALIZE[32112] $LOCALIZE[31116] $LOCALIZE[34222]</label2>
			<onclick>SetFocus(502)</onclick>
			<property name="ActionLeft">Skin.SetString(ShowcaseView_Logo_Movies,Off)</property>
			<property name="ActionRight">Skin.SetString(ShowcaseView_Logo_Movies,Off)</property>
			<visible>Control.IsVisible(502) + Container.Content(movies) + Skin.String(ShowcaseView_Logo_Movies,On) + !$EXP[ShowcaseView_Details_Off] + $EXP[ShowcaseView_Display_IsPosters_Movies] + !String.IsEmpty(ListItem.Art(clearlogo)) + !String.IsEmpty(ListItem.Art(keyart))</visible>
		</item>
		<!-- Keyart not visible -->
		<item>
			<description>Movie logos / Off</description>
			<label>$LOCALIZE[31130] $LOCALIZE[591] $LOCALIZE[31131]</label>
			<label2>$LOCALIZE[32112] $LOCALIZE[31116] $LOCALIZE[591]</label2>
			<onclick>SetFocus(502)</onclick>
			<property name="ActionLeft">Skin.SetString(ShowcaseView_Logo_Movies,On)</property>
			<property name="ActionRight">Skin.SetString(ShowcaseView_Logo_Movies,On)</property>
			<visible>Control.IsVisible(502) + Container.Content(movies) + [Skin.String(ShowcaseView_Logo_Movies,Off) | String.IsEmpty(Skin.String(ShowcaseView_Logo_Movies))] + !$EXP[ShowcaseView_Details_Off] + [$EXP[ShowcaseView_Display_IsSquare_Movies] | String.IsEmpty(ListItem.Art(clearlogo)) | String.IsEmpty(ListItem.Art(keyart))]</visible>
		</item>
		<!-- Keyart not visible -->
		<item>
			<description>Movie logos / On</description>
			<label>$LOCALIZE[31130] $LOCALIZE[34222] $LOCALIZE[31131]</label>
			<label2>$LOCALIZE[32112] $LOCALIZE[31116] $LOCALIZE[34222]</label2>
			<onclick>SetFocus(502)</onclick>
			<property name="ActionLeft">Skin.SetString(ShowcaseView_Logo_Movies,Off)</property>
			<property name="ActionRight">Skin.SetString(ShowcaseView_Logo_Movies,Off)</property>
			<visible>Control.IsVisible(502) + Container.Content(movies) + Skin.String(ShowcaseView_Logo_Movies,On) + !$EXP[ShowcaseView_Details_Off] + [$EXP[ShowcaseView_Display_IsSquare_Movies] | String.IsEmpty(ListItem.Art(clearlogo)) | String.IsEmpty(ListItem.Art(keyart))]</visible>
		</item>
		<!-- Sets -->
		<!-- Keyart visible -->
		<item id="2">
			<description>Sets logos / Off</description>
			<label>$LOCALIZE[31130] $LOCALIZE[591] $LOCALIZE[31131]</label>
			<label2>$LOCALIZE[32112] $LOCALIZE[31116] $LOCALIZE[591]</label2>
			<onclick>SetFocus(502)</onclick>
			<property name="ActionLeft">Skin.SetString(ShowcaseView_Logo_Sets,On)</property>
			<property name="ActionRight">Skin.SetString(ShowcaseView_Logo_Sets,On)</property>
			<visible>Control.IsVisible(502) + Container.Content(sets) + [Skin.String(ShowcaseView_Logo_Sets,Off) | String.IsEmpty(Skin.String(ShowcaseView_Logo_Sets))] + !$EXP[ShowcaseView_Details_Off] + $EXP[ShowcaseView_Display_IsPosters_Sets] + !String.IsEmpty(ListItem.Art(clearlogo)) + !String.IsEmpty(ListItem.Art(keyart))</visible>
		</item>
		<!-- Keyart visible -->
		<item id="2">
			<description>Sets logos / On</description>
			<label>$LOCALIZE[31130] $LOCALIZE[34222] $LOCALIZE[31131]</label>
			<label2>$LOCALIZE[32112] $LOCALIZE[31116] $LOCALIZE[34222]</label2>
			<onclick>SetFocus(502)</onclick>
			<property name="ActionLeft">Skin.SetString(ShowcaseView_Logo_Sets,Off)</property>
			<property name="ActionRight">Skin.SetString(ShowcaseView_Logo_Sets,Off)</property>
			<visible>Control.IsVisible(502) + Container.Content(sets) + Skin.String(ShowcaseView_Logo_Sets,On) + !$EXP[ShowcaseView_Details_Off] + $EXP[ShowcaseView_Display_IsPosters_Sets] + !String.IsEmpty(ListItem.Art(clearlogo)) + !String.IsEmpty(ListItem.Art(keyart))</visible>
		</item>
		<!-- Keyart not visible -->
		<item>
			<description>Sets logos / Off</description>
			<label>$LOCALIZE[31130] $LOCALIZE[591] $LOCALIZE[31131]</label>
			<label2>$LOCALIZE[32112] $LOCALIZE[31116] $LOCALIZE[591]</label2>
			<onclick>SetFocus(502)</onclick>
			<property name="ActionLeft">Skin.SetString(ShowcaseView_Logo_Sets,On)</property>
			<property name="ActionRight">Skin.SetString(ShowcaseView_Logo_Sets,On)</property>
			<visible>Control.IsVisible(502) + Container.Content(sets) + [Skin.String(ShowcaseView_Logo_Sets,Off) | String.IsEmpty(Skin.String(ShowcaseView_Logo_Sets))] + !$EXP[ShowcaseView_Details_Off] + [$EXP[ShowcaseView_Display_IsSquare_Sets] | String.IsEmpty(ListItem.Art(clearlogo)) | String.IsEmpty(ListItem.Art(keyart))]</visible>
		</item>
		<!-- Keyart not visible -->
		<item>
			<description>Sets logos / On</description>
			<label>$LOCALIZE[31130] $LOCALIZE[34222] $LOCALIZE[31131]</label>
			<label2>$LOCALIZE[32112] $LOCALIZE[31116] $LOCALIZE[34222]</label2>
			<onclick>SetFocus(502)</onclick>
			<property name="ActionLeft">Skin.SetString(ShowcaseView_Logo_Sets,Off)</property>
			<property name="ActionRight">Skin.SetString(ShowcaseView_Logo_Sets,Off)</property>
			<visible>Control.IsVisible(502) + Container.Content(sets) + Skin.String(ShowcaseView_Logo_Sets,On) + !$EXP[ShowcaseView_Details_Off] + [$EXP[ShowcaseView_Display_IsSquare_Sets] | String.IsEmpty(ListItem.Art(clearlogo)) | String.IsEmpty(ListItem.Art(keyart))]</visible>
		</item>
		<!-- TV shows -->
		<!-- Keyart visible -->
		<item id="2">
			<description>TV Shows logos / Off</description>
			<label>$LOCALIZE[31130] $LOCALIZE[591] $LOCALIZE[31131]</label>
			<label2>$LOCALIZE[32112] $LOCALIZE[31116] $LOCALIZE[591]</label2>
			<onclick>SetFocus(502)</onclick>
			<property name="ActionLeft">Skin.SetString(ShowcaseView_Logo_TVShows,On)</property>
			<property name="ActionRight">Skin.SetString(ShowcaseView_Logo_TVShows,On)</property>
			<visible>Control.IsVisible(502) + Container.Content(tvshows) + [Skin.String(ShowcaseView_Logo_TVShows,Off) | String.IsEmpty(Skin.String(ShowcaseView_Logo_TVShows))] + !$EXP[ShowcaseView_Details_Off] + $EXP[ShowcaseView_Display_IsPosters_TVShows] + !String.IsEmpty(ListItem.Art(clearlogo)) + !String.IsEmpty(ListItem.Art(keyart))</visible>
		</item>
		<!-- Keyart visible -->
		<item id="2">
			<description>TV Shows logos / On</description>
			<label>$LOCALIZE[31130] $LOCALIZE[34222] $LOCALIZE[31131]</label>
			<label2>$LOCALIZE[32112] $LOCALIZE[31116] $LOCALIZE[34222]</label2>
			<onclick>SetFocus(502)</onclick>
			<property name="ActionLeft">Skin.SetString(ShowcaseView_Logo_TVShows,Off)</property>
			<property name="ActionRight">Skin.SetString(ShowcaseView_Logo_TVShows,Off)</property>
			<visible>Control.IsVisible(502) + Container.Content(tvshows) + Skin.String(ShowcaseView_Logo_TVShows,On) + !$EXP[ShowcaseView_Details_Off] + $EXP[ShowcaseView_Display_IsPosters_TVShows] + !String.IsEmpty(ListItem.Art(clearlogo)) + !String.IsEmpty(ListItem.Art(keyart))</visible>
		</item>
		<!-- Keyart not visible -->
		<item>
			<description>TV Shows logos / Off</description>
			<label>$LOCALIZE[31130] $LOCALIZE[591] $LOCALIZE[31131]</label>
			<label2>$LOCALIZE[32112] $LOCALIZE[31116] $LOCALIZE[591]</label2>
			<onclick>SetFocus(502)</onclick>
			<property name="ActionLeft">Skin.SetString(ShowcaseView_Logo_TVShows,On)</property>
			<property name="ActionRight">Skin.SetString(ShowcaseView_Logo_TVShows,On)</property>
			<visible>Control.IsVisible(502) + Container.Content(tvshows) + [Skin.String(ShowcaseView_Logo_TVShows,Off) | String.IsEmpty(Skin.String(ShowcaseView_Logo_TVShows))] + !$EXP[ShowcaseView_Details_Off] + [$EXP[ShowcaseView_Display_IsSquare_TVShows] | String.IsEmpty(ListItem.Art(clearlogo)) | String.IsEmpty(ListItem.Art(keyart))]</visible>
		</item>
		<!-- Keyart not visible -->
		<item>
			<description>TV Shows logos / On</description>
			<label>$LOCALIZE[31130] $LOCALIZE[34222] $LOCALIZE[31131]</label>
			<label2>$LOCALIZE[32112] $LOCALIZE[31116] $LOCALIZE[34222]</label2>
			<onclick>SetFocus(502)</onclick>
			<property name="ActionLeft">Skin.SetString(ShowcaseView_Logo_TVShows,Off)</property>
			<property name="ActionRight">Skin.SetString(ShowcaseView_Logo_TVShows,Off)</property>
			<visible>Control.IsVisible(502) + Container.Content(tvshows) + Skin.String(ShowcaseView_Logo_TVShows,On) + !$EXP[ShowcaseView_Details_Off] + [$EXP[ShowcaseView_Display_IsSquare_TVShows] | String.IsEmpty(ListItem.Art(clearlogo)) | String.IsEmpty(ListItem.Art(keyart))]</visible>
		</item>
		<!-- Artists -->
		<item>
			<description>Artist logos/ Off</description>
			<label>$LOCALIZE[31130] $LOCALIZE[591] $LOCALIZE[31131]</label>
			<label2>Logos/ $LOCALIZE[591]</label2>
			<onclick>SetFocus(502)</onclick>
			<property name="ActionLeft">Skin.SetString(ShowcaseView_Logo_Artists,On)</property>
			<property name="ActionRight">Skin.SetString(ShowcaseView_Logo_Artists,On)</property>
			<visible>Control.IsVisible(502) + Container.Content(artists) + [Skin.String(ShowcaseView_Logo_Artists,Off) | String.IsEmpty(Skin.String(ShowcaseView_Logo_Artists))] + !Skin.String(ShowcaseView_Details_Artists,Off) + !$EXP[ShowcaseView_Details_Overlay_IsVisible_Artists]</visible>
		</item>
		<item>
			<description>Artist logos/ On</description>
			<label>$LOCALIZE[31130] $LOCALIZE[34222] $LOCALIZE[31131]</label>
			<label2>Logos/ $LOCALIZE[34222]</label2>
			<onclick>SetFocus(502)</onclick>
			<property name="ActionLeft">Skin.SetString(ShowcaseView_Logo_Artists,Off)</property>
			<property name="ActionRight">Skin.SetString(ShowcaseView_Logo_Artists,Off)</property>
			<visible>Control.IsVisible(502) + Container.Content(artists) + Skin.String(ShowcaseView_Logo_Artists,On) + !Skin.String(ShowcaseView_Details_Artists,Off) + !$EXP[ShowcaseView_Details_Overlay_IsVisible_Artists]</visible>
		</item>
		<!-- Flags -->
		<!-- Movies -->
		<item>
			<description>Movie flags / Off</description>
			<label>$LOCALIZE[31130] $LOCALIZE[591] $LOCALIZE[31131]</label>
			<label2>$LOCALIZE[32115] $LOCALIZE[31116] $LOCALIZE[591]</label2>
			<onclick>SetFocus(502)</onclick>
			<property name="ActionLeft">Skin.SetString(ShowcaseView_Flags_Movies,All)</property>
			<property name="ActionRight">Skin.SetString(ShowcaseView_Flags_Movies,Studio)</property>
			<visible>Control.IsVisible(502) + Container.Content(movies) + Skin.String(ShowcaseView_Flags_Movies,Off) + !Skin.String(ShowcaseView_Details_Movies,Off) + !$EXP[ShowcaseView_Details_Overlay_IsVisible_Movies]</visible>
		</item>
		<item>
			<description>Movie flags / Studio</description>
			<label>$LOCALIZE[31130] $LOCALIZE[32116] $LOCALIZE[31131]</label>
			<label2>$LOCALIZE[32115] $LOCALIZE[31116] $LOCALIZE[32116]</label2>
			<onclick>SetFocus(502)</onclick>
			<property name="ActionLeft">Skin.SetString(ShowcaseView_Flags_Movies,Off)</property>
			<property name="ActionRight">Skin.SetString(ShowcaseView_Flags_Movies,Rating)</property>
			<visible>Control.IsVisible(502) + Container.Content(movies) + Skin.String(ShowcaseView_Flags_Movies,Studio) + !Skin.String(ShowcaseView_Details_Movies,Off) + !$EXP[ShowcaseView_Details_Overlay_IsVisible_Movies]</visible>
		</item>
		<item>
			<description>Movie flags / Age Rating</description>
			<label>$LOCALIZE[31130] $LOCALIZE[32117] $LOCALIZE[31131]</label>
			<label2>$LOCALIZE[32115] $LOCALIZE[31116] $LOCALIZE[32117]</label2>
			<onclick>SetFocus(502)</onclick>
			<property name="ActionLeft">Skin.SetString(ShowcaseView_Flags_Movies,Studio)</property>
			<property name="ActionRight">Skin.SetString(ShowcaseView_Flags_Movies,All)</property>
			<visible>Control.IsVisible(502) + Container.Content(movies) + Skin.String(ShowcaseView_Flags_Movies,Rating) + !Skin.String(ShowcaseView_Details_Movies,Off) + !$EXP[ShowcaseView_Details_Overlay_IsVisible_Movies]</visible>
		</item>
		<item>
			<description>Movie flags / All</description>
			<label>$LOCALIZE[31130] $LOCALIZE[593] $LOCALIZE[31131]</label>
			<label2>$LOCALIZE[32115] $LOCALIZE[31116] $LOCALIZE[593]</label2>
			<onclick>SetFocus(502)</onclick>
			<property name="ActionLeft">Skin.SetString(ShowcaseView_Flags_Movies,Rating)</property>
			<property name="ActionRight">Skin.SetString(ShowcaseView_Flags_Movies,Off)</property>
			<visible>Control.IsVisible(502) + Container.Content(movies) + [Skin.String(ShowcaseView_Flags_Movies,All) | String.IsEmpty(Skin.String(ShowcaseView_Flags_Movies))] + !Skin.String(ShowcaseView_Details_Movies,Off) + !$EXP[ShowcaseView_Details_Overlay_IsVisible_Movies]</visible>
		</item>
		<!-- Sets -->
		<item>
			<description>Set flags / Off</description>
			<label>$LOCALIZE[31130] $LOCALIZE[591] $LOCALIZE[31131]</label>
			<label2>$LOCALIZE[32115] $LOCALIZE[31116] $LOCALIZE[591]</label2>
			<onclick>SetFocus(502)</onclick>
			<property name="ActionLeft">Skin.SetString(ShowcaseView_Flags_Sets,All)</property>
			<property name="ActionRight">Skin.SetString(ShowcaseView_Flags_Sets,Studio)</property>
			<visible>Control.IsVisible(502) + Container.Content(sets) + Skin.String(ShowcaseView_Flags_Sets,Off) + !Skin.String(ShowcaseView_Details_Sets,Off) + !$EXP[ShowcaseView_Details_Overlay_IsVisible_Sets]</visible>
		</item>
		<item>
			<description>Set flags / Studio</description>
			<label>$LOCALIZE[31130] $LOCALIZE[32116] $LOCALIZE[31131]</label>
			<label2>$LOCALIZE[32115] $LOCALIZE[31116] $LOCALIZE[32116]</label2>
			<onclick>SetFocus(502)</onclick>
			<property name="ActionLeft">Skin.SetString(ShowcaseView_Flags_Sets,Off)</property>
			<property name="ActionRight">Skin.SetString(ShowcaseView_Flags_Sets,Rating)</property>
			<visible>Control.IsVisible(502) + Container.Content(sets) + Skin.String(ShowcaseView_Flags_Sets,Studio) + !Skin.String(ShowcaseView_Details_Sets,Off) + !$EXP[ShowcaseView_Details_Overlay_IsVisible_Sets]</visible>
		</item>
		<item>
			<description>Set flags / Age Rating</description>
			<label>$LOCALIZE[31130] $LOCALIZE[32117] $LOCALIZE[31131]</label>
			<label2>$LOCALIZE[32115] $LOCALIZE[31116] $LOCALIZE[32117]</label2>
			<onclick>SetFocus(502)</onclick>
			<property name="ActionLeft">Skin.SetString(ShowcaseView_Flags_Sets,Studio)</property>
			<property name="ActionRight">Skin.SetString(ShowcaseView_Flags_Sets,All)</property>
			<visible>Control.IsVisible(502) + Container.Content(sets) + Skin.String(ShowcaseView_Flags_Sets,Rating) + !Skin.String(ShowcaseView_Details_Sets,Off) + !$EXP[ShowcaseView_Details_Overlay_IsVisible_Sets]</visible>
		</item>
		<item>
			<description>Set flags / All</description>
			<label>$LOCALIZE[31130] $LOCALIZE[593] $LOCALIZE[31131]</label>
			<label2>$LOCALIZE[32115] $LOCALIZE[31116] $LOCALIZE[593]</label2>
			<onclick>SetFocus(502)</onclick>
			<property name="ActionLeft">Skin.SetString(ShowcaseView_Flags_Sets,Rating)</property>
			<property name="ActionRight">Skin.SetString(ShowcaseView_Flags_Sets,Off)</property>
			<visible>Control.IsVisible(502) + Container.Content(sets) + [Skin.String(ShowcaseView_Flags_Sets,All) | String.IsEmpty(Skin.String(ShowcaseView_Flags_Sets))] + !Skin.String(ShowcaseView_Details_Sets,Off) + !$EXP[ShowcaseView_Details_Overlay_IsVisible_Sets]</visible>
		</item>
		<!-- TV shows -->
		<item>
			<description>TV show flags / Off</description>
			<label>$LOCALIZE[31130] $LOCALIZE[591] $LOCALIZE[31131]</label>
			<label2>$LOCALIZE[32115] $LOCALIZE[31116] $LOCALIZE[591]</label2>
			<onclick>SetFocus(502)</onclick>
			<property name="ActionLeft">Skin.SetString(ShowcaseView_Flags_TVShows,All)</property>
			<property name="ActionRight">Skin.SetString(ShowcaseView_Flags_TVShows,Studio)</property>
			<visible>Control.IsVisible(502) + Container.Content(tvshows) + Skin.String(ShowcaseView_Flags_TVShows,Off) + !Skin.String(ShowcaseView_Details_TVShows,Off) + !$EXP[ShowcaseView_Details_Overlay_IsVisible_TVShows]</visible>
		</item>
		<item>
			<description>TV show flags / Studio</description>
			<label>$LOCALIZE[31130] $LOCALIZE[32116] $LOCALIZE[31131]</label>
			<label2>$LOCALIZE[32115] $LOCALIZE[31116] $LOCALIZE[32116]</label2>
			<onclick>SetFocus(502)</onclick>
			<property name="ActionLeft">Skin.SetString(ShowcaseView_Flags_TVShows,Off)</property>
			<property name="ActionRight">Skin.SetString(ShowcaseView_Flags_TVShows,Rating)</property>
			<visible>Control.IsVisible(502) + Container.Content(tvshows) + Skin.String(ShowcaseView_Flags_TVShows,Studio) + !Skin.String(ShowcaseView_Details_TVShows,Off) + !$EXP[ShowcaseView_Details_Overlay_IsVisible_TVShows]</visible>
		</item>
		<item>
			<description>TV show flags / Age Rating</description>
			<label>$LOCALIZE[31130] $LOCALIZE[32117] $LOCALIZE[31131]</label>
			<label2>$LOCALIZE[32115] $LOCALIZE[31116] $LOCALIZE[32117]</label2>
			<onclick>SetFocus(502)</onclick>
			<property name="ActionLeft">Skin.SetString(ShowcaseView_Flags_TVShows,Studio)</property>
			<property name="ActionRight">Skin.SetString(ShowcaseView_Flags_TVShows,All)</property>
			<visible>Control.IsVisible(502) + Container.Content(tvshows) + Skin.String(ShowcaseView_Flags_TVShows,Rating) + !Skin.String(ShowcaseView_Details_TVShows,Off) + !$EXP[ShowcaseView_Details_Overlay_IsVisible_TVShows]</visible>
		</item>
		<item>
			<description>TV show flags / All</description>
			<label>$LOCALIZE[31130] $LOCALIZE[593] $LOCALIZE[31131]</label>
			<label2>$LOCALIZE[32115] $LOCALIZE[31116] $LOCALIZE[593]</label2>
			<onclick>SetFocus(502)</onclick>
			<property name="ActionLeft">Skin.SetString(ShowcaseView_Flags_TVShows,Rating)</property>
			<property name="ActionRight">Skin.SetString(ShowcaseView_Flags_TVShows,Off)</property>
			<visible>Control.IsVisible(502) + Container.Content(tvshows) + [Skin.String(ShowcaseView_Flags_TVShows,All) | String.IsEmpty(Skin.String(ShowcaseView_Flags_TVShows))] + !Skin.String(ShowcaseView_Details_TVShows,Off) + !$EXP[ShowcaseView_Details_Overlay_IsVisible_TVShows]</visible>
		</item>
		<!-- Seasons -->
		<item>
			<description>Season flags / Off</description>
			<label>$LOCALIZE[31130] $LOCALIZE[591] $LOCALIZE[31131]</label>
			<label2>$LOCALIZE[32115] $LOCALIZE[31116] $LOCALIZE[591]</label2>
			<onclick>SetFocus(502)</onclick>
			<property name="ActionLeft">Skin.SetString(ShowcaseView_Flags_Seasons,All)</property>
			<property name="ActionRight">Skin.SetString(ShowcaseView_Flags_Seasons,Studio)</property>
			<visible>Control.IsVisible(502) + Container.Content(seasons) + Skin.String(ShowcaseView_Flags_Seasons,Off) + !Skin.String(ShowcaseView_Details_Seasons,Off) + !$EXP[ShowcaseView_Details_Overlay_IsVisible_Seasons]</visible>
		</item>
		<item>
			<description>Season flags / Studio</description>
			<label>$LOCALIZE[31130] $LOCALIZE[32116] $LOCALIZE[31131]</label>
			<label2>$LOCALIZE[32115] $LOCALIZE[31116] $LOCALIZE[32116]</label2>
			<onclick>SetFocus(502)</onclick>
			<property name="ActionLeft">Skin.SetString(ShowcaseView_Flags_Seasons,Off)</property>
			<property name="ActionRight">Skin.SetString(ShowcaseView_Flags_Seasons,Rating)</property>
			<visible>Control.IsVisible(502) + Container.Content(seasons) + Skin.String(ShowcaseView_Flags_Seasons,Studio) + !Skin.String(ShowcaseView_Details_Seasons,Off) + !$EXP[ShowcaseView_Details_Overlay_IsVisible_Seasons]</visible>
		</item>
		<item>
			<description>Season flags / Age Rating</description>
			<label>$LOCALIZE[31130] $LOCALIZE[32117] $LOCALIZE[31131]</label>
			<label2>$LOCALIZE[32115] $LOCALIZE[31116] $LOCALIZE[32117]</label2>
			<onclick>SetFocus(502)</onclick>
			<property name="ActionLeft">Skin.SetString(ShowcaseView_Flags_Seasons,Studio)</property>
			<property name="ActionRight">Skin.SetString(ShowcaseView_Flags_Seasons,All)</property>
			<visible>Control.IsVisible(502) + Container.Content(seasons) + Skin.String(ShowcaseView_Flags_Seasons,Rating) + !Skin.String(ShowcaseView_Details_Seasons,Off) + !$EXP[ShowcaseView_Details_Overlay_IsVisible_Seasons]</visible>
		</item>
		<item>
			<description>Season flags / All</description>
			<label>$LOCALIZE[31130] $LOCALIZE[593] $LOCALIZE[31131]</label>
			<label2>$LOCALIZE[32115] $LOCALIZE[31116] $LOCALIZE[593]</label2>
			<onclick>SetFocus(502)</onclick>
			<property name="ActionLeft">Skin.SetString(ShowcaseView_Flags_Seasons,Rating)</property>
			<property name="ActionRight">Skin.SetString(ShowcaseView_Flags_Seasons,Off)</property>
			<visible>Control.IsVisible(502) + Container.Content(seasons) + [Skin.String(ShowcaseView_Flags_Seasons,All) | String.IsEmpty(Skin.String(ShowcaseView_Flags_Seasons))] + !Skin.String(ShowcaseView_Details_Seasons,Off) + !$EXP[ShowcaseView_Details_Overlay_IsVisible_Seasons]</visible>
		</item>
		<!-- Episodes -->
		<item>
			<description>Episode flags / Off</description>
			<label>$LOCALIZE[31130] $LOCALIZE[591] $LOCALIZE[31131]</label>
			<label2>$LOCALIZE[32115] $LOCALIZE[31116] $LOCALIZE[591]</label2>
			<onclick>SetFocus(502)</onclick>
			<property name="ActionLeft">Skin.SetString(ShowcaseView_Flags_Episodes,All)</property>
			<property name="ActionRight">Skin.SetString(ShowcaseView_Flags_Episodes,Studio)</property>
			<visible>Control.IsVisible(502) + Container.Content(episodes) + Skin.String(ShowcaseView_Flags_Episodes,Off) + !Skin.String(ShowcaseView_Details_Episodes,Off) + !$EXP[ShowcaseView_Details_Overlay_IsVisible_Episodes]</visible>
		</item>
		<item>
			<description>Episode flags / Studio</description>
			<label>$LOCALIZE[31130] $LOCALIZE[32116] $LOCALIZE[31131]</label>
			<label2>$LOCALIZE[32115] $LOCALIZE[31116] $LOCALIZE[32116]</label2>
			<onclick>SetFocus(502)</onclick>
			<property name="ActionLeft">Skin.SetString(ShowcaseView_Flags_Episodes,Off)</property>
			<property name="ActionRight">Skin.SetString(ShowcaseView_Flags_Episodes,Rating)</property>
			<visible>Control.IsVisible(502) + Container.Content(episodes) + Skin.String(ShowcaseView_Flags_Episodes,Studio) + !Skin.String(ShowcaseView_Details_Episodes,Off) + !$EXP[ShowcaseView_Details_Overlay_IsVisible_Episodes]</visible>
		</item>
		<item>
			<description>Episode flags / Age Rating</description>
			<label>$LOCALIZE[31130] $LOCALIZE[32117] $LOCALIZE[31131]</label>
			<label2>$LOCALIZE[32115] $LOCALIZE[31116] $LOCALIZE[32117]</label2>
			<onclick>SetFocus(502)</onclick>
			<property name="ActionLeft">Skin.SetString(ShowcaseView_Flags_Episodes,Studio)</property>
			<property name="ActionRight">Skin.SetString(ShowcaseView_Flags_Episodes,All)</property>
			<visible>Control.IsVisible(502) + Container.Content(episodes) + Skin.String(ShowcaseView_Flags_Episodes,Rating) + !Skin.String(ShowcaseView_Details_Episodes,Off) + !$EXP[ShowcaseView_Details_Overlay_IsVisible_Episodes]</visible>
		</item>
		<item>
			<description>Episode flags / All</description>
			<label>$LOCALIZE[31130] $LOCALIZE[593] $LOCALIZE[31131]</label>
			<label2>$LOCALIZE[32115] $LOCALIZE[31116] $LOCALIZE[593]</label2>
			<onclick>SetFocus(502)</onclick>
			<property name="ActionLeft">Skin.SetString(ShowcaseView_Flags_Episodes,Rating)</property>
			<property name="ActionRight">Skin.SetString(ShowcaseView_Flags_Episodes,Off)</property>
			<visible>Control.IsVisible(502) + Container.Content(episodes) + [Skin.String(ShowcaseView_Flags_Episodes,All) | String.IsEmpty(Skin.String(ShowcaseView_Flags_Episodes))] + !Skin.String(ShowcaseView_Details_Episodes,Off) + !$EXP[ShowcaseView_Details_Overlay_IsVisible_Episodes]</visible>
		</item>
	</include>
</includes>
