<?xml version="1.0" encoding="UTF-8"?>
<window>
	<!-- numericinput -->
	<defaultcontrol always="true">1000</defaultcontrol>
	<include content="WindowOpenClose_Fade_Delayed_Animation"/>
	<controls>
		<include content="DialogNumeric_Hidden_Components"/>
		<include content="Default_Dialog_Panel_Layout">
			<param name="panel_edge_top" value="435"/>
			<include content="Breadcrumb_Label">
				<param name="title_label_id" value="1"/>
			</include>
			<!--Top bar-->
			<control type="group">
				<width>600</width>
				<centerleft>50%</centerleft>
				<top>390</top>
				<height>90</height>
				<control type="image">
					<texture colordiffuse="$VAR[Light_Color]">views/white_100.png</texture>
				</control>
				<control type="label" id="4">
					<align>center</align>
					<aligny>center</aligny>
					<font>List_Title_Unfocused</font>
					<textcolor>$VAR[Dark_Color]</textcolor>
					<textoffsetx>15</textoffsetx>
				</control>
			</control>
			<!-- Number pad -->
			<control type="grouplist">
				<left>780</left>
				<width>360</width>
				<height>360</height>
				<top>510</top>
				<orientation>vertical</orientation>
				<align>left</align>
				<usecontrolcoords>true</usecontrolcoords>
				<itemgap>0</itemgap>
					<control type="grouplist">
						<height>90</height>
						<width>100%</width>
						<orientation>horizontal</orientation>
						<itemgap>0</itemgap>
						<include content="Numeric_Label_Button">
							<param name="position" value="0"/>
						</include>
						<include content="Numeric_Label_Button">
							<param name="position" value="1"/>
						</include>
						<include content="Numeric_Label_Button">
							<param name="position" value="2"/>
						</include>
						<include content="Numeric_Label_Button">
							<param name="position" value="3"/>
						</include>
					</control>
					<control type="grouplist">
						<height>90</height>
						<width>100%</width>
						<orientation>horizontal</orientation>
						<itemgap>0</itemgap>
						<include content="Numeric_Label_Button">
							<param name="position" value="4"/>
						</include>
						<include content="Numeric_Label_Button">
							<param name="position" value="5"/>
						</include>
						<include content="Numeric_Label_Button">
							<param name="position" value="6"/>
						</include>
						<include content="Numeric_Label_Button">
							<param name="position" value="7"/>
						</include>
					</control>
					<control type="grouplist">
						<height>90</height>
						<width>100%</width>
						<orientation>horizontal</orientation>
						<itemgap>0</itemgap>
						<include content="Numeric_Label_Button">
							<param name="position" value="8"/>
						</include>
						<include content="Numeric_Label_Button">
							<param name="position" value="9"/>
						</include>
						<include content="Numeric_Label_Button">
							<param name="position" value="10"/>
						</include>
						<include content="Numeric_Label_Button">
							<param name="position" value="11"/>
						</include>
					</control>
					<control type="grouplist">
						<height>90</height>
						<width>90</width>
						<left>90</left>
						<orientation>horizontal</orientation>
						<itemgap>0</itemgap>
						<include content="Numeric_Label_Button">
							<param name="id" value="1001"/>
							<param name="position" value="0"/>
						</include>
					</control>
			</control>
			<include content="Button_Group_Template">
				<param name="onleft" value="1001"/>
				<param name="onright" value="1001"/>
				<param name="onup" value="1001"/>
				<param name="ondown" value="SetFocus(1000,1,absolute)"/>
				<param name="button1" value="true"/>
				<param name="button1id" value="301"/>
				<param name="button1onclick" value="Close"/>
				<param name="button2" value="true"/>
				<param name="button2id" value="21"/>
				<param name="buttonsvisible" value="true"/>
			</include>
		</include>
	</controls>
</window>
