<?xml version="1.0" encoding="UTF-8"?>
<window>
	<!-- filebrowser -->
	<defaultcontrol always="true">450</defaultcontrol>
	<include content="WindowOpenClose_Fade_Delayed_Animation"/>
	<controls>
		<include content="DialogSelect_Template">
			<param name="breadcrumb_label_id" value="411"/>
			<param name="description_label_id" value="412"/>
			<param name="thumb_visible" value="true"/>
			<param name="thumb_texture" value="$INFO[ListItem.Art(thumb)]"/>
			<include content="Simple_List">
				<param name="id" value="450"/>
			</include>
			<include content="Simple_List">
				<param name="id" value="451"/>
			</include>
			<include content="Button_Group_Template">
				<param name="visible" value="!Window.IsVisible(favourites)"/>
				<param name="onleft" value="450"/>
				<param name="button1" value="true"/>
				<param name="button1id" value="415"/>
				<param name="button1texture" value="Plus"/>
				<param name="button2" value="true"/>
				<param name="button2id" value="416"/>
				<param name="button2texture" value="Mirrored"/>
				<param name="button3" value="true"/>
				<param name="button3id" value="414"/>
				<param name="button3texture" value="Cross"/>
				<param name="button4" value="true"/>
				<param name="button4id" value="413"/>
				<param name="button4texture" value="Check"/>
			</include>
		</include>
	</controls>
</window>
