<?xml version="1.0" encoding="UTF-8"?>
<includes>

	<variable name="Info_Widget_Discography_Label">
		<value condition="String.IsEqual(ListItem.DBType,artist)">$LOCALIZE[21888]</value>
		<value condition="String.IsEqual(ListItem.DBType,album)">$INFO[ListItem.AlbumArtist,$LOCALIZE[31004] ]</value>
		<value condition="String.IsEqual(ListItem.DBType,song)">$INFO[ListItem.Artist,$LOCALIZE[31004] ]</value>
	</variable>

	<variable name="Info_Widget_Episodes_Label">
		<value condition="String.IsEqual(Container.FolderName,ListItem.TVShowTitle)">$INFO[Window(home).Property(Season_Number),$LOCALIZE[31154] ]</value>
		<value>$INFO[ListItem.Season,$LOCALIZE[31113] ]</value>
	</variable>

	<variable name="Info_Widget_SimilarAlbums_Label">
		<value condition="String.IsEqual(Window(home).Property(GenreSplit.0),Soundtrack)">$LOCALIZE[31005]</value>
		<value condition="!String.IsEmpty(Window(home).Property(GenreSplit.0))">$INFO[Window(home).Property(GenreSplit.0),$LOCALIZE[31007] ]</value>
		<value>$LOCALIZE[31006]</value>
	</variable>

	<variable name="Widget1_Content">
		<value condition="Skin.HasSetting(Widget1_Content_Disabled)">$LOCALIZE[1223]</value>
		<value condition="Skin.HasSetting(Widget1_Content_InProgress)">$LOCALIZE[31226]</value>
		<value condition="Skin.HasSetting(Widget1_Content_NextUp)">$LOCALIZE[31227]</value>
		<value condition="Skin.HasSetting(Widget1_Content_LatestMovies)">$LOCALIZE[31228]</value>
		<value condition="Skin.HasSetting(Widget1_Content_LatestTVShows)">$LOCALIZE[31229]</value>
		<value condition="Skin.HasSetting(Widget1_Content_RandomMovies)">$LOCALIZE[31145]</value>
		<value condition="Skin.HasSetting(Widget1_Content_RandomTVShows)">$LOCALIZE[31146]</value>
		<value condition="Skin.HasSetting(Widget1_Content_LatestAlbums)">$LOCALIZE[31230]</value>
		<value condition="Skin.HasSetting(Widget1_Content_RecentAlbums)">$LOCALIZE[31231]</value>
		<value condition="Skin.HasSetting(Widget1_Content_RandomAlbums)">$LOCALIZE[31147]</value>
		<value condition="Skin.HasSetting(Widget1_Content_Favourites)">$LOCALIZE[1036]</value>
		<value condition="Skin.HasSetting(Widget1_Content_Custom)">$LOCALIZE[31150]</value>
	</variable>
	<variable name="Widget1_View">
		<value condition="Skin.HasSetting(Widget1_Content_Disabled)"></value>
		<value condition="Skin.HasSetting(Widget1_View_Billboard)">$LOCALIZE[31202]</value>
		<value condition="Skin.HasSetting(Widget1_View_Showcase)">$LOCALIZE[31203]</value>
		<value condition="Skin.HasSetting(Widget1_View_Strip)">$LOCALIZE[31204]</value>
		<value condition="Skin.HasSetting(Widget1_View_Grid)">$LOCALIZE[31205]</value>
	</variable>
	<variable name="Widget1_Display">
		<value condition="Skin.HasSetting(Widget1_Content_Disabled)"></value>
		<value condition="Skin.HasSetting(Widget1_Display_Square)">$LOCALIZE[31208]</value>
		<value condition="Skin.HasSetting(Widget1_Display_Fanart)">$LOCALIZE[31207]</value>
		<value condition="Skin.HasSetting(Widget1_Display_Posters)">$LOCALIZE[31206]</value>
	</variable>
	<variable name="Widget2_Content">
		<value condition="Skin.HasSetting(Widget2_Content_Disabled)">$LOCALIZE[1223]</value>
		<value condition="Skin.HasSetting(Widget2_Content_InProgress)">$LOCALIZE[31226]</value>
		<value condition="Skin.HasSetting(Widget2_Content_NextUp)">$LOCALIZE[31227]</value>
		<value condition="Skin.HasSetting(Widget2_Content_LatestMovies)">$LOCALIZE[31228]</value>
		<value condition="Skin.HasSetting(Widget2_Content_LatestTVShows)">$LOCALIZE[31229]</value>
		<value condition="Skin.HasSetting(Widget2_Content_RandomMovies)">$LOCALIZE[31145]</value>
		<value condition="Skin.HasSetting(Widget2_Content_RandomTVShows)">$LOCALIZE[31146]</value>
		<value condition="Skin.HasSetting(Widget2_Content_LatestAlbums)">$LOCALIZE[31230]</value>
		<value condition="Skin.HasSetting(Widget2_Content_RecentAlbums)">$LOCALIZE[31231]</value>
		<value condition="Skin.HasSetting(Widget2_Content_RandomAlbums)">$LOCALIZE[31147]</value>
		<value condition="Skin.HasSetting(Widget2_Content_Favourites)">$LOCALIZE[1036]</value>
		<value condition="Skin.HasSetting(Widget2_Content_Custom)">$LOCALIZE[31150]</value>
	</variable>
	<variable name="Widget2_View">
		<value condition="Skin.HasSetting(Widget2_Content_Disabled)"></value>
		<value condition="Skin.HasSetting(Widget2_View_Billboard)">$LOCALIZE[31202]</value>
		<value condition="Skin.HasSetting(Widget2_View_Showcase)">$LOCALIZE[31203]</value>
		<value condition="Skin.HasSetting(Widget2_View_Strip)">$LOCALIZE[31204]</value>
		<value condition="Skin.HasSetting(Widget2_View_Grid)">$LOCALIZE[31205]</value>
	</variable>
	<variable name="Widget2_Display">
		<value condition="Skin.HasSetting(Widget2_Content_Disabled)"></value>
		<value condition="Skin.HasSetting(Widget2_Display_Square)">$LOCALIZE[31208]</value>
		<value condition="Skin.HasSetting(Widget2_Display_Fanart)">$LOCALIZE[31207]</value>
		<value condition="Skin.HasSetting(Widget2_Display_Posters)">$LOCALIZE[31206]</value>
	</variable>
	<variable name="Widget3_Content">
		<value condition="Skin.HasSetting(Widget3_Content_Disabled)">$LOCALIZE[1223]</value>
		<value condition="Skin.HasSetting(Widget3_Content_InProgress)">$LOCALIZE[31226]</value>
		<value condition="Skin.HasSetting(Widget3_Content_NextUp)">$LOCALIZE[31227]</value>
		<value condition="Skin.HasSetting(Widget3_Content_LatestMovies)">$LOCALIZE[31228]</value>
		<value condition="Skin.HasSetting(Widget3_Content_LatestTVShows)">$LOCALIZE[31229]</value>
		<value condition="Skin.HasSetting(Widget3_Content_RandomMovies)">$LOCALIZE[31145]</value>
		<value condition="Skin.HasSetting(Widget3_Content_RandomTVShows)">$LOCALIZE[31146]</value>
		<value condition="Skin.HasSetting(Widget3_Content_LatestAlbums)">$LOCALIZE[31230]</value>
		<value condition="Skin.HasSetting(Widget3_Content_RecentAlbums)">$LOCALIZE[31231]</value>
		<value condition="Skin.HasSetting(Widget3_Content_RandomAlbums)">$LOCALIZE[31147]</value>
		<value condition="Skin.HasSetting(Widget3_Content_Favourites)">$LOCALIZE[1036]</value>
		<value condition="Skin.HasSetting(Widget3_Content_Custom)">$LOCALIZE[31150]</value>
	</variable>
	<variable name="Widget3_View">
		<value condition="Skin.HasSetting(Widget3_Content_Disabled)"></value>
		<value condition="Skin.HasSetting(Widget3_View_Billboard)">$LOCALIZE[31202]</value>
		<value condition="Skin.HasSetting(Widget3_View_Showcase)">$LOCALIZE[31203]</value>
		<value condition="Skin.HasSetting(Widget3_View_Strip)">$LOCALIZE[31204]</value>
		<value condition="Skin.HasSetting(Widget3_View_Grid)">$LOCALIZE[31205]</value>
	</variable>
	<variable name="Widget3_Display">
		<value condition="Skin.HasSetting(Widget3_Content_Disabled)"></value>
		<value condition="Skin.HasSetting(Widget3_Display_Square)">$LOCALIZE[31208]</value>
		<value condition="Skin.HasSetting(Widget3_Display_Fanart)">$LOCALIZE[31207]</value>
		<value condition="Skin.HasSetting(Widget3_Display_Posters)">$LOCALIZE[31206]</value>
	</variable>
	<variable name="Widget4_Content">
		<value condition="Skin.HasSetting(Widget4_Content_Disabled)">$LOCALIZE[1223]</value>
		<value condition="Skin.HasSetting(Widget4_Content_InProgress)">$LOCALIZE[31226]</value>
		<value condition="Skin.HasSetting(Widget4_Content_NextUp)">$LOCALIZE[31227]</value>
		<value condition="Skin.HasSetting(Widget4_Content_LatestMovies)">$LOCALIZE[31228]</value>
		<value condition="Skin.HasSetting(Widget4_Content_LatestTVShows)">$LOCALIZE[31229]</value>
		<value condition="Skin.HasSetting(Widget4_Content_RandomMovies)">$LOCALIZE[31145]</value>
		<value condition="Skin.HasSetting(Widget4_Content_RandomTVShows)">$LOCALIZE[31146]</value>
		<value condition="Skin.HasSetting(Widget4_Content_LatestAlbums)">$LOCALIZE[31230]</value>
		<value condition="Skin.HasSetting(Widget4_Content_RecentAlbums)">$LOCALIZE[31231]</value>
		<value condition="Skin.HasSetting(Widget4_Content_RandomAlbums)">$LOCALIZE[31147]</value>
		<value condition="Skin.HasSetting(Widget4_Content_Favourites)">$LOCALIZE[1036]</value>
		<value condition="Skin.HasSetting(Widget4_Content_Custom)">$LOCALIZE[31150]</value>
	</variable>
	<variable name="Widget4_View">
		<value condition="Skin.HasSetting(Widget4_Content_Disabled)"></value>
		<value condition="Skin.HasSetting(Widget4_View_Billboard)">$LOCALIZE[31202]</value>
		<value condition="Skin.HasSetting(Widget4_View_Showcase)">$LOCALIZE[31203]</value>
		<value condition="Skin.HasSetting(Widget4_View_Strip)">$LOCALIZE[31204]</value>
		<value condition="Skin.HasSetting(Widget4_View_Grid)">$LOCALIZE[31205]</value>
	</variable>
	<variable name="Widget4_Display">
		<value condition="Skin.HasSetting(Widget4_Content_Disabled)"></value>
		<value condition="Skin.HasSetting(Widget4_Display_Square)">$LOCALIZE[31208]</value>
		<value condition="Skin.HasSetting(Widget4_Display_Fanart)">$LOCALIZE[31207]</value>
		<value condition="Skin.HasSetting(Widget4_Display_Posters)">$LOCALIZE[31206]</value>
	</variable>
	<variable name="Widget5_Content">
		<value condition="Skin.HasSetting(Widget5_Content_Disabled)">$LOCALIZE[1223]</value>
		<value condition="Skin.HasSetting(Widget5_Content_InProgress)">$LOCALIZE[31226]</value>
		<value condition="Skin.HasSetting(Widget5_Content_NextUp)">$LOCALIZE[31227]</value>
		<value condition="Skin.HasSetting(Widget5_Content_LatestMovies)">$LOCALIZE[31228]</value>
		<value condition="Skin.HasSetting(Widget5_Content_LatestTVShows)">$LOCALIZE[31229]</value>
		<value condition="Skin.HasSetting(Widget5_Content_RandomMovies)">$LOCALIZE[31145]</value>
		<value condition="Skin.HasSetting(Widget5_Content_RandomTVShows)">$LOCALIZE[31146]</value>
		<value condition="Skin.HasSetting(Widget5_Content_LatestAlbums)">$LOCALIZE[31230]</value>
		<value condition="Skin.HasSetting(Widget5_Content_RecentAlbums)">$LOCALIZE[31231]</value>
		<value condition="Skin.HasSetting(Widget5_Content_RandomAlbums)">$LOCALIZE[31147]</value>
		<value condition="Skin.HasSetting(Widget5_Content_Favourites)">$LOCALIZE[1036]</value>
		<value condition="Skin.HasSetting(Widget5_Content_Custom)">$LOCALIZE[31150]</value>
	</variable>
	<variable name="Widget5_View">
		<value condition="Skin.HasSetting(Widget5_Content_Disabled)"></value>
		<value condition="Skin.HasSetting(Widget5_View_Billboard)">$LOCALIZE[31202]</value>
		<value condition="Skin.HasSetting(Widget5_View_Showcase)">$LOCALIZE[31203]</value>
		<value condition="Skin.HasSetting(Widget5_View_Strip)">$LOCALIZE[31204]</value>
		<value condition="Skin.HasSetting(Widget5_View_Grid)">$LOCALIZE[31205]</value>
	</variable>
	<variable name="Widget5_Display">
		<value condition="Skin.HasSetting(Widget5_Content_Disabled)"></value>
		<value condition="Skin.HasSetting(Widget5_Display_Square)">$LOCALIZE[31208]</value>
		<value condition="Skin.HasSetting(Widget5_Display_Fanart)">$LOCALIZE[31207]</value>
		<value condition="Skin.HasSetting(Widget5_Display_Posters)">$LOCALIZE[31206]</value>
	</variable>
	<variable name="Widget6_Content">
		<value condition="Skin.HasSetting(Widget6_Content_Disabled)">$LOCALIZE[1223]</value>
		<value condition="Skin.HasSetting(Widget6_Content_InProgress)">$LOCALIZE[31226]</value>
		<value condition="Skin.HasSetting(Widget6_Content_NextUp)">$LOCALIZE[31227]</value>
		<value condition="Skin.HasSetting(Widget6_Content_LatestMovies)">$LOCALIZE[31228]</value>
		<value condition="Skin.HasSetting(Widget6_Content_LatestTVShows)">$LOCALIZE[31229]</value>
		<value condition="Skin.HasSetting(Widget6_Content_RandomMovies)">$LOCALIZE[31145]</value>
		<value condition="Skin.HasSetting(Widget6_Content_RandomTVShows)">$LOCALIZE[31146]</value>
		<value condition="Skin.HasSetting(Widget6_Content_LatestAlbums)">$LOCALIZE[31230]</value>
		<value condition="Skin.HasSetting(Widget6_Content_RecentAlbums)">$LOCALIZE[31231]</value>
		<value condition="Skin.HasSetting(Widget6_Content_RandomAlbums)">$LOCALIZE[31147]</value>
		<value condition="Skin.HasSetting(Widget6_Content_Favourites)">$LOCALIZE[1036]</value>
		<value condition="Skin.HasSetting(Widget6_Content_Custom)">$LOCALIZE[31150]</value>
	</variable>
	<variable name="Widget6_View">
		<value condition="Skin.HasSetting(Widget6_Content_Disabled)"></value>
		<value condition="Skin.HasSetting(Widget6_View_Billboard)">$LOCALIZE[31202]</value>
		<value condition="Skin.HasSetting(Widget6_View_Showcase)">$LOCALIZE[31203]</value>
		<value condition="Skin.HasSetting(Widget6_View_Strip)">$LOCALIZE[31204]</value>
		<value condition="Skin.HasSetting(Widget6_View_Grid)">$LOCALIZE[31205]</value>
	</variable>
	<variable name="Widget6_Display">
		<value condition="Skin.HasSetting(Widget6_Content_Disabled)"></value>
		<value condition="Skin.HasSetting(Widget6_Display_Square)">$LOCALIZE[31208]</value>
		<value condition="Skin.HasSetting(Widget6_Display_Fanart)">$LOCALIZE[31207]</value>
		<value condition="Skin.HasSetting(Widget6_Display_Posters)">$LOCALIZE[31206]</value>
	</variable>
	<variable name="Widget7_Content">
		<value condition="Skin.HasSetting(Widget7_Content_Disabled)">$LOCALIZE[1223]</value>
		<value condition="Skin.HasSetting(Widget7_Content_InProgress)">$LOCALIZE[31226]</value>
		<value condition="Skin.HasSetting(Widget7_Content_NextUp)">$LOCALIZE[31227]</value>
		<value condition="Skin.HasSetting(Widget7_Content_LatestMovies)">$LOCALIZE[31228]</value>
		<value condition="Skin.HasSetting(Widget7_Content_LatestTVShows)">$LOCALIZE[31229]</value>
		<value condition="Skin.HasSetting(Widget7_Content_RandomMovies)">$LOCALIZE[31145]</value>
		<value condition="Skin.HasSetting(Widget7_Content_RandomTVShows)">$LOCALIZE[31146]</value>
		<value condition="Skin.HasSetting(Widget7_Content_LatestAlbums)">$LOCALIZE[31230]</value>
		<value condition="Skin.HasSetting(Widget7_Content_RecentAlbums)">$LOCALIZE[31231]</value>
		<value condition="Skin.HasSetting(Widget7_Content_RandomAlbums)">$LOCALIZE[31147]</value>
		<value condition="Skin.HasSetting(Widget7_Content_Favourites)">$LOCALIZE[1036]</value>
		<value condition="Skin.HasSetting(Widget7_Content_Custom)">$LOCALIZE[31150]</value>
	</variable>
	<variable name="Widget7_View">
		<value condition="Skin.HasSetting(Widget7_Content_Disabled)"></value>
		<value condition="Skin.HasSetting(Widget7_View_Billboard)">$LOCALIZE[31202]</value>
		<value condition="Skin.HasSetting(Widget7_View_Showcase)">$LOCALIZE[31203]</value>
		<value condition="Skin.HasSetting(Widget7_View_Strip)">$LOCALIZE[31204]</value>
		<value condition="Skin.HasSetting(Widget7_View_Grid)">$LOCALIZE[31205]</value>
	</variable>
	<variable name="Widget7_Display">
		<value condition="Skin.HasSetting(Widget7_Content_Disabled)"></value>
		<value condition="Skin.HasSetting(Widget7_Display_Square)">$LOCALIZE[31208]</value>
		<value condition="Skin.HasSetting(Widget7_Display_Fanart)">$LOCALIZE[31207]</value>
		<value condition="Skin.HasSetting(Widget7_Display_Posters)">$LOCALIZE[31206]</value>
	</variable>
	<variable name="Widget8_Content">
		<value condition="Skin.HasSetting(Widget8_Content_Disabled)">$LOCALIZE[1223]</value>
		<value condition="Skin.HasSetting(Widget8_Content_InProgress)">$LOCALIZE[31226]</value>
		<value condition="Skin.HasSetting(Widget8_Content_NextUp)">$LOCALIZE[31227]</value>
		<value condition="Skin.HasSetting(Widget8_Content_LatestMovies)">$LOCALIZE[31228]</value>
		<value condition="Skin.HasSetting(Widget8_Content_LatestTVShows)">$LOCALIZE[31229]</value>
		<value condition="Skin.HasSetting(Widget8_Content_RandomMovies)">$LOCALIZE[31145]</value>
		<value condition="Skin.HasSetting(Widget8_Content_RandomTVShows)">$LOCALIZE[31146]</value>
		<value condition="Skin.HasSetting(Widget8_Content_LatestAlbums)">$LOCALIZE[31230]</value>
		<value condition="Skin.HasSetting(Widget8_Content_RecentAlbums)">$LOCALIZE[31231]</value>
		<value condition="Skin.HasSetting(Widget8_Content_RandomAlbums)">$LOCALIZE[31147]</value>
		<value condition="Skin.HasSetting(Widget8_Content_Favourites)">$LOCALIZE[1036]</value>
		<value condition="Skin.HasSetting(Widget8_Content_Custom)">$LOCALIZE[31150]</value>
	</variable>
	<variable name="Widget8_View">
		<value condition="Skin.HasSetting(Widget8_Content_Disabled)"></value>
		<value condition="Skin.HasSetting(Widget8_View_Billboard)">$LOCALIZE[31202]</value>
		<value condition="Skin.HasSetting(Widget8_View_Showcase)">$LOCALIZE[31203]</value>
		<value condition="Skin.HasSetting(Widget8_View_Strip)">$LOCALIZE[31204]</value>
		<value condition="Skin.HasSetting(Widget8_View_Grid)">$LOCALIZE[31205]</value>
	</variable>
	<variable name="Widget8_Display">
		<value condition="Skin.HasSetting(Widget8_Content_Disabled)"></value>
		<value condition="Skin.HasSetting(Widget8_Display_Square)">$LOCALIZE[31208]</value>
		<value condition="Skin.HasSetting(Widget8_Display_Fanart)">$LOCALIZE[31207]</value>
		<value condition="Skin.HasSetting(Widget8_Display_Posters)">$LOCALIZE[31206]</value>
	</variable>
	<variable name="Widget9_Content">
		<value condition="Skin.HasSetting(Widget9_Content_Disabled)">$LOCALIZE[1223]</value>
		<value condition="Skin.HasSetting(Widget9_Content_InProgress)">$LOCALIZE[31226]</value>
		<value condition="Skin.HasSetting(Widget9_Content_NextUp)">$LOCALIZE[31227]</value>
		<value condition="Skin.HasSetting(Widget9_Content_LatestMovies)">$LOCALIZE[31228]</value>
		<value condition="Skin.HasSetting(Widget9_Content_LatestTVShows)">$LOCALIZE[31229]</value>
		<value condition="Skin.HasSetting(Widget9_Content_RandomMovies)">$LOCALIZE[31145]</value>
		<value condition="Skin.HasSetting(Widget9_Content_RandomTVShows)">$LOCALIZE[31146]</value>
		<value condition="Skin.HasSetting(Widget9_Content_LatestAlbums)">$LOCALIZE[31230]</value>
		<value condition="Skin.HasSetting(Widget9_Content_RecentAlbums)">$LOCALIZE[31231]</value>
		<value condition="Skin.HasSetting(Widget9_Content_RandomAlbums)">$LOCALIZE[31147]</value>
		<value condition="Skin.HasSetting(Widget9_Content_Favourites)">$LOCALIZE[1036]</value>
		<value condition="Skin.HasSetting(Widget9_Content_Custom)">$LOCALIZE[31150]</value>
	</variable>
	<variable name="Widget9_View">
		<value condition="Skin.HasSetting(Widget9_Content_Disabled)"></value>
		<value condition="Skin.HasSetting(Widget9_View_Billboard)">$LOCALIZE[31202]</value>
		<value condition="Skin.HasSetting(Widget9_View_Showcase)">$LOCALIZE[31203]</value>
		<value condition="Skin.HasSetting(Widget9_View_Strip)">$LOCALIZE[31204]</value>
		<value condition="Skin.HasSetting(Widget9_View_Grid)">$LOCALIZE[31205]</value>
	</variable>
	<variable name="Widget9_Display">
		<value condition="Skin.HasSetting(Widget9_Content_Disabled)"></value>
		<value condition="Skin.HasSetting(Widget9_Display_Square)">$LOCALIZE[31208]</value>
		<value condition="Skin.HasSetting(Widget9_Display_Fanart)">$LOCALIZE[31207]</value>
		<value condition="Skin.HasSetting(Widget9_Display_Posters)">$LOCALIZE[31206]</value>
	</variable>

</includes>
