<?xml version="1.0" encoding="UTF-8"?>
<includes>

	<variable name="Clearlogo_Texture">
		<value condition="VideoPlayer.IsFullscreen + !String.IsEmpty(VideoPlayer.Art(clearlogo-billboard))">$INFO[VideoPlayer.Art(clearlogo-billboard)]</value>
		<value condition="VideoPlayer.IsFullscreen + !String.IsEmpty(VideoPlayer.Art(clearlogo-aligned))">$INFO[VideoPlayer.Art(clearlogo-aligned)]</value>
		<value condition="VideoPlayer.IsFullscreen + !String.IsEmpty(VideoPlayer.Art(clearlogo))">$INFO[VideoPlayer.Art(clearlogo)]</value>
		<value condition="Control.HasFocus(3100) + $EXP[BillboardView_IsVisible] + !String.IsEmpty(Container(3100).ListItem.Art(clearlogo-billboard))">$INFO[Container(3100).ListItem.Art(clearlogo-billboard)]</value>
		<value condition="Control.HasFocus(3100) + Skin.String(Theme,Light) + $EXP[Logo_Aligned] + !String.IsEmpty(Container(3100).ListItem.Art(clearlogo-alt-aligned))">$INFO[Container(3100).ListItem.Art(clearlogo-alt-aligned)]</value>
		<value condition="Control.HasFocus(3100) + Skin.String(Theme,Light) + !String.IsEmpty(Container(3100).ListItem.Art(clearlogo-alt))">$INFO[Container(3100).ListItem.Art(clearlogo-alt)]</value>
		<value condition="Control.HasFocus(3100) + $EXP[Logo_Aligned] + !String.IsEmpty(Container(3100).ListItem.Art(clearlogo-aligned))">$INFO[Container(3100).ListItem.Art(clearlogo-aligned)]</value>
		<value condition="Control.HasFocus(3100)">$INFO[Container(3100).ListItem.Art(clearlogo)]</value>
		<value condition="!$EXP[Infoscreen_Widget_HasFocus] + $EXP[BillboardView_IsVisible] + !String.IsEmpty(ListItem.Art(clearlogo-billboard))">$INFO[ListItem.Art(clearlogo-billboard)]</value>
		<value condition="!$EXP[Infoscreen_Widget_HasFocus] + Skin.String(Theme,Light) + !$EXP[BillboardView_IsVisible] + $EXP[Logo_Aligned] + !String.IsEmpty(ListItem.Art(clearlogo-alt-aligned))">$INFO[ListItem.Art(clearlogo-alt-aligned)]</value>
		<value condition="!$EXP[Infoscreen_Widget_HasFocus] + Skin.String(Theme,Light) + !$EXP[BillboardView_IsVisible] + !String.IsEmpty(ListItem.Art(clearlogo-alt))">$INFO[ListItem.Art(clearlogo-alt)]</value>
		<value condition="!$EXP[Infoscreen_Widget_HasFocus] + $EXP[Logo_Aligned] + !String.IsEmpty(ListItem.Art(clearlogo-aligned))">$INFO[ListItem.Art(clearlogo-aligned)]</value>
		<value condition="!$EXP[Infoscreen_Widget_HasFocus]">$INFO[ListItem.Art(clearlogo)]</value>
	</variable>

	<variable name="Fanart_Slideshow_Home_Texture">
		<value condition="Skin.HasSetting(Home_Background_Override_Enabled) + Skin.String(Home_Background_Override)">$INFO[Container(3300).ListItem.Art(fanart)]</value>
		<value condition="!String.IsEmpty(Container(3000).ListItem.Property(background))">$INFO[Container(3000).ListItem.Property(background)]</value>
		<value>$INFO[Container(3300).ListItem.Art(fanart)]</value>
	</variable>

	<variable name="Fanart_Slideshow_Global_Texture">
		<value condition="Window.Is(addonsettings) + !String.IsEmpty(ListItem.Art(fanart))">$INFO[ListItem.Art(fanart)]</value>
		<value condition="!String.IsEmpty(Window(home).Property(Fanart_Slideshow_Global))">$INFO[Window(home).Property(Fanart_Slideshow_Global)]</value>
		<value>$INFO[Container(3300).ListItem.Art(fanart)]</value>
	</variable>

	<variable name="Infoscreen_Background_Texture">
		<value condition="String.IsEqual(ListItem.DBType,episode) + !String.IsEmpty(ListItem.Art(thumb))">$INFO[ListItem.Art(thumb)]</value>
		<value condition="String.IsEqual(Container.FolderName,ListItem.TVShowTitle) + !String.IsEmpty(ListItem.TVShowTitle) + !String.IsEmpty(Window(home).Property(Season_Fanart))">$INFO[Window(home).Property(Season_Fanart)]</value>
		<value condition="!String.IsEmpty(ListItem.Art(fanart))">$INFO[ListItem.Art(fanart)]</value>
		<value condition="!String.IsEmpty(ListItem.Art(thumb))">$INFO[ListItem.Art(thumb)]</value>
	</variable>

	<variable name="MusicPlaylistEditor_Background_Texture">
		<value condition="String.IsEqual(Window(musicplaylisteditor).Property(ActiveList),Right) + String.IsEqual(Container(100).ListItem.DBType,album) + !String.IsEmpty(Container(100).ListItem.Art(fanart))">$INFO[Container(100).ListItem.Art(fanart)]</value>
		<value condition="String.IsEqual(Window(musicplaylisteditor).Property(ActiveList),Right) + String.IsEqual(Container(100).ListItem.DBType,song) + !String.IsEmpty(Container(100).ListItem.Art(album.fanart))">$INFO[Container(100).ListItem.Art(album.fanart)]</value>
		<value condition="String.IsEqual(Window(musicplaylisteditor).Property(ActiveList),Right) + [String.IsEqual(Container(100).ListItem.DBType,album) | String.IsEqual(Container(100).ListItem.DBType,song)] + !String.IsEmpty(Container(100).ListItem.Art(artist.fanart))">$INFO[Container(100).ListItem.Art(artist.fanart)]</value>
		<value condition="String.IsEqual(Window(musicplaylisteditor).Property(ActiveList),Right) + [String.IsEqual(Container(100).ListItem.DBType,album) | String.IsEqual(Container(100).ListItem.DBType,song)] + !String.IsEmpty(Container(100).ListItem.Art(artist.thumb))">$INFO[Container(100).ListItem.Art(artist.thumb)]</value>
		<value condition="String.IsEqual(Window(musicplaylisteditor).Property(ActiveList),Right) + !String.IsEmpty(Container(100).ListItem.Art(fanart))">$INFO[Container(100).ListItem.Art(fanart)]</value>
		<value condition="String.IsEqual(Window(musicplaylisteditor).Property(ActiveList),Right) + !String.IsEmpty(Container(100).ListItem.Art(thumb))">$INFO[Container(100).ListItem.Art(thumb)]</value>
		<value condition="String.IsEqual(Container(50).ListItem.DBType,album) + !String.IsEmpty(Container(50).ListItem.Art(fanart))">$INFO[Container(50).ListItem.Art(fanart)]</value>
		<value condition="String.IsEqual(Container(50).ListItem.DBType,song) + !String.IsEmpty(Container(50).ListItem.Art(album.fanart))">$INFO[Container(50).ListItem.Art(album.fanart)]</value>
		<value condition="[String.IsEqual(Container(50).ListItem.DBType,album) | String.IsEqual(Container(50).ListItem.DBType,song)] + !String.IsEmpty(Container(50).ListItem.Art(artist.fanart))">$INFO[Container(50).ListItem.Art(artist.fanart)]</value>
		<value condition="[String.IsEqual(Container(50).ListItem.DBType,album) | String.IsEqual(Container(50).ListItem.DBType,song)] + !String.IsEmpty(Container(50).ListItem.Art(artist.thumb))">$INFO[Container(50).ListItem.Art(artist.thumb)]</value>
		<value condition="!String.IsEmpty(ListItem.Art(fanart))">$INFO[ListItem.Art(fanart)]</value>
		<value condition="!String.IsEmpty(ListItem.Art(thumb))">$INFO[ListItem.Art(thumb)]</value>
		<value condition="!String.IsEmpty(Window(home).Property(Fanart_Slideshow_Global))">$INFO[Window(home).Property(Fanart_Slideshow_Global)]</value>
		<value>$INFO[Container(3300).ListItem.Art(fanart)]</value>
	</variable>

	<variable name="Thumbnail(-3)Content">
		<!-- Special Windows -->
		<value condition="!String.IsEmpty(Container(52).ListItemNoWrap(-3).Label) + Window.IsVisible(loginscreen) + !String.Contains(Container(52).ListItem(-3).Art(thumb),DefaultUser)">$INFO[Container(52).ListItem(-3).Art(thumb)]</value>
		<value condition="!String.IsEmpty(Container(52).ListItemNoWrap(-3).Label) + Window.IsVisible(loginscreen)">views/dark_grey_100.png</value>
		<!-- Standard Views -->
		<value condition="!String.IsEmpty(Container.ListItemNoWrap(-3).Label) + [String.IsEqual(ListItem(-3).DBType,episode) | String.IsEqual(ListItem(-3).DBType,album) | String.IsEqual(ListItem(-3).DBType,song)] + !String.IsEmpty(ListItem(-3).Art(thumb))">$INFO[ListItem(-3).Art(thumb)]</value>
		<value condition="!String.IsEmpty(Container.ListItemNoWrap(-3).Label) + $EXP[StripView_Display_IsPosters] + $EXP[StripView_Details_Logo_IsOn] + !String.IsEmpty(ListItem(-3).Art(clearlogo)) + !String.IsEmpty(ListItem(-3).Art(keyart))">$INFO[ListItem(-3).Art(keyart)]</value>
		<value condition="!String.IsEmpty(Container.ListItemNoWrap(-3).Label) + $EXP[StripView_Display_IsPosters] + $EXP[Prefer_Keyart] + !String.IsEmpty(ListItem(-3).Art(keyart))">$INFO[ListItem(-3).Art(keyart)]</value>
		<value condition="!String.IsEmpty(Container.ListItemNoWrap(-3).Label) + $EXP[StripView_Display_IsPosters] + !String.IsEmpty(ListItem(-3).Art(poster))">$INFO[ListItem(-3).Art(poster)]</value>
		<value condition="!String.IsEmpty(Container.ListItemNoWrap(-3).Label) + $EXP[StripView_Display_IsPosters] + !String.IsEmpty(ListItem(-3).Art(thumb))">$INFO[ListItem(-3).Art(thumb)]</value>
		<value condition="!String.IsEmpty(Container.ListItemNoWrap(-3).Label) + $EXP[StripView_Display_IsPosters] + !String.IsEmpty(ListItem(-3).Art(fanart))">$INFO[ListItem(-3).Art(fanart)]</value>
		<value condition="!String.IsEmpty(Container.ListItemNoWrap(-3).Label) + $EXP[StripView_Display_IsPosters] + !String.IsEmpty(ListItem(-3).Art(tvshow.poster))">$INFO[ListItem(-3).Art(tvshow.poster)]</value>
		<value condition="!String.IsEmpty(Container.ListItemNoWrap(-3).Label) + $EXP[StripView_Display_IsFanart] + !String.IsEmpty(ListItem(-3).Art(fanart))">$INFO[ListItem(-3).Art(fanart)]</value>
		<value condition="!String.IsEmpty(Container.ListItemNoWrap(-3).Label) + $EXP[StripView_Display_IsFanart] + !String.IsEmpty(ListItem(-3).Art(tvshow.fanart))">$INFO[ListItem(-3).Art(tvshow.fanart)]</value>
		<value condition="!String.IsEmpty(Container.ListItemNoWrap(-3).Label) + $EXP[StripView_Display_IsSquare] + String.IsEqual(ListItem.DBType,artist) + !String.IsEmpty(ListItem(-3).Art(thumb))">$INFO[ListItem(-3).Art(thumb)]</value>
		<value condition="!String.IsEmpty(Container.ListItemNoWrap(-3).Label) + $EXP[StripView_Display_IsSquare] + !String.IsEmpty(ListItem(-3).Art(square))">$INFO[ListItem(-3).Art(square)]</value>
		<value condition="!String.IsEmpty(Container.ListItemNoWrap(-3).Label) + $EXP[StripView_Display_IsSquare] + !String.IsEmpty(ListItem(-3).Art(fanart))">$INFO[ListItem(-3).Art(fanart)]</value>
		<value condition="!String.IsEmpty(Container.ListItemNoWrap(-3).Label) + !String.Contains(ListItem(-3 ).Icon,Default)">$INFO[ListItem(-3).Art(thumb)]</value>
	</variable>

	<variable name="Thumbnail(-2)Content">
		<!-- Special Windows -->
		<value condition="!String.IsEmpty(Container(52).ListItemNoWrap(-2).Label) + Window.IsVisible(loginscreen) + !String.Contains(Container(52).ListItem(-2).Art(thumb),DefaultUser)">$INFO[Container(52).ListItem(-2).Art(thumb)]</value>
		<value condition="!String.IsEmpty(Container(52).ListItemNoWrap(-2).Label) + Window.IsVisible(loginscreen)">views/dark_grey_100.png</value>
		<!-- Standard Views -->
		<value condition="!String.IsEmpty(Container.ListItemNoWrap(-2).Label) + [String.IsEqual(ListItem(-2).DBType,episode) | String.IsEqual(ListItem(-2).DBType,album) | String.IsEqual(ListItem(-2).DBType,song)] + !String.IsEmpty(ListItem(-2).Art(thumb))">$INFO[ListItem(-2).Art(thumb)]</value>
		<value condition="!String.IsEmpty(Container.ListItemNoWrap(-2).Label) + $EXP[StripView_Display_IsPosters] + $EXP[StripView_Details_Logo_IsOn] + !String.IsEmpty(ListItem(-2).Art(clearlogo)) + !String.IsEmpty(ListItem(-2).Art(keyart))">$INFO[ListItem(-2).Art(keyart)]</value>
		<value condition="!String.IsEmpty(Container.ListItemNoWrap(-2).Label) + $EXP[StripView_Display_IsPosters] + $EXP[Prefer_Keyart] + !String.IsEmpty(ListItem(-2).Art(keyart))">$INFO[ListItem(-2).Art(keyart)]</value>
		<value condition="!String.IsEmpty(Container.ListItemNoWrap(-2).Label) + $EXP[StripView_Display_IsPosters] + !String.IsEmpty(ListItem(-2).Art(poster))">$INFO[ListItem(-2).Art(poster)]</value>
		<value condition="!String.IsEmpty(Container.ListItemNoWrap(-2).Label) + $EXP[StripView_Display_IsPosters] + !String.IsEmpty(ListItem(-2).Art(thumb))">$INFO[ListItem(-2).Art(thumb)]</value>
		<value condition="!String.IsEmpty(Container.ListItemNoWrap(-2).Label) + $EXP[StripView_Display_IsPosters] + !String.IsEmpty(ListItem(-2).Art(fanart))">$INFO[ListItem(-2).Art(fanart)]</value>
		<value condition="!String.IsEmpty(Container.ListItemNoWrap(-2).Label) + $EXP[StripView_Display_IsPosters] + !String.IsEmpty(ListItem(-2).Art(tvshow.poster))">$INFO[ListItem(-2).Art(tvshow.poster)]</value>
		<value condition="!String.IsEmpty(Container.ListItemNoWrap(-2).Label) + $EXP[StripView_Display_IsFanart] + !String.IsEmpty(ListItem(-2).Art(fanart))">$INFO[ListItem(-2).Art(fanart)]</value>
		<value condition="!String.IsEmpty(Container.ListItemNoWrap(-2).Label) + $EXP[StripView_Display_IsFanart] + !String.IsEmpty(ListItem(-2).Art(tvshow.fanart))">$INFO[ListItem(-2).Art(tvshow.fanart)]</value>
		<value condition="!String.IsEmpty(Container.ListItemNoWrap(-2).Label) + $EXP[StripView_Display_IsSquare] + String.IsEqual(ListItem.DBType,artist) + !String.IsEmpty(ListItem(-2).Art(thumb))">$INFO[ListItem(-2).Art(thumb)]</value>
		<value condition="!String.IsEmpty(Container.ListItemNoWrap(-2).Label) + $EXP[StripView_Display_IsSquare] + !String.IsEmpty(ListItem(-2).Art(square))">$INFO[ListItem(-2).Art(square)]</value>
		<value condition="!String.IsEmpty(Container.ListItemNoWrap(-2).Label) + $EXP[StripView_Display_IsSquare] + !String.IsEmpty(ListItem(-2).Art(fanart))">$INFO[ListItem(-2).Art(fanart)]</value>
		<value condition="!String.IsEmpty(Container.ListItemNoWrap(-2).Label) + !String.IsEmpty(ListItem(-2).Art(thumb))">$INFO[ListItem(-2).Art(thumb)]</value>
	</variable>

	<variable name="Thumbnail(-1)Content">
		<!-- Special Windows -->
		<value condition="!String.IsEmpty(Container(52).ListItemNoWrap(-1).Label) + Window.IsVisible(loginscreen) + !String.Contains(Container(52).ListItem(-1).Art(thumb),DefaultUser)">$INFO[Container(52).ListItem(-1).Art(thumb)]</value>
		<value condition="!String.IsEmpty(Container(52).ListItemNoWrap(-1).Label) + Window.IsVisible(loginscreen)">views/dark_grey_100.png</value>
		<value condition="!String.IsEmpty(Container(11).ListItemNoWrap(-1).Label) + Window.IsVisible(videobookmarks)">$INFO[Container(11).ListItem(-1).Art(thumb)]</value>
		<value condition="Window.Is(addonbrowser) + !String.IsEmpty(ListItem(-1).Art(thumb))">$INFO[ListItem(-1).Art(thumb)]</value>
		<!-- Files -->
		<value condition="String.IsEqual(ListItem.DBType,episode) + String.IsEmpty(ListItem(-1).TVShowTitle) + $EXP[ListView_Display_IsThumbnails] + ListItem(-1).IsFolder">$INFO[ListItem(-1).Path,,poster.jpg]</value>
		<value condition="String.IsEqual(ListItem.DBType,episode) + String.IsEmpty(ListItem(-1).TVShowTitle) + $EXP[ListView_Display_IsBackground] + ListItem(-1).IsFolder">$INFO[ListItem(-1).Path,,fanart.jpg]</value>
		<value condition="String.IsEqual(ListItem.DBType,episode) + $EXP[ListView_Display_IsThumbnails] + ListItem(-1).IsFolder">$INFO[ListItem(-1).Path,,poster.jpg]</value>
		<value condition="String.IsEqual(ListItem.DBType,episode) + $EXP[ListView_Display_IsBackground] + ListItem(-1).IsFolder">$INFO[ListItem(-1).Path,,fanart.jpg]</value>
		<value condition="Window.IsActive(music) + Container.Content(files) + !ListItem(-1).IsFolder + !String.IsEmpty(ListItem(-1).Art(thumb))">$INFO[ListItem(-1).Art(thumb)]</value>
		<!-- Background Artwork for Albums/Songs -->
		<value condition="$EXP[ListView_Display_IsBackground] + String.IsEqual(ListItem.DBType,album) + !String.IsEmpty(ListItem(-1).Art(fanart))">$INFO[ListItem(-1).Art(fanart)]</value>
		<value condition="$EXP[ListView_Display_IsBackground] + String.IsEqual(ListItem.DBType,song) + !String.IsEmpty(ListItem(-1).Art(album.fanart))">$INFO[ListItem(-1).Art(album.fanart)]</value>
		<value condition="$EXP[ListView_Display_IsBackground] + [String.IsEqual(ListItem.DBType,album) | String.IsEqual(ListItem.DBType,song)] + !String.IsEmpty(ListItem(-1).Art(artist.fanart))">$INFO[ListItem(-1).Art(artist.fanart)]</value>
		<value condition="$EXP[ListView_Display_IsBackground] + [String.IsEqual(ListItem.DBType,album) | String.IsEqual(ListItem.DBType,song)] + !String.IsEmpty(ListItem(-1).Art(artist.thumb))">$INFO[ListItem(-1).Art(artist.thumb)]</value>
		<!-- Standard views -->
		<value condition="[$EXP[ListView_IsVisible] | $EXP[BillboardView_IsVisible] | !String.IsEmpty(Container.ListItemNoWrap(-1).Label)] + [String.IsEqual(ListItem(-1).DBType,episode) | String.IsEqual(ListItem(-1).DBType,album) | String.IsEqual(ListItem(-1).DBType,song)] + !String.IsEmpty(ListItem(-1).Art(thumb))">$INFO[ListItem(-1).Art(thumb)]</value>
		<value condition="$EXP[ListView_Display_IsThumbnails] + String.IsEqual(ListItem.DBType,artist) + !String.IsEmpty(ListItem(-1).Art(thumb))">$INFO[ListItem(-1).Art(thumb)]</value>
		<value condition="$EXP[ListView_Display_IsThumbnails] + String.IsEqual(ListItem.DBType,artist) + !String.IsEmpty(ListItem(-1).Art(fanart))">$INFO[ListItem(-1).Art(fanart)]</value>
		<value condition="$EXP[ListView_Display_IsThumbnails] + $EXP[Prefer_Keyart] + !String.IsEmpty(ListItem(-1).Art(keyart))">$INFO[ListItem(-1).Art(keyart)]</value>
		<value condition="$EXP[ListView_Display_IsThumbnails] + !String.IsEmpty(ListItem(-1).Art(poster))">$INFO[ListItem(-1).Art(poster)]</value>
		<value condition="$EXP[ListView_Display_IsThumbnails] + !String.IsEmpty(ListItem(-1).Art(fanart))">$INFO[ListItem(-1).Art(fanart)]</value>
		<value condition="$EXP[ListView_Display_IsThumbnails] + !String.IsEmpty(ListItem(-1).Art(tvshow.poster))">$INFO[ListItem(-1).Art(tvshow.poster)]</value>
		<value condition="[$EXP[ListView_Display_IsBackground] | $EXP[BillboardView_IsVisible]] + !String.IsEmpty(ListItem(-1).Art(fanart))">$INFO[ListItem(-1).Art(fanart)]</value>
		<value condition="[$EXP[ListView_Display_IsBackground] | $EXP[BillboardView_IsVisible]] + !String.IsEmpty(ListItem(-1).Art(tvshow.fanart))">$INFO[ListItem(-1).Art(tvshow.fanart)]</value>
		<value condition="!String.IsEmpty(Container.ListItemNoWrap(-1).Label) + $EXP[ShowcaseView_Display_IsPosters] + $EXP[ShowcaseView_Details_Overlay_IsVisible] + !String.IsEmpty(ListItem(-1).Art(keyart))">$INFO[ListItem(-1).Art(keyart)]</value>
		<value condition="!String.IsEmpty(Container.ListItemNoWrap(-1).Label) + $EXP[ShowcaseView_Display_IsPosters] + $EXP[ShowcaseView_Details_Logo_IsOn] + !String.IsEmpty(ListItem(-1).Art(clearlogo)) + !String.IsEmpty(ListItem(-1).Art(keyart))">$INFO[ListItem(-1).Art(keyart)]</value>
		<value condition="!String.IsEmpty(Container.ListItemNoWrap(-1).Label) + $EXP[ShowcaseView_Display_IsPosters] + $EXP[Prefer_Keyart] + !String.IsEmpty(ListItem(-1).Art(keyart))">$INFO[ListItem(-1).Art(keyart)]</value>
		<value condition="!String.IsEmpty(Container.ListItemNoWrap(-1).Label) + $EXP[ShowcaseView_Display_IsPosters] + !String.IsEmpty(ListItem(-1).Art(poster))">$INFO[ListItem(-1).Art(poster)]</value>
		<value condition="!String.IsEmpty(Container.ListItemNoWrap(-1).Label) + $EXP[ShowcaseView_Display_IsPosters] + !String.IsEmpty(ListItem(-1).Art(thumb))">$INFO[ListItem(-1).Art(thumb)]</value>
		<value condition="!String.IsEmpty(Container.ListItemNoWrap(-1).Label) + $EXP[ShowcaseView_Display_IsPosters] + !String.IsEmpty(ListItem(-1).Art(fanart))">$INFO[ListItem(-1).Art(fanart)]</value>
		<value condition="!String.IsEmpty(Container.ListItemNoWrap(-1).Label) + $EXP[ShowcaseView_Display_IsPosters] + !String.IsEmpty(ListItem(-1).Art(tvshow.poster))">$INFO[ListItem(-1).Art(tvshow.poster)]</value>
		<value condition="!String.IsEmpty(Container.ListItemNoWrap(-1).Label) + $EXP[ShowcaseView_Display_IsSquare] + String.IsEqual(ListItem.DBType,artist) + !String.IsEmpty(ListItem(-1).Art(thumb))">$INFO[ListItem(-1).Art(thumb)]</value>
		<value condition="!String.IsEmpty(Container.ListItemNoWrap(-1).Label) + $EXP[ShowcaseView_Display_IsSquare] + !String.IsEmpty(ListItem(-1).Art(square))">$INFO[ListItem(-1).Art(square)]</value>
		<value condition="!String.IsEmpty(Container.ListItemNoWrap(-1).Label) + $EXP[ShowcaseView_Display_IsSquare] + !String.IsEmpty(ListItem(-1).Art(fanart))">$INFO[ListItem(-1).Art(fanart)]</value>
		<value condition="!String.IsEmpty(Container.ListItemNoWrap(-1).Label) + $EXP[ShowcaseView_Display_IsSquare] + !String.IsEmpty(ListItem(-1).Art(keyart))">$INFO[ListItem(-1).Art(keyart)]</value>
		<value condition="!String.IsEmpty(Container.ListItemNoWrap(-1).Label) + $EXP[ShowcaseView_Display_IsSquare] + !String.IsEmpty(ListItem(-1).Art(tvshow.fanart))">$INFO[ListItem(-1).Art(tvshow.fanart)]</value>
		<value condition="!String.IsEmpty(Container.ListItemNoWrap(-1).Label) + $EXP[StripView_Display_IsPosters] + $EXP[StripView_Details_Logo_IsOn] + !String.IsEmpty(ListItem(-1).Art(clearlogo)) + !String.IsEmpty(ListItem(-1).Art(keyart))">$INFO[ListItem(-1).Art(keyart)]</value>
		<value condition="!String.IsEmpty(Container.ListItemNoWrap(-1).Label) + $EXP[StripView_Display_IsPosters] + $EXP[Prefer_Keyart] + !String.IsEmpty(ListItem(-1).Art(keyart))">$INFO[ListItem(-1).Art(keyart)]</value>
		<value condition="!String.IsEmpty(Container.ListItemNoWrap(-1).Label) + $EXP[StripView_Display_IsPosters] + !String.IsEmpty(ListItem(-1).Art(poster))">$INFO[ListItem(-1).Art(poster)]</value>
		<value condition="!String.IsEmpty(Container.ListItemNoWrap(-1).Label) + $EXP[StripView_Display_IsPosters] + !String.IsEmpty(ListItem(-1).Art(thumb))">$INFO[ListItem(-1).Art(thumb)]</value>
		<value condition="!String.IsEmpty(Container.ListItemNoWrap(-1).Label) + $EXP[StripView_Display_IsPosters] + !String.IsEmpty(ListItem(-1).Art(fanart))">$INFO[ListItem(-1).Art(fanart)]</value>
		<value condition="!String.IsEmpty(Container.ListItemNoWrap(-1).Label) + $EXP[StripView_Display_IsPosters] + !String.IsEmpty(ListItem(-1).Art(tvshow.poster))">$INFO[ListItem(-1).Art(tvshow.poster)]</value>
		<value condition="!String.IsEmpty(Container.ListItemNoWrap(-1).Label) + $EXP[StripView_Display_IsFanart] + !String.IsEmpty(ListItem(-1).Art(fanart))">$INFO[ListItem(-1).Art(fanart)]</value>
		<value condition="!String.IsEmpty(Container.ListItemNoWrap(-1).Label) + $EXP[StripView_Display_IsFanart] + !String.IsEmpty(ListItem(-1).Art(tvshow.fanart))">$INFO[ListItem(-1).Art(tvshow.fanart)]</value>
		<value condition="!String.IsEmpty(Container.ListItemNoWrap(-1).Label) + $EXP[StripView_Display_IsSquare] + String.IsEqual(ListItem.DBType,artist) + !String.IsEmpty(ListItem(-1).Art(thumb))">$INFO[ListItem(-1).Art(thumb)]</value>
		<value condition="!String.IsEmpty(Container.ListItemNoWrap(-1).Label) + $EXP[StripView_Display_IsSquare] + !String.IsEmpty(ListItem(-1).Art(square))">$INFO[ListItem(-1).Art(square)]</value>
		<value condition="!String.IsEmpty(Container.ListItemNoWrap(-1).Label) + $EXP[StripView_Display_IsSquare] + !String.IsEmpty(ListItem(-1).Art(fanart))">$INFO[ListItem(-1).Art(fanart)]</value>
		<value condition="!String.IsEmpty(Container.ListItemNoWrap(-1).Label) + !String.IsEmpty(ListItem(-1).Art(thumb))">$INFO[ListItem(-1).Art(thumb)]</value>
	</variable>

	<variable name="Thumbnail(0)Content">
		<!-- Special Windows -->
		<value condition="Window.IsVisible(loginscreen) + !String.Contains(Container(52).ListItem.Art(thumb),DefaultUser)">$INFO[Container(52).ListItem.Art(thumb)]</value>
		<value condition="Window.IsVisible(loginscreen)">views/dark_grey_100.png</value>
		<value condition="Window.IsVisible(videobookmarks)">$INFO[Container(11).ListItem.Art(thumb)]</value>
		<value condition="Window.Is(addonbrowser) + !String.IsEmpty(ListItem.Art(thumb))">$INFO[ListItem.Art(thumb)]</value>
		<!-- Files -->
		<value condition="String.IsEqual(ListItem.DBType,episode) + String.IsEmpty(ListItem.TVShowTitle) + !ListItem.IsFolder + !String.IsEmpty(ListItem.Art(fanart))">$INFO[ListItem.Art(fanart)]</value>
		<value condition="String.IsEqual(ListItem.DBType,episode) + String.IsEmpty(ListItem.TVShowTitle) + !ListItem.IsFolder">$INFO[ListItem.Path,,fanart.jpg]</value>
		<value condition="String.IsEqual(ListItem.DBType,episode) + $EXP[ListView_Display_IsThumbnails] + ListItem.IsFolder">$INFO[ListItem.Path,,poster.jpg]</value>
		<value condition="String.IsEqual(ListItem.DBType,episode) + $EXP[ListView_Display_IsBackground] + ListItem.IsFolder">$INFO[ListItem.Path,,fanart.jpg]</value>
		<value condition="Window.IsActive(music) + Container.Content(files) + !ListItem.IsFolder + !String.IsEmpty(ListItem.Art(thumb))">$INFO[ListItem.Art(thumb)]</value>
		<!--Pictures / Addons-->
		<value condition="Window.Is(pictures) + ListItem.IsFolder + Integer.IsGreater(Container(3100).NumItems,0)">$INFO[ListItem.FolderPath]$INFO[Container(3100).ListItem.Label]</value>
		<value condition="$EXP[GridView_IsVisible] + Container.Content(addons)">$INFO[ListItem.Art(thumb)]</value>
		<!-- Background Artwork for Albums/Songs -->
		<value condition="$EXP[ListView_Display_IsBackground] + String.IsEqual(ListItem.DBType,album) + !String.IsEmpty(ListItem.Art(fanart))">$INFO[ListItem.Art(fanart)]</value>
		<value condition="$EXP[ListView_Display_IsBackground] + String.IsEqual(ListItem.DBType,song) + !String.IsEmpty(ListItem.Art(album.fanart))">$INFO[ListItem.Art(album.fanart)]</value>
		<value condition="$EXP[ListView_Display_IsBackground] + [String.IsEqual(ListItem.DBType,album) | String.IsEqual(ListItem.DBType,song)] + !String.IsEmpty(ListItem.Art(artist.fanart))">$INFO[ListItem.Art(artist.fanart)]</value>
		<value condition="$EXP[ListView_Display_IsBackground] + [String.IsEqual(ListItem.DBType,album) | String.IsEqual(ListItem.DBType,song)] + !String.IsEmpty(ListItem.Art(artist.thumb))">$INFO[ListItem.Art(artist.thumb)]</value>
		<!-- Standard views -->
		<value condition="[String.IsEqual(ListItem.DBType,episode) | String.IsEqual(ListItem.DBType,album) | String.IsEqual(ListItem.DBType,song)] + !String.IsEmpty(ListItem.Art(thumb))">$INFO[ListItem.Art(thumb)]</value>
		<value condition="$EXP[ListView_Display_IsThumbnails] + String.IsEqual(ListItem.DBType,artist) + !String.IsEmpty(ListItem.Art(thumb))">$INFO[ListItem.Art(thumb)]</value>
		<value condition="$EXP[ListView_Display_IsThumbnails] + String.IsEqual(ListItem.DBType,artist) + !String.IsEmpty(ListItem.Art(fanart))">$INFO[ListItem.Art(fanart)]</value>
		<value condition="$EXP[ListView_Display_IsThumbnails] + $EXP[Prefer_Keyart] + !String.IsEmpty(ListItem.Art(keyart))">$INFO[ListItem.Art(keyart)]</value>
		<value condition="$EXP[ListView_Display_IsThumbnails] + !String.IsEmpty(ListItem.Art(poster))">$INFO[ListItem.Art(poster)]</value>
		<value condition="$EXP[ListView_Display_IsThumbnails] + !String.IsEmpty(ListItem.Art(fanart))">$INFO[ListItem.Art(fanart)]</value>
		<value condition="$EXP[ListView_Display_IsThumbnails] + !String.IsEmpty(ListItem.Art(tvshow.poster))">$INFO[ListItem.Art(tvshow.poster)]</value>
		<value condition="[$EXP[ListView_Display_IsBackground] | $EXP[BillboardView_IsVisible]] + !String.IsEmpty(ListItem.Art(fanart))">$INFO[ListItem.Art(fanart)]</value>
		<value condition="[$EXP[ListView_Display_IsBackground] | $EXP[BillboardView_IsVisible]] + String.IsEqual(ListItem.DBType,season) + !String.IsEmpty(ListItem.Art(tvshow.fanart))">$INFO[ListItem.Art(tvshow.fanart)]</value>
		<value condition="$EXP[ShowcaseView_Display_IsPosters] + $EXP[ShowcaseView_Details_Overlay_IsVisible] + !String.IsEmpty(ListItem.Art(keyart))">$INFO[ListItem.Art(keyart)]</value>
		<value condition="$EXP[ShowcaseView_Display_IsPosters] + $EXP[ShowcaseView_Details_Logo_IsOn] + !String.IsEmpty(ListItem.Art(clearlogo)) + !String.IsEmpty(ListItem.Art(keyart))">$INFO[ListItem.Art(keyart)]</value>
		<value condition="$EXP[ShowcaseView_Display_IsPosters] + $EXP[Prefer_Keyart] + !String.IsEmpty(ListItem.Art(keyart))">$INFO[ListItem.Art(keyart)]</value>
		<value condition="$EXP[ShowcaseView_Display_IsPosters] + !String.IsEmpty(ListItem.Art(poster))">$INFO[ListItem.Art(poster)]</value>
		<value condition="$EXP[ShowcaseView_Display_IsPosters] + !String.IsEmpty(ListItem.Art(thumb))">$INFO[ListItem.Art(thumb)]</value>
		<value condition="$EXP[ShowcaseView_Display_IsPosters] + !String.IsEmpty(ListItem.Art(fanart))">$INFO[ListItem.Art(fanart)]</value>
		<value condition="$EXP[ShowcaseView_Display_IsPosters] + !String.IsEmpty(ListItem.Art(tvshow.poster))">$INFO[ListItem.Art(tvshow.poster)]</value>
		<value condition="$EXP[ShowcaseView_Display_IsSquare] + String.IsEqual(ListItem.DBType,artist) + !String.IsEmpty(ListItem.Art(thumb))">$INFO[ListItem.Art(thumb)]</value>
		<value condition="$EXP[ShowcaseView_Display_IsSquare] + !String.IsEmpty(ListItem.Art(square))">$INFO[ListItem.Art(square)]</value>
		<value condition="$EXP[ShowcaseView_Display_IsSquare] + !String.IsEmpty(ListItem.Art(fanart))">$INFO[ListItem.Art(fanart)]</value>
		<value condition="$EXP[ShowcaseView_Display_IsSquare] + !String.IsEmpty(ListItem.Art(keyart))">$INFO[ListItem.Art(keyart)]</value>
		<value condition="$EXP[ShowcaseView_Display_IsSquare] + !String.IsEmpty(ListItem.Art(tvshow.fanart))">$INFO[ListItem.Art(tvshow.fanart)]</value>
		<value condition="$EXP[StripView_Display_IsPosters] + $EXP[StripView_Details_Logo_IsOn] + !String.IsEmpty(ListItem.Art(clearlogo)) + !String.IsEmpty(ListItem.Art(keyart))">$INFO[ListItem.Art(keyart)]</value>
		<value condition="$EXP[StripView_Display_IsPosters] + $EXP[Prefer_Keyart] + !String.IsEmpty(ListItem.Art(keyart))">$INFO[ListItem.Art(keyart)]</value>
		<value condition="$EXP[StripView_Display_IsPosters] + !String.IsEmpty(ListItem.Art(poster))">$INFO[ListItem.Art(poster)]</value>
		<value condition="$EXP[StripView_Display_IsPosters] + !String.IsEmpty(ListItem.Art(thumb))">$INFO[ListItem.Art(thumb)]</value>
		<value condition="$EXP[StripView_Display_IsPosters] + !String.IsEmpty(ListItem.Art(fanart))">$INFO[ListItem.Art(fanart)]</value>
		<value condition="$EXP[StripView_Display_IsPosters] + !String.IsEmpty(ListItem.Art(tvshow.poster))">$INFO[ListItem.Art(tvshow.poster)]</value>
		<value condition="$EXP[StripView_Display_IsFanart] + !String.IsEmpty(ListItem.Art(fanart))">$INFO[ListItem.Art(fanart)]</value>
		<value condition="$EXP[StripView_Display_IsFanart] + !String.IsEmpty(ListItem.Art(tvshow.fanart))">$INFO[ListItem.Art(tvshow.fanart)]</value>
		<value condition="$EXP[StripView_Display_IsSquare] + String.IsEqual(ListItem.DBType,artist) + !String.IsEmpty(ListItem.Art(thumb))">$INFO[ListItem.Art(thumb)]</value>
		<value condition="$EXP[StripView_Display_IsSquare] + !String.IsEmpty(ListItem.Art(square))">$INFO[ListItem.Art(square)]</value>
		<value condition="$EXP[StripView_Display_IsSquare] + !String.IsEmpty(ListItem.Art(fanart))">$INFO[ListItem.Art(fanart)]</value>
		<value condition="$EXP[GridView_Display_IsPosters] + $EXP[Prefer_Keyart] + !String.IsEmpty(ListItem.Art(keyart))">$INFO[ListItem.Art(keyart)]</value>
		<value condition="$EXP[GridView_Display_IsPosters] + $EXP[GridView_Details_On] + !String.IsEmpty(ListItem.Art(keyart))">$INFO[ListItem.Art(keyart)]</value>
		<value condition="$EXP[GridView_Display_IsPosters] + !String.IsEmpty(ListItem.Art(poster))">$INFO[ListItem.Art(poster)]</value>
		<value condition="$EXP[GridView_Display_IsPosters] + !String.IsEmpty(ListItem.Art(thumb))">$INFO[ListItem.Art(thumb)]</value>
		<value condition="$EXP[GridView_Display_IsPosters] + !String.IsEmpty(ListItem.Art(fanart))">$INFO[ListItem.Art(fanart)]</value>
		<value condition="$EXP[GridView_Display_IsPosters] + !String.IsEmpty(ListItem.Art(tvshow.poster))">$INFO[ListItem.Art(tvshow.poster)]</value>
		<value condition="$EXP[GridView_Display_IsFanart] + !String.IsEmpty(ListItem.Art(fanart))">$INFO[ListItem.Art(fanart)]</value>
		<value condition="$EXP[GridView_Display_IsFanart] + !String.IsEmpty(ListItem.Art(tvshow.fanart))">$INFO[ListItem.Art(tvshow.fanart)]</value>
		<value condition="$EXP[GridView_Display_IsSquare] + String.IsEqual(ListItem.DBType,artist) + !String.IsEmpty(ListItem.Art(thumb))">$INFO[ListItem.Art(thumb)]</value>
		<value condition="$EXP[GridView_Display_IsSquare] + !String.IsEmpty(ListItem.Art(square))">$INFO[ListItem.Art(square)]</value>
		<value condition="$EXP[GridView_Display_IsSquare] + !String.IsEmpty(ListItem.Art(fanart))">$INFO[ListItem.Art(fanart)]</value>
		<!-- Dialog Favourites -->
		<value condition="Control.IsVisible(450) + !String.IsEmpty(ListItem.Art(poster))">$INFO[ListItem.Art(poster)]</value>
		<value condition="Control.IsVisible(450) + !String.IsEmpty(ListItem.Art(fanart))">$INFO[ListItem.Art(fanart)]</value>
		<value condition="Control.IsVisible(450) + !String.IsEmpty(ListItem.Art(thumb))">$INFO[ListItem.Art(thumb)]</value>
		<!-- Fallback -->
		<value condition="!String.IsEmpty(ListItem.Art(thumb))">$INFO[ListItem.Art(thumb)]</value>
	</variable>

	<variable name="Thumbnail(1)Content">
		<!-- Special Windows -->
		<value condition="!String.IsEmpty(Container(52).ListItemNoWrap(1).Label) + Window.IsVisible(loginscreen) + !String.Contains(Container(52).ListItem(1).Art(thumb),DefaultUser)">$INFO[Container(52).ListItem(1).Art(thumb)]</value>
		<value condition="!String.IsEmpty(Container(52).ListItemNoWrap(1).Label) + Window.IsVisible(loginscreen)">views/dark_grey_100.png</value>
		<value condition="!String.IsEmpty(Container(11).ListItemNoWrap(1).Label) + Window.IsVisible(videobookmarks)">$INFO[Container(11).ListItem(1).Art(thumb)]</value>
		<value condition="Window.Is(addonbrowser) + !String.IsEmpty(ListItem(1).Art(thumb))">$INFO[ListItem(1).Art(thumb)]</value>
		<!-- Files -->
		<value condition="String.IsEqual(ListItem.DBType,episode) + String.IsEmpty(ListItem(1).TVShowTitle) + $EXP[ListView_Display_IsThumbnails] + ListItem(1).IsFolder">$INFO[ListItem(1).Path,,poster.jpg]</value>
		<value condition="String.IsEqual(ListItem.DBType,episode) + String.IsEmpty(ListItem(1).TVShowTitle) + $EXP[ListView_Display_IsBackground] + ListItem(1).IsFolder">$INFO[ListItem(1).Path,,fanart.jpg]</value>
		<value condition="String.IsEqual(ListItem.DBType,episode) + $EXP[ListView_Display_IsThumbnails] + ListItem(1).IsFolder">$INFO[ListItem(1).Path,,poster.jpg]</value>
		<value condition="String.IsEqual(ListItem.DBType,episode) + $EXP[ListView_Display_IsBackground] + ListItem(1).IsFolder">$INFO[ListItem(1).Path,,fanart.jpg]</value>
		<value condition="Window.IsActive(music) + Container.Content(files) + !ListItem(1).IsFolder + !String.IsEmpty(ListItem(1).Art(thumb))">$INFO[ListItem(-).Art(thumb)]</value>
		<!-- Background Artwork for Albums/Songs -->
		<value condition="$EXP[ListView_Display_IsBackground] + String.IsEqual(ListItem.DBType,album) + !String.IsEmpty(ListItem(1).Art(fanart))">$INFO[ListItem(1).Art(fanart)]</value>
		<value condition="$EXP[ListView_Display_IsBackground] + String.IsEqual(ListItem.DBType,song) + !String.IsEmpty(ListItem(1).Art(album.fanart))">$INFO[ListItem(1).Art(album.fanart)]</value>
		<value condition="$EXP[ListView_Display_IsBackground] + [String.IsEqual(ListItem.DBType,album) | String.IsEqual(ListItem.DBType,song)] + !String.IsEmpty(ListItem(1).Art(artist.fanart))">$INFO[ListItem(1).Art(artist.fanart)]</value>
		<value condition="$EXP[ListView_Display_IsBackground] + [String.IsEqual(ListItem.DBType,album) | String.IsEqual(ListItem.DBType,song)] + !String.IsEmpty(ListItem(1).Art(artist.thumb))">$INFO[ListItem(1).Art(artist.thumb)]</value>
		<!-- Standard views -->
		<value condition="[$EXP[ListView_IsVisible] | $EXP[BillboardView_IsVisible] | !String.IsEmpty(Container.ListItemNoWrap(1).Label)] + [String.IsEqual(ListItem(1).DBType,episode) | String.IsEqual(ListItem(1).DBType,album) | String.IsEqual(ListItem(1).DBType,song)] + !String.IsEmpty(ListItem(1).Art(thumb))">$INFO[ListItem(1).Art(thumb)]</value>
		<value condition="$EXP[ListView_Display_IsThumbnails] + String.IsEqual(ListItem.DBType,artist) + !String.IsEmpty(ListItem(1).Art(thumb))">$INFO[ListItem(1).Art(thumb)]</value>
		<value condition="$EXP[ListView_Display_IsThumbnails] + String.IsEqual(ListItem.DBType,artist) + !String.IsEmpty(ListItem(1).Art(fanart))">$INFO[ListItem(1).Art(fanart)]</value>
		<value condition="$EXP[ListView_Display_IsThumbnails] + $EXP[Prefer_Keyart] + !String.IsEmpty(ListItem(1).Art(keyart))">$INFO[ListItem(1).Art(keyart)]</value>
		<value condition="$EXP[ListView_Display_IsThumbnails] + !String.IsEmpty(ListItem(1).Art(poster))">$INFO[ListItem(1).Art(poster)]</value>
		<value condition="$EXP[ListView_Display_IsThumbnails] + !String.IsEmpty(ListItem(1).Art(fanart))">$INFO[ListItem(1).Art(fanart)]</value>
		<value condition="$EXP[ListView_Display_IsThumbnails] + !String.IsEmpty(ListItem(1).Art(tvshow.poster))">$INFO[ListItem(1).Art(tvshow.poster)]</value>
		<value condition="[$EXP[ListView_Display_IsBackground] | $EXP[BillboardView_IsVisible]] + !String.IsEmpty(ListItem(1).Art(fanart))">$INFO[ListItem(1).Art(fanart)]</value>
		<value condition="[$EXP[ListView_Display_IsBackground] | $EXP[BillboardView_IsVisible]] + !String.IsEmpty(ListItem(1).Art(tvshow.fanart))">$INFO[ListItem(1).Art(tvshow.fanart)]</value>
		<value condition="!String.IsEmpty(Container.ListItemNoWrap(1).Label) + $EXP[ShowcaseView_Display_IsPosters] + $EXP[ShowcaseView_Details_Overlay_IsVisible] + !String.IsEmpty(ListItem(1).Art(keyart))">$INFO[ListItem(1).Art(keyart)]</value>
		<value condition="!String.IsEmpty(Container.ListItemNoWrap(1).Label) + $EXP[ShowcaseView_Display_IsPosters] + $EXP[ShowcaseView_Details_Logo_IsOn] + !String.IsEmpty(ListItem(1).Art(clearlogo)) + !String.IsEmpty(ListItem(1).Art(keyart))">$INFO[ListItem(1).Art(keyart)]</value>
		<value condition="!String.IsEmpty(Container.ListItemNoWrap(1).Label) + $EXP[ShowcaseView_Display_IsPosters] + $EXP[Prefer_Keyart] + !String.IsEmpty(ListItem(1).Art(keyart))">$INFO[ListItem(1).Art(keyart)]</value>
		<value condition="!String.IsEmpty(Container.ListItemNoWrap(1).Label) + $EXP[ShowcaseView_Display_IsPosters] + !String.IsEmpty(ListItem(1).Art(poster))">$INFO[ListItem(1).Art(poster)]</value>
		<value condition="!String.IsEmpty(Container.ListItemNoWrap(1).Label) + $EXP[ShowcaseView_Display_IsPosters] + !String.IsEmpty(ListItem(1).Art(thumb))">$INFO[ListItem(1).Art(thumb)]</value>
		<value condition="!String.IsEmpty(Container.ListItemNoWrap(1).Label) + $EXP[ShowcaseView_Display_IsPosters] + !String.IsEmpty(ListItem(1).Art(fanart))">$INFO[ListItem(1).Art(fanart)]</value>
		<value condition="!String.IsEmpty(Container.ListItemNoWrap(1).Label) + $EXP[ShowcaseView_Display_IsPosters] + !String.IsEmpty(ListItem(1).Art(tvshow.poster))">$INFO[ListItem(1).Art(tvshow.poster)]</value>
		<value condition="!String.IsEmpty(Container.ListItemNoWrap(1).Label) + $EXP[ShowcaseView_Display_IsSquare] + String.IsEqual(ListItem.DBType,artist) + !String.IsEmpty(ListItem(1).Art(thumb))">$INFO[ListItem(1).Art(thumb)]</value>
		<value condition="!String.IsEmpty(Container.ListItemNoWrap(1).Label) + $EXP[ShowcaseView_Display_IsSquare] + !String.IsEmpty(ListItem(1).Art(square))">$INFO[ListItem(1).Art(square)]</value>
		<value condition="!String.IsEmpty(Container.ListItemNoWrap(1).Label) + $EXP[ShowcaseView_Display_IsSquare] + !String.IsEmpty(ListItem(1).Art(fanart))">$INFO[ListItem(1).Art(fanart)]</value>
		<value condition="!String.IsEmpty(Container.ListItemNoWrap(1).Label) + $EXP[ShowcaseView_Display_IsSquare] + !String.IsEmpty(ListItem(1).Art(keyart))">$INFO[ListItem(1).Art(keyart)]</value>
		<value condition="!String.IsEmpty(Container.ListItemNoWrap(1).Label) + $EXP[ShowcaseView_Display_IsSquare] + !String.IsEmpty(ListItem(1).Art(tvshow.fanart))">$INFO[ListItem(1).Art(tvshow.fanart)]</value>
		<value condition="!String.IsEmpty(Container.ListItemNoWrap(1).Label) + $EXP[StripView_Display_IsPosters] + $EXP[StripView_Details_Logo_IsOn] + !String.IsEmpty(ListItem(1).Art(clearlogo)) + !String.IsEmpty(ListItem(1).Art(keyart))">$INFO[ListItem(1).Art(keyart)]</value>
		<value condition="!String.IsEmpty(Container.ListItemNoWrap(1).Label) + $EXP[StripView_Display_IsPosters] + $EXP[Prefer_Keyart] + !String.IsEmpty(ListItem(1).Art(keyart))">$INFO[ListItem(1).Art(keyart)]</value>
		<value condition="!String.IsEmpty(Container.ListItemNoWrap(1).Label) + $EXP[StripView_Display_IsPosters] + !String.IsEmpty(ListItem(1).Art(poster))">$INFO[ListItem(1).Art(poster)]</value>
		<value condition="!String.IsEmpty(Container.ListItemNoWrap(1).Label) + $EXP[StripView_Display_IsPosters] + !String.IsEmpty(ListItem(1).Art(thumb))">$INFO[ListItem(1).Art(thumb)]</value>
		<value condition="!String.IsEmpty(Container.ListItemNoWrap(1).Label) + $EXP[StripView_Display_IsPosters] + !String.IsEmpty(ListItem(1).Art(fanart))">$INFO[ListItem(1).Art(fanart)]</value>
		<value condition="!String.IsEmpty(Container.ListItemNoWrap(1).Label) + $EXP[StripView_Display_IsPosters] + !String.IsEmpty(ListItem(1).Art(tvshow.poster))">$INFO[ListItem(1).Art(tvshow.poster)]</value>
		<value condition="!String.IsEmpty(Container.ListItemNoWrap(1).Label) + $EXP[StripView_Display_IsFanart] + !String.IsEmpty(ListItem(1).Art(fanart))">$INFO[ListItem(1).Art(fanart)]</value>
		<value condition="!String.IsEmpty(Container.ListItemNoWrap(1).Label) + $EXP[StripView_Display_IsFanart] + !String.IsEmpty(ListItem(1).Art(tvshow.fanart))">$INFO[ListItem(1).Art(tvshow.fanart)]</value>
		<value condition="!String.IsEmpty(Container.ListItemNoWrap(1).Label) + $EXP[StripView_Display_IsSquare] + String.IsEqual(ListItem.DBType,artist) + !String.IsEmpty(ListItem(1).Art(thumb))">$INFO[ListItem(1).Art(thumb)]</value>
		<value condition="!String.IsEmpty(Container.ListItemNoWrap(1).Label) + $EXP[StripView_Display_IsSquare] + !String.IsEmpty(ListItem(1).Art(square))">$INFO[ListItem(1).Art(square)]</value>
		<value condition="!String.IsEmpty(Container.ListItemNoWrap(1).Label) + $EXP[StripView_Display_IsSquare] + !String.IsEmpty(ListItem(1).Art(fanart))">$INFO[ListItem(1).Art(fanart)]</value>
		<value condition="!String.IsEmpty(Container.ListItemNoWrap(1).Label) + !String.IsEmpty(ListItem(1).Art(thumb))">$INFO[ListItem(1).Art(thumb)]</value>
		<!-- Visualisation -->
		<value condition="Window.IsVisible(visualisation) + !String.IsEmpty(MusicPlayer.offset(1).Cover)">$INFO[MusicPlayer.offset(1).Cover]</value>
	</variable>

	<variable name="Thumbnail(2)Content">
		<!-- Special Windows -->
		<value condition="!String.IsEmpty(Container(52).ListItemNoWrap(2).Label) + Window.IsVisible(loginscreen) + !String.Contains(Container(52).ListItem(2).Art(thumb),DefaultUser)">$INFO[Container(52).ListItem(2).Art(thumb)]</value>
		<value condition="!String.IsEmpty(Container(52).ListItemNoWrap(2).Label) + Window.IsVisible(loginscreen)">views/dark_grey_100.png</value>
		<value condition="!String.IsEmpty(Container(11).ListItemNoWrap(2).Label) + Window.IsVisible(videobookmarks)">$INFO[Container(11).ListItem(2).Art(thumb)]</value>
		<!-- Standard Views -->
		<value condition="!String.IsEmpty(Container.ListItemNoWrap(2).Label) + [String.IsEqual(ListItem(2).DBType,episode) | String.IsEqual(ListItem(2).DBType,album) | String.IsEqual(ListItem(2).DBType,song)] + !String.IsEmpty(ListItem(2).Art(thumb))">$INFO[ListItem(2).Art(thumb)]</value>
		<value condition="!String.IsEmpty(Container.ListItemNoWrap(2).Label) + $EXP[ShowcaseView_Display_IsPosters] + $EXP[ShowcaseView_Details_Overlay_IsVisible] + !String.IsEmpty(ListItem(2).Art(keyart))">$INFO[ListItem(2).Art(keyart)]</value>
		<value condition="!String.IsEmpty(Container.ListItemNoWrap(2).Label) + $EXP[ShowcaseView_Display_IsPosters] + $EXP[ShowcaseView_Details_Logo_IsOn] + !String.IsEmpty(ListItem(2).Art(clearlogo)) + !String.IsEmpty(ListItem(2).Art(keyart))">$INFO[ListItem(2).Art(keyart)]</value>
		<value condition="!String.IsEmpty(Container.ListItemNoWrap(2).Label) + $EXP[ShowcaseView_Display_IsPosters] + $EXP[Prefer_Keyart] + !String.IsEmpty(ListItem(2).Art(keyart))">$INFO[ListItem(2).Art(keyart)]</value>
		<value condition="!String.IsEmpty(Container.ListItemNoWrap(2).Label) + $EXP[ShowcaseView_Display_IsPosters] + !String.IsEmpty(ListItem(2).Art(poster))">$INFO[ListItem(2).Art(poster)]</value>
		<value condition="!String.IsEmpty(Container.ListItemNoWrap(2).Label) + $EXP[ShowcaseView_Display_IsPosters] + !String.IsEmpty(ListItem(2).Art(thumb))">$INFO[ListItem(2).Art(thumb)]</value>
		<value condition="!String.IsEmpty(Container.ListItemNoWrap(2).Label) + $EXP[ShowcaseView_Display_IsPosters] + !String.IsEmpty(ListItem(2).Art(fanart))">$INFO[ListItem(2).Art(fanart)]</value>
		<value condition="!String.IsEmpty(Container.ListItemNoWrap(2).Label) + $EXP[ShowcaseView_Display_IsPosters] + !String.IsEmpty(ListItem(2).Art(tvshow.poster))">$INFO[ListItem(2).Art(tvshow.poster)]</value>
		<value condition="!String.IsEmpty(Container.ListItemNoWrap(2).Label) + $EXP[ShowcaseView_Display_IsSquare] + String.IsEqual(ListItem.DBType,artist) + !String.IsEmpty(ListItem(2).Art(thumb))">$INFO[ListItem(2).Art(thumb)]</value>
		<value condition="!String.IsEmpty(Container.ListItemNoWrap(2).Label) + $EXP[ShowcaseView_Display_IsSquare] + !String.IsEmpty(ListItem(2).Art(square))">$INFO[ListItem(2).Art(square)]</value>
		<value condition="!String.IsEmpty(Container.ListItemNoWrap(2).Label) + $EXP[ShowcaseView_Display_IsSquare] + !String.IsEmpty(ListItem(2).Art(fanart))">$INFO[ListItem(2).Art(fanart)]</value>
		<value condition="!String.IsEmpty(Container.ListItemNoWrap(2).Label) + $EXP[ShowcaseView_Display_IsSquare] + !String.IsEmpty(ListItem(2).Art(keyart))">$INFO[ListItem(2).Art(keyart)]</value>
		<value condition="!String.IsEmpty(Container.ListItemNoWrap(2).Label) + $EXP[ShowcaseView_Display_IsSquare] + !String.IsEmpty(ListItem(2).Art(tvshow.fanart))">$INFO[ListItem(2).Art(tvshow.fanart)]</value>
		<value condition="!String.IsEmpty(Container.ListItemNoWrap(2).Label) + $EXP[StripView_Display_IsPosters] + $EXP[StripView_Details_Logo_IsOn] + !String.IsEmpty(ListItem(2).Art(clearlogo)) + !String.IsEmpty(ListItem(2).Art(keyart))">$INFO[ListItem(2).Art(keyart)]</value>
		<value condition="!String.IsEmpty(Container.ListItemNoWrap(2).Label) + $EXP[StripView_Display_IsPosters] + $EXP[Prefer_Keyart] + !String.IsEmpty(ListItem(2).Art(keyart))">$INFO[ListItem(2).Art(keyart)]</value>
		<value condition="!String.IsEmpty(Container.ListItemNoWrap(2).Label) + $EXP[StripView_Display_IsPosters] + !String.IsEmpty(ListItem(2).Art(poster))">$INFO[ListItem(2).Art(poster)]</value>
		<value condition="!String.IsEmpty(Container.ListItemNoWrap(2).Label) + $EXP[StripView_Display_IsPosters] + !String.IsEmpty(ListItem(2).Art(thumb))">$INFO[ListItem(2).Art(thumb)]</value>
		<value condition="!String.IsEmpty(Container.ListItemNoWrap(2).Label) + $EXP[StripView_Display_IsPosters] + !String.IsEmpty(ListItem(2).Art(fanart))">$INFO[ListItem(2).Art(fanart)]</value>
		<value condition="!String.IsEmpty(Container.ListItemNoWrap(2).Label) + $EXP[StripView_Display_IsPosters] + !String.IsEmpty(ListItem(2).Art(tvshow.poster))">$INFO[ListItem(2).Art(tvshow.poster)]</value>
		<value condition="!String.IsEmpty(Container.ListItemNoWrap(2).Label) + $EXP[StripView_Display_IsFanart] + !String.IsEmpty(ListItem(2).Art(fanart))">$INFO[ListItem(2).Art(fanart)]</value>
		<value condition="!String.IsEmpty(Container.ListItemNoWrap(2).Label) + $EXP[StripView_Display_IsFanart] + !String.IsEmpty(ListItem(2).Art(tvshow.fanart))">$INFO[ListItem(2).Art(tvshow.fanart)]</value>
		<value condition="!String.IsEmpty(Container.ListItemNoWrap(2).Label) + $EXP[StripView_Display_IsSquare] + String.IsEqual(ListItem.DBType,artist) + !String.IsEmpty(ListItem(2).Art(thumb))">$INFO[ListItem(2).Art(thumb)]</value>
		<value condition="!String.IsEmpty(Container.ListItemNoWrap(2).Label) + $EXP[StripView_Display_IsSquare] + !String.IsEmpty(ListItem(2).Art(square))">$INFO[ListItem(2).Art(square)]</value>
		<value condition="!String.IsEmpty(Container.ListItemNoWrap(2).Label) + $EXP[StripView_Display_IsSquare] + !String.IsEmpty(ListItem(2).Art(fanart))">$INFO[ListItem(2).Art(fanart)]</value>
		<value condition="!String.IsEmpty(Container.ListItemNoWrap(2).Label) + !String.IsEmpty(ListItem(2).Art(thumb))">$INFO[ListItem(2).Art(thumb)]</value>
	</variable>

	<variable name="Thumbnail(3)Content">
		<!-- Special Windows -->
		<value condition="!String.IsEmpty(Container(52).ListItemNoWrap(3).Label) + Window.IsVisible(loginscreen) + !String.Contains(Container(52).ListItem(3).Art(thumb),DefaultUser)">$INFO[Container(52).ListItem(3).Art(thumb)]</value>
		<value condition="!String.IsEmpty(Container(52).ListItemNoWrap(3).Label) + Window.IsVisible(loginscreen)">views/dark_grey_100.png</value>
		<value condition="!String.IsEmpty(Container(11).ListItemNoWrap(3).Label) + Window.IsVisible(videobookmarks)">$INFO[Container(11).ListItem(3).Art(thumb)]</value>
		<!-- Standard Views -->
		<value condition="!String.IsEmpty(Container.ListItemNoWrap(3).Label) + [String.IsEqual(ListItem(3).DBType,episode) | String.IsEqual(ListItem(3).DBType,album) | String.IsEqual(ListItem(3).DBType,song)] + !String.IsEmpty(ListItem(3).Art(thumb))">$INFO[ListItem(3).Art(thumb)]</value>
		<value condition="!String.IsEmpty(Container.ListItemNoWrap(3).Label) + $EXP[ShowcaseView_Display_IsPosters] + $EXP[ShowcaseView_Details_Overlay_IsVisible] + !String.IsEmpty(ListItem(3).Art(keyart))">$INFO[ListItem(3).Art(keyart)]</value>
		<value condition="!String.IsEmpty(Container.ListItemNoWrap(3).Label) + $EXP[ShowcaseView_Display_IsPosters] + $EXP[ShowcaseView_Details_Logo_IsOn] + !String.IsEmpty(ListItem(3).Art(clearlogo)) + !String.IsEmpty(ListItem(3).Art(keyart))">$INFO[ListItem(3).Art(keyart)]</value>
		<value condition="!String.IsEmpty(Container.ListItemNoWrap(3).Label) + $EXP[ShowcaseView_Display_IsPosters] + $EXP[Prefer_Keyart] + !String.IsEmpty(ListItem(3).Art(keyart))">$INFO[ListItem(3).Art(keyart)]</value>
		<value condition="!String.IsEmpty(Container.ListItemNoWrap(3).Label) + $EXP[ShowcaseView_Display_IsPosters] + !String.IsEmpty(ListItem(3).Art(poster))">$INFO[ListItem(3).Art(poster)]</value>
		<value condition="!String.IsEmpty(Container.ListItemNoWrap(3).Label) + $EXP[ShowcaseView_Display_IsPosters] + !String.IsEmpty(ListItem(3).Art(thumb))">$INFO[ListItem(3).Art(thumb)]</value>
		<value condition="!String.IsEmpty(Container.ListItemNoWrap(3).Label) + $EXP[ShowcaseView_Display_IsPosters] + !String.IsEmpty(ListItem(3).Art(fanart))">$INFO[ListItem(3).Art(fanart)]</value>
		<value condition="!String.IsEmpty(Container.ListItemNoWrap(3).Label) + $EXP[ShowcaseView_Display_IsPosters] + !String.IsEmpty(ListItem(3).Art(tvshow.poster))">$INFO[ListItem(3).Art(tvshow.poster)]</value>
		<value condition="!String.IsEmpty(Container.ListItemNoWrap(3).Label) + $EXP[StripView_Display_IsPosters] + $EXP[StripView_Details_Logo_IsOn] + !String.IsEmpty(ListItem(3).Art(clearlogo)) + !String.IsEmpty(ListItem(3).Art(keyart))">$INFO[ListItem(3).Art(keyart)]</value>
		<value condition="!String.IsEmpty(Container.ListItemNoWrap(3).Label) + $EXP[StripView_Display_IsPosters] + $EXP[Prefer_Keyart] + !String.IsEmpty(ListItem(3).Art(keyart))">$INFO[ListItem(3).Art(keyart)]</value>
		<value condition="!String.IsEmpty(Container.ListItemNoWrap(3).Label) + $EXP[StripView_Display_IsPosters] + !String.IsEmpty(ListItem(3).Art(poster))">$INFO[ListItem(3).Art(poster)]</value>
		<value condition="!String.IsEmpty(Container.ListItemNoWrap(3).Label) + $EXP[StripView_Display_IsPosters] + !String.IsEmpty(ListItem(3).Art(thumb))">$INFO[ListItem(3).Art(thumb)]</value>
		<value condition="!String.IsEmpty(Container.ListItemNoWrap(3).Label) + $EXP[StripView_Display_IsPosters] + !String.IsEmpty(ListItem(3).Art(fanart))">$INFO[ListItem(3).Art(fanart)]</value>
		<value condition="!String.IsEmpty(Container.ListItemNoWrap(3).Label) + $EXP[StripView_Display_IsPosters] + !String.IsEmpty(ListItem(3).Art(tvshow.poster))">$INFO[ListItem(3).Art(tvshow.poster)]</value>
		<value condition="!String.IsEmpty(Container.ListItemNoWrap(3).Label) + $EXP[StripView_Display_IsFanart] + !String.IsEmpty(ListItem(3).Art(fanart))">$INFO[ListItem(3).Art(fanart)]</value>
		<value condition="!String.IsEmpty(Container.ListItemNoWrap(3).Label) + $EXP[StripView_Display_IsFanart] + !String.IsEmpty(ListItem(3).Art(tvshow.fanart))">$INFO[ListItem(3).Art(tvshow.fanart)]</value>
		<value condition="!String.IsEmpty(Container.ListItemNoWrap(3).Label) + $EXP[StripView_Display_IsSquare] + String.IsEqual(ListItem.DBType,artist) + !String.IsEmpty(ListItem(3).Art(thumb))">$INFO[ListItem(3).Art(thumb)]</value>
		<value condition="!String.IsEmpty(Container.ListItemNoWrap(3).Label) + $EXP[StripView_Display_IsSquare] + !String.IsEmpty(ListItem(3).Art(square))">$INFO[ListItem(3).Art(square)]</value>
		<value condition="!String.IsEmpty(Container.ListItemNoWrap(3).Label) + $EXP[StripView_Display_IsSquare] + !String.IsEmpty(ListItem(3).Art(fanart))">$INFO[ListItem(3).Art(fanart)]</value>
		<value condition="!String.IsEmpty(Container.ListItemNoWrap(3).Label) + !String.IsEmpty(ListItem(3).Art(thumb))">$INFO[ListItem(3).Art(thumb)]</value>
	</variable>

	<variable name="Thumbnail(4)Content">
		<value/>
	</variable>

	<variable name="Thumbnail(5)Content">
		<value/>
	</variable>

	<variable name="Thumbnail(6)Content">
		<value/>
	</variable>

	<variable name="Multiart_Type">
		<value condition="Control.HasFocus(3201) + Skin.HasSetting(Widget1_Display_Posters) + String.IsEqual(ListItem.DBType,episode) + $EXP[Prefer_Keyart] + !String.IsEmpty(ListItem.Art(tvshow.keyart1))">tvshow.keyart</value>
		<value condition="Control.HasFocus(3201) + Skin.HasSetting(Widget1_Display_Posters) + String.IsEqual(ListItem.DBType,episode) + [!$EXP[Prefer_Keyart] | String.IsEmpty(ListItem.Art(tvshow.keyart))] + !String.IsEmpty(ListItem.Art(tvshow.poster1))">tvshow.poster</value>
		<value condition="Control.HasFocus(3201) + Skin.HasSetting(Widget1_Display_Fanart) + String.IsEqual(ListItem.DBType,episode) + !String.IsEmpty(ListItem.Art(tvshow.fanart1))">tvshow.fanart</value>
		<value condition="Control.HasFocus(3201) + Skin.HasSetting(Widget1_Display_Square) + String.IsEqual(ListItem.DBType,episode) + !String.IsEmpty(ListItem.Art(tvshow.square1))">tvshow.square</value>
		<value condition="Control.HasFocus(3202) + Skin.HasSetting(Widget2_Display_Posters) + String.IsEqual(ListItem.DBType,episode) + $EXP[Prefer_Keyart] + !String.IsEmpty(ListItem.Art(tvshow.keyart1))">tvshow.keyart</value>
		<value condition="Control.HasFocus(3202) + Skin.HasSetting(Widget2_Display_Posters) + String.IsEqual(ListItem.DBType,episode) + !String.IsEmpty(ListItem.Art(tvshow.poster1))">tvshow.poster</value>
		<value condition="Control.HasFocus(3202) + Skin.HasSetting(Widget2_Display_Fanart) + String.IsEqual(ListItem.DBType,episode) + !String.IsEmpty(ListItem.Art(tvshow.fanart1))">tvshow.fanart</value>
		<value condition="Control.HasFocus(3202) + Skin.HasSetting(Widget2_Display_Square) + String.IsEqual(ListItem.DBType,episode) + !String.IsEmpty(ListItem.Art(tvshow.square1))">tvshow.square</value>
		<value condition="Control.HasFocus(3203) + Skin.HasSetting(Widget3_Display_Posters) + String.IsEqual(ListItem.DBType,episode) + $EXP[Prefer_Keyart] + !String.IsEmpty(ListItem.Art(tvshow.keyart1))">tvshow.keyart</value>
		<value condition="Control.HasFocus(3203) + Skin.HasSetting(Widget3_Display_Posters) + String.IsEqual(ListItem.DBType,episode) + !String.IsEmpty(ListItem.Art(tvshow.poster1))">tvshow.poster</value>
		<value condition="Control.HasFocus(3203) + Skin.HasSetting(Widget3_Display_Fanart) + String.IsEqual(ListItem.DBType,episode) + !String.IsEmpty(ListItem.Art(tvshow.fanart1))">tvshow.fanart</value>
		<value condition="Control.HasFocus(3203) + Skin.HasSetting(Widget3_Display_Square) + String.IsEqual(ListItem.DBType,episode) + !String.IsEmpty(ListItem.Art(tvshow.square1))">tvshow.square</value>
		<value condition="Control.HasFocus(3204) + Skin.HasSetting(Widget4_Display_Posters) + String.IsEqual(ListItem.DBType,episode) + $EXP[Prefer_Keyart] + !String.IsEmpty(ListItem.Art(tvshow.keyart1))">tvshow.keyart</value>
		<value condition="Control.HasFocus(3204) + Skin.HasSetting(Widget4_Display_Posters) + String.IsEqual(ListItem.DBType,episode) + !String.IsEmpty(ListItem.Art(tvshow.poster1))">tvshow.poster</value>
		<value condition="Control.HasFocus(3204) + Skin.HasSetting(Widget4_Display_Fanart) + String.IsEqual(ListItem.DBType,episode) + !String.IsEmpty(ListItem.Art(tvshow.fanart1))">tvshow.fanart</value>
		<value condition="Control.HasFocus(3204) + Skin.HasSetting(Widget4_Display_Square) + String.IsEqual(ListItem.DBType,episode) + !String.IsEmpty(ListItem.Art(tvshow.square1))">tvshow.square</value>
		<value condition="Control.HasFocus(3205) + Skin.HasSetting(Widget5_Display_Posters) + String.IsEqual(ListItem.DBType,episode) + $EXP[Prefer_Keyart] + !String.IsEmpty(ListItem.Art(tvshow.keyart1))">tvshow.keyart</value>
		<value condition="Control.HasFocus(3205) + Skin.HasSetting(Widget5_Display_Posters) + String.IsEqual(ListItem.DBType,episode) + !String.IsEmpty(ListItem.Art(tvshow.poster1))">tvshow.poster</value>
		<value condition="Control.HasFocus(3205) + Skin.HasSetting(Widget5_Display_Fanart) + String.IsEqual(ListItem.DBType,episode) + !String.IsEmpty(ListItem.Art(tvshow.fanart1))">tvshow.fanart</value>
		<value condition="Control.HasFocus(3205) + Skin.HasSetting(Widget5_Display_Square) + String.IsEqual(ListItem.DBType,episode) + !String.IsEmpty(ListItem.Art(tvshow.square1))">tvshow.square</value>
		<value condition="Control.HasFocus(3206) + Skin.HasSetting(Widget6_Display_Posters) + String.IsEqual(ListItem.DBType,episode) + $EXP[Prefer_Keyart] + !String.IsEmpty(ListItem.Art(tvshow.keyart1))">tvshow.keyart</value>
		<value condition="Control.HasFocus(3206) + Skin.HasSetting(Widget6_Display_Posters) + String.IsEqual(ListItem.DBType,episode) + !String.IsEmpty(ListItem.Art(tvshow.poster1))">tvshow.poster</value>
		<value condition="Control.HasFocus(3206) + Skin.HasSetting(Widget6_Display_Fanart) + String.IsEqual(ListItem.DBType,episode) + !String.IsEmpty(ListItem.Art(tvshow.fanart1))">tvshow.fanart</value>
		<value condition="Control.HasFocus(3206) + Skin.HasSetting(Widget6_Display_Square) + String.IsEqual(ListItem.DBType,episode) + !String.IsEmpty(ListItem.Art(tvshow.square1))">tvshow.square</value>
		<value condition="Control.HasFocus(3207) + Skin.HasSetting(Widget7_Display_Posters) + String.IsEqual(ListItem.DBType,episode) + $EXP[Prefer_Keyart] + !String.IsEmpty(ListItem.Art(tvshow.keyart1))">tvshow.keyart</value>
		<value condition="Control.HasFocus(3207) + Skin.HasSetting(Widget7_Display_Posters) + String.IsEqual(ListItem.DBType,episode) + !String.IsEmpty(ListItem.Art(tvshow.poster1))">tvshow.poster</value>
		<value condition="Control.HasFocus(3207) + Skin.HasSetting(Widget7_Display_Fanart) + String.IsEqual(ListItem.DBType,episode) + !String.IsEmpty(ListItem.Art(tvshow.fanart1))">tvshow.fanart</value>
		<value condition="Control.HasFocus(3207) + Skin.HasSetting(Widget7_Display_Square) + String.IsEqual(ListItem.DBType,episode) + !String.IsEmpty(ListItem.Art(tvshow.square1))">tvshow.square</value>
		<value condition="Control.HasFocus(3208) + Skin.HasSetting(Widget8_Display_Posters) + String.IsEqual(ListItem.DBType,episode) + $EXP[Prefer_Keyart] + !String.IsEmpty(ListItem.Art(tvshow.keyart1))">tvshow.keyart</value>
		<value condition="Control.HasFocus(3208) + Skin.HasSetting(Widget8_Display_Posters) + String.IsEqual(ListItem.DBType,episode) + !String.IsEmpty(ListItem.Art(tvshow.poster1))">tvshow.poster</value>
		<value condition="Control.HasFocus(3208) + Skin.HasSetting(Widget8_Display_Fanart) + String.IsEqual(ListItem.DBType,episode) + !String.IsEmpty(ListItem.Art(tvshow.fanart1))">tvshow.fanart</value>
		<value condition="Control.HasFocus(3208) + Skin.HasSetting(Widget8_Display_Square) + String.IsEqual(ListItem.DBType,episode) + !String.IsEmpty(ListItem.Art(tvshow.square1))">tvshow.square</value>
		<value condition="Control.HasFocus(3209) + Skin.HasSetting(Widget9_Display_Posters) + String.IsEqual(ListItem.DBType,episode) + $EXP[Prefer_Keyart] + !String.IsEmpty(ListItem.Art(tvshow.keyart1))">tvshow.keyart</value>
		<value condition="Control.HasFocus(3209) + Skin.HasSetting(Widget9_Display_Posters) + String.IsEqual(ListItem.DBType,episode) + !String.IsEmpty(ListItem.Art(tvshow.poster1))">tvshow.poster</value>
		<value condition="Control.HasFocus(3209) + Skin.HasSetting(Widget9_Display_Fanart) + String.IsEqual(ListItem.DBType,episode) + !String.IsEmpty(ListItem.Art(tvshow.fanart1))">tvshow.fanart</value>
		<value condition="Control.HasFocus(3209) + Skin.HasSetting(Widget9_Display_Square) + String.IsEqual(ListItem.DBType,episode) + !String.IsEmpty(ListItem.Art(tvshow.square1))">tvshow.square</value>
	  <value condition="!Window.IsActive(home) + [String.IsEqual(ListItem.DBType,episode) | String.IsEqual(ListItem.DBType,album) | String.IsEqual(ListItem.DBType,song)] + !String.IsEmpty(ListItem.Art(thumb1))">thumb</value>
		<value condition="$EXP[ListView_Display_IsThumbnails] + String.IsEqual(ListItem.DBType,artist) + !String.IsEmpty(ListItem.Art(thumb1))">thumb</value>
	  <value condition="$EXP[ListView_Display_IsThumbnails] + $EXP[Prefer_Keyart] + !String.IsEmpty(ListItem.Art(keyart1))">keyart</value>
	  <value condition="$EXP[ListView_Display_IsThumbnails] + !String.IsEmpty(ListItem.Art(poster1))">poster</value>
	  <value condition="![String.Contains(ListItem.Path,themoviedb.helper) + !Window.Is(home)] + [$EXP[ListView_Display_IsBackground] | $EXP[BillboardView_IsVisible]] + !String.IsEmpty(ListItem.Art(fanart1))">fanart</value>
	  <value condition="$EXP[ShowcaseView_Display_IsPosters] + $EXP[ShowcaseView_Details_Overlay_IsVisible] + !String.IsEmpty(ListItem.Art(keyart1))">keyart</value>
	  <value condition="$EXP[ShowcaseView_Display_IsPosters] + $EXP[ShowcaseView_Details_Logo_IsOn] + !String.IsEmpty(ListItem.Art(clearlogo)) + !String.IsEmpty(ListItem.Art(keyart1))">keyart</value>
	  <value condition="$EXP[ShowcaseView_Display_IsPosters] + $EXP[Prefer_Keyart] + !String.IsEmpty(ListItem.Art(keyart1))">keyart</value>
	  <value condition="$EXP[ShowcaseView_Display_IsPosters] + !String.IsEmpty(ListItem.Art(poster1))">poster</value>
	  <value condition="$EXP[ShowcaseView_Display_IsSquare] + String.IsEqual(ListItem.DBType,artist) + !String.IsEmpty(ListItem.Art(thumb1))">thumb</value>
	  <value condition="$EXP[ShowcaseView_Display_IsSquare] + !String.IsEmpty(ListItem.Art(square1))">square</value>
	  <value condition="$EXP[StripView_Display_IsPosters] + $EXP[Prefer_Keyart] + !String.IsEmpty(ListItem.Art(keyart1))">keyart</value>
	  <value condition="$EXP[StripView_Display_IsPosters] + !String.IsEmpty(ListItem.Art(poster1))">poster</value>
	  <value condition="![String.Contains(ListItem.Path,themoviedb.helper) + !Window.Is(home)] + $EXP[StripView_Display_IsFanart] + !String.IsEmpty(ListItem.Art(fanart1))">fanart</value>
	  <value condition="$EXP[StripView_Display_IsSquare] + String.IsEqual(ListItem.DBType,artist) + !String.IsEmpty(ListItem.Art(thumb1))">thumb</value>
	  <value condition="$EXP[StripView_Display_IsSquare] + !String.IsEmpty(ListItem.Art(square1))">square</value>
	  <value condition="$EXP[GridView_Display_IsPosters] + $EXP[Prefer_Keyart] + !String.IsEmpty(ListItem.Art(keyart1))">keyart</value>
	  <value condition="$EXP[GridView_Display_IsPosters] + $EXP[GridView_Details_On] + !String.IsEmpty(ListItem.Art(keyart1))">keyart</value>
	  <value condition="$EXP[GridView_Display_IsPosters] + !String.IsEmpty(ListItem.Art(poster1))">poster</value>
	  <value condition="![String.Contains(ListItem.Path,themoviedb.helper) + !Window.Is(home)] + $EXP[GridView_Display_IsFanart] + !String.IsEmpty(ListItem.Art(fanart1))">fanart</value>
	  <value condition="$EXP[GridView_Display_IsSquare] + String.IsEqual(ListItem.DBType,artist) + !String.IsEmpty(ListItem.Art(thumb1))">thumb</value>
	  <value condition="$EXP[GridView_Display_IsSquare] + !String.IsEmpty(ListItem.Art(square1))">square</value>
	  <value>flags/blank.png</value>
	</variable>

	<variable name="Multiart(-3)Content">
		<value/>
	</variable>

	<variable name="Multiart(-2)Content">
		<value/>
	</variable>

	<variable name="Multiart(-1)Content">
		<!-- Home widget exceptions -->
		<value condition="Control.HasFocus(3201) + Skin.HasSetting(Widget1_Display_Posters) + String.IsEqual(ListItem(-1).DBType,episode) + $EXP[Prefer_Keyart] + !String.IsEmpty(ListItem(-1).Art(tvshow.keyart1))">$INFO[Control.GetLabel(3400)]</value>
		<value condition="Control.HasFocus(3201) + Skin.HasSetting(Widget1_Display_Posters) + String.IsEqual(ListItem(-1).DBType,episode) + !String.IsEmpty(ListItem(-1).Art(tvshow.poster1))">$INFO[Control.GetLabel(3400)]</value>
		<value condition="Control.HasFocus(3201) + Skin.HasSetting(Widget1_Display_Fanart) + String.IsEqual(ListItem(-1).DBType,episode) + !String.IsEmpty(ListItem(-1).Art(tvshow.fanart1))">$INFO[Control.GetLabel(3400)]</value>
		<value condition="Control.HasFocus(3201) + Skin.HasSetting(Widget1_Display_Square) + String.IsEqual(ListItem(-1).DBType,episode) + !String.IsEmpty(ListItem(-1).Art(tvshow.square1))">$INFO[Control.GetLabel(3400)]</value>
		<value condition="Control.HasFocus(3202) + Skin.HasSetting(Widget2_Display_Posters) + String.IsEqual(ListItem(-1).DBType,episode) + $EXP[Prefer_Keyart] + !String.IsEmpty(ListItem(-1).Art(tvshow.keyart1))">$INFO[Control.GetLabel(3400)]</value>
		<value condition="Control.HasFocus(3202) + Skin.HasSetting(Widget2_Display_Posters) + String.IsEqual(ListItem(-1).DBType,episode) + !String.IsEmpty(ListItem(-1).Art(tvshow.poster1))">$INFO[Control.GetLabel(3400)]</value>
		<value condition="Control.HasFocus(3202) + Skin.HasSetting(Widget2_Display_Fanart) + String.IsEqual(ListItem(-1).DBType,episode) + !String.IsEmpty(ListItem(-1).Art(tvshow.fanart1))">$INFO[Control.GetLabel(3400)]</value>
		<value condition="Control.HasFocus(3202) + Skin.HasSetting(Widget2_Display_Square) + String.IsEqual(ListItem(-1).DBType,episode) + !String.IsEmpty(ListItem(-1).Art(tvshow.square1))">$INFO[Control.GetLabel(3400)]</value>
		<value condition="Control.HasFocus(3203) + Skin.HasSetting(Widget3_Display_Posters) + String.IsEqual(ListItem(-1).DBType,episode) + $EXP[Prefer_Keyart] + !String.IsEmpty(ListItem(-1).Art(tvshow.keyart1))">$INFO[Control.GetLabel(3400)]</value>
		<value condition="Control.HasFocus(3203) + Skin.HasSetting(Widget3_Display_Posters) + String.IsEqual(ListItem(-1).DBType,episode) + !String.IsEmpty(ListItem(-1).Art(tvshow.poster1))">$INFO[Control.GetLabel(3400)]</value>
		<value condition="Control.HasFocus(3203) + Skin.HasSetting(Widget3_Display_Fanart) + String.IsEqual(ListItem(-1).DBType,episode) + !String.IsEmpty(ListItem(-1).Art(tvshow.fanart1))">$INFO[Control.GetLabel(3400)]</value>
		<value condition="Control.HasFocus(3203) + Skin.HasSetting(Widget3_Display_Square) + String.IsEqual(ListItem(-1).DBType,episode) + !String.IsEmpty(ListItem(-1).Art(tvshow.square1))">$INFO[Control.GetLabel(3400)]</value>
		<value condition="Control.HasFocus(3204) + Skin.HasSetting(Widget4_Display_Posters) + String.IsEqual(ListItem(-1).DBType,episode) + $EXP[Prefer_Keyart] + !String.IsEmpty(ListItem(-1).Art(tvshow.keyart1))">$INFO[Control.GetLabel(3400)]</value>
		<value condition="Control.HasFocus(3204) + Skin.HasSetting(Widget4_Display_Posters) + String.IsEqual(ListItem(-1).DBType,episode) + !String.IsEmpty(ListItem(-1).Art(tvshow.poster1))">$INFO[Control.GetLabel(3400)]</value>
		<value condition="Control.HasFocus(3204) + Skin.HasSetting(Widget4_Display_Fanart) + String.IsEqual(ListItem(-1).DBType,episode) + !String.IsEmpty(ListItem(-1).Art(tvshow.fanart1))">$INFO[Control.GetLabel(3400)]</value>
		<value condition="Control.HasFocus(3204) + Skin.HasSetting(Widget4_Display_Square) + String.IsEqual(ListItem(-1).DBType,episode) + !String.IsEmpty(ListItem(-1).Art(tvshow.square1))">$INFO[Control.GetLabel(3400)]</value>
		<value condition="Control.HasFocus(3205) + Skin.HasSetting(Widget5_Display_Posters) + String.IsEqual(ListItem(-1).DBType,episode) + $EXP[Prefer_Keyart] + !String.IsEmpty(ListItem(-1).Art(tvshow.keyart1))">$INFO[Control.GetLabel(3400)]</value>
		<value condition="Control.HasFocus(3205) + Skin.HasSetting(Widget5_Display_Posters) + String.IsEqual(ListItem(-1).DBType,episode) + !String.IsEmpty(ListItem(-1).Art(tvshow.poster1))">$INFO[Control.GetLabel(3400)]</value>
		<value condition="Control.HasFocus(3205) + Skin.HasSetting(Widget5_Display_Fanart) + String.IsEqual(ListItem(-1).DBType,episode) + !String.IsEmpty(ListItem(-1).Art(tvshow.fanart1))">$INFO[Control.GetLabel(3400)]</value>
		<value condition="Control.HasFocus(3205) + Skin.HasSetting(Widget5_Display_Square) + String.IsEqual(ListItem(-1).DBType,episode) + !String.IsEmpty(ListItem(-1).Art(tvshow.square1))">$INFO[Control.GetLabel(3400)]</value>
		<value condition="Control.HasFocus(3206) + Skin.HasSetting(Widget6_Display_Posters) + String.IsEqual(ListItem(-1).DBType,episode) + $EXP[Prefer_Keyart] + !String.IsEmpty(ListItem(-1).Art(tvshow.keyart1))">$INFO[Control.GetLabel(3400)]</value>
		<value condition="Control.HasFocus(3206) + Skin.HasSetting(Widget6_Display_Posters) + String.IsEqual(ListItem(-1).DBType,episode) + !String.IsEmpty(ListItem(-1).Art(tvshow.poster1))">$INFO[Control.GetLabel(3400)]</value>
		<value condition="Control.HasFocus(3206) + Skin.HasSetting(Widget6_Display_Fanart) + String.IsEqual(ListItem(-1).DBType,episode) + !String.IsEmpty(ListItem(-1).Art(tvshow.fanart1))">$INFO[Control.GetLabel(3400)]</value>
		<value condition="Control.HasFocus(3206) + Skin.HasSetting(Widget6_Display_Square) + String.IsEqual(ListItem(-1).DBType,episode) + !String.IsEmpty(ListItem(-1).Art(tvshow.square1))">$INFO[Control.GetLabel(3400)]</value>
		<value condition="Control.HasFocus(3207) + Skin.HasSetting(Widget7_Display_Posters) + String.IsEqual(ListItem(-1).DBType,episode) + $EXP[Prefer_Keyart] + !String.IsEmpty(ListItem(-1).Art(tvshow.keyart1))">$INFO[Control.GetLabel(3400)]</value>
		<value condition="Control.HasFocus(3207) + Skin.HasSetting(Widget7_Display_Posters) + String.IsEqual(ListItem(-1).DBType,episode) + !String.IsEmpty(ListItem(-1).Art(tvshow.poster1))">$INFO[Control.GetLabel(3400)]</value>
		<value condition="Control.HasFocus(3207) + Skin.HasSetting(Widget7_Display_Fanart) + String.IsEqual(ListItem(-1).DBType,episode) + !String.IsEmpty(ListItem(-1).Art(tvshow.fanart1))">$INFO[Control.GetLabel(3400)]</value>
		<value condition="Control.HasFocus(3207) + Skin.HasSetting(Widget7_Display_Square) + String.IsEqual(ListItem(-1).DBType,episode) + !String.IsEmpty(ListItem(-1).Art(tvshow.square1))">$INFO[Control.GetLabel(3400)]</value>
		<value condition="Control.HasFocus(3208) + Skin.HasSetting(Widget8_Display_Posters) + String.IsEqual(ListItem(-1).DBType,episode) + $EXP[Prefer_Keyart] + !String.IsEmpty(ListItem(-1).Art(tvshow.keyart1))">$INFO[Control.GetLabel(3400)]</value>
		<value condition="Control.HasFocus(3208) + Skin.HasSetting(Widget8_Display_Posters) + String.IsEqual(ListItem(-1).DBType,episode) + !String.IsEmpty(ListItem(-1).Art(tvshow.poster1))">$INFO[Control.GetLabel(3400)]</value>
		<value condition="Control.HasFocus(3208) + Skin.HasSetting(Widget8_Display_Fanart) + String.IsEqual(ListItem(-1).DBType,episode) + !String.IsEmpty(ListItem(-1).Art(tvshow.fanart1))">$INFO[Control.GetLabel(3400)]</value>
		<value condition="Control.HasFocus(3208) + Skin.HasSetting(Widget8_Display_Square) + String.IsEqual(ListItem(-1).DBType,episode) + !String.IsEmpty(ListItem(-1).Art(tvshow.square1))">$INFO[Control.GetLabel(3400)]</value>
		<value condition="Control.HasFocus(3209) + Skin.HasSetting(Widget9_Display_Posters) + String.IsEqual(ListItem(-1).DBType,episode) + $EXP[Prefer_Keyart] + !String.IsEmpty(ListItem(-1).Art(tvshow.keyart1))">$INFO[Control.GetLabel(3400)]</value>
		<value condition="Control.HasFocus(3209) + Skin.HasSetting(Widget9_Display_Posters) + String.IsEqual(ListItem(-1).DBType,episode) + !String.IsEmpty(ListItem(-1).Art(tvshow.poster1))">$INFO[Control.GetLabel(3400)]</value>
		<value condition="Control.HasFocus(3209) + Skin.HasSetting(Widget9_Display_Fanart) + String.IsEqual(ListItem(-1).DBType,episode) + !String.IsEmpty(ListItem(-1).Art(tvshow.fanart1))">$INFO[Control.GetLabel(3400)]</value>
		<value condition="Control.HasFocus(3209) + Skin.HasSetting(Widget9_Display_Square) + String.IsEqual(ListItem(-1).DBType,episode) + !String.IsEmpty(ListItem(-1).Art(tvshow.square1))">$INFO[Control.GetLabel(3400)]</value>
		<!-- Standard -->
		<value condition="!Window.IsActive(home) + [String.IsEqual(ListItem(-1).DBType,episode) | String.IsEqual(ListItem(-1).DBType,album) | String.IsEqual(ListItem(-1).DBType,song)] + !String.IsEmpty(ListItem(-1).Art(thumb1))">$INFO[Control.GetLabel(3400)]</value>
	  <value condition="$EXP[ListView_Display_IsThumbnails] + String.IsEqual(ListItem(-1).DBType,artist) + !String.IsEmpty(ListItem(-1).Art(thumb1))">$INFO[Control.GetLabel(3400)]</value>
	  <value condition="$EXP[ListView_Display_IsThumbnails] + $EXP[Prefer_Keyart] + !String.IsEmpty(ListItem(-1).Art(keyart1))">$INFO[Control.GetLabel(3400)]</value>
	  <value condition="$EXP[ListView_Display_IsThumbnails] + !String.IsEmpty(ListItem(-1).Art(poster1))">$INFO[Control.GetLabel(3400)]</value>
	  <value condition="![String.Contains(ListItem.Path,themoviedb.helper) + !Window.Is(home)] + [$EXP[ListView_Display_IsBackground] | $EXP[BillboardView_IsVisible]] + !String.IsEmpty(ListItem(-1).Art(fanart1))">$INFO[Control.GetLabel(3400)]</value>
	  <value condition="$EXP[ShowcaseView_Display_IsPosters] + $EXP[ShowcaseView_Details_Overlay_IsVisible] + !String.IsEmpty(ListItem(-1).Art(keyart1))">$INFO[Control.GetLabel(3400)]</value>
	  <value condition="$EXP[ShowcaseView_Display_IsPosters] + $EXP[ShowcaseView_Details_Logo_IsOn] + !String.IsEmpty(ListItem(-1).Art(clearlogo)) + !String.IsEmpty(ListItem(-1).Art(keyart1))">$INFO[Control.GetLabel(3400)]</value>
	  <value condition="$EXP[ShowcaseView_Display_IsPosters] + $EXP[Prefer_Keyart] + !String.IsEmpty(ListItem(-1).Art(keyart1))">$INFO[Control.GetLabel(3400)]</value>
	  <value condition="$EXP[ShowcaseView_Display_IsPosters] + !String.IsEmpty(ListItem(-1).Art(poster1))">$INFO[Control.GetLabel(3400)]</value>
	  <value condition="$EXP[ShowcaseView_Display_IsSquare] + String.IsEqual(ListItem(-1).DBType,artist) + !String.IsEmpty(ListItem(-1).Art(thumb1))">$INFO[Control.GetLabel(3400)]</value>
	  <value condition="$EXP[ShowcaseView_Display_IsSquare] + !String.IsEmpty(ListItem(-1).Art(square1))">$INFO[Control.GetLabel(3400)]</value>
	  <value condition="$EXP[StripView_Display_IsPosters] + $EXP[Prefer_Keyart] + !String.IsEmpty(ListItem(-1).Art(keyart1))">$INFO[Control.GetLabel(3400)]</value>
	  <value condition="$EXP[StripView_Display_IsPosters] + !String.IsEmpty(ListItem(-1).Art(poster1))">$INFO[Control.GetLabel(3400)]</value>
	  <value condition="![String.Contains(ListItem.Path,themoviedb.helper) + !Window.Is(home)] + $EXP[StripView_Display_IsFanart] + !String.IsEmpty(ListItem(-1).Art(fanart1))">$INFO[Control.GetLabel(3400)]</value>
	  <value condition="$EXP[StripView_Display_IsSquare] + String.IsEqual(ListItem(-1).DBType,artist) + !String.IsEmpty(ListItem(-1).Art(thumb1))">$INFO[Control.GetLabel(3400)]</value>
	  <value condition="$EXP[StripView_Display_IsSquare] + !String.IsEmpty(ListItem(-1).Art(square1))">$INFO[Control.GetLabel(3400)]</value>
		<value condition="$EXP[GridView_Display_IsPosters] + $EXP[Prefer_Keyart] + !String.IsEmpty(ListItem(-1).Art(keyart1))">$INFO[Control.GetLabel(3400)]</value>
		<value condition="$EXP[GridView_Display_IsPosters] + $EXP[GridView_Details_On] + !String.IsEmpty(ListItem(-1).Art(keyart1))">$INFO[Control.GetLabel(3400)]</value>
		<value condition="$EXP[GridView_Display_IsPosters] + !String.IsEmpty(ListItem(-1).Art(poster1))">$INFO[Control.GetLabel(3400)]</value>
		<value condition="![String.Contains(ListItem.Path,themoviedb.helper) + !Window.Is(home)] + $EXP[GridView_Display_IsFanart] + !String.IsEmpty(ListItem(-1).Art(fanart1))">$INFO[Control.GetLabel(3400)]</value>
		<value condition="$EXP[GridView_Display_IsSquare] + String.IsEqual(ListItem(-1).DBType,artist) + !String.IsEmpty(ListItem(-1).Art(thumb1))">$INFO[Control.GetLabel(3400)]</value>
		<value condition="$EXP[GridView_Display_IsSquare] + !String.IsEmpty(ListItem(-1).Art(square1))">$INFO[Control.GetLabel(3400)]</value>
	</variable>

	<variable name="Multiart(0)Content">
		<!-- Home widget exceptions -->
		<value condition="Control.HasFocus(3201) + Skin.HasSetting(Widget1_Display_Posters) + String.IsEqual(ListItem.DBType,episode) + $EXP[Prefer_Keyart] + !String.IsEmpty(ListItem.Art(tvshow.keyart1))">$INFO[Control.GetLabel(3400)]</value>
		<value condition="Control.HasFocus(3201) + Skin.HasSetting(Widget1_Display_Posters) + String.IsEqual(ListItem.DBType,episode) + !String.IsEmpty(ListItem.Art(tvshow.poster1))">$INFO[Control.GetLabel(3400)]</value>
		<value condition="Control.HasFocus(3201) + Skin.HasSetting(Widget1_Display_Fanart) + String.IsEqual(ListItem.DBType,episode) + !String.IsEmpty(ListItem.Art(tvshow.fanart1))">$INFO[Control.GetLabel(3400)]</value>
		<value condition="Control.HasFocus(3201) + Skin.HasSetting(Widget1_Display_Square) + String.IsEqual(ListItem.DBType,episode) + !String.IsEmpty(ListItem.Art(tvshow.square1))">$INFO[Control.GetLabel(3400)]</value>
		<value condition="Control.HasFocus(3202) + Skin.HasSetting(Widget2_Display_Posters) + String.IsEqual(ListItem.DBType,episode) + $EXP[Prefer_Keyart] + !String.IsEmpty(ListItem.Art(tvshow.keyart1))">$INFO[Control.GetLabel(3400)]</value>
		<value condition="Control.HasFocus(3202) + Skin.HasSetting(Widget2_Display_Posters) + String.IsEqual(ListItem.DBType,episode) + !String.IsEmpty(ListItem.Art(tvshow.poster1))">$INFO[Control.GetLabel(3400)]</value>
		<value condition="Control.HasFocus(3202) + Skin.HasSetting(Widget2_Display_Fanart) + String.IsEqual(ListItem.DBType,episode) + !String.IsEmpty(ListItem.Art(tvshow.fanart1))">$INFO[Control.GetLabel(3400)]</value>
		<value condition="Control.HasFocus(3202) + Skin.HasSetting(Widget2_Display_Square) + String.IsEqual(ListItem.DBType,episode) + !String.IsEmpty(ListItem.Art(tvshow.square1))">$INFO[Control.GetLabel(3400)]</value>
		<value condition="Control.HasFocus(3203) + Skin.HasSetting(Widget3_Display_Posters) + String.IsEqual(ListItem.DBType,episode) + $EXP[Prefer_Keyart] + !String.IsEmpty(ListItem.Art(tvshow.keyart1))">$INFO[Control.GetLabel(3400)]</value>
		<value condition="Control.HasFocus(3203) + Skin.HasSetting(Widget3_Display_Posters) + String.IsEqual(ListItem.DBType,episode) + !String.IsEmpty(ListItem.Art(tvshow.poster1))">$INFO[Control.GetLabel(3400)]</value>
		<value condition="Control.HasFocus(3203) + Skin.HasSetting(Widget3_Display_Fanart) + String.IsEqual(ListItem.DBType,episode) + !String.IsEmpty(ListItem.Art(tvshow.fanart1))">$INFO[Control.GetLabel(3400)]</value>
		<value condition="Control.HasFocus(3203) + Skin.HasSetting(Widget3_Display_Square) + String.IsEqual(ListItem.DBType,episode) + !String.IsEmpty(ListItem.Art(tvshow.square1))">$INFO[Control.GetLabel(3400)]</value>
		<value condition="Control.HasFocus(3204) + Skin.HasSetting(Widget4_Display_Posters) + String.IsEqual(ListItem.DBType,episode) + $EXP[Prefer_Keyart] + !String.IsEmpty(ListItem.Art(tvshow.keyart1))">$INFO[Control.GetLabel(3400)]</value>
		<value condition="Control.HasFocus(3204) + Skin.HasSetting(Widget4_Display_Posters) + String.IsEqual(ListItem.DBType,episode) + !String.IsEmpty(ListItem.Art(tvshow.poster1))">$INFO[Control.GetLabel(3400)]</value>
		<value condition="Control.HasFocus(3204) + Skin.HasSetting(Widget4_Display_Fanart) + String.IsEqual(ListItem.DBType,episode) + !String.IsEmpty(ListItem.Art(tvshow.fanart1))">$INFO[Control.GetLabel(3400)]</value>
		<value condition="Control.HasFocus(3204) + Skin.HasSetting(Widget4_Display_Square) + String.IsEqual(ListItem.DBType,episode) + !String.IsEmpty(ListItem.Art(tvshow.square1))">$INFO[Control.GetLabel(3400)]</value>
		<value condition="Control.HasFocus(3205) + Skin.HasSetting(Widget5_Display_Posters) + String.IsEqual(ListItem.DBType,episode) + $EXP[Prefer_Keyart] + !String.IsEmpty(ListItem.Art(tvshow.keyart1))">$INFO[Control.GetLabel(3400)]</value>
		<value condition="Control.HasFocus(3205) + Skin.HasSetting(Widget5_Display_Posters) + String.IsEqual(ListItem.DBType,episode) + !String.IsEmpty(ListItem.Art(tvshow.poster1))">$INFO[Control.GetLabel(3400)]</value>
		<value condition="Control.HasFocus(3205) + Skin.HasSetting(Widget5_Display_Fanart) + String.IsEqual(ListItem.DBType,episode) + !String.IsEmpty(ListItem.Art(tvshow.fanart1))">$INFO[Control.GetLabel(3400)]</value>
		<value condition="Control.HasFocus(3205) + Skin.HasSetting(Widget5_Display_Square) + String.IsEqual(ListItem.DBType,episode) + !String.IsEmpty(ListItem.Art(tvshow.square1))">$INFO[Control.GetLabel(3400)]</value>
		<value condition="Control.HasFocus(3206) + Skin.HasSetting(Widget6_Display_Posters) + String.IsEqual(ListItem.DBType,episode) + $EXP[Prefer_Keyart] + !String.IsEmpty(ListItem.Art(tvshow.keyart1))">$INFO[Control.GetLabel(3400)]</value>
		<value condition="Control.HasFocus(3206) + Skin.HasSetting(Widget6_Display_Posters) + String.IsEqual(ListItem.DBType,episode) + !String.IsEmpty(ListItem.Art(tvshow.poster1))">$INFO[Control.GetLabel(3400)]</value>
		<value condition="Control.HasFocus(3206) + Skin.HasSetting(Widget6_Display_Fanart) + String.IsEqual(ListItem.DBType,episode) + !String.IsEmpty(ListItem.Art(tvshow.fanart1))">$INFO[Control.GetLabel(3400)]</value>
		<value condition="Control.HasFocus(3206) + Skin.HasSetting(Widget6_Display_Square) + String.IsEqual(ListItem.DBType,episode) + !String.IsEmpty(ListItem.Art(tvshow.square1))">$INFO[Control.GetLabel(3400)]</value>
		<value condition="Control.HasFocus(3207) + Skin.HasSetting(Widget7_Display_Posters) + String.IsEqual(ListItem.DBType,episode) + $EXP[Prefer_Keyart] + !String.IsEmpty(ListItem.Art(tvshow.keyart1))">$INFO[Control.GetLabel(3400)]</value>
		<value condition="Control.HasFocus(3207) + Skin.HasSetting(Widget7_Display_Posters) + String.IsEqual(ListItem.DBType,episode) + !String.IsEmpty(ListItem.Art(tvshow.poster1))">$INFO[Control.GetLabel(3400)]</value>
		<value condition="Control.HasFocus(3207) + Skin.HasSetting(Widget7_Display_Fanart) + String.IsEqual(ListItem.DBType,episode) + !String.IsEmpty(ListItem.Art(tvshow.fanart1))">$INFO[Control.GetLabel(3400)]</value>
		<value condition="Control.HasFocus(3207) + Skin.HasSetting(Widget7_Display_Square) + String.IsEqual(ListItem.DBType,episode) + !String.IsEmpty(ListItem.Art(tvshow.square1))">$INFO[Control.GetLabel(3400)]</value>
		<value condition="Control.HasFocus(3208) + Skin.HasSetting(Widget8_Display_Posters) + String.IsEqual(ListItem.DBType,episode) + $EXP[Prefer_Keyart] + !String.IsEmpty(ListItem.Art(tvshow.keyart1))">$INFO[Control.GetLabel(3400)]</value>
		<value condition="Control.HasFocus(3208) + Skin.HasSetting(Widget8_Display_Posters) + String.IsEqual(ListItem.DBType,episode) + !String.IsEmpty(ListItem.Art(tvshow.poster1))">$INFO[Control.GetLabel(3400)]</value>
		<value condition="Control.HasFocus(3208) + Skin.HasSetting(Widget8_Display_Fanart) + String.IsEqual(ListItem.DBType,episode) + !String.IsEmpty(ListItem.Art(tvshow.fanart1))">$INFO[Control.GetLabel(3400)]</value>
		<value condition="Control.HasFocus(3208) + Skin.HasSetting(Widget8_Display_Square) + String.IsEqual(ListItem.DBType,episode) + !String.IsEmpty(ListItem.Art(tvshow.square1))">$INFO[Control.GetLabel(3400)]</value>
		<value condition="Control.HasFocus(3209) + Skin.HasSetting(Widget9_Display_Posters) + String.IsEqual(ListItem.DBType,episode) + $EXP[Prefer_Keyart] + !String.IsEmpty(ListItem.Art(tvshow.keyart1))">$INFO[Control.GetLabel(3400)]</value>
		<value condition="Control.HasFocus(3209) + Skin.HasSetting(Widget9_Display_Posters) + String.IsEqual(ListItem.DBType,episode) + !String.IsEmpty(ListItem.Art(tvshow.poster1))">$INFO[Control.GetLabel(3400)]</value>
		<value condition="Control.HasFocus(3209) + Skin.HasSetting(Widget9_Display_Fanart) + String.IsEqual(ListItem.DBType,episode) + !String.IsEmpty(ListItem.Art(tvshow.fanart1))">$INFO[Control.GetLabel(3400)]</value>
		<value condition="Control.HasFocus(3209) + Skin.HasSetting(Widget9_Display_Square) + String.IsEqual(ListItem.DBType,episode) + !String.IsEmpty(ListItem.Art(tvshow.square1))">$INFO[Control.GetLabel(3400)]</value>
		<!-- Standard -->
	  <value condition="!Window.IsActive(home) + [String.IsEqual(ListItem.DBType,episode) | String.IsEqual(ListItem.DBType,album) | String.IsEqual(ListItem.DBType,song)] + !String.IsEmpty(ListItem.Art(thumb1))">$INFO[Control.GetLabel(3400)]</value>
	  <value condition="$EXP[ListView_Display_IsThumbnails] + String.IsEqual(ListItem.DBType,artist) + !String.IsEmpty(ListItem.Art(thumb1))">$INFO[Control.GetLabel(3400)]</value>
	  <value condition="![String.Contains(ListItem.Path,themoviedb.helper) + !Window.Is(home)] + $EXP[ListView_Display_IsThumbnails] + String.IsEqual(ListItem.DBType,artist) + !String.IsEmpty(ListItem.Art(fanart1))">$INFO[Control.GetLabel(3400)]</value>
	  <value condition="$EXP[ListView_Display_IsThumbnails] + $EXP[Prefer_Keyart] + !String.IsEmpty(ListItem.Art(keyart1))">$INFO[Control.GetLabel(3400)]</value>
	  <value condition="$EXP[ListView_Display_IsThumbnails] + !String.IsEmpty(ListItem.Art(poster1))">$INFO[Control.GetLabel(3400)]</value>
	  <value condition="![String.Contains(ListItem.Path,themoviedb.helper) + !Window.Is(home)] + [$EXP[ListView_Display_IsBackground] | $EXP[BillboardView_IsVisible]] + !String.IsEmpty(ListItem.Art(fanart1))">$INFO[Control.GetLabel(3400)]</value>
	  <value condition="$EXP[ShowcaseView_Display_IsPosters] + $EXP[ShowcaseView_Details_Overlay_IsVisible] + !String.IsEmpty(ListItem.Art(keyart1))">$INFO[Control.GetLabel(3400)]</value>
	  <value condition="$EXP[ShowcaseView_Display_IsPosters] + $EXP[ShowcaseView_Details_Logo_IsOn] + !String.IsEmpty(ListItem.Art(clearlogo)) + !String.IsEmpty(ListItem.Art(keyart1))">$INFO[Control.GetLabel(3400)]</value>
	  <value condition="$EXP[ShowcaseView_Display_IsPosters] + $EXP[Prefer_Keyart] + !String.IsEmpty(ListItem.Art(keyart1))">$INFO[Control.GetLabel(3400)]</value>
	  <value condition="$EXP[ShowcaseView_Display_IsPosters] + !String.IsEmpty(ListItem.Art(poster1))">$INFO[Control.GetLabel(3400)]</value>
	  <value condition="$EXP[ShowcaseView_Display_IsSquare] + String.IsEqual(ListItem.DBType,artist) + !String.IsEmpty(ListItem.Art(thumb1))">$INFO[Control.GetLabel(3400)]</value>
	  <value condition="$EXP[ShowcaseView_Display_IsSquare] + !String.IsEmpty(ListItem.Art(square1))">$INFO[Control.GetLabel(3400)]</value>
	  <value condition="$EXP[StripView_Display_IsPosters] + $EXP[Prefer_Keyart] + !String.IsEmpty(ListItem.Art(keyart1))">$INFO[Control.GetLabel(3400)]</value>
	  <value condition="$EXP[StripView_Display_IsPosters] + !String.IsEmpty(ListItem.Art(poster1))">$INFO[Control.GetLabel(3400)]</value>
	  <value condition="![String.Contains(ListItem.Path,themoviedb.helper) + !Window.Is(home)] + $EXP[StripView_Display_IsFanart] + !String.IsEmpty(ListItem.Art(fanart1))">$INFO[Control.GetLabel(3400)]</value>
	  <value condition="$EXP[StripView_Display_IsSquare] + String.IsEqual(ListItem.DBType,artist) + !String.IsEmpty(ListItem.Art(thumb1))">$INFO[Control.GetLabel(3400)]</value>
	  <value condition="$EXP[StripView_Display_IsSquare] + !String.IsEmpty(ListItem.Art(square1))">$INFO[Control.GetLabel(3400)]</value>
	  <value condition="$EXP[GridView_Display_IsPosters] + $EXP[Prefer_Keyart] + !String.IsEmpty(ListItem.Art(keyart1))">$INFO[Control.GetLabel(3400)]</value>
	  <value condition="$EXP[GridView_Display_IsPosters] + $EXP[GridView_Details_On] + !String.IsEmpty(ListItem.Art(keyart1))">$INFO[Control.GetLabel(3400)]</value>
	  <value condition="$EXP[GridView_Display_IsPosters] + !String.IsEmpty(ListItem.Art(poster1))">$INFO[Control.GetLabel(3400)]</value>
	  <value condition="![String.Contains(ListItem.Path,themoviedb.helper) + !Window.Is(home)] + $EXP[GridView_Display_IsFanart] + !String.IsEmpty(ListItem.Art(fanart1))">$INFO[Control.GetLabel(3400)]</value>
	  <value condition="$EXP[GridView_Display_IsSquare] + String.IsEqual(ListItem.DBType,artist) + !String.IsEmpty(ListItem.Art(thumb1))">$INFO[Control.GetLabel(3400)]</value>
	  <value condition="$EXP[GridView_Display_IsSquare] + !String.IsEmpty(ListItem.Art(square1))">$INFO[Control.GetLabel(3400)]</value>
	  <value>flags/blank.png</value>
	</variable>

	<variable name="Multiart(1)Content">
		<!-- Home widget exceptions -->
		<value condition="Control.HasFocus(3201) + Skin.HasSetting(Widget1_Display_Posters) + String.IsEqual(ListItem(1).DBType,episode) + $EXP[Prefer_Keyart] + !String.IsEmpty(ListItem(1).Art(tvshow.keyart1))">$INFO[Control.GetLabel(3400)]</value>
		<value condition="Control.HasFocus(3201) + Skin.HasSetting(Widget1_Display_Posters) + String.IsEqual(ListItem(1).DBType,episode) + !String.IsEmpty(ListItem(1).Art(tvshow.poster1))">$INFO[Control.GetLabel(3400)]</value>
		<value condition="Control.HasFocus(3201) + Skin.HasSetting(Widget1_Display_Fanart) + String.IsEqual(ListItem(1).DBType,episode) + !String.IsEmpty(ListItem(1).Art(tvshow.fanart1))">$INFO[Control.GetLabel(3400)]</value>
		<value condition="Control.HasFocus(3201) + Skin.HasSetting(Widget1_Display_Square) + String.IsEqual(ListItem(1).DBType,episode) + !String.IsEmpty(ListItem(1).Art(tvshow.square1))">$INFO[Control.GetLabel(3400)]</value>
		<value condition="Control.HasFocus(3202) + Skin.HasSetting(Widget2_Display_Posters) + String.IsEqual(ListItem(1).DBType,episode) + $EXP[Prefer_Keyart] + !String.IsEmpty(ListItem(1).Art(tvshow.keyart1))">$INFO[Control.GetLabel(3400)]</value>
		<value condition="Control.HasFocus(3202) + Skin.HasSetting(Widget2_Display_Posters) + String.IsEqual(ListItem(1).DBType,episode) + !String.IsEmpty(ListItem(1).Art(tvshow.poster1))">$INFO[Control.GetLabel(3400)]</value>
		<value condition="Control.HasFocus(3202) + Skin.HasSetting(Widget2_Display_Fanart) + String.IsEqual(ListItem(1).DBType,episode) + !String.IsEmpty(ListItem(1).Art(tvshow.fanart1))">$INFO[Control.GetLabel(3400)]</value>
		<value condition="Control.HasFocus(3202) + Skin.HasSetting(Widget2_Display_Square) + String.IsEqual(ListItem(1).DBType,episode) + !String.IsEmpty(ListItem(1).Art(tvshow.square1))">$INFO[Control.GetLabel(3400)]</value>
		<value condition="Control.HasFocus(3203) + Skin.HasSetting(Widget3_Display_Posters) + String.IsEqual(ListItem(1).DBType,episode) + $EXP[Prefer_Keyart] + !String.IsEmpty(ListItem(1).Art(tvshow.keyart1))">$INFO[Control.GetLabel(3400)]</value>
		<value condition="Control.HasFocus(3203) + Skin.HasSetting(Widget3_Display_Posters) + String.IsEqual(ListItem(1).DBType,episode) + !String.IsEmpty(ListItem(1).Art(tvshow.poster1))">$INFO[Control.GetLabel(3400)]</value>
		<value condition="Control.HasFocus(3203) + Skin.HasSetting(Widget3_Display_Fanart) + String.IsEqual(ListItem(1).DBType,episode) + !String.IsEmpty(ListItem(1).Art(tvshow.fanart1))">$INFO[Control.GetLabel(3400)]</value>
		<value condition="Control.HasFocus(3203) + Skin.HasSetting(Widget3_Display_Square) + String.IsEqual(ListItem(1).DBType,episode) + !String.IsEmpty(ListItem(1).Art(tvshow.square1))">$INFO[Control.GetLabel(3400)]</value>
		<value condition="Control.HasFocus(3204) + Skin.HasSetting(Widget4_Display_Posters) + String.IsEqual(ListItem(1).DBType,episode) + $EXP[Prefer_Keyart] + !String.IsEmpty(ListItem(1).Art(tvshow.keyart1))">$INFO[Control.GetLabel(3400)]</value>
		<value condition="Control.HasFocus(3204) + Skin.HasSetting(Widget4_Display_Posters) + String.IsEqual(ListItem(1).DBType,episode) + !String.IsEmpty(ListItem(1).Art(tvshow.poster1))">$INFO[Control.GetLabel(3400)]</value>
		<value condition="Control.HasFocus(3204) + Skin.HasSetting(Widget4_Display_Fanart) + String.IsEqual(ListItem(1).DBType,episode) + !String.IsEmpty(ListItem(1).Art(tvshow.fanart1))">$INFO[Control.GetLabel(3400)]</value>
		<value condition="Control.HasFocus(3204) + Skin.HasSetting(Widget4_Display_Square) + String.IsEqual(ListItem(1).DBType,episode) + !String.IsEmpty(ListItem(1).Art(tvshow.square1))">$INFO[Control.GetLabel(3400)]</value>
		<value condition="Control.HasFocus(3205) + Skin.HasSetting(Widget5_Display_Posters) + String.IsEqual(ListItem(1).DBType,episode) + $EXP[Prefer_Keyart] + !String.IsEmpty(ListItem(1).Art(tvshow.keyart1))">$INFO[Control.GetLabel(3400)]</value>
		<value condition="Control.HasFocus(3205) + Skin.HasSetting(Widget5_Display_Posters) + String.IsEqual(ListItem(1).DBType,episode) + !String.IsEmpty(ListItem(1).Art(tvshow.poster1))">$INFO[Control.GetLabel(3400)]</value>
		<value condition="Control.HasFocus(3205) + Skin.HasSetting(Widget5_Display_Fanart) + String.IsEqual(ListItem(1).DBType,episode) + !String.IsEmpty(ListItem(1).Art(tvshow.fanart1))">$INFO[Control.GetLabel(3400)]</value>
		<value condition="Control.HasFocus(3205) + Skin.HasSetting(Widget5_Display_Square) + String.IsEqual(ListItem(1).DBType,episode) + !String.IsEmpty(ListItem(1).Art(tvshow.square1))">$INFO[Control.GetLabel(3400)]</value>
		<value condition="Control.HasFocus(3206) + Skin.HasSetting(Widget6_Display_Posters) + String.IsEqual(ListItem(1).DBType,episode) + $EXP[Prefer_Keyart] + !String.IsEmpty(ListItem(1).Art(tvshow.keyart1))">$INFO[Control.GetLabel(3400)]</value>
		<value condition="Control.HasFocus(3206) + Skin.HasSetting(Widget6_Display_Posters) + String.IsEqual(ListItem(1).DBType,episode) + !String.IsEmpty(ListItem(1).Art(tvshow.poster1))">$INFO[Control.GetLabel(3400)]</value>
		<value condition="Control.HasFocus(3206) + Skin.HasSetting(Widget6_Display_Fanart) + String.IsEqual(ListItem(1).DBType,episode) + !String.IsEmpty(ListItem(1).Art(tvshow.fanart1))">$INFO[Control.GetLabel(3400)]</value>
		<value condition="Control.HasFocus(3206) + Skin.HasSetting(Widget6_Display_Square) + String.IsEqual(ListItem(1).DBType,episode) + !String.IsEmpty(ListItem(1).Art(tvshow.square1))">$INFO[Control.GetLabel(3400)]</value>
		<value condition="Control.HasFocus(3207) + Skin.HasSetting(Widget7_Display_Posters) + String.IsEqual(ListItem(1).DBType,episode) + $EXP[Prefer_Keyart] + !String.IsEmpty(ListItem(1).Art(tvshow.keyart1))">$INFO[Control.GetLabel(3400)]</value>
		<value condition="Control.HasFocus(3207) + Skin.HasSetting(Widget7_Display_Posters) + String.IsEqual(ListItem(1).DBType,episode) + !String.IsEmpty(ListItem(1).Art(tvshow.poster1))">$INFO[Control.GetLabel(3400)]</value>
		<value condition="Control.HasFocus(3207) + Skin.HasSetting(Widget7_Display_Fanart) + String.IsEqual(ListItem(1).DBType,episode) + !String.IsEmpty(ListItem(1).Art(tvshow.fanart1))">$INFO[Control.GetLabel(3400)]</value>
		<value condition="Control.HasFocus(3207) + Skin.HasSetting(Widget7_Display_Square) + String.IsEqual(ListItem(1).DBType,episode) + !String.IsEmpty(ListItem(1).Art(tvshow.square1))">$INFO[Control.GetLabel(3400)]</value>
		<value condition="Control.HasFocus(3208) + Skin.HasSetting(Widget8_Display_Posters) + String.IsEqual(ListItem(1).DBType,episode) + $EXP[Prefer_Keyart] + !String.IsEmpty(ListItem(1).Art(tvshow.keyart1))">$INFO[Control.GetLabel(3400)]</value>
		<value condition="Control.HasFocus(3208) + Skin.HasSetting(Widget8_Display_Posters) + String.IsEqual(ListItem(1).DBType,episode) + !String.IsEmpty(ListItem(1).Art(tvshow.poster1))">$INFO[Control.GetLabel(3400)]</value>
		<value condition="Control.HasFocus(3208) + Skin.HasSetting(Widget8_Display_Fanart) + String.IsEqual(ListItem(1).DBType,episode) + !String.IsEmpty(ListItem(1).Art(tvshow.fanart1))">$INFO[Control.GetLabel(3400)]</value>
		<value condition="Control.HasFocus(3208) + Skin.HasSetting(Widget8_Display_Square) + String.IsEqual(ListItem(1).DBType,episode) + !String.IsEmpty(ListItem(1).Art(tvshow.square1))">$INFO[Control.GetLabel(3400)]</value>
		<value condition="Control.HasFocus(3209) + Skin.HasSetting(Widget9_Display_Posters) + String.IsEqual(ListItem(1).DBType,episode) + $EXP[Prefer_Keyart] + !String.IsEmpty(ListItem(1).Art(tvshow.keyart1))">$INFO[Control.GetLabel(3400)]</value>
		<value condition="Control.HasFocus(3209) + Skin.HasSetting(Widget9_Display_Posters) + String.IsEqual(ListItem(1).DBType,episode) + !String.IsEmpty(ListItem(1).Art(tvshow.poster1))">$INFO[Control.GetLabel(3400)]</value>
		<value condition="Control.HasFocus(3209) + Skin.HasSetting(Widget9_Display_Fanart) + String.IsEqual(ListItem(1).DBType,episode) + !String.IsEmpty(ListItem(1).Art(tvshow.fanart1))">$INFO[Control.GetLabel(3400)]</value>
		<value condition="Control.HasFocus(3209) + Skin.HasSetting(Widget9_Display_Square) + String.IsEqual(ListItem(1).DBType,episode) + !String.IsEmpty(ListItem(1).Art(tvshow.square1))">$INFO[Control.GetLabel(3400)]</value>
		<!-- Standard -->
		<value condition="!Window.IsActive(home) + [String.IsEqual(ListItem(1).DBType,episode) | String.IsEqual(ListItem(1).DBType,album) | String.IsEqual(ListItem(1).DBType,song)] + !String.IsEmpty(ListItem(1).Art(thumb1))">$INFO[Control.GetLabel(3400)]</value>
	  <value condition="$EXP[ListView_Display_IsThumbnails] + String.IsEqual(ListItem(1).DBType,artist) + !String.IsEmpty(ListItem(1).Art(thumb1))">$INFO[Control.GetLabel(3400)]</value>
	  <value condition="$EXP[ListView_Display_IsThumbnails] + $EXP[Prefer_Keyart] + !String.IsEmpty(ListItem(1).Art(keyart1))">$INFO[Control.GetLabel(3400)]</value>
	  <value condition="$EXP[ListView_Display_IsThumbnails] + !String.IsEmpty(ListItem(1).Art(poster1))">$INFO[Control.GetLabel(3400)]</value>
	  <value condition="![String.Contains(ListItem.Path,themoviedb.helper) + !Window.Is(home)] + [$EXP[ListView_Display_IsBackground] | $EXP[BillboardView_IsVisible]] + !String.IsEmpty(ListItem(1).Art(fanart1))">$INFO[Control.GetLabel(3400)]</value>
	  <value condition="$EXP[ShowcaseView_Display_IsPosters] + $EXP[ShowcaseView_Details_Overlay_IsVisible] + !String.IsEmpty(ListItem(1).Art(keyart1))">$INFO[Control.GetLabel(3400)]</value>
	  <value condition="$EXP[ShowcaseView_Display_IsPosters] + $EXP[ShowcaseView_Details_Logo_IsOn] + !String.IsEmpty(ListItem(1).Art(clearlogo)) + !String.IsEmpty(ListItem(1).Art(keyart1))">$INFO[Control.GetLabel(3400)]</value>
	  <value condition="$EXP[ShowcaseView_Display_IsPosters] + $EXP[Prefer_Keyart] + !String.IsEmpty(ListItem(1).Art(keyart1))">$INFO[Control.GetLabel(3400)]</value>
	  <value condition="$EXP[ShowcaseView_Display_IsPosters] + !String.IsEmpty(ListItem(1).Art(poster1))">$INFO[Control.GetLabel(3400)]</value>
	  <value condition="$EXP[ShowcaseView_Display_IsSquare] + String.IsEqual(ListItem(1).DBType,artist) + !String.IsEmpty(ListItem(1).Art(thumb1))">$INFO[Control.GetLabel(3400)]</value>
	  <value condition="$EXP[ShowcaseView_Display_IsSquare] + !String.IsEmpty(ListItem(1).Art(square1))">$INFO[Control.GetLabel(3400)]</value>
	  <value condition="$EXP[StripView_Display_IsPosters] + $EXP[Prefer_Keyart] + !String.IsEmpty(ListItem(1).Art(keyart1))">$INFO[Control.GetLabel(3400)]</value>
	  <value condition="$EXP[StripView_Display_IsPosters] + !String.IsEmpty(ListItem(1).Art(poster1))">$INFO[Control.GetLabel(3400)]</value>
	  <value condition="![String.Contains(ListItem.Path,themoviedb.helper) + !Window.Is(home)] + $EXP[StripView_Display_IsFanart] + !String.IsEmpty(ListItem(1).Art(fanart1))">$INFO[Control.GetLabel(3400)]</value>
	  <value condition="$EXP[StripView_Display_IsSquare] + String.IsEqual(ListItem(1).DBType,artist) + !String.IsEmpty(ListItem(1).Art(thumb1))">$INFO[Control.GetLabel(3400)]</value>
	  <value condition="$EXP[StripView_Display_IsSquare] + !String.IsEmpty(ListItem(1).Art(square1))">$INFO[Control.GetLabel(3400)]</value>
		<value condition="$EXP[GridView_Display_IsPosters] + $EXP[Prefer_Keyart] + !String.IsEmpty(ListItem(1).Art(keyart1))">$INFO[Control.GetLabel(3400)]</value>
		<value condition="$EXP[GridView_Display_IsPosters] + $EXP[GridView_Details_On] + !String.IsEmpty(ListItem(1).Art(keyart1))">$INFO[Control.GetLabel(3400)]</value>
		<value condition="$EXP[GridView_Display_IsPosters] + !String.IsEmpty(ListItem(1).Art(poster1))">$INFO[Control.GetLabel(3400)]</value>
		<value condition="![String.Contains(ListItem.Path,themoviedb.helper) + !Window.Is(home)] + $EXP[GridView_Display_IsFanart] + !String.IsEmpty(ListItem(1).Art(fanart1))">$INFO[Control.GetLabel(3400)]</value>
		<value condition="$EXP[GridView_Display_IsSquare] + String.IsEqual(ListItem(1).DBType,artist) + !String.IsEmpty(ListItem(1).Art(thumb1))">$INFO[Control.GetLabel(3400)]</value>
		<value condition="$EXP[GridView_Display_IsSquare] + !String.IsEmpty(ListItem(1).Art(square1))">$INFO[Control.GetLabel(3400)]</value>
	</variable>

	<variable name="Multiart(2)Content">
		<value/>
	</variable>

	<variable name="Multiart(3)Content">
		<value/>
	</variable>

	<variable name="Multiart(4)Content">
		<value/>
	</variable>


	<variable name="Multiart(5)Content">
		<value/>
	</variable>
	<variable name="Multiart(6)Content">
		<value/>
	</variable>

</includes>
