<?xml version="1.0" encoding="UTF-8"?>
<includes>

	<include name="StripView_Container">
		<control type="group">
			<visible>$EXP[StripView_IsVisible]</visible>
			<include content="Custom_List">
				<param name="type" value="fixedlist" />
				<param name="visible" value="!Container.Content() + !Container.Content(files) + !Container.Content(songs) + !Container.Content(playlists)" />
				<param name="id" value="504" />
				<param name="viewtype_label" value="Strip" />
				<param name="viewtype" value="wrap" />
				<param name="orientation" value="horizontal" />
			</include>
		</control>
	</include>

	<include name="StripView_Display">
		<param name="id" default="504" />
		<param name="art_icon" default="Thumbnail" />
		<param name="media_view" default="true" />
		<param name="widget_view" default="false" />
		<param name="widget_position" />
		<definition>
			<include content="Viewtype_Display_Template">
				<param name="viewtype_label" value="Strip" />
				<param name="media_view" value="$PARAM[media_view]" />
				<include content="StripView_Art_Posters" condition="$PARAM[media_view]">
					<param name="target_id" value="$PARAM[id]" />
					<param name="art_icon" value="$PARAM[art_icon]" />
				</include>
				<include content="StripView_Art_Fanart" condition="$PARAM[media_view]">
					<param name="target_id" value="$PARAM[id]" />
					<param name="art_icon" value="$PARAM[art_icon]" />
				</include>
				<include content="StripView_Art_Square" condition="$PARAM[media_view]">
					<param name="target_id" value="$PARAM[id]" />
					<param name="art_icon" value="$PARAM[art_icon]" />
				</include>
				<include content="StripView_Art_Posters" condition=" $PARAM[widget_view] + !Skin.HasSetting(Widget$PARAM[widget_position]_Display_Fanart) + !Skin.HasSetting(Widget$PARAM[widget_position]_Display_Square) + !Skin.HasSetting(Widget$PARAM[widget_position]_Content_LatestAlbums) + !Skin.HasSetting(Widget$PARAM[widget_position]_Content_RecentAlbums)">
					<param name="target_id" value="$PARAM[id]" />
					<param name="art_icon" value="$PARAM[art_icon]" />
				</include>
				<include content="StripView_Art_Fanart" condition="$PARAM[widget_view] + Skin.HasSetting(Widget$PARAM[widget_position]_Display_Fanart) + !Skin.HasSetting(Widget$PARAM[widget_position]_Content_LatestAlbums) + !Skin.HasSetting(Widget$PARAM[widget_position]_Content_RecentAlbums)">
					<param name="target_id" value="$PARAM[id]" />
					<param name="art_icon" value="$PARAM[art_icon]" />
				</include>
				<include content="StripView_Art_Square" condition="$PARAM[widget_view] + [Skin.HasSetting(Widget$PARAM[widget_position]_Display_Square) | Skin.HasSetting(Widget$PARAM[widget_position]_Content_LatestAlbums) | Skin.HasSetting(Widget$PARAM[widget_position]_Content_RecentAlbums)]">
					<param name="target_id" value="$PARAM[id]" />
					<param name="art_icon" value="$PARAM[art_icon]" />
				</include>
			</include>
		</definition>
	</include>

	<include name="StripView_Details">
		<param name="id" default="504" />
		<definition>
			<include content="Viewtype_Details_Template">
				<param name="viewtype_label" value="Strip" />
				<include content="Progress" condition="Window.Is(videos) | Window.Is(home) | Window.Is(movieinformation)">
					<param name="id" value="$PARAM[id]" />
					<param name="bottom" value="144" />
					<animation effect="slide" end="0,-30" time="0" condition="$EXP[StripView_Display_IsSquare] | $EXP[StripView_Display_IsFanart]">Conditional</animation>
					<animation effect="slide" end="75,0" time="0" condition="$EXP[StripView_Display_IsSquare] + !$EXP[StripView_Details_Off] + !$EXP[Infoscreen_Widget_HasFocus]">Conditional</animation>
					<animation effect="slide" end="320,0" time="0" condition="$EXP[StripView_Display_IsFanart] + !$EXP[StripView_Details_Off] + !$EXP[Infoscreen_Widget_HasFocus]">Conditional</animation>
				</include>
				<include content="Common_Details" condition="!$EXP[Infoscreen_IsVisible]">
					<param name="viewtype_label" value="Strip" />
					<param name="left" value="60" />
					<param name="width" value="600" />
					<param name="title_maxheight" value="336" />
					<param name="info_height" value="70" />
					<param name="plot_maxheight" value="235" />
				</include>
				<include content="Variable_Title_Label" condition="!Window.Is(home)">
					<param name="visible" value="[!$EXP[Infoscreen_Widget_HasFocus] + $EXP[StripView_Details_Title] + !$EXP[StripView_Details_Logo_IsOn]] | [$EXP[Infoscreen_Widget_HasFocus] + ![String.IsEqual(Container(3202).ListItem.DBType,Season) + Control.HasFocus(3202)]]" />
					<param name="label" value="$VAR[Title_Label]" />
				</include>
			</include>
		</definition>
	</include>

</includes>