<?xml version="1.0" encoding="UTF-8"?>
<includes>

	<include name="Player_Progress">
		<param name="left" />
		<param name="right" />
		<param name="bottom" />
		<param name="height" />
		<param name="progress_id" />
		<param name="left_label" />
		<param name="right_label" />
		<param name="text_color" />
		<param name="include_ranges" default="false" />
		<definition>
			<control type="group">
				<left>$PARAM[left]</left>
				<right>$PARAM[right]</right>
				<bottom>$PARAM[bottom]</bottom>
				<height>$PARAM[height]</height>
				<visible>![VideoPlayer.IsFullscreen + Player.Paused + Skin.HasSetting(Player_Progress_Disabled)]</visible>
				<visible>!$EXP[TransparentDialog_IsVisible]</visible>
				<nested />
				<!-- Cache bar -->
				<control type="progress" id="$PARAM[progress_id]">
					<visible>true</visible>
					<centertop>50%</centertop>
					<left>$PARAM[progress_bar_padding]</left>
					<right>$PARAM[progress_bar_padding]</right>
					<height>6</height>
					<info>Player.ProgressCache</info>
					<texturebg colordiffuse="$VAR[Cachebar_Background_Color]">views/white_100.png</texturebg>
					<midtexture colordiffuse="$VAR[Seekbar_Background_Color]">views/white_100.png</midtexture>
				</control>
				<!-- Seek bar -->
				<control type="progress">
					<visible>Player.HasPerformedSeek(2)</visible>
					<centertop>50%</centertop>
					<left>$PARAM[progress_bar_padding]</left>
					<right>$PARAM[progress_bar_padding]</right>
					<height>6</height>
					<info>Player.SeekBar</info>
					<texturebg colordiffuse="$VAR[Blank_Color]">views/white_100.png</texturebg>
					<midtexture colordiffuse="$VAR[Accent_Color]">views/white_100.png</midtexture>
				</control>
				<!-- Ranges -->
				<include content="Player_Ranges" condition="$PARAM[include_ranges]">
					<param name="left" value="$PARAM[progress_bar_padding]" />
					<param name="right" value="$PARAM[progress_bar_padding]" />
				</include>
				<!-- Progress bar -->
				<control type="progress" id="$PARAM[progress_id]">
					<centertop>50%</centertop>
					<left>$PARAM[progress_bar_padding]</left>
					<right>$PARAM[progress_bar_padding]</right>
					<height>6</height>
					<info>Player.Progress</info>
					<texturebg colordiffuse="$VAR[Blank_Color]">views/white_100.png</texturebg>
					<midtexture colordiffuse="$VAR[Seekbar_Focused_Color]">views/white_100.png</midtexture>
				</control>
				<!-- Left label -->
				<control type="label">
					<height>100%</height>
					<width>100%</width>
					<align>left</align>
					<aligny>center</aligny>
					<label>$PARAM[left_label]</label>
					<font>PVR_Time</font>
					<textcolor>$PARAM[text_color]</textcolor>
				</control>
				<!-- Right label -->
				<control type="label">
					<height>100%</height>
					<width>100%</width>
					<align>right</align>
					<aligny>center</aligny>
					<label>$PARAM[right_label]</label>
					<font>PVR_Time</font>
					<textcolor>$PARAM[text_color]</textcolor>
				</control>
			</control>
		</definition>
	</include>

	<include name="Player_Ranges">
		<control type="ranges">
			<left>$PARAM[left]</left>
			<right>$PARAM[right]</right>
			<centertop>50%</centertop>
			<height>18</height>
			<texturebg colordiffuse="$VAR[Blank_Color]">dialogs/range_chapters_bg.png</texturebg>
			<righttexture colordiffuse="$VAR[Accent_Color]">dialogs/range_chapters_right.png</righttexture>
			<info>Player.Chapters</info>
		</control>
	</include>

	<include name="musicosd_Slider">
		<param name="left" default="180" />
		<param name="width" default="1560" />
		<definition>
			<control type="slider" id="60">
				<visible allowhiddenfocus="true">Control.HasFocus(60) + !VideoPlayer.Content(LiveTV)</visible>
				<bottom>20</bottom>
				<left>$PARAM[left]</left>
				<width>$PARAM[width]</width>
				<height>20</height>
				<texturesliderbar colordiffuse="$VAR[Light_Color]">dialogs/dialogseekbar_background.png</texturesliderbar>
				<textureslidernibfocus colordiffuse="$VAR[Accent_Color]">dialogs/dialogslider_nib_20.png</textureslidernibfocus>
				<info>Player.Progress</info>
				<onup>3100</onup>
				<ondown>3000</ondown>
				<action>seek</action>
				<orientation>horizontal</orientation>
			</control>
		</definition>
	</include>

	<include name="Paused_Icon_Template">
		<param name="visible" default="Player.Paused" />
		<definition>
			<control type="group">
				<visible>$PARAM[visible]</visible>
				<nested />
				<control type="image">
					<left>$PARAM[pauseedge]</left>
					<width>$PARAM[barwidth]</width>
					<height>75%</height>
					<centertop>50%</centertop>
					<texture colordiffuse="$PARAM[color]">views/white_100.png</texture>
				</control>
				<control type="image">
					<right>$PARAM[pauseedge]</right>
					<width>$PARAM[barwidth]</width>
					<height>75%</height>
					<centertop>50%</centertop>
					<texture colordiffuse="$PARAM[color]">views/white_100.png</texture>
				</control>
			</control>
		</definition>
	</include>

	<include name="Now_Playing_Icon_Template">
		<param name="maxbarheight1" default="160" />
		<param name="maxbarheight2" default="300" />
		<param name="maxbarheight3" default="240" />
		<definition>
			<control type="group">
				<animation effect="slide" start="0,0" end="0,-3" condition="true">Conditional</animation>
				<visible>$PARAM[visible] + !Window.IsVisible(busydialog)</visible>
				<nested />
				<width>$PARAM[width]</width>
				<height>$PARAM[width]</height>
				<centerleft>50%</centerleft>
				<centertop>50%</centertop>
				<control type="group">
					<visible>[MusicPlayer.Offset(0).Exists | Player.HasVideo] + !Player.Paused + !Player.Forwarding + !Player.Rewinding</visible>
					<include content="Visible_Fade_Delayed_Animation" />
					<control type="image">
						<animation effect="zoom" end="100, $PARAM[maxbarheight1]" center="0,$PARAM[width]" time="240" delay="111" tween="sine" easing="inout" pulse="true" condition="true">Conditional</animation>
						<left>$$PARAM[baredge]</left>
						<bottom>0</bottom>
						<width>$PARAM[barwidth]</width>
						<height>$PARAM[barwidth]</height>
						<texture colordiffuse="$PARAM[color]">views/white_100.png</texture>
					</control>
					<control type="image">
						<animation effect="zoom" end="100, $PARAM[maxbarheight2]" center="0,$PARAM[width]" time="240" delay="0" tween="sine" easing="inout" pulse="true" condition="true">Conditional</animation>
						<centerleft>50%</centerleft>
						<bottom>0</bottom>
						<width>$PARAM[barwidth]</width>
						<height>$PARAM[barwidth]</height>
						<texture colordiffuse="$PARAM[color]">views/white_100.png</texture>
					</control>
					<control type="image">
						<animation effect="zoom" end="100, $PARAM[maxbarheight3]" center="0,$PARAM[width]" time="190" delay="0" tween="sine" easing="inout" pulse="true" condition="true">Conditional</animation>
						<right>$$PARAM[baredge]</right>
						<bottom>0</bottom>
						<width>$PARAM[barwidth]</width>
						<height>$PARAM[barwidth]</height>
						<texture colordiffuse="$PARAM[color]">views/white_100.png</texture>
					</control>
				</control>
				<include content="Paused_Icon_Template" condition="!Window.IsVisible(visualisation) + !VideoPlayer.IsFullscreen">
					<param name="pauseedge" value="$PARAM[pauseedge]" />
					<param name="barwidth" value="$PARAM[barwidth]" />
					<param name="color" value="$PARAM[color]" />
				</include>
			</control>
		</definition>
	</include>

	<include name="Now_Playing_Icon_Medium">
		<include content="Now_Playing_Icon_Template">
			<param name="visible" value="$PARAM[visible]" />
			<param name="width" value="48" />
			<param name="barwidth" value="12" />
			<param name="baredge" value="2" />
			<param name="pauseedge" value="9" />
			<param name="color" value="$PARAM[color]" />
		</include>
	</include>

	<include name="Now_Playing_Icon_Large">
		<include content="Now_Playing_Icon_Template">
			<param name="visible" value="$PARAM[visible]" />
			<param name="width" value="96" />
			<param name="barwidth" value="24" />
			<param name="baredge" value="4" />
			<param name="pauseedge" value="18" />
			<param name="color" value="$PARAM[color]" />
		</include>
	</include>

	<include name="Now_Playing_Icon">
		<param name="visible" default="true" />
		<param name="fadein" default="true" />
		<param name="width" default="120" />
		<param name="size" default="Medium" />
		<param name="color" default="$VAR[Light_Color]" />
		<definition>
			<control type="group">
				<visible>!$EXP[TransparentDialog_IsVisible]</visible>
				<include content="Visible_Fade_Delayed_Animation" />
				<nested />
				<width>$PARAM[width]</width>
				<height>$PARAM[width]</height>
				<centerleft>50%</centerleft>
				<centertop>50%</centertop>
				<include content="Now_Playing_Icon_$PARAM[size]">
					<param name="visible" value="$PARAM[visible]" />
					<param name="width" value="$PARAM[width]" />
					<param name="color" value="$PARAM[color]" />
				</include>
			</control>
		</definition>
	</include>

	<include name="Paused_Icon_Medium">
		<param name="visible" default="Player.Paused" />
		<param name="color" />
		<definition>
			<control type="group">
				<visible>$PARAM[visible]</visible>
				<nested />
				<width>$PARAM[width]</width>
				<height>$PARAM[width]</height>
				<include content="Paused_Icon_Template">
					<param name="barwidth" value="18" />
					<param name="pauseedge" value="10" />
					<param name="color" value="$PARAM[color]" />
					<width>64</width>
					<height>64</height>
					<centerleft>50%</centerleft>
					<centertop>50%</centertop>
				</include>
			</control>
		</definition>
	</include>

	<include name="Player_Status_Icons_Label">
		<control type="label">
			<visible>Player.Rewinding | Player.Forwarding | Player.HasPerformedSeek(2)</visible>
			<animation effect="fade" start="100" end="0" time="360" delay="540" tween="sine" easing="inout" reversible="false">Hidden</animation>
			<top>$PARAM[top]</top>
			<width>auto</width>
			<align>center</align>
			<aligny>center</aligny>
			<textcolor>$PARAM[color]</textcolor>
			<font>$PARAM[font]</font>
			<label>$VAR[Player_Status_Label]</label>
		</control>
	</include>

	<include name="Player_Status_Icons_Array">
		<param name="flipx" default="false" />
		<definition>
			<control type="group">
				<visible>Player.$PARAM[direction]</visible>
				<include content="Visible_Fade_Delayed_Animation" />
				<control type="image">
					<visible>Player.$PARAM[direction]2x</visible>
					<texture colordiffuse="$PARAM[color]" flipx="$PARAM[flipx]">osd/icon_Player.Forwarding_2x_$PARAM[icon_type].png</texture>
				</control>
				<control type="image">
					<visible>Player.$PARAM[direction]4x</visible>
					<texture colordiffuse="$PARAM[color]" flipx="$PARAM[flipx]">osd/icon_Player.Forwarding_4x_$PARAM[icon_type].png</texture>
				</control>
				<control type="image">
					<visible>Player.$PARAM[direction]8x</visible>
					<texture colordiffuse="$PARAM[color]" flipx="$PARAM[flipx]">osd/icon_Player.Forwarding_8x_$PARAM[icon_type].png</texture>
				</control>
				<control type="image">
					<visible>Player.$PARAM[direction]16x</visible>
					<texture colordiffuse="$PARAM[color]" flipx="$PARAM[flipx]">osd/icon_Player.Forwarding_16x_$PARAM[icon_type].png</texture>
				</control>
				<control type="image">
					<visible>Player.$PARAM[direction]32x</visible>
					<texture colordiffuse="$PARAM[color]" flipx="$PARAM[flipx]">osd/icon_Player.Forwarding_32x_$PARAM[icon_type].png</texture>
				</control>
			</control>
		</definition>
	</include>

	<include name="Player_Status_Icons">
		<param name="visible" default="true" />
		<param name="icon_type" default="large" />
		<param name="large_label" default="false" />
		<param name="small_label" default="false" />
		<param name="playicon" default="true" />
		<param name="color" default="$VAR[Light_Color]" />
		<definition>
			<control type="group">
				<visible>!Window.IsActive(busydialog)</visible>
				<visible>$PARAM[visible]</visible>
				<nested />
				<include content="Visible_Fade_Delayed_Animation" />
				<animation effect="slide" start="0" end="0,300" time="0" condition="Window.IsVisible(videoosd)">Conditional</animation>
				<animation effect="slide" start="0" end="0,180" reversible="true" condition="Window.IsVisible(musicosd)">Conditional</animation>
				<width>360</width>
				<height>120</height>
				<centerleft>50%</centerleft>
				<centertop>50%</centertop>
				<control type="group">
					<width>120</width>
					<centerleft>50%</centerleft>
					<!-- Paused -->
					<control type="group">
						<visible>Window.IsVisible(visualisation) | VideoPlayer.IsFullscreen</visible>
						<visible>!Window.IsVisible(videoosd) + !Window.IsVisible(musicosd)</visible>
						<control type="image">
							<visible>Player.Paused + ![VideoPlayer.IsFullscreen + Skin.HasSetting(Pause_Screen_Info_Enabled)]</visible>
							<include content="Visible_Fade_Delayed_Animation" />
							<texture colordiffuse="$PARAM[color]">osd/icon_Player.Paused_$PARAM[icon_type].png</texture>
						</control>
						<!-- Playing -->
						<control type="group">
							<visible>$PARAM[playicon]</visible>
							<visible>Player.Paused</visible>
							<animation effect="fade" start="100" end="0" time="360" delay="540" tween="sine" easing="inout">Hidden</animation>
							<control type="image">
								<visible>Player.Playing</visible>
								<texture colordiffuse="$PARAM[color]">osd/icon_Player.Playing_$PARAM[icon_type].png</texture>
							</control>
						</control>
					</control>
					<!-- Rewinding / Forwarding -->
					<include content="Player_Status_Icons_Array">
						<param name="direction" value="Rewinding" />
						<param name="icon_type" value="$PARAM[icon_type]" />
						<param name="flipx" value="true" />
						<param name="color" value="$PARAM[color]" />
					</include>
					<include content="Player_Status_Icons_Array">
						<param name="direction" value="Forwarding" />
						<param name="icon_type" value="$PARAM[icon_type]" />
						<param name="color" value="$PARAM[color]" />
					</include>
				</control>
				<include content="Player_Status_Icons_Label" condition="$PARAM[large_label]">
					<param name="top" value="90" />
					<param name="color" value="$PARAM[color]" />
					<param name="font" value="Player_Status" />
				</include>
				<include content="Player_Status_Icons_Label" condition="$PARAM[small_label]">
					<param name="top" value="50" />
					<param name="color" value="$PARAM[color]" />
					<param name="font" value="Body" />
				</include>
			</control>
		</definition>
	</include>

	<include name="Video_Player_Breadcrumb">
		<control type="group">
			<visible>!Window.IsVisible(volumebar) + !Window.IsVisible(notification) + !Window.IsVisible(extendedprogressdialog)</visible>
			<control type="image">
				<visible>!Skin.TimerIsRunning(video_playback_label_interruptor) + Integer.IsGreater(Skin.TimerElapsedSecs(video_playback),2) + Integer.IsLess(Skin.TimerElapsedSecs(video_playback),11)</visible>
				<include content="Video_Breadcrumb_Fade_Animation" />
				<height>240</height>
				<width>100%</width>
				<aspectratio>stretch</aspectratio>
				<texture colordiffuse="$VAR[Dark_Color]" flipy="true">views/progress_overlay.png</texture>
			</control>
		</control>
		<control type="grouplist">
			<visible>!Skin.TimerIsRunning(video_playback_label_interruptor)</visible>
			<left>60</left>
			<right>60</right>
			<top>60</top>
			<height>60</height>
			<orientation>horizontal</orientation>
			<align>left</align>
			<itemgap>12</itemgap>
			<usecontrolcoords>true</usecontrolcoords>
			<control type="image">
				<visible>Integer.IsGreater(Skin.TimerElapsedSecs(video_playback),2) + Integer.IsLess(Skin.TimerElapsedSecs(video_playback),8)</visible>
				<include content="Video_Breadcrumb_Fade_Animation" />
				<top>6</top>
				<height>48</height>
				<width>6</width>
				<texture colordiffuse="$VAR[Accent_Color]">views/white_100.png</texture>
			</control>
			<control type="label">
				<visible>Integer.IsGreater(Skin.TimerElapsedSecs(video_playback),2) + Integer.IsLess(Skin.TimerElapsedSecs(video_playback),8)</visible>
				<include content="Video_Breadcrumb_Fade_Animation" />
				<height>60</height>
				<width max="960">auto</width>
				<label>$VAR[Title_Breadcrumb_Label]</label>
				<font>Title_Breadcrumb_Label</font>
				<textcolor>$VAR[Light_Color]</textcolor>
			</control>
			<!--Label 1 -->
			<control type="label">
				<visible>Integer.IsGreater(Skin.TimerElapsedSecs(video_playback),2) + Integer.IsLess(Skin.TimerElapsedSecs(video_playback),5)</visible>
				<include content="Video_Breadcrumb_Fade_Animation" />
				<width max="600">auto</width>
				<height>35</height>
				<top>16</top>
				<label>$VAR[Info_Fullscreen_Label]</label>
				<font>Info_Breadcrumb_Label</font>
				<textcolor>$VAR[Light_Color]</textcolor>
			</control>
			<control type="label">
				<visible>Integer.IsGreater(Skin.TimerElapsedSecs(video_playback),5) + Integer.IsLess(Skin.TimerElapsedSecs(video_playback),8)</visible>
				<include content="Video_Breadcrumb_Fade_Animation" />
				<width max="600">auto</width>
				<height>35</height>
				<top>16</top>
				<label>$VAR[Info_Fullscreen_Label2]</label>
				<font>Info_Breadcrumb_Label</font>
				<textcolor>$VAR[Light_Color]</textcolor>
			</control>
			<!-- MPAA -->
			<control type="image">
				<visible>Integer.IsGreater(Skin.TimerElapsedSecs(video_playback),8) + Integer.IsLess(Skin.TimerElapsedSecs(video_playback),11) + !String.IsEqual(Control.GetLabel(6304),flags/blank.png)</visible>
				<include content="Video_Breadcrumb_Fade_Animation" />
				<top>6</top>
				<height>48</height>
				<width>6</width>
				<texture colordiffuse="$VAR[Accent_Color]">views/white_100.png</texture>
			</control>
			<control type="label">
				<visible>Integer.IsGreater(Skin.TimerElapsedSecs(video_playback),8) + Integer.IsLess(Skin.TimerElapsedSecs(video_playback),11) + !String.IsEqual(Control.GetLabel(6304),flags/blank.png)</visible>
				<include content="Video_Breadcrumb_Fade_Animation" />
				<width max="600">auto</width>
				<height>35</height>
				<top>16</top>
				<label>$LOCALIZE[31300]</label>
				<font>Info_Breadcrumb_Label</font>
				<textcolor>$VAR[Light_Color]</textcolor>
			</control>
			<include content="MPAA_Flag_Icon" condition="!$EXP[Wide_Flag]"/>
			<include content="MPAA_Flag_Icon" condition="$EXP[Wide_Flag]">
				<param name="width" value="120" />
			</include>
			<control type="label">
				<visible>Integer.IsGreater(Skin.TimerElapsedSecs(video_playback),8) + Integer.IsLess(Skin.TimerElapsedSecs(video_playback),11)</visible>
				<include content="Video_Breadcrumb_Fade_Animation" />
				<left>-15</left>
				<width max="600">auto</width>
				<height>35</height>
				<top>16</top>
				<label>$VAR[MPAA_Description_Label]</label>
				<font>Info_Breadcrumb_Label</font>
				<textcolor>$VAR[Light_Color]</textcolor>
			</control>
		</control>
	</include>

	<include name="MPAA_Flag_Icon">
		<param name="width" default="90" />
		<definition>
			<control type="image">
				<visible>Integer.IsGreater(Skin.TimerElapsedSecs(video_playback),8) + Integer.IsLess(Skin.TimerElapsedSecs(video_playback),11)</visible>
				<include content="Video_Breadcrumb_Fade_Animation" />
				<width>$PARAM[width]</width>
				<left>-15</left>
				<height>60</height>
				<aspectratio>keep</aspectratio>
				<texture colordiffuse="$VAR[Light_Color]">$VAR[MPAA_Flag]</texture>
			</control>
		</definition>
	</include>

</includes>