<?xml version="1.0" encoding="UTF-8"?>
<includes>

	<include name="Artwork_Transition_Fade">
		<param name="visible" default="true" />
		<param name="target_id" />
		<param name="width" default="100%" />
		<param name="height" default="100%" />
		<param name="art_icon" default="Thumbnail" />
		<param name="fallback" default="fallback.png" />
		<param name="aspectratio" default="scale" />
		<param name="art_diffuse" default="!$EXP[ListView_Display_IsThumbnails] | Window.Is(videoplaylist)" />
		<param name="has_progress" default="false" />
		<definition>
			<control type="group">
				<include content="Ken_Burns_Effect_Animation_Views" condition="Skin.HasSetting(List_Ken_Burns_Effect) | Skin.HasSetting(Billboard_Ken_Burns_Effect)" />
				<visible>$PARAM[visible]</visible>
				<include content="Secondary_List_Scroll_Animation" />
				<width>$PARAM[width]</width>
				<height>$PARAM[height]</height>
				<centertop>50%</centertop>
				<nested />
				<include content="Icon_Art">
					<param name="texture" value="$VAR[$PARAM[art_icon](0)Content]" />
					<param name="aspectratio" value="$PARAM[aspectratio]" />
					<param name="fallback" value="$PARAM[fallback]" />
					<param name="art_diffuse" value="$PARAM[art_diffuse]" />
					<param name="now_playing" value="false" />
					<param name="fadetime" value="45" />
				</include>
				<include content="Icon_Art">
					<param name="texture" value="$VAR[$PARAM[art_icon](0)Content]" />
					<param name="aspectratio" value="$PARAM[aspectratio]" />
					<param name="fallback" value="$PARAM[fallback]" />
					<param name="art_diffuse" value="$PARAM[art_diffuse]" />
					<param name="now_playing" value="false" />
					<param name="fadetime" value="360" />
				</include>
				<!-- Progress overlay -->
				<include content="Icon_Component_Progress_Overlay" condition="$PARAM[has_progress] + [Window.Is(home) | Window.Is(videos) | Window.Is(movieinformation)]">
					<param name="visible" value="!String.IsEmpty(Container($PARAM[target_id]).ListItemNoWrap($PARAM[position]).Label)" />
				</include>
			</control>
		</definition>
	</include>

	<include name="ListView_Layout_Thumbnails">
		<param name="condition" default="$EXP[ListView_Display_IsThumbnails]" />
		<definition>
			<itemlayout height="60" width="1140" condition="$PARAM[condition]">
				<include content="Common_List_Unfocused" />
			</itemlayout>
			<focusedlayout height="60" width="1140" condition="$PARAM[condition]">
				<include content="Common_List_Focused" />
			</focusedlayout>
		</definition>
	</include>

	<include name="ListView_Layout_Background">
		<param name="condition" default="$EXP[ListView_Display_IsBackground]" />
		<definition>
			<itemlayout height="60" width="1920" condition="$PARAM[condition]">
				<include content="Common_List_Unfocused">
					<param name="label_left" value="120" />
					<param name="label_maxwidth" value="1080" />
					<param name="icon_slide" value="-900" />
					<param name="music_rating_slide" value="870" />
					<param name="music_rating_color" value="$VAR[Light_Color]" />
				</include>
			</itemlayout>
			<focusedlayout height="60" width="1920" condition="$PARAM[condition]">
				<include content="Common_List_Focused">
					<param name="label_left" value="120" />
					<param name="label_maxwidth" value="1200" />
					<param name="icon_slide" value="-900" />
					<param name="music_rating_slide" value="870" />
					<param name="music_rating_color" value="$VAR[Light_Color]" />
				</include>
			</focusedlayout>
		</definition>
	</include>

	<include name="ListView_Layout_videos">
		<include content="ListView_Layout_Thumbnails" />
		<include content="ListView_Layout_Background" />
	</include>

	<include name="ListView_Layout_music">
		<itemlayout height="60" width="1140" condition="$EXP[ListView_Display_IsThumbnails] + Container.Content(songs)">
			<include content="Common_List_Unfocused">
				<param name="label_maxwidth" value="720" />
			</include>
		</itemlayout>
		<focusedlayout height="60" width="1140" condition="$EXP[ListView_Display_IsThumbnails] + Container.Content(songs)">
			<include content="Common_List_Focused">
				<param name="label_maxwidth" value="840" />
			</include>
		</focusedlayout>
		<include content="ListView_Layout_Thumbnails">
			<param name="condition" value="$EXP[ListView_Display_IsThumbnails] + !Container.Content(songs)" />
		</include>
		<include content="ListView_Layout_Background" />
	</include>

	<include name="ListView_Layout_pictures">
		<itemlayout height="60" width="1140">
			<include content="Simple_List_Layout">
				<param name="label_left" value="60" />
				<param name="label_maxwidth" value="900" />
			</include>
		</itemlayout>
		<focusedlayout height="60" width="1140">
			<include content="Common_List_Focused">
				<param name="label_left" value="60" />
				<param name="label_maxwidth" value="1020" />
				<param name="font" value="Main_Menu_Focused" />
			</include>
		</focusedlayout>
	</include>

	<include name="ListView_Layout_videoplaylist">
		<include content="ListView_Layout_Background" />
	</include>

</includes>