<?xml version="1.0" encoding="UTF-8"?>
<window>
	<!-- Look and feel -->
	<onload condition="!Skin.String(Theme)">Skin.SetString(Theme,Dark)</onload>
	<onload condition="!Skin.String(Background_Opacity)">Skin.SetString(Background_Opacity,75)</onload>
	<onload condition="!Skin.String(Background_Slideshow)">Skin.SetString(Background_Slideshow,Global)</onload>
	<onload condition="!Skin.String(Background_Interval)">Skin.SetString(Background_Interval,10)</onload>
	<onload condition="!Skin.String(Background_Low_Threshold)">Skin.SetString(Background_Low_Threshold,65)</onload>
	<onload condition="!Skin.String(Background_High_Threshold)">Skin.SetString(Background_High_Threshold,460)</onload>
	<onload condition="!Skin.String(Home_Background_Brightness)">Skin.SetString(Home_Background_Brightness,33)</onload>
	<onload condition="!Skin.String(Home_Background_Override_Source)">Skin.SetString(Home_Background_Override_Source,Global)</onload>
	<onload condition="!Skin.String(Multiart_Interval)">Skin.SetString(Multiart_Interval,4)</onload>
	<onload condition="!Skin.String(Trailer_Autoplay_Interval)">Skin.SetString(Trailer_Autoplay_Interval,3)</onload>
	<onload condition="!Skin.String(visualisation_Layout)">Skin.SetString(visualisation_Layout,Small)</onload>
	<!-- Widget defaults -->
	<onload condition="!Skin.HasSetting(Widget1_Content_Disabled) + !Skin.HasSetting(Widget1_Content_InProgress) + !Skin.HasSetting(Widget1_Content_NextUp) + !Skin.HasSetting(Widget1_Content_LatestMovies) + !Skin.HasSetting(Widget1_Content_LatestTVShows) + !Skin.HasSetting(Widget1_Content_RandomMovies) + !Skin.HasSetting(Widget1_Content_RandomTVShows) + !Skin.HasSetting(Widget1_Content_LatestAlbums) + !Skin.HasSetting(Widget1_Content_RecentAlbums) + !Skin.HasSetting(Widget1_Content_RandomAlbums) + !Skin.HasSetting(Widget1_Content_LikedSongs) + !Skin.HasSetting(Widget1_Content_Favourites) + !Skin.HasSetting(Widget1_Content_Custom)">Skin.SetBool(Widget1_Content_InProgress)</onload>
	<onload condition="!Skin.String(Widget1_View)">Skin.SetString(Widget1_View,Strip)</onload>
	<onload condition="!Skin.String(Widget1_Display)">Skin.SetString(Widget1_Display,Fanart)</onload>
	<onload condition="!Skin.HasSetting(Widget2_Content_Disabled) + !Skin.HasSetting(Widget2_Content_InProgress) + !Skin.HasSetting(Widget2_Content_NextUp) + !Skin.HasSetting(Widget2_Content_LatestMovies) + !Skin.HasSetting(Widget2_Content_LatestTVShows) + !Skin.HasSetting(Widget2_Content_RandomMovies) + !Skin.HasSetting(Widget2_Content_RandomTVShows) + !Skin.HasSetting(Widget2_Content_LatestAlbums) + !Skin.HasSetting(Widget2_Content_RecentAlbums) + !Skin.HasSetting(Widget2_Content_RandomAlbums) + !Skin.HasSetting(Widget2_Content_LikedSongs) + !Skin.HasSetting(Widget2_Content_Favourites) + !Skin.HasSetting(Widget2_Content_Custom)">Skin.SetBool(Widget2_Content_NextUp)</onload>
	<onload condition="!Skin.String(Widget2_View)">Skin.SetString(Widget2_View,Strip)</onload>
	<onload condition="!Skin.String(Widget2_Display)">Skin.SetString(Widget2_Display,Posters)</onload>
	<onload condition="!Skin.HasSetting(Widget3_Content_Disabled) + !Skin.HasSetting(Widget3_Content_InProgress) + !Skin.HasSetting(Widget3_Content_NextUp) + !Skin.HasSetting(Widget3_Content_LatestMovies) + !Skin.HasSetting(Widget3_Content_LatestTVShows) + !Skin.HasSetting(Widget3_Content_RandomMovies) + !Skin.HasSetting(Widget3_Content_RandomTVShows) + !Skin.HasSetting(Widget3_Content_LatestAlbums) + !Skin.HasSetting(Widget3_Content_RecentAlbums) + !Skin.HasSetting(Widget3_Content_RandomAlbums) + !Skin.HasSetting(Widget3_Content_LikedSongs) + !Skin.HasSetting(Widget3_Content_Favourites) + !Skin.HasSetting(Widget3_Content_Custom)">Skin.SetBool(Widget3_Content_LatestMovies)</onload>
	<onload condition="!Skin.String(Widget3_View)">Skin.SetString(Widget3_View,Billboard)</onload>
	<onload condition="!Skin.String(Widget3_Display)">Skin.SetString(Widget3_Display,Fanart)</onload>
	<onload condition="!Skin.HasSetting(Widget4_Content_Disabled) + !Skin.HasSetting(Widget4_Content_InProgress) + !Skin.HasSetting(Widget4_Content_NextUp) + !Skin.HasSetting(Widget4_Content_LatestMovies) + !Skin.HasSetting(Widget4_Content_LatestTVShows) + !Skin.HasSetting(Widget4_Content_RandomMovies) + !Skin.HasSetting(Widget4_Content_RandomTVShows) + !Skin.HasSetting(Widget4_Content_LatestAlbums) + !Skin.HasSetting(Widget4_Content_RecentAlbums) + !Skin.HasSetting(Widget4_Content_RandomAlbums) + !Skin.HasSetting(Widget4_Content_LikedSongs) + !Skin.HasSetting(Widget4_Content_Favourites) + !Skin.HasSetting(Widget4_Content_Custom)">Skin.SetBool(Widget4_Content_LatestTVShows)</onload>
	<onload condition="!Skin.String(Widget4_View)">Skin.SetString(Widget4_View,Grid)</onload>
	<onload condition="!Skin.String(Widget4_Display)">Skin.SetString(Widget4_Display,Posters)</onload>
	<onload condition="!Skin.HasSetting(Widget5_Content_Disabled) + !Skin.HasSetting(Widget5_Content_InProgress) + !Skin.HasSetting(Widget5_Content_NextUp) + !Skin.HasSetting(Widget5_Content_LatestMovies) + !Skin.HasSetting(Widget5_Content_LatestTVShows) + !Skin.HasSetting(Widget5_Content_RandomMovies) + !Skin.HasSetting(Widget5_Content_RandomTVShows) + !Skin.HasSetting(Widget5_Content_LatestAlbums) + !Skin.HasSetting(Widget5_Content_RecentAlbums) + !Skin.HasSetting(Widget5_Content_RandomAlbums) + !Skin.HasSetting(Widget5_Content_LikedSongs) + !Skin.HasSetting(Widget5_Content_Favourites) + !Skin.HasSetting(Widget5_Content_Custom)">Skin.SetBool(Widget5_Content_Disabled)</onload>
	<onload condition="!Skin.String(Widget5_View)">Skin.SetString(Widget5_View,Strip)</onload>
	<onload condition="!Skin.String(Widget5_Display)">Skin.SetString(Widget5_Display,Posters)</onload>
	<onload condition="!Skin.HasSetting(Widget6_Content_Disabled) + !Skin.HasSetting(Widget6_Content_InProgress) + !Skin.HasSetting(Widget6_Content_NextUp) + !Skin.HasSetting(Widget6_Content_LatestMovies) + !Skin.HasSetting(Widget6_Content_LatestTVShows) + !Skin.HasSetting(Widget6_Content_RandomMovies) + !Skin.HasSetting(Widget6_Content_RandomTVShows) + !Skin.HasSetting(Widget6_Content_LatestAlbums) + !Skin.HasSetting(Widget6_Content_RecentAlbums) + !Skin.HasSetting(Widget6_Content_RandomAlbums) + !Skin.HasSetting(Widget6_Content_LikedSongs) + !Skin.HasSetting(Widget6_Content_Favourites) + !Skin.HasSetting(Widget6_Content_Custom)">Skin.SetBool(Widget6_Content_Disabled)</onload>
	<onload condition="!Skin.String(Widget6_View)">Skin.SetString(Widget6_View,Strip)</onload>
	<onload condition="!Skin.String(Widget6_Display)">Skin.SetString(Widget6_Display,Posters)</onload>
	<onload condition="!Skin.HasSetting(Widget7_Content_Disabled) + !Skin.HasSetting(Widget7_Content_InProgress) + !Skin.HasSetting(Widget7_Content_NextUp) + !Skin.HasSetting(Widget7_Content_LatestMovies) + !Skin.HasSetting(Widget7_Content_LatestTVShows) + !Skin.HasSetting(Widget7_Content_RandomMovies) + !Skin.HasSetting(Widget7_Content_RandomTVShows) + !Skin.HasSetting(Widget7_Content_LatestAlbums) + !Skin.HasSetting(Widget7_Content_RecentAlbums) + !Skin.HasSetting(Widget7_Content_RandomAlbums) + !Skin.HasSetting(Widget7_Content_LikedSongs) + !Skin.HasSetting(Widget7_Content_Favourites) + !Skin.HasSetting(Widget7_Content_Custom)">Skin.SetBool(Widget7_Content_Disabled)</onload>
	<onload condition="!Skin.String(Widget7_View)">Skin.SetString(Widget7_View,Strip)</onload>
	<onload condition="!Skin.String(Widget7_Display)">Skin.SetString(Widget7_Display,Posters)</onload>
	<onload condition="!Skin.HasSetting(Widget8_Content_Disabled) + !Skin.HasSetting(Widget8_Content_InProgress) + !Skin.HasSetting(Widget8_Content_NextUp) + !Skin.HasSetting(Widget8_Content_LatestMovies) + !Skin.HasSetting(Widget8_Content_LatestTVShows) + !Skin.HasSetting(Widget8_Content_RandomMovies) + !Skin.HasSetting(Widget8_Content_RandomTVShows) + !Skin.HasSetting(Widget8_Content_LatestAlbums) + !Skin.HasSetting(Widget8_Content_RecentAlbums) + !Skin.HasSetting(Widget8_Content_RandomAlbums) + !Skin.HasSetting(Widget8_Content_LikedSongs) + !Skin.HasSetting(Widget8_Content_Favourites) + !Skin.HasSetting(Widget8_Content_Custom)">Skin.SetBool(Widget8_Content_Disabled)</onload>
	<onload condition="!Skin.String(Widget8_View)">Skin.SetString(Widget8_View,Strip)</onload>
	<onload condition="!Skin.String(Widget8_Display)">Skin.SetString(Widget8_Display,Posters)</onload>
	<onload condition="!Skin.HasSetting(Widget9_Content_Disabled) + !Skin.HasSetting(Widget9_Content_InProgress) + !Skin.HasSetting(Widget9_Content_NextUp) + !Skin.HasSetting(Widget9_Content_LatestMovies) + !Skin.HasSetting(Widget9_Content_LatestTVShows) + !Skin.HasSetting(Widget9_Content_RandomMovies) + !Skin.HasSetting(Widget9_Content_RandomTVShows) + !Skin.HasSetting(Widget9_Content_LatestAlbums) + !Skin.HasSetting(Widget9_Content_RecentAlbums) + !Skin.HasSetting(Widget9_Content_RandomAlbums) + !Skin.HasSetting(Widget9_Content_LikedSongs) + !Skin.HasSetting(Widget9_Content_Favourites) + !Skin.HasSetting(Widget9_Content_Custom)">Skin.SetBool(Widget9_Content_Disabled)</onload>
	<onload condition="!Skin.String(Widget9_View)">Skin.SetString(Widget9_View,Strip)</onload>
	<onload condition="!Skin.String(Widget9_Display)">Skin.SetString(Widget9_Display,Posters)</onload>
	<!-- Custom widgets -->
	<onload condition="!Skin.String(Widget1_Custom_SortMethod)">Skin.SetString(Widget1_Custom_SortMethod,name)</onload>
	<onload condition="!Skin.String(Widget1_Custom_SortMethod_Label)">Skin.SetString(Widget1_Custom_SortMethod_Label,$LOCALIZE[551])</onload>
	<onload condition="!Skin.String(Widget1_Custom_SortOrder)">Skin.SetString(Widget1_Custom_SortOrder,ascending)</onload>
	<onload condition="!Skin.String(Widget1_Custom_Limit)">Skin.SetString(Widget1_Custom_Limit,20)</onload>
	<onload condition="!Skin.String(Widget2_Custom_SortMethod)">Skin.SetString(Widget2_Custom_SortMethod,name)</onload>
	<onload condition="!Skin.String(Widget2_Custom_SortMethod_Label)">Skin.SetString(Widget2_Custom_SortMethod_Label,$LOCALIZE[551])</onload>
	<onload condition="!Skin.String(Widget2_Custom_SortOrder)">Skin.SetString(Widget2_Custom_SortOrder,ascending)</onload>
	<onload condition="!Skin.String(Widget2_Custom_Limit)">Skin.SetString(Widget2_Custom_Limit,20)</onload>
	<onload condition="!Skin.String(Widget3_Custom_SortMethod)">Skin.SetString(Widget3_Custom_SortMethod,name)</onload>
	<onload condition="!Skin.String(Widget3_Custom_SortMethod_Label)">Skin.SetString(Widget3_Custom_SortMethod_Label,$LOCALIZE[551])</onload>
	<onload condition="!Skin.String(Widget3_Custom_SortOrder)">Skin.SetString(Widget3_Custom_SortOrder,ascending)</onload>
	<onload condition="!Skin.String(Widget3_Custom_Limit)">Skin.SetString(Widget3_Custom_Limit,20)</onload>
	<onload condition="!Skin.String(Widget4_Custom_SortMethod)">Skin.SetString(Widget4_Custom_SortMethod,name)</onload>
	<onload condition="!Skin.String(Widget4_Custom_SortMethod_Label)">Skin.SetString(Widget4_Custom_SortMethod_Label,$LOCALIZE[551])</onload>
	<onload condition="!Skin.String(Widget4_Custom_SortOrder)">Skin.SetString(Widget4_Custom_SortOrder,ascending)</onload>
	<onload condition="!Skin.String(Widget4_Custom_Limit)">Skin.SetString(Widget4_Custom_Limit,20)</onload>
	<onload condition="!Skin.String(Widget5_Custom_SortMethod)">Skin.SetString(Widget5_Custom_SortMethod,name)</onload>
	<onload condition="!Skin.String(Widget5_Custom_SortMethod_Label)">Skin.SetString(Widget5_Custom_SortMethod_Label,$LOCALIZE[551])</onload>
	<onload condition="!Skin.String(Widget5_Custom_SortOrder)">Skin.SetString(Widget5_Custom_SortOrder,ascending)</onload>
	<onload condition="!Skin.String(Widget5_Custom_Limit)">Skin.SetString(Widget5_Custom_Limit,20)</onload>
	<onload condition="!Skin.String(Widget6_Custom_SortMethod)">Skin.SetString(Widget6_Custom_SortMethod,name)</onload>
	<onload condition="!Skin.String(Widget6_Custom_SortMethod_Label)">Skin.SetString(Widget6_Custom_SortMethod_Label,$LOCALIZE[551])</onload>
	<onload condition="!Skin.String(Widget6_Custom_SortOrder)">Skin.SetString(Widget6_Custom_SortOrder,ascending)</onload>
	<onload condition="!Skin.String(Widget6_Custom_Limit)">Skin.SetString(Widget6_Custom_Limit,20)</onload>
	<onload condition="!Skin.String(Widget7_Custom_SortMethod)">Skin.SetString(Widget7_Custom_SortMethod,name)</onload>
	<onload condition="!Skin.String(Widget7_Custom_SortMethod_Label)">Skin.SetString(Widget7_Custom_SortMethod_Label,$LOCALIZE[551])</onload>
	<onload condition="!Skin.String(Widget7_Custom_SortOrder)">Skin.SetString(Widget7_Custom_SortOrder,ascending)</onload>
	<onload condition="!Skin.String(Widget7_Custom_Limit)">Skin.SetString(Widget7_Custom_Limit,20)</onload>
	<onload condition="!Skin.String(Widget8_Custom_SortMethod)">Skin.SetString(Widget8_Custom_SortMethod,name)</onload>
	<onload condition="!Skin.String(Widget8_Custom_SortMethod_Label)">Skin.SetString(Widget8_Custom_SortMethod_Label,$LOCALIZE[551])</onload>
	<onload condition="!Skin.String(Widget8_Custom_SortOrder)">Skin.SetString(Widget8_Custom_SortOrder,ascending)</onload>
	<onload condition="!Skin.String(Widget8_Custom_Limit)">Skin.SetString(Widget8_Custom_Limit,20)</onload>
	<onload condition="!Skin.String(Widget9_Custom_SortMethod)">Skin.SetString(Widget9_Custom_SortMethod,name)</onload>
	<onload condition="!Skin.String(Widget9_Custom_SortMethod_Label)">Skin.SetString(Widget9_Custom_SortMethod_Label,$LOCALIZE[551])</onload>
	<onload condition="!Skin.String(Widget9_Custom_SortOrder)">Skin.SetString(Widget9_Custom_SortOrder,ascending)</onload>
	<onload condition="!Skin.String(Widget9_Custom_Limit)">Skin.SetString(Widget9_Custom_Limit,20)</onload>
	<!-- Layout configuration -->
	<!-- List -->
	<onload condition="!Skin.String(ListView_Display_Movies)">Skin.SetString(ListView_Display_Movies,Background)</onload>
	<onload condition="!Skin.String(ListView_Display_Sets)">Skin.SetString(ListView_Display_Sets,Background)</onload>
	<onload condition="!Skin.String(ListView_Display_TVShows)">Skin.SetString(ListView_Display_TVShows,Background)</onload>
	<onload condition="!Skin.String(ListView_Display_Seasons)">Skin.SetString(ListView_Display_Seasons,Background)</onload>
	<onload condition="!Skin.String(ListView_Display_Episodes)">Skin.SetString(ListView_Display_Episodes,Background)</onload>
	<onload condition="!Skin.String(ListView_Display_Artists)">Skin.SetString(ListView_Display_Artists,Background)</onload>
	<onload condition="!Skin.String(ListView_Display_Albums)">Skin.SetString(ListView_Display_Albums,Thumbnails)</onload>
	<onload condition="!Skin.String(ListView_Display_MusicVideos)">Skin.SetString(ListView_Display_MusicVideos,Background)</onload>
	<onload condition="!Skin.String(ListView_Display_Songs)">Skin.SetString(ListView_Display_Songs,Thumbnails)</onload>
	<onload condition="!Skin.String(ListView_Display_Programs_Files)">Skin.SetString(ListView_Display_Programs_Files,Thumbnails)</onload>
	<onload condition="!Skin.String(ListView_Details_Movies)">Skin.SetString(ListView_Details_Movies,TitleAndInfo)</onload>
	<onload condition="!Skin.String(ListView_Details_Sets)">Skin.SetString(ListView_Details_Sets,TitleAndInfo)</onload>
	<onload condition="!Skin.String(ListView_Details_TVShows)">Skin.SetString(ListView_Details_TVShows,TitleAndInfo)</onload>
	<onload condition="!Skin.String(ListView_Details_Seasons)">Skin.SetString(ListView_Details_Seasons,TitleAndInfo)</onload>
	<onload condition="!Skin.String(ListView_Details_Episodes)">Skin.SetString(ListView_Details_Episodes,TitleAndInfo)</onload>
	<onload condition="!Skin.String(ListView_Details_Artists)">Skin.SetString(ListView_Details_Artists,TitleAndInfo)</onload>
	<onload condition="!Skin.String(ListView_Details_Albums)">Skin.SetString(ListView_Details_Albums,TitleAndInfo)</onload>
	<onload condition="!Skin.String(ListView_Details_MusicVideos)">Skin.SetString(ListView_Details_MusicVideos,TitleAndInfo)</onload>
	<onload condition="!Skin.String(ListView_Details_Songs)">Skin.SetString(ListView_Details_Songs,TitleAndInfo)</onload>
	<onload condition="!Skin.String(ListView_Details_Addons)">Skin.SetString(ListView_Details_Addons,TitleAndInfo)</onload>
	<onload condition="!Skin.String(ListView_Details_Images)">Skin.SetString(ListView_Details_Images,TitleAndInfo)</onload>
	<onload condition="!Skin.String(ListView_Details_Programs_Files)">Skin.SetString(ListView_Details_Programs_Files,TitleAndInfo)</onload>
	<onload condition="!Skin.String(ListView_Flags_Movies)">Skin.SetString(ListView_Flags_Movies,All)</onload>
	<onload condition="!Skin.String(ListView_Flags_Sets)">Skin.SetString(ListView_Flags_Sets,All)</onload>
	<onload condition="!Skin.String(ListView_Flags_TVShows)">Skin.SetString(ListView_Flags_TVShows,All)</onload>
	<onload condition="!Skin.String(ListView_Flags_Seasons)">Skin.SetString(ListView_Flags_Seasons,All)</onload>
	<onload condition="!Skin.String(ListView_Flags_Episodes)">Skin.SetString(ListView_Flags_Episodes,All)</onload>
	<onload condition="!Skin.String(ListView_Flags_Programs_Files)">Skin.SetString(ListView_Flags_Programs_Files,All)</onload>
	<!-- Billboard -->
	<onload condition="!Skin.String(BillboardView_Details_Movies)">Skin.SetString(BillboardView_Details_Movies,All)</onload>
	<onload condition="!Skin.String(BillboardView_Details_Sets)">Skin.SetString(BillboardView_Details_Sets,All)</onload>
	<onload condition="!Skin.String(BillboardView_Details_TVShows)">Skin.SetString(BillboardView_Details_TVShows,All)</onload>
	<onload condition="!Skin.String(BillboardView_Details_Seasons)">Skin.SetString(BillboardView_Details_Seasons,TitleAndInfo)</onload>
	<onload condition="!Skin.String(BillboardView_Details_Episodes)">Skin.SetString(BillboardView_Details_Episodes,All)</onload>
	<onload condition="!Skin.String(BillboardView_Details_Artists)">Skin.SetString(BillboardView_Details_Artists,Title)</onload>
	<onload condition="!Skin.String(BillboardView_Details_MusicVideos)">Skin.SetString(BillboardView_Details_MusicVideos,Title)</onload>
	<onload condition="!Skin.String(BillboardView_Details_Programs_Files)">Skin.SetString(BillboardView_Details_Programs_Files,All)</onload>
	<onload condition="!Skin.String(BillboardView_Logo_Movies)">Skin.SetString(BillboardView_Logo_Movies,Off)</onload>
	<onload condition="!Skin.String(BillboardView_Logo_Sets)">Skin.SetString(BillboardView_Logo_Sets,Off)</onload>
	<onload condition="!Skin.String(BillboardView_Logo_TVShows)">Skin.SetString(BillboardView_Logo_TVShows,Off)</onload>
	<onload condition="!Skin.String(BillboardView_Logo_Artists)">Skin.SetString(BillboardView_Logo_Artists,Off)</onload>
	<onload condition="!Skin.String(BillboardView_Logo_Programs_Files)">Skin.SetString(BillboardView_Logo_Programs_Files,Off)</onload>
	<onload condition="!Skin.String(BillboardView_Flags_Movies)">Skin.SetString(BillboardView_Flags_Movies,All)</onload>
	<onload condition="!Skin.String(BillboardView_Flags_Sets)">Skin.SetString(BillboardView_Flags_Sets,All)</onload>
	<onload condition="!Skin.String(BillboardView_Flags_TVShows)">Skin.SetString(BillboardView_Flags_TVShows,All)</onload>
	<onload condition="!Skin.String(BillboardView_Flags_Seasons)">Skin.SetString(BillboardView_Flags_Seasons,All)</onload>
	<onload condition="!Skin.String(BillboardView_Flags_Episodes)">Skin.SetString(BillboardView_Flags_Episodes,All)</onload>
	<onload condition="!Skin.String(BillboardView_Flags_Programs_Files)">Skin.SetString(BillboardView_Flags_Programs_Files,All)</onload>
	<!-- Showcase -->
	<onload condition="!Skin.String(ShowcaseView_Display_Movies)">Skin.SetString(ShowcaseView_Display_Movies,Posters)</onload>
	<onload condition="!Skin.String(ShowcaseView_Display_Sets)">Skin.SetString(ShowcaseView_Display_Sets,Posters)</onload>
	<onload condition="!Skin.String(ShowcaseView_Display_TVShows)">Skin.SetString(ShowcaseView_Display_TVShows,Posters)</onload>
	<onload condition="!Skin.String(ShowcaseView_Display_Seasons)">Skin.SetString(ShowcaseView_Display_Seasons,Posters)</onload>
	<onload condition="!Skin.String(ShowcaseView_Display_Programs_Folders)">Skin.SetString(ShowcaseView_Display_Programs_Folders,Posters)</onload>
	<onload condition="!Skin.String(ShowcaseView_Display_Programs_Files)">Skin.SetString(ShowcaseView_Display_Programs_Files,Posters)</onload>
	<onload condition="!Skin.String(ShowcaseView_Details_Movies)">Skin.SetString(ShowcaseView_Details_Movies,All_Side)</onload>
	<onload condition="!Skin.String(ShowcaseView_Details_Sets)">Skin.SetString(ShowcaseView_Details_Sets,All_Side)</onload>
	<onload condition="!Skin.String(ShowcaseView_Details_TVShows)">Skin.SetString(ShowcaseView_Details_TVShows,All_Side)</onload>
	<onload condition="!Skin.String(ShowcaseView_Details_Seasons)">Skin.SetString(ShowcaseView_Details_Seasons,TitleAndInfo_Side)</onload>
	<onload condition="!Skin.String(ShowcaseView_Details_Episodes)">Skin.SetString(ShowcaseView_Details_Episodes,All_Side)</onload>
	<onload condition="!Skin.String(ShowcaseView_Details_Artists)">Skin.SetString(ShowcaseView_Details_Artists,TitleAndInfo_Overlay)</onload>
	<onload condition="!Skin.String(ShowcaseView_Details_Albums)">Skin.SetString(ShowcaseView_Details_Albums,TitleAndInfo_Overlay)</onload>
	<onload condition="!Skin.String(ShowcaseView_Details_Addons)">Skin.SetString(ShowcaseView_Details_Addons,TitleAndInfo_Overlay)</onload>
	<onload condition="!Skin.String(ShowcaseView_Details_Images)">Skin.SetString(ShowcaseView_Details_Images,TitleAndInfo_Overlay)</onload>
	<onload condition="!Skin.String(ShowcaseView_Details_Programs_Folders)">Skin.SetString(ShowcaseView_Details_Programs_Folders,All_Side)</onload>
	<onload condition="!Skin.String(ShowcaseView_Details_Programs_Files)">Skin.SetString(ShowcaseView_Details_Programs_Files,All_Side)</onload>
	<onload condition="!Skin.String(ShowcaseView_Logo_Movies)">Skin.SetString(ShowcaseView_Logo_Movies,Off)</onload>
	<onload condition="!Skin.String(ShowcaseView_Logo_Sets)">Skin.SetString(ShowcaseView_Logo_Sets,Off)</onload>
	<onload condition="!Skin.String(ShowcaseView_Logo_TVShows)">Skin.SetString(ShowcaseView_Logo_TVShows,Off)</onload>
	<onload condition="!Skin.String(ShowcaseView_Logo_Artists)">Skin.SetString(ShowcaseView_Logo_Artists,Off)</onload>
	<onload condition="!Skin.String(ShowcaseView_Flags_Movies)">Skin.SetString(ShowcaseView_Flags_Movies,All)</onload>
	<onload condition="!Skin.String(ShowcaseView_Flags_Sets)">Skin.SetString(ShowcaseView_Flags_Sets,All)</onload>
	<onload condition="!Skin.String(ShowcaseView_Flags_TVShows)">Skin.SetString(ShowcaseView_Flags_TVShows,All)</onload>
	<onload condition="!Skin.String(ShowcaseView_Flags_Seasons)">Skin.SetString(ShowcaseView_Flags_Seasons,All)</onload>
	<onload condition="!Skin.String(ShowcaseView_Flags_Episodes)">Skin.SetString(ShowcaseView_Flags_Episodes,All)</onload>
	<!-- Strip -->
	<onload condition="!Skin.String(StripView_Display_Movies)">Skin.SetString(StripView_Display_Movies,Posters)</onload>
	<onload condition="!Skin.String(StripView_Display_Sets)">Skin.SetString(StripView_Display_Sets,Posters)</onload>
	<onload condition="!Skin.String(StripView_Display_TVShows)">Skin.SetString(StripView_Display_TVShows,Posters)</onload>
	<onload condition="!Skin.String(StripView_Display_Seasons)">Skin.SetString(StripView_Display_Seasons,Posters)</onload>
	<onload condition="!Skin.String(StripView_Display_Artists)">Skin.SetString(StripView_Display_Artists,Fanart)</onload>
	<onload condition="!Skin.String(StripView_Display_Albums)">Skin.SetString(StripView_Display_Albums,Square)</onload>
	<onload condition="!Skin.String(StripView_Display_Programs_Folders)">Skin.SetString(StripView_Display_Programs_Folders,Posters)</onload>
	<onload condition="!Skin.String(StripView_Display_Programs_Files)">Skin.SetString(StripView_Display_Programs_Files,Fanart)</onload>
	<onload condition="!Skin.String(StripView_Details_Movies)">Skin.SetString(StripView_Details_Movies,All)</onload>
	<onload condition="!Skin.String(StripView_Details_Sets)">Skin.SetString(StripView_Details_Sets,All)</onload>
	<onload condition="!Skin.String(StripView_Details_TVShows)">Skin.SetString(StripView_Details_TVShows,All)</onload>
	<onload condition="!Skin.String(StripView_Details_Seasons)">Skin.SetString(StripView_Details_Seasons,TitleAndInfo)</onload>
	<onload condition="!Skin.String(StripView_Details_Episodes)">Skin.SetString(StripView_Details_Episodes,All)</onload>
	<onload condition="!Skin.String(StripView_Details_Artists)">Skin.SetString(StripView_Details_Artists,TitleAndInfo)</onload>
	<onload condition="!Skin.String(StripView_Details_Albums)">Skin.SetString(StripView_Details_Albums,TitleAndInfo)</onload>
	<onload condition="!Skin.String(StripView_Details_MusicVideos)">Skin.SetString(StripView_Details_MusicVideos,TitleAndInfo)</onload>
	<onload condition="!Skin.String(StripView_Details_Addons)">Skin.SetString(StripView_Details_Addons,TitleAndInfo)</onload>
	<onload condition="!Skin.String(StripView_Details_Programs_Folders)">Skin.SetString(StripView_Details_Programs_Folders,TitleAndInfo)</onload>
	<onload condition="!Skin.String(StripView_Details_Programs_Files)">Skin.SetString(StripView_Details_Programs_Files,TitleAndInfo)</onload>
	<onload condition="!Skin.String(StripView_Logo_Movies)">Skin.SetString(StripView_Logo_Movies,Off)</onload>
	<onload condition="!Skin.String(StripView_Logo_Sets)">Skin.SetString(StripView_Logo_Sets,Off)</onload>
	<onload condition="!Skin.String(StripView_Logo_TVShows)">Skin.SetString(StripView_Logo_TVShows,Off)</onload>
	<onload condition="!Skin.String(StripView_Logo_Artists)">Skin.SetString(StripView_Logo_Artists,Off)</onload>
	<onload condition="!Skin.String(StripView_Logo_Programs_Files)">Skin.SetString(StripView_Logo_Programs_Files,Off)</onload>
	<onload condition="!Skin.String(StripView_Flags_Movies)">Skin.SetString(StripView_Flags_Movies,All)</onload>
	<onload condition="!Skin.String(StripView_Flags_Sets)">Skin.SetString(StripView_Flags_Sets,All)</onload>
	<onload condition="!Skin.String(StripView_Flags_TVShows)">Skin.SetString(StripView_Flags_TVShows,All)</onload>
	<onload condition="!Skin.String(StripView_Flags_Seasons)">Skin.SetString(StripView_Flags_Seasons,All)</onload>
	<onload condition="!Skin.String(StripView_Flags_Episodes)">Skin.SetString(StripView_Flags_Episodes,All)</onload>
	<onload condition="!Skin.String(StripView_Flags_Programs_Files)">Skin.SetString(StripView_Flags_Programs_Files,All)</onload>
	<!-- Grid -->
	<onload condition="!Skin.String(GridView_Display_Movies)">Skin.SetString(GridView_Display_Movies,Fanart)</onload>
	<onload condition="!Skin.String(GridView_Display_Sets)">Skin.SetString(GridView_Display_Sets,Fanart)</onload>
	<onload condition="!Skin.String(GridView_Display_TVShows)">Skin.SetString(GridView_Display_TVShows,Fanart)</onload>
	<onload condition="!Skin.String(GridView_Display_Seasons)">Skin.SetString(GridView_Display_Seasons,Fanart)</onload>
	<onload condition="!Skin.String(GridView_Display_Artists)">Skin.SetString(GridView_Display_Artists,Fanart)</onload>
	<onload condition="!Skin.String(GridView_Display_Albums)">Skin.SetString(GridView_Display_Artists,Fanart)</onload>
	<onload condition="!Skin.String(GridView_Display_Images)">Skin.SetString(GridView_Display_Artists,Square)</onload>
	<onload condition="!Skin.String(GridView_Display_Programs_Folders)">Skin.SetString(GridView_Display_Programs_Folders,Posters)</onload>
	<onload condition="!Skin.String(GridView_Display_Programs_Files)">Skin.SetString(GridView_Display_Programs_Files,Fanart)</onload>
	<onload condition="!Skin.String(GridView_Details_Movies)">Skin.SetString(GridView_Details_Movies,TitleAndInfo)</onload>
	<onload condition="!Skin.String(GridView_Details_Sets)">Skin.SetString(GridView_Details_Sets,TitleAndInfo)</onload>
	<onload condition="!Skin.String(GridView_Details_TVShows)">Skin.SetString(GridView_Details_TVShows,TitleAndInfo)</onload>
	<onload condition="!Skin.String(GridView_Details_Seasons)">Skin.SetString(GridView_Details_Seasons,TitleAndInfo)</onload>
	<onload condition="!Skin.String(GridView_Details_Episodes)">Skin.SetString(GridView_Details_Episodes,TitleAndInfo)</onload>
	<onload condition="!Skin.String(GridView_Details_Artists)">Skin.SetString(GridView_Details_Artists,TitleAndInfo)</onload>
	<onload condition="!Skin.String(GridView_Details_Albums)">Skin.SetString(GridView_Details_Albums,Off)</onload>
	<onload condition="!Skin.String(GridView_Details_MusicVideos)">Skin.SetString(GridView_Details_MusicVideos,TitleAndInfo)</onload>
	<onload condition="!Skin.String(GridView_Details_Addons)">Skin.SetString(GridView_Details_Addons,Off)</onload>
	<onload condition="!Skin.String(GridView_Details_Images)">Skin.SetString(GridView_Details_Images,Off)</onload>
	<onload condition="!Skin.String(GridView_Details_Programs_Folders)">Skin.SetString(GridView_Details_Programs_Folders,TitleAndInfo)</onload>
	<onload condition="!Skin.String(GridView_Details_Programs_Files)">Skin.SetString(GridView_Details_Programs_Files,TitleAndInfo)</onload>
	<!-- MPAA preferred flags -->
	<onload condition="![Skin.HasSetting(Preferred_Rating_BBFC) | Skin.HasSetting(Preferred_Rating_MPAA) | Skin.HasSetting(Preferred_Rating_CHVRS) | Skin.HasSetting(Preferred_Rating_ACB) | Skin.HasSetting(Preferred_Rating_IFCO) | Skin.HasSetting(Preferred_Rating_FSK) | Skin.HasSetting(Preferred_Rating_DJCTQ) | Skin.HasSetting(Preferred_Rating_KIJKWIJZER) | Skin.HasSetting(Preferred_Rating_EIRIN)]">Skin.SetBool(Preferred_Rating_BBFC)</onload>
	<!-- Startup -->
	<onload>SetProperty(SkinInitStarted,1,Home)</onload>
	<onload>ReplaceWindow($INFO[System.StartupWindow])</onload>
</window>