<?xml version="1.0" encoding="UTF-8"?>
<includes>

	<include name="ClickAction_Blank">
		<control type="group"/>
	</include>

	<include name="Default_Transition">
		<onclick condition="!String.IsEqual(Container($PARAM[id]).ListItem.DBID,window(movieinformation).property(SelectedItem))">SetProperty(Refresh,true,movieinformation)</onclick>
		<onclick condition="!String.IsEqual(Container($PARAM[id]).ListItem.DBID,window(movieinformation).property(SelectedItem))">SetProperty(Breadcrumb_GoToNext,true,movieinformation)</onclick>
		<onclick condition="!String.IsEqual(Container($PARAM[id]).ListItem.DBID,window(movieinformation).property(SelectedItem))">SetProperty(Infoscreen_Transition,true,home)</onclick>
		<onclick condition="!String.IsEqual(Container($PARAM[id]).ListItem.DBID,window(movieinformation).property(SelectedItem))">Dialog.Close(all,true)</onclick>
	</include>

	<include name="ClickAction_Open_MovieSet">
		<include content="Default_Transition" condition="Integer.IsGreater(ListItem.DBID,0)">
			<param name="id" value="3201" />
		</include>
		<onclick condition="Integer.IsGreater(ListItem.DBID,0) + Window.IsVisible(home) + !String.IsEqual(Container(3201).ListItem.DBID,window(movieinformation).property(SelectedItem))">ActivateWindow(Videos,videodb://movies/titles/?xsp=%7B%22order%22%3A%7B%22direction%22%3A%22ascending%22%2C%22ignorefolders%22%3A0%2C%22method%22%3A%22sorttitle%22%7D%2C%22rules%22%3A%7B%22and%22%3A%5B%7B%22field%22%3A%22title%22%2C%22operator%22%3A%22is%22%2C%22value%22%3A%5B$ESCINFO[Container(3201).ListItem.Title]%5D%7D%5D%7D%2C%22type%22%3A%22movies%22%7D)</onclick>
		<onclick condition="Integer.IsGreater(ListItem.DBID,0) + !Window.IsVisible(home) + !String.IsEqual(Container(3201).ListItem.DBID,window(movieinformation).property(SelectedItem))">Container.Update(videodb://movies/titles/?xsp=%7B%22order%22%3A%7B%22direction%22%3A%22ascending%22%2C%22ignorefolders%22%3A0%2C%22method%22%3A%22sorttitle%22%7D%2C%22rules%22%3A%7B%22and%22%3A%5B%7B%22field%22%3A%22title%22%2C%22operator%22%3A%22is%22%2C%22value%22%3A%5B$ESCINFO[Container(3201).ListItem.Title]%5D%7D%5D%7D%2C%22type%22%3A%22movies%22%7D)</onclick>
		<onclick condition="Integer.IsGreater(ListItem.DBID,0) + !String.IsEqual(Container(3201).ListItem.DBID,window(movieinformation).property(SelectedItem))">SetFocus(6001)</onclick>
		<onclick condition="Integer.IsGreater(ListItem.DBID,0)">SetFocus(3000)</onclick>
		<onclick condition="Integer.IsGreater(ListItem.DBID,0) + String.IsEqual(Container(3201).ListItem.DBID,window(movieinformation).property(SelectedItem))">SendClick(8)</onclick>
		<onclick condition="!Integer.IsGreater(ListItem.DBID,0) + !String.IsEqual(Container(3201).ListItem.Property(tmdb_id),window(movieinformation).property(SelectedItem))">Dialog.Close(all,true)</onclick>
		<onclick condition="!Integer.IsGreater(ListItem.DBID,0) + !String.IsEqual(Container(3201).ListItem.Property(tmdb_id),window(movieinformation).property(SelectedItem))">RunScript(plugin.video.themoviedb.helper,add_path=$INFO[Container(3201).ListItem.FolderPath],call_auto=1190)</onclick>
		<onclick condition="!Integer.IsGreater(ListItem.DBID,0) + String.IsEqual(Container(3201).ListItem.Property(tmdb_id),window(movieinformation).property(SelectedItem))">RunScript(plugin.video.themoviedb.helper,close_dialog=1190)</onclick>
		<onclick condition="!Integer.IsGreater(ListItem.DBID,0) + String.IsEqual(Container(3201).ListItem.Property(tmdb_id),window(movieinformation).property(SelectedItem))">Runscript(plugin.video.themoviedb.helper,play=movie,tmdb_id=$INFO[Container(3201).ListItem.UniqueID(tmdb)]),imdb_id=$INFO[Container(3201).ListItem.UniqueID(imdb)])</onclick>
	</include>

	<include name="ClickAction_ActorCredits">
		<include content="Default_Transition" condition="Integer.IsGreater(ListItem.DBID,0)">
			<param name="id" value="3203" />
		</include>
		<onclick condition="Integer.IsGreater(ListItem.DBID,0) + Window.IsVisible(home) + !String.IsEqual(Container(3203).ListItem.DBID,window(movieinformation).property(SelectedItem)) + String.IsEqual(Container(3203).ListItem.DBType,movie)">ActivateWindow(Videos,videodb://movies/titles/?xsp=%7B%22order%22%3A%7B%22direction%22%3A%22ascending%22%2C%22ignorefolders%22%3A0%2C%22method%22%3A%22sorttitle%22%7D%2C%22rules%22%3A%7B%22and%22%3A%5B%7B%22field%22%3A%22title%22%2C%22operator%22%3A%22is%22%2C%22value%22%3A%5B$ESCINFO[Container(3203).ListItem.Title]%5D%7D%5D%7D%2C%22type%22%3A%22movies%22%7D)</onclick>
		<onclick condition="Integer.IsGreater(ListItem.DBID,0) + Window.IsVisible(home) + !String.IsEqual(Container(3203).ListItem.DBID,window(movieinformation).property(SelectedItem)) + String.IsEqual(Container(3203).ListItem.DBType,tvshow)">ActivateWindow(Videos,videodb://tvshows/titles/?xsp=%7B%22order%22%3A%7B%22direction%22%3A%22ascending%22%2C%22ignorefolders%22%3A0%2C%22method%22%3A%22sorttitle%22%7D%2C%22rules%22%3A%7B%22and%22%3A%5B%7B%22field%22%3A%22title%22%2C%22operator%22%3A%22is%22%2C%22value%22%3A%5B$ESCINFO[Container(3203).ListItem.Title]%5D%7D%5D%7D%2C%22type%22%3A%22tvshows%22%7D)</onclick>
		<onclick condition="Integer.IsGreater(ListItem.DBID,0) + !Window.IsVisible(home) + !String.IsEqual(Container(3203).ListItem.DBID,window(movieinformation).property(SelectedItem)) + String.IsEqual(Container(3203).ListItem.DBType,movie)">Container.Update(videodb://movies/titles/?xsp=%7B%22order%22%3A%7B%22direction%22%3A%22ascending%22%2C%22ignorefolders%22%3A0%2C%22method%22%3A%22sorttitle%22%7D%2C%22rules%22%3A%7B%22and%22%3A%5B%7B%22field%22%3A%22title%22%2C%22operator%22%3A%22is%22%2C%22value%22%3A%5B$ESCINFO[Container(3203).ListItem.Title]%5D%7D%5D%7D%2C%22type%22%3A%22movies%22%7D)</onclick>
		<onclick condition="Integer.IsGreater(ListItem.DBID,0) + !Window.IsVisible(home) + !String.IsEqual(Container(3203).ListItem.DBID,window(movieinformation).property(SelectedItem)) + String.IsEqual(Container(3203).ListItem.DBType,tvshow)">Container.Update(videodb://tvshows/titles/?xsp=%7B%22order%22%3A%7B%22direction%22%3A%22ascending%22%2C%22ignorefolders%22%3A0%2C%22method%22%3A%22sorttitle%22%7D%2C%22rules%22%3A%7B%22and%22%3A%5B%7B%22field%22%3A%22title%22%2C%22operator%22%3A%22is%22%2C%22value%22%3A%5B$ESCINFO[Container(3203).ListItem.Title]%5D%7D%5D%7D%2C%22type%22%3A%22tvshows%22%7D)</onclick>
		<onclick condition="Integer.IsGreater(ListItem.DBID,0) + !String.IsEqual(Container(3203).ListItem.DBID,window(movieinformation).property(SelectedItem))">SetFocus(6001)</onclick>
		<onclick condition="Integer.IsGreater(ListItem.DBID,0)">SetFocus(3000)</onclick>
		<onclick condition="Integer.IsGreater(ListItem.DBID,0) + String.IsEqual(Container(3203).ListItem.DBID,window(movieinformation).property(SelectedItem))">SendClick(8)</onclick>
		<onclick condition="!Integer.IsGreater(ListItem.DBID,0) + !String.IsEqual(Container(3203).ListItem.Property(tmdb_id),window(movieinformation).property(SelectedItem))">Dialog.Close(all,true)</onclick>
		<onclick condition="!Integer.IsGreater(ListItem.DBID,0) + !String.IsEqual(Container(3203).ListItem.Property(tmdb_id),window(movieinformation).property(SelectedItem))">RunScript(plugin.video.themoviedb.helper,add_path=$INFO[Container(3203).ListItem.FolderPath],call_auto=1190)</onclick>
		<onclick condition="!Integer.IsGreater(ListItem.DBID,0) + String.IsEqual(Container(3203).ListItem.Property(tmdb_id),window(movieinformation).property(SelectedItem)) + String.IsEqual(Container(3203).ListItem.DBType,movie)">RunScript(plugin.video.themoviedb.helper,close_dialog=1190)</onclick>
		<onclick condition="!Integer.IsGreater(ListItem.DBID,0) + String.IsEqual(Container(3203).ListItem.Property(tmdb_id),window(movieinformation).property(SelectedItem)) + String.IsEqual(Container(3203).ListItem.DBType,movie)">Runscript(plugin.video.themoviedb.helper,play=movie,tmdb_id=$INFO[Container(3203).ListItem.UniqueID(tmdb)]),imdb_id=$INFO[Container(3203).ListItem.UniqueID(imdb)])</onclick>
	</include>

	<include name="ClickAction_Open_More_From_Director">
		<include content="Default_Transition" condition="Integer.IsGreater(ListItem.DBID,0)">
			<param name="id" value="3205" />
		</include>
		<onclick condition="Integer.IsGreater(ListItem.DBID,0) + Window.IsVisible(home) + !String.IsEqual(Container(3205).ListItem.DBID,window(movieinformation).property(SelectedItem))">ActivateWindow(Videos,videodb://movies/titles/?xsp=%7B%22order%22%3A%7B%22direction%22%3A%22ascending%22%2C%22ignorefolders%22%3A0%2C%22method%22%3A%22sorttitle%22%7D%2C%22rules%22%3A%7B%22and%22%3A%5B%7B%22field%22%3A%22title%22%2C%22operator%22%3A%22is%22%2C%22value%22%3A%5B$ESCINFO[Container(3205).ListItem.Title]%5D%7D%5D%7D%2C%22type%22%3A%22movies%22%7D)</onclick>
		<onclick condition="Integer.IsGreater(ListItem.DBID,0) + !Window.IsVisible(home) + !String.IsEqual(Container(3205).ListItem.DBID,window(movieinformation).property(SelectedItem))">Container.Update(videodb://movies/titles/?xsp=%7B%22order%22%3A%7B%22direction%22%3A%22ascending%22%2C%22ignorefolders%22%3A0%2C%22method%22%3A%22sorttitle%22%7D%2C%22rules%22%3A%7B%22and%22%3A%5B%7B%22field%22%3A%22title%22%2C%22operator%22%3A%22is%22%2C%22value%22%3A%5B$ESCINFO[Container(3205).ListItem.Title]%5D%7D%5D%7D%2C%22type%22%3A%22movies%22%7D)</onclick>
		<onclick condition="Integer.IsGreater(ListItem.DBID,0) + !String.IsEqual(Container(3205).ListItem.DBID,window(movieinformation).property(SelectedItem))">SetFocus(6001)</onclick>
		<onclick condition="Integer.IsGreater(ListItem.DBID,0)">SetFocus(3000)</onclick>
		<onclick condition="Integer.IsGreater(ListItem.DBID,0) + String.IsEqual(Container(3205).ListItem.DBID,window(movieinformation).property(SelectedItem))">SendClick(8)</onclick>
		<onclick condition="!Integer.IsGreater(ListItem.DBID,0) + !String.IsEqual(Container(3205).ListItem.Property(tmdb_id),window(movieinformation).property(SelectedItem))">Dialog.Close(all,true)</onclick>
		<onclick condition="!Integer.IsGreater(ListItem.DBID,0) + !String.IsEqual(Container(3205).ListItem.Property(tmdb_id),window(movieinformation).property(SelectedItem))">RunScript(plugin.video.themoviedb.helper,add_path=$INFO[Container(3205).ListItem.FolderPath],call_auto=1190)</onclick>
		<onclick condition="!Integer.IsGreater(ListItem.DBID,0) + String.IsEqual(Container(3205).ListItem.Property(tmdb_id),window(movieinformation).property(SelectedItem)) + String.IsEqual(Container(3205).ListItem.DBType,movie)">RunScript(plugin.video.themoviedb.helper,close_dialog=1190)</onclick>
		<onclick condition="!Integer.IsGreater(ListItem.DBID,0) + String.IsEqual(Container(3205).ListItem.Property(tmdb_id),window(movieinformation).property(SelectedItem)) + String.IsEqual(Container(3205).ListItem.DBType,movie)">Runscript(plugin.video.themoviedb.helper,play=movie,tmdb_id=$INFO[Container(3205).ListItem.UniqueID(tmdb)]),imdb_id=$INFO[Container(3205).ListItem.UniqueID(imdb)])</onclick>
	</include>

	<include name="ClickAction_Open_More_From_Studio">
		<include content="Default_Transition" condition="Integer.IsGreater(ListItem.DBID,0)">
			<param name="id" value="3206" />
		</include>
		<onclick condition="Integer.IsGreater(ListItem.DBID,0) + Window.IsVisible(home) + !String.IsEqual(Container(3206).ListItem.DBID,window(movieinformation).property(SelectedItem)) + String.IsEqual(Container(3206).ListItem.DBType,movie)">ActivateWindow(Videos,videodb://movies/titles/?xsp=%7B%22order%22%3A%7B%22direction%22%3A%22ascending%22%2C%22ignorefolders%22%3A0%2C%22method%22%3A%22sorttitle%22%7D%2C%22rules%22%3A%7B%22and%22%3A%5B%7B%22field%22%3A%22title%22%2C%22operator%22%3A%22is%22%2C%22value%22%3A%5B$ESCINFO[Container(3206).ListItem.Title]%5D%7D%5D%7D%2C%22type%22%3A%22movies%22%7D)</onclick>
		<onclick condition="Integer.IsGreater(ListItem.DBID,0) + Window.IsVisible(home) + !String.IsEqual(Container(3206).ListItem.DBID,window(movieinformation).property(SelectedItem)) + String.IsEqual(Container(3206).ListItem.DBType,tvshow)">ActivateWindow(Videos,videodb://tvshows/titles/?xsp=%7B%22order%22%3A%7B%22direction%22%3A%22ascending%22%2C%22ignorefolders%22%3A0%2C%22method%22%3A%22sorttitle%22%7D%2C%22rules%22%3A%7B%22and%22%3A%5B%7B%22field%22%3A%22title%22%2C%22operator%22%3A%22is%22%2C%22value%22%3A%5B$ESCINFO[Container(3206).ListItem.Title]%5D%7D%5D%7D%2C%22type%22%3A%22tvshows%22%7D)</onclick>
		<onclick condition="Integer.IsGreater(ListItem.DBID,0) + !Window.IsVisible(home) + !String.IsEqual(Container(3206).ListItem.DBID,window(movieinformation).property(SelectedItem)) + String.IsEqual(Container(3206).ListItem.DBType,movie)">Container.Update(videodb://movies/titles/?xsp=%7B%22order%22%3A%7B%22direction%22%3A%22ascending%22%2C%22ignorefolders%22%3A0%2C%22method%22%3A%22sorttitle%22%7D%2C%22rules%22%3A%7B%22and%22%3A%5B%7B%22field%22%3A%22title%22%2C%22operator%22%3A%22is%22%2C%22value%22%3A%5B$ESCINFO[Container(3206).ListItem.Title]%5D%7D%5D%7D%2C%22type%22%3A%22movies%22%7D)</onclick>
		<onclick condition="Integer.IsGreater(ListItem.DBID,0) + !Window.IsVisible(home) + !String.IsEqual(Container(3206).ListItem.DBID,window(movieinformation).property(SelectedItem)) + String.IsEqual(Container(3206).ListItem.DBType,tvshow)">Container.Update(videodb://tvshows/titles/?xsp=%7B%22order%22%3A%7B%22direction%22%3A%22ascending%22%2C%22ignorefolders%22%3A0%2C%22method%22%3A%22sorttitle%22%7D%2C%22rules%22%3A%7B%22and%22%3A%5B%7B%22field%22%3A%22title%22%2C%22operator%22%3A%22is%22%2C%22value%22%3A%5B$ESCINFO[Container(3206).ListItem.Title]%5D%7D%5D%7D%2C%22type%22%3A%22tvshows%22%7D)</onclick>
		<onclick condition="Integer.IsGreater(ListItem.DBID,0) + !String.IsEqual(ListItem.DBID,window(movieinformation).property(SelectedItem))">SetFocus(6001)</onclick>
		<onclick condition="Integer.IsGreater(ListItem.DBID,0)">SetFocus(3000)</onclick>
		<onclick condition="Integer.IsGreater(ListItem.DBID,0) + String.IsEqual(Container(3206).ListItem.DBID,window(movieinformation).property(SelectedItem))">SendClick(8)</onclick>
		<onclick condition="!Integer.IsGreater(ListItem.DBID,0) + !String.IsEqual(Container(3206).ListItem.Property(tmdb_id),window(movieinformation).property(SelectedItem))">Dialog.Close(all,true)</onclick>
		<onclick condition="!Integer.IsGreater(ListItem.DBID,0) + !String.IsEqual(Container(3206).ListItem.Property(tmdb_id),window(movieinformation).property(SelectedItem))">RunScript(plugin.video.themoviedb.helper,add_path=$INFO[Container(3206).ListItem.FolderPath],call_auto=1190)</onclick>
		<onclick condition="!Integer.IsGreater(ListItem.DBID,0) + String.IsEqual(Container(3206).ListItem.Property(tmdb_id),window(movieinformation).property(SelectedItem)) + String.IsEqual(Container(3206).ListItem.DBType,movie)">RunScript(plugin.video.themoviedb.helper,close_dialog=1190)</onclick>
		<onclick condition="!Integer.IsGreater(ListItem.DBID,0) + String.IsEqual(Container(3206).ListItem.Property(tmdb_id),window(movieinformation).property(SelectedItem)) + String.IsEqual(Container(3206).ListItem.DBType,movie)">Runscript(plugin.video.themoviedb.helper,play=movie,tmdb_id=$INFO[Container(3206).ListItem.UniqueID(tmdb)]),imdb_id=$INFO[Container(3206).ListItem.UniqueID(imdb)])</onclick>
	</include>

	<include name="ClickAction_Open_Similar">
		<include content="Default_Transition" condition="Integer.IsGreater(ListItem.DBID,0)">
			<param name="id" value="3207" />
		</include>
		<onclick condition="Integer.IsGreater(ListItem.DBID,0) + Window.IsVisible(home) + !String.IsEqual(Container(3207).ListItem.DBID,window(movieinformation).property(SelectedItem)) + String.IsEqual(Container(3207).ListItem.DBType,movie)">ActivateWindow(Videos,videodb://movies/titles/?xsp=%7B%22order%22%3A%7B%22direction%22%3A%22ascending%22%2C%22ignorefolders%22%3A0%2C%22method%22%3A%22sorttitle%22%7D%2C%22rules%22%3A%7B%22and%22%3A%5B%7B%22field%22%3A%22title%22%2C%22operator%22%3A%22is%22%2C%22value%22%3A%5B$ESCINFO[Container(3207).ListItem.Title]%5D%7D%5D%7D%2C%22type%22%3A%22movies%22%7D)</onclick>
		<onclick condition="Integer.IsGreater(ListItem.DBID,0) + Window.IsVisible(home) + !String.IsEqual(Container(3207).ListItem.DBID,window(movieinformation).property(SelectedItem)) + String.IsEqual(Container(3207).ListItem.DBType,tvshow)">ActivateWindow(Videos,videodb://tvshows/titles/?xsp=%7B%22order%22%3A%7B%22direction%22%3A%22ascending%22%2C%22ignorefolders%22%3A0%2C%22method%22%3A%22sorttitle%22%7D%2C%22rules%22%3A%7B%22and%22%3A%5B%7B%22field%22%3A%22title%22%2C%22operator%22%3A%22is%22%2C%22value%22%3A%5B$ESCINFO[Container(3207).ListItem.Title]%5D%7D%5D%7D%2C%22type%22%3A%22tvshows%22%7D)</onclick>
		<onclick condition="Integer.IsGreater(ListItem.DBID,0) + !Window.IsVisible(home) + !String.IsEqual(Container(3205).ListItem.DBID,window(movieinformation).property(SelectedItem)) + String.IsEqual(Container(3207).ListItem.DBType,movie)">Container.Update(videodb://movies/titles/?xsp=%7B%22order%22%3A%7B%22direction%22%3A%22ascending%22%2C%22ignorefolders%22%3A0%2C%22method%22%3A%22sorttitle%22%7D%2C%22rules%22%3A%7B%22and%22%3A%5B%7B%22field%22%3A%22title%22%2C%22operator%22%3A%22is%22%2C%22value%22%3A%5B$ESCINFO[Container(3207).ListItem.Title]%5D%7D%5D%7D%2C%22type%22%3A%22movies%22%7D)</onclick>
		<onclick condition="Integer.IsGreater(ListItem.DBID,0) + !Window.IsVisible(home) + !String.IsEqual(Container(3207).ListItem.DBID,window(movieinformation).property(SelectedItem)) + String.IsEqual(Container(3207).ListItem.DBType,tvshow)">Container.Update(videodb://tvshows/titles/?xsp=%7B%22order%22%3A%7B%22direction%22%3A%22ascending%22%2C%22ignorefolders%22%3A0%2C%22method%22%3A%22sorttitle%22%7D%2C%22rules%22%3A%7B%22and%22%3A%5B%7B%22field%22%3A%22title%22%2C%22operator%22%3A%22is%22%2C%22value%22%3A%5B$ESCINFO[Container(3207).ListItem.Title]%5D%7D%5D%7D%2C%22type%22%3A%22tvshows%22%7D)</onclick>
		<onclick condition="Integer.IsGreater(ListItem.DBID,0) + !String.IsEqual(ListItem.DBID,window(movieinformation).property(SelectedItem))">SetFocus(6001)</onclick>
		<onclick condition="Integer.IsGreater(ListItem.DBID,0)">SetFocus(3000)</onclick>
		<onclick condition="Integer.IsGreater(ListItem.DBID,0) + String.IsEqual(Container(3207).ListItem.DBID,window(movieinformation).property(SelectedItem))">SendClick(8)</onclick>
		<onclick condition="!Integer.IsGreater(ListItem.DBID,0) + !String.IsEqual(Container(3207).ListItem.Property(tmdb_id),window(movieinformation).property(SelectedItem))">Dialog.Close(all,true)</onclick>
		<onclick condition="!Integer.IsGreater(ListItem.DBID,0) + !String.IsEqual(Container(3207).ListItem.Property(tmdb_id),window(movieinformation).property(SelectedItem))">RunScript(plugin.video.themoviedb.helper,add_path=$INFO[Container(3207).ListItem.FolderPath],call_auto=1190)</onclick>
		<onclick condition="!Integer.IsGreater(ListItem.DBID,0) + String.IsEqual(Container(3207).ListItem.Property(tmdb_id),window(movieinformation).property(SelectedItem)) + String.IsEqual(Container(3207).ListItem.DBType,movie)">RunScript(plugin.video.themoviedb.helper,close_dialog=1190)</onclick>
		<onclick condition="!Integer.IsGreater(ListItem.DBID,0) + String.IsEqual(Container(3207).ListItem.Property(tmdb_id),window(movieinformation).property(SelectedItem)) + String.IsEqual(Container(3207).ListItem.DBType,movie)">Runscript(plugin.video.themoviedb.helper,play=movie,tmdb_id=$INFO[Container(3207).ListItem.UniqueID(tmdb)]),imdb_id=$INFO[Container(3207).ListItem.UniqueID(imdb)])</onclick>
	</include>

	<include name="ClickAction_Home_Open_Album">
		<onclick>ActivateWindow(music,musicdb://albums/$INFO[Container.ListItem.DBID]/-2/?albumid=$INFO[Container.ListItem.DBID],return)</onclick>
	</include>

	<include name="ClickAction_Play_All_Songs">
		<onclick condition="System.AddonIsEnabled(script.copacetic.helper) + Control.HasFocus(3201)">RunScript(script.copacetic.helper,action=play_music,id=3201,method=from_here)</onclick>
		<onclick condition="System.AddonIsEnabled(script.copacetic.helper) + Control.HasFocus(3202)">RunScript(script.copacetic.helper,action=play_music,id=3202,method=from_here)</onclick>
		<onclick condition="System.AddonIsEnabled(script.copacetic.helper) + Control.HasFocus(3203)">RunScript(script.copacetic.helper,action=play_music,id=3203,method=from_here)</onclick>
		<onclick condition="System.AddonIsEnabled(script.copacetic.helper) + Control.HasFocus(3204)">RunScript(script.copacetic.helper,action=play_music,id=3204,method=from_here)</onclick>
		<onclick condition="System.AddonIsEnabled(script.copacetic.helper) + Control.HasFocus(3205)">RunScript(script.copacetic.helper,action=play_music,id=3205,method=from_here)</onclick>
		<onclick condition="System.AddonIsEnabled(script.copacetic.helper) + Control.HasFocus(3206)">RunScript(script.copacetic.helper,action=play_music,id=3206,method=from_here)</onclick>
		<onclick condition="System.AddonIsEnabled(script.copacetic.helper) + Control.HasFocus(3207)">RunScript(script.copacetic.helper,action=play_music,id=3207,method=from_here)</onclick>
		<onclick condition="System.AddonIsEnabled(script.copacetic.helper) + Control.HasFocus(3208)">RunScript(script.copacetic.helper,action=play_music,id=3208,method=from_here)</onclick>
		<onclick condition="System.AddonIsEnabled(script.copacetic.helper) + Control.HasFocus(3209)">RunScript(script.copacetic.helper,action=play_music,id=3209,method=from_here)</onclick>
	</include>

	<include name="ClickAction_Play_Episodes">
		<onclick condition="Window.IsVisible(home) + String.IsEqual(Container(3201).ListItem.DBID,window(movieinformation).property(SelectedItem))">SendClick(8)</onclick>
		<onclick condition="!String.IsEqual(Container(3201).ListItem.DBID,window(movieinformation).property(SelectedItem))">Dialog.Close(all)</onclick>
		<onclick condition="!String.IsEqual(Container(3201).ListItem.DBID,window(movieinformation).property(SelectedItem))">PlayMedia($INFO[ListItem.Filenameandpath])</onclick>
	</include>

	<include name="ClickAction_Open_Season_Folder">
		<onclick condition="Integer.IsGreater(ListItem.DBID,0)">Dialog.Close(all)</onclick>
		<onclick condition="Integer.IsGreater(ListItem.DBID,0)">SetProperty(SentFromInfo,true,movieinformation)</onclick>
		<onclick condition="Integer.IsGreater(ListItem.DBID,0)">ActivateWindow(videos,$INFO[window(movieinformation).property(TVShowPath)]/$INFO[ListItem.Season]/,return)</onclick>
	</include>

	<include name="ClickAction_Open_Album">
		<onclick>Dialog.Close(all)</onclick>
		<onclick>SetProperty(SentFromInfo,true,musicinformation)</onclick>
		<onclick>ActivateWindow(music,musicdb://albums/$INFO[Container(3202).ListItem.DBID]/-2/,return)</onclick>
	</include>

	<include name="ClickAction_Open_Set">
		<onclick>Dialog.Close(all)</onclick>
		<onclick>SetProperty(SentFromInfo,true,movieinformation)</onclick>
		<onclick>ActivateWindow(videos,videodb://movies/sets/$INFO[ListItem.DBID]/,return)</onclick>
	</include>

</includes>