<?xml version="1.0" encoding="UTF-8"?>
<includes>

	<include name="defaultsettings_List_Content">
		<!-- General -->
		<control type="label" id="1">
			<description>General</description>
			<visible>Control.IsVisible(2)</visible>
			<include content="skinsettings_Default_Label" />
			<textcolor>$VAR[Unfocused_Color]</textcolor>
			<label>$LOCALIZE[128]</label>
		</control>
		<include content="defaultsettings_Radio_Button_Default_Off">
			<param name="id" value="2" />
			<param name="info" value="filelists.showparentdiritems" />
			<param name="label" value="$LOCALIZE[13306]" />
		</include>
		<!-- Videos -->
		<control type="label" id="3">
			<description>Video</description>
			<visible>Control.IsVisible(4) | Control.IsVisible(5) | Control.isVisible(6) | Control.IsVisible(7) | Control.IsVisible(8) | Control.IsVisible(9) | Control.IsVisible(10) | Control.IsVisible(11) | Control.IsVisible(12) | Control.IsVisible(13) | Control.IsVisible(14)</visible>
			<include content="skinsettings_Default_Label" />
			<textcolor>$VAR[Unfocused_Color]</textcolor>
			<label>$LOCALIZE[157]</label>
		</control>
		<include content="defaultsettings_Radio_Button_Default_Off">
			<param name="id" value="4" />
			<param name="info" value="videolibrary.showallitems" />
			<param name="label" value="$LOCALIZE[38011]" />
		</include>
		<include content="defaultsettings_Radio_Button_Default_On">
			<param name="id" value="5" />
			<param name="info" value="videolibrary.groupmoviesets" />
			<param name="label" value="$LOCALIZE[20458]" />
		</include>
		<include content="defaultsettings_Radio_Button_NoTexture">
			<param name="id" value="6" />
			<param name="info" value="videolibrary.flattentvshows" />
			<param name="label" value="$LOCALIZE[20412]" />
			<param name="label2" value="$VAR[defaultsettings_videolibrary.flattentvshows_Label2]" />
		</include>
		<include content="defaultsettings_Radio_Button_Default_Off">
			<param name="id" value="7" />
			<param name="info" value="videolibrary.showemptytvshows" />
			<param name="label" value="$LOCALIZE[20471]" />
		</include>
		<include content="defaultsettings_Radio_Button_NoTexture">
			<param name="id" value="8" />
			<param name="info" value="videolibrary.tvshowsselectfirstunwatcheditem" />
			<param name="label" value="$LOCALIZE[21416]" />
			<param name="label2" value="$VAR[defaultsettings_videolibrary.tvshowsselectfirstunwatcheditem_Label2]" />
		</include>
		<include content="defaultsettings_Radio_Button_NoTexture">
			<param name="id" value="9" />
			<param name="info" value="videolibrary.tvshowsincludeallseasonsandspecials" />
			<param name="label" value="$LOCALIZE[21472]" />
			<param name="label2" value="$VAR[defaultsettings_videolibrary.tvshowsincludeallseasonsandspecials_Label2]" />
		</include>
		<include content="defaultsettings_Radio_Button_NoTexture">
			<param name="id" value="10" />
			<param name="info" value="videolibrary.artworklevel" />
			<param name="label" value="$LOCALIZE[39137]" />
			<param name="label2" value="$VAR[defaultsettings_videolibrary.artworklevel_Label2]" />
		</include>
		<include content="defaultsettings_Radio_Button_NoTexture">
			<param name="id" value="11" />
			<param name="visible" value="Skin.HasSetting(videolibrary.artworklevel)" />
			<param name="info" value="videolibrary.movieartwhitelist" />
			<param name="label" value="$LOCALIZE[39143]" />
			<param name="label2" value="$VAR[defaultsettings_videolibrary.movieartwhitelist_Label2]" />
		</include>
		<include content="defaultsettings_Radio_Button_NoTexture_Disabled">
			<param name="id" value="12" />
			<param name="visible" value="!Skin.HasSetting(videolibrary.artworklevel)" />
			<param name="info" value="videolibrary.movieartwhitelist" />
			<param name="label" value="$LOCALIZE[39143]" />
			<param name="label2" value="$VAR[defaultsettings_videolibrary.movieartwhitelist_Label2]" />
		</include>
		<include content="defaultsettings_Radio_Button_NoTexture">
			<param name="id" value="13" />
			<param name="visible" value="Skin.HasSetting(videolibrary.artworklevel)" />
			<param name="info" value="videolibrary.tvshowartwhitelist" />
			<param name="label" value="$LOCALIZE[39145]" />
			<param name="label2" value="$VAR[defaultsettings_videolibrary.tvshowartwhitelist_Label2]" />
		</include>
		<include content="defaultsettings_Radio_Button_NoTexture_Disabled">
			<param name="id" value="14" />
			<param name="visible" value="!Skin.HasSetting(videolibrary.artworklevel)" />
			<param name="info" value="videolibrary.tvshowartwhitelist" />
			<param name="label" value="$LOCALIZE[39145]" />
			<param name="label2" value="$VAR[defaultsettings_videolibrary.tvshowartwhitelist_Label2]" />
		</include>
		<!-- Music -->
		<control type="label" id="15">
			<description>Music</description>
			<visible>Control.IsVisible(16) | Control.IsVisible(17)</visible>
			<include content="skinsettings_Default_Label" />
			<textcolor>$VAR[Unfocused_Color]</textcolor>
			<label>$LOCALIZE[2]</label>
		</control>
		<include content="defaultsettings_Radio_Button_Default_Off">
			<param name="id" value="16" />
			<param name="info" value="musiclibrary.showallitems" />
			<param name="label" value="$LOCALIZE[38011]" />
		</include>
		<include content="defaultsettings_Radio_Button_Default_Off">
			<param name="id" value="17" />
			<param name="info" value="musiclibrary.showcompilationartists" />
			<param name="label" value="$LOCALIZE[13414]" />
		</include>
		<!-- Pictures -->
		<control type="label" id="18">
			<description>Pictures</description>
			<visible>Control.IsVisible(19)</visible>
			<include content="skinsettings_Default_Label" />
			<textcolor>$VAR[Unfocused_Color]</textcolor>
			<label>$LOCALIZE[1]</label>
		</control>
		<include content="defaultsettings_Radio_Button_Default_On">
			<param name="id" value="19" />
			<param name="info" value="pictures.generatethumbs" />
			<param name="label" value="$LOCALIZE[13360]" />
		</include>
		<!-- Music player -->
		<control type="label" id="20">
			<description>Player</description>
			<visible>Control.IsVisible(21)</visible>
			<include content="skinsettings_Default_Label" />
			<textcolor>$VAR[Unfocused_Color]</textcolor>
			<label>$LOCALIZE[14200]</label>
		</control>
		<include content="defaultsettings_Radio_Button_NoTexture">
			<param name="id" value="21" />
			<param name="info" value="musicplayer.visualisation" />
			<param name="label" value="$LOCALIZE[250]" />
			<param name="label2" value="$VAR[defaultsettings_musicplayer.visualisation_Label2]" />
		</include>
	</include>

	<include name="profiles_Left_List_Content">
		<control type="button" id="100">
			<onright>501</onright>
			<label>$LOCALIZE[128]</label>
			<usealttexture>!Control.HasFocus(500)</usealttexture>
			<texturefocus />
		</control>
		<control type="togglebutton" id="101">
			<onright>2</onright>
			<label>$LOCALIZE[13200]</label>
			<texturefocus />
		</control>
	</include>

	<include name="profiles_Right_List_Content">
		<control type="radiobutton" id="4">
			<description>Enable login screen</description>
			<label>20096</label>
		</control>
		<control type="button" id="5">
			<description>Auto login</description>
			<label>33084</label>
			<label2>$INFO[System.ProfileAutoLogin]</label2>
			<enable>!System.HasLoginScreen</enable>
		</control>
	</include>

	<include name="skinsettings_Left_List_Content">
		<control type="button" id="10">
			<description>General</description>
			<label>$LOCALIZE[31470]</label>
			<texturefocus />
		</control>
		<control type="button" id="11">
			<description>Home</description>
			<label>$LOCALIZE[31400]</label>
			<texturefocus />
		</control>
		<control type="button" id="12">
			<description>Widgets</description>
			<visible>Skin.HasSetting(Widgets_Enabled)</visible>
			<label>$LOCALIZE[31419]</label>
			<texturefocus />
		</control>
		<control type="button" id="13">
			<description>Views</description>
			<label>$LOCALIZE[31422]</label>
			<texturefocus />
		</control>
		<control type="button" id="14">
			<description>Customisations</description>
			<label>$LOCALIZE[31424]</label>
			<texturefocus />
		</control>
		<control type="button" id="15">
			<description>Extras</description>
			<label>$LOCALIZE[31432]</label>
			<texturefocus />
		</control>
		<control type="button" id="16">
			<description>Experiments</description>
			<label>$LOCALIZE[31463]</label>
			<texturefocus />
		</control>
	</include>

	<include name="skinsettings_Right_List_Content_Home">
		<!-- General -->
		<control type="label" id="1000">
			<description>Look and feel</description>
			<visible>!ControlGroup(9).HasFocus(11) + !ControlGroup(9).HasFocus(12) + !ControlGroup(9).HasFocus(13) + !ControlGroup(9).HasFocus(14) + !ControlGroup(9).HasFocus(15) + !ControlGroup(9).HasFocus(16)</visible>
			<include content="skinsettings_Default_Label" />
			<textcolor>$VAR[Unfocused_Color]</textcolor>
			<label>$LOCALIZE[24997]</label>
		</control>
		<control type="image" id="1001">
			<description>Themes screenshot</description>
			<visible>!ControlGroup(9).HasFocus(11) + !ControlGroup(9).HasFocus(12) + !ControlGroup(9).HasFocus(13) + !ControlGroup(9).HasFocus(14) + !ControlGroup(9).HasFocus(15) + !ControlGroup(9).HasFocus(16)</visible>
			<right>60</right>
			<height>450</height>
			<fadetime>360</fadetime>
			<aspectratio align="right">keep</aspectratio>
			<texture>$VAR[skinsettings_Themes_Screenshots]</texture>
		</control>
		<control type="radiobutton" id="1002">
			<description>Night / Light</description>
			<visible>!ControlGroup(9).HasFocus(11) + !ControlGroup(9).HasFocus(12) + !ControlGroup(9).HasFocus(13) + !ControlGroup(9).HasFocus(14) + !ControlGroup(9).HasFocus(15) + !ControlGroup(9).HasFocus(16)</visible>
			<label>$LOCALIZE[15111]</label>
			<label2>$VAR[Theme_Label]</label2>
			<selected>!Skin.String(Theme,Light)</selected>
			<onclick condition="!Skin.String(Theme,Light)">Skin.SetString(Theme,Light)</onclick>
			<onclick condition="Skin.String(Theme,Light)">Skin.SetString(Theme,Dark)</onclick>
			<textureradioonfocus />
			<textureradioofffocus />
			<textureradioonnofocus />
			<textureradiooffnofocus />
			<textureradioondisabled />
			<textureradiooffdisabled />
		</control>
		<control type="colorbutton" id="1003">
			<description>Accent colour</description>
			<visible>ControlGroup(9).HasFocus(10)</visible>
			<label>$LOCALIZE[31458]</label>
			<onclick>Skin.SetColor(User_Defined_Accent_Color,31459,ff5174)</onclick>
			<colorbox>$VAR[Accent_Color]</colorbox>
		</control>
		<control type="button" id="1004">
			<description>Reset accent colour</description>
			<visible>ControlGroup(9).HasFocus(10)</visible>
			<visible>!Skin.String(User_Defined_Accent_Color,copacetic_accent_color)</visible>
			<label>- $LOCALIZE[31460]</label>
			<onclick>Skin.SetString(User_Defined_Accent_Color,copacetic_accent_color)</onclick>
			<onclick>SetFocus(1004)</onclick>
		</control>
		<control type="button" id="1005">
			<description>Recommended Kodi settings</description>
			<visible>ControlGroup(9).HasFocus(10)</visible>
			<visible>!String.IsEmpty(Window(home).Property(Settings_To_Change))</visible>
			<label>$LOCALIZE[31473]</label>
			<onclick>ActivateWindow(1100)</onclick>
		</control>
		<control type="label" id="1006">
			<description>Recommended Kodi settings</description>
			<visible>ControlGroup(9).HasFocus(10)</visible>
			<visible>String.IsEmpty(Window(home).Property(Settings_To_Change))</visible>
			<textoffsetx>60</textoffsetx>
			<include content="skinsettings_Default_Label" />
			<textcolor>$VAR[Disabled_Color]</textcolor>
			<label>$LOCALIZE[31473]</label>
		</control>
		<control type="label" id="1007">
			<description>Menus</description>
			<visible>ControlGroup(9).HasFocus(10)</visible>
			<include content="skinsettings_Default_Label" />
			<textcolor>$VAR[Unfocused_Color]</textcolor>
			<label>$LOCALIZE[31402]</label>
		</control>
		<control type="button" id="1008">
			<description>Home menu</description>
			<visible>ControlGroup(9).HasFocus(10)</visible>
			<label>$LOCALIZE[31403]</label>
			<onclick>RunScript(script.skinshortcuts,type=manage&amp;group=mainmenu)</onclick>
		</control>
		<control type="button" id="1009">
			<description>Shutdown menu</description>
			<visible>ControlGroup(9).HasFocus(10)</visible>
			<label>$LOCALIZE[31404]</label>
			<onclick>RunScript(script.skinshortcuts,type=manage&amp;group=shutdownmenu)</onclick>
		</control>
		<control type="button" id="1010">
			<description>Reset menus</description>
			<visible>ControlGroup(9).HasFocus(10)</visible>
			<label>$LOCALIZE[31405]</label>
			<onclick>RunScript(script.skinshortcuts,type=resetall)</onclick>
		</control>
		<control type="label" id="1011">
			<description>Artwork</description>
			<visible>ControlGroup(9).HasFocus(10)</visible>
			<include content="skinsettings_Default_Label" />
			<textcolor>$VAR[Unfocused_Color]</textcolor>
			<label>Background service</label>
		</control>
		<control type="image" id="1012">
			<description>Themes screenshot</description>
			<visible>ControlGroup(9).HasFocus(10)</visible>
			<right>60</right>
			<height>450</height>
			<fadetime>360</fadetime>
			<aspectratio align="right">keep</aspectratio>
			<texture>$VAR[skinsettings_Clearlogo_Cropper_Screenshots]</texture>
		</control>
		<control type="radiobutton" id="1013">
			<description>Crop clearlogos</description>
			<label>$LOCALIZE[31479]</label>
			<onclick>Skin.ToggleSetting(Crop_Clearlogos)</onclick>
			<selected>Skin.HasSetting(Crop_Clearlogos)</selected>
			<visible>ControlGroup(9).HasFocus(10)</visible>
		</control>
		<control type="button" id="1014">
			<description>Clear cache</description>
			<label>- $LOCALIZE[31481]</label>
			<label2>$INFO[Window(home).Property(Addon_Data_Folder_Size)]</label2>
			<onclick condition="!String.Contains(Window(home).Property(Addon_Data_Folder_Size),bytes)">RunScript(script.copacetic.helper,action=clear_cache)</onclick>
			<visible>ControlGroup(9).HasFocus(10)</visible>
		</control>
		<control type="radiobutton" id="1015">
			<description>Colorise media flags</description>
			<label>- $LOCALIZE[31483]</label>
			<onclick>Skin.ToggleSetting(Colorise_Flags)</onclick>
			<selected>Skin.HasSetting(Colorise_Flags)</selected>
			<visible>ControlGroup(9).HasFocus(10)</visible>
			<visible>Skin.HasSetting(Crop_Clearlogos)</visible>
		</control>
		<include content="skinsettings_Double_Slider_Button">
			<param name="visible" value="Skin.HasSetting(Crop_Clearlogos) + Skin.HasSetting(Colorise_Flags)" />
			<param name="info" value="Background_Low_Threshold" />
			<param name="info2" value="Background_High_Threshold" />
			<param name="label" value="- $LOCALIZE[31485]" />
			<param name="label2" value="$INFO[Skin.String(Background_Low_Threshold)]$INFO[Skin.String(Background_High_Threshold), - ]" />
			<param name="category" value="10" />
			<param name="previous" value="1015" />
			<param name="id" value="1016" />
			<param name="next" value="1017" />
		</include>
		<control type="radiobutton" id="1017">
			<description>Enable background fanart slideshow</description>
			<label>$LOCALIZE[31425]</label>
			<onclick>Skin.ToggleSetting(Background_Disabled)</onclick>
			<selected>!Skin.HasSetting(Background_Disabled)</selected>
			<visible>ControlGroup(9).HasFocus(10)</visible>
		</control>
		<include content="skinsettings_Slider_Button">
			<param name="visible" value="!Skin.HasSetting(Background_Disabled)" />
			<param name="info" value="Background_Interval" />
			<param name="label" value="- $LOCALIZE[31437]" />
			<param name="label2" value="$INFO[Skin.String(Background_Interval)]" />
			<param name="category" value="10" />
			<param name="previous" value="1017" />
			<param name="id" value="1018" />
			<param name="next" value="1019" />
		</include>
		<control type="label" id="1019">
			<description>Artwork</description>
			<visible>ControlGroup(9).HasFocus(10)</visible>
			<include content="skinsettings_Default_Label" />
			<textcolor>$VAR[Unfocused_Color]</textcolor>
			<label>$LOCALIZE[39123]</label>
		</control>
		<control type="image" id="1020">
			<description>Prefer keyart screenshot</description>
			<visible>ControlGroup(9).HasFocus(10)</visible>
			<right>60</right>
			<height>450</height>
			<fadetime>360</fadetime>
			<aspectratio align="right">keep</aspectratio>
			<texture>$VAR[skinsettings_Prefer_Keyart_Screenshots]</texture>
		</control>
		<control type="radiobutton" id="1021">
			<description>Prefer keyart for poster views</description>
			<label>$LOCALIZE[31426]</label>
			<onclick>Skin.ToggleSetting(Prefer_Keyart)</onclick>
			<selected>Skin.HasSetting(Prefer_Keyart)</selected>
			<visible>ControlGroup(9).HasFocus(10)</visible>
		</control>
		<!--Home-->
		<control type="label" id="1100">
			<description>Widgets</description>
			<visible>ControlGroup(9).HasFocus(11)</visible>
			<include content="skinsettings_Default_Label" />
			<textcolor>$VAR[Unfocused_Color]</textcolor>
			<label>$LOCALIZE[31419]</label>
		</control>
		<control type="radiobutton" id="1103">
			<description>Enable widgets</description>
			<label>$LOCALIZE[31406]</label>
			<onclick>Skin.ToggleSetting(Widgets_Enabled)</onclick>
			<selected>Skin.HasSetting(Widgets_Enabled)</selected>
			<visible>ControlGroup(9).HasFocus(11)</visible>
		</control>
		<control type="button" id="1104">
			<description>- Reset widgets</description>
			<label>- $LOCALIZE[31407]</label>
			<onclick>RunScript(script.copacetic.helper,action=dialog_yesno,heading=$LOCALIZE[31407],message=$LOCALIZE[31408],yes_actions=SetFocus(4200))</onclick>
			<visible>ControlGroup(9).HasFocus(11) + Skin.HasSetting(Widgets_Enabled) + System.AddonIsEnabled(script.copacetic.helper)</visible>
		</control>
		<control type="label" id="1105">
			<description>Background</description>
			<include content="skinsettings_Default_Label" />
			<textcolor>$VAR[Unfocused_Color]</textcolor>
			<label>$LOCALIZE[31401]</label>
			<visible>ControlGroup(9).HasFocus(11)</visible>
		</control>
		<control type="radiobutton" id="1106">
			<description>Override home menu artwork</description>
			<label>$LOCALIZE[31409]</label>
			<onclick>Skin.ToggleSetting(Home_Background_Override_Enabled)</onclick>
			<selected>Skin.HasSetting(Home_Background_Override_Enabled)</selected>
			<visible>ControlGroup(9).HasFocus(11)</visible>
		</control>
		<include content="skinsettings_Slider_Button">
			<param name="info" value="Home_Background_Override_Source" />
			<param name="visible" value="Skin.HasSetting(Home_Background_Override_Enabled) + !Skin.HasSetting(Background_Disabled)" />
			<param name="label" value="- $LOCALIZE[31465]" />
			<param name="label2" value="$VAR[skinsettings_Home_Background_Override_Source_Label]" />
			<param name="category" value="11" />
			<param name="previous" value="1106" />
			<param name="id" value="1107" />
			<param name="next" value="1108" />
		</include>
		<control type="button" id="1108">
			<description>- Choose a custom path</description>
			<label>$VAR[skinsettings_Home_Background_Override_Path_Label,- ]</label>
			<onclick>RunScript(script.skinshortcuts,type=shortcuts&amp;custom=True&amp;showNone=False&amp;skinList=Home_Background_Override_Path)</onclick>
			<visible>ControlGroup(9).HasFocus(11) + Skin.HasSetting(Home_Background_Override_Enabled) + [Skin.String(Home_Background_Override_Source,Custom) | Skin.HasSetting(Background_Disabled)]</visible>
		</control>
		<include content="skinsettings_Slider_Button">
			<param name="info" value="Home_Background_Brightness" />
			<param name="label" value="$LOCALIZE[31411]" />
			<param name="label2" value="$INFO[Skin.String(Home_Background_Brightness)]" />
			<param name="category" value="11" />
			<param name="previous" value="1108" />
			<param name="id" value="1109" />
			<param name="next" value="1110" />
		</include>
		<control type="radiobutton" id="1110">
			<description>Add movement to background</description>
			<label>$LOCALIZE[31415]</label>
			<onclick>Skin.ToggleSetting(Home_Ken_Burns_Effect)</onclick>
			<selected>Skin.HasSetting(Home_Ken_Burns_Effect)</selected>
			<visible>ControlGroup(9).HasFocus(11)</visible>
		</control>
		<control type="radiobutton" id="1111">
			<description>Enable screensaver</description>
			<label>$LOCALIZE[31416]</label>
			<onclick>Skin.ToggleSetting(Home_Screensaver_Enabled)</onclick>
			<selected>Skin.HasSetting(Home_Screensaver_Enabled)</selected>
			<visible>ControlGroup(9).HasFocus(11)</visible>
		</control>
		<control type="radiobutton" id="1112">
			<description> - Show clearlogo</description>
			<label>- $LOCALIZE[31417]</label>
			<onclick>Skin.ToggleSetting(Home_Screensaver_Clearlogo_Enabled)</onclick>
			<selected>Skin.HasSetting(Home_Screensaver_Clearlogo_Enabled)</selected>
			<visible>ControlGroup(9).HasFocus(11) + Skin.HasSetting(Home_Screensaver_Enabled)</visible>
		</control>
		<control type="radiobutton" id="1113">
			<description>Hide clock</description>
			<label>$LOCALIZE[31418]</label>
			<onclick>Skin.ToggleSetting(Hide_Home_Clock)</onclick>
			<selected>Skin.HasSetting(Hide_Home_Clock)</selected>
			<visible>ControlGroup(9).HasFocus(11)</visible>
		</control>
		<!-- Widgets -->
		<include content="Widget_Settings">
			<param name="previous_widget_position" value="9" />
			<param name="widget_position" value="1" />
			<param name="next_widget_position" value="2" />
		</include>
		<include content="Widget_Settings">
			<param name="previous_widget_position" value="1" />
			<param name="widget_position" value="2" />
			<param name="next_widget_position" value="3" />
		</include>
		<include content="Widget_Settings">
			<param name="previous_widget_position" value="2" />
			<param name="widget_position" value="3" />
			<param name="next_widget_position" value="4" />
		</include>
		<include content="Widget_Settings">
			<param name="previous_widget_position" value="3" />
			<param name="widget_position" value="4" />
			<param name="next_widget_position" value="5" />
		</include>
		<include content="Widget_Settings">
			<param name="previous_widget_position" value="4" />
			<param name="widget_position" value="5" />
			<param name="next_widget_position" value="6" />
		</include>
		<include content="Widget_Settings">
			<param name="previous_widget_position" value="5" />
			<param name="widget_position" value="6" />
			<param name="next_widget_position" value="7" />
		</include>
		<include content="Widget_Settings">
			<param name="previous_widget_position" value="6" />
			<param name="widget_position" value="7" />
			<param name="next_widget_position" value="8" />
		</include>
		<include content="Widget_Settings">
			<param name="previous_widget_position" value="7" />
			<param name="widget_position" value="8" />
			<param name="next_widget_position" value="9" />
		</include>
		<include content="Widget_Settings">
			<param name="previous_widget_position" value="8" />
			<param name="widget_position" value="9" />
			<param name="next_widget_position" value="1" />
		</include>
		<!-- Views -->
		<control type="label" id="1301">
			<description>Billboard</description>
			<visible>ControlGroup(9).HasFocus(13)</visible>
			<textcolor>$VAR[Unfocused_Color]</textcolor>
			<label>$LOCALIZE[31005]</label>
			<include content="skinsettings_Default_Label" />
		</control>
		<control type="image" id="1300">
			<description>Billboard screenshot</description>
			<visible>ControlGroup(9).HasFocus(13)</visible>
			<right>60</right>
			<height>450</height>
			<aspectratio align="right">keep</aspectratio>
			<texture>special://skin/resources/screenshot-06.jpg</texture>
		</control>
		<control type="radiobutton" id="1302">
			<label>$LOCALIZE[31455]</label>
			<visible>ControlGroup(9).HasFocus(13) + !Control.HasFocus(1301)</visible>
			<onclick>Skin.ToggleSetting(BillboardView_Enabled)</onclick>
			<selected>Skin.HasSetting(BillboardView_Enabled)</selected>
		</control>
		<control type="radiobutton" id="1303">
			<description>Billboard - Addons/Programs</description>
			<visible>ControlGroup(9).HasFocus(13)</visible>
			<label>$LOCALIZE[31456]</label>
			<onclick>Skin.ToggleSetting(BillboardView_Enabled_Addons)</onclick>
			<selected>Skin.HasSetting(BillboardView_Enabled_Addons)</selected>
		</control>
		<control type="label" id="1311">
			<description>Showcase</description>
			<visible>ControlGroup(9).HasFocus(13)</visible>
			<textcolor>$VAR[Unfocused_Color]</textcolor>
			<label>$LOCALIZE[31006]</label>
			<include content="skinsettings_Default_Label" />
		</control>
		<control type="image" id="1310">
			<description>Showcase screenshot</description>
			<visible>ControlGroup(9).HasFocus(13)</visible>
			<right>60</right>
			<height>450</height>
			<aspectratio align="right">keep</aspectratio>
			<texture>special://skin/resources/screenshot-04.jpg</texture>
		</control>
		<control type="radiobutton" id="1312">
			<description>Showcase - Videos/Music</description>
			<visible>ControlGroup(9).HasFocus(13)</visible>
			<label>$LOCALIZE[31455]</label>
			<onclick>Skin.ToggleSetting(ShowcaseView_Enabled)</onclick>
			<selected>Skin.HasSetting(ShowcaseView_Enabled)</selected>
		</control>
		<control type="radiobutton" id="1313">
			<description>Showcase - Pictures</description>
			<visible>ControlGroup(9).HasFocus(13)</visible>
			<label>$LOCALIZE[31457]</label>
			<onclick>Skin.ToggleSetting(ShowcaseView_Enabled_Pictures)</onclick>
			<selected>Skin.HasSetting(ShowcaseView_Enabled_Pictures)</selected>
		</control>
		<control type="radiobutton" id="1314">
			<description>Showcase - Addons/Programs</description>
			<visible>ControlGroup(9).HasFocus(13)</visible>
			<label>$LOCALIZE[31456]</label>
			<onclick>Skin.ToggleSetting(ShowcaseView_Enabled_Addons)</onclick>
			<selected>Skin.HasSetting(ShowcaseView_Enabled_Addons)</selected>
		</control>
		<control type="label" id="1321">
			<description>Strip</description>
			<visible>ControlGroup(9).HasFocus(13)</visible>
			<textcolor>$VAR[Unfocused_Color]</textcolor>
			<label>$LOCALIZE[31007]</label>
			<include content="skinsettings_Default_Label" />
		</control>
		<control type="image" id="1320">
			<description>Strip screenshot</description>
			<visible>ControlGroup(9).HasFocus(13)</visible>
			<right>60</right>
			<height>450</height>
			<aspectratio align="right">keep</aspectratio>
			<texture>special://skin/resources/screenshot-02.jpg</texture>
		</control>
		<control type="radiobutton" id="1322">
			<description>Strip - Videos/Music</description>
			<visible>ControlGroup(9).HasFocus(13)</visible>
			<label>$LOCALIZE[31455]</label>
			<onclick>Skin.ToggleSetting(StripView_Enabled)</onclick>
			<selected>Skin.HasSetting(StripView_Enabled)</selected>
		</control>
		<control type="radiobutton" id="1323">
			<description>Strip - Pictures</description>
			<visible>ControlGroup(9).HasFocus(13)</visible>
			<label>$LOCALIZE[31457]</label>
			<onclick>Skin.ToggleSetting(StripView_Enabled_Pictures)</onclick>
			<selected>Skin.HasSetting(StripView_Enabled_Pictures)</selected>
		</control>
		<control type="radiobutton" id="1324">
			<description>Strip - Addons/Programs</description>
			<visible>ControlGroup(9).HasFocus(13)</visible>
			<label>$LOCALIZE[31456]</label>
			<onclick>Skin.ToggleSetting(StripView_Enabled_Addons)</onclick>
			<selected>Skin.HasSetting(StripView_Enabled_Addons)</selected>
		</control>
		<control type="label" id="1331">
			<description>Grid</description>
			<visible>ControlGroup(9).HasFocus(13)</visible>
			<textcolor>$VAR[Unfocused_Color]</textcolor>
			<label>$LOCALIZE[31008]</label>
			<include content="skinsettings_Default_Label" />
		</control>
		<control type="image" id="1330">
			<description>Grid screenshot</description>
			<visible>ControlGroup(9).HasFocus(13)</visible>
			<right>60</right>
			<height>450</height>
			<aspectratio align="right">keep</aspectratio>
			<texture>special://skin/resources/screenshot-09.jpg</texture>
		</control>
		<control type="radiobutton" id="1332">
			<description>Grid - Videos/Music</description>
			<visible>ControlGroup(9).HasFocus(13)</visible>
			<label>$LOCALIZE[31455]</label>
			<onclick>Skin.ToggleSetting(GridView_Enabled)</onclick>
			<selected>Skin.HasSetting(GridView_Enabled)</selected>
		</control>
		<control type="radiobutton" id="1333">
			<description>Dim thumbnails for watched listitems</description>
			<visible>ControlGroup(9).HasFocus(13) + Skin.HasSetting(GridView_Enabled)</visible>
			<label>- $LOCALIZE[31423]</label>
			<onclick>Skin.ToggleSetting(GridView_WatchedStatus_Enabled)</onclick>
			<selected>Skin.HasSetting(GridView_WatchedStatus_Enabled)</selected>
		</control>
		<control type="radiobutton" id="1334">
			<description>Checkmarks instead of completed progress bar for watched items</description>
			<visible>ControlGroup(9).HasFocus(13) + Skin.HasSetting(GridView_Enabled)</visible>
			<label>- $LOCALIZE[31461]</label>
			<onclick>Skin.ToggleSetting(GridView_AltWatchedStatus_Enabled)</onclick>
			<selected>Skin.HasSetting(GridView_AltWatchedStatus_Enabled)</selected>
		</control>
		<control type="radiobutton" id="1335">
			<description>Grid - Pictures</description>
			<visible>ControlGroup(9).HasFocus(13)</visible>
			<label>$LOCALIZE[31457]</label>
			<onclick>Skin.ToggleSetting(GridView_Enabled_Pictures)</onclick>
			<selected>Skin.HasSetting(GridView_Enabled_Pictures)</selected>
		</control>
		<control type="radiobutton" id="1336">
			<description>Grid - Addons/Programs</description>
			<visible>ControlGroup(9).HasFocus(13)</visible>
			<label>$LOCALIZE[31456]</label>
			<onclick>Skin.ToggleSetting(GridView_Enabled_Addons)</onclick>
			<selected>Skin.HasSetting(GridView_Enabled_Addons)</selected>
		</control>
		<!-- Customisations -->
		<control type="label" id="1400">
			<description>Library</description>
			<include content="skinsettings_Default_Label" />
			<textcolor>$VAR[Unfocused_Color]</textcolor>
			<label>$LOCALIZE[14022]</label>
			<visible>ControlGroup(9).HasFocus(14)</visible>
		</control>
		<control type="button" id="1401">
			<description>Choose preferred classification ratings...</description>
			<label>$VAR[skinsettings_Preferred_MPAA_Label]</label>
			<label2>$VAR[skinsettings_Preferred_MPAA_Label2]</label2>
			<onclick>Skin.SelectBool(31600, 31601|Preferred_Rating_BBFC, 31602|Preferred_Rating_MPAA, 31604|Preferred_Rating_CHVRS, 31603|Preferred_Rating_ACB, 31605|Preferred_Rating_DJCTQ, 31606|Preferred_Rating_EIRIN, 31607|Preferred_Rating_FSK, 31609|Preferred_Rating_KIJKWIJZER)</onclick>
			<visible>ControlGroup(9).HasFocus(14)</visible>
		</control>
		<control type="radiobutton" id="1403">
			<description>Show unwatched episodes count</description>
			<label>$LOCALIZE[31427]</label>
			<onclick>Skin.ToggleSetting(Unwatched_Indicator)</onclick>
			<selected>Skin.HasSetting(Unwatched_Indicator)</selected>
			<visible>ControlGroup(9).HasFocus(14)</visible>
		</control>
		<control type="radiobutton" id="1404">
			<description>Scroll by sort letter</description>
			<label>$LOCALIZE[31431]</label>
			<onclick>Skin.ToggleSetting(SortLetter_Enabled)</onclick>
			<selected>Skin.HasSetting(SortLetter_Enabled)</selected>
			<visible>ControlGroup(9).HasFocus(14)</visible>
		</control>
		<include content="skinsettings_Slider_Button">
			<param name="info" value="Music_Rating_Like_Threshold" />
			<param name="label" value="$LOCALIZE[31453]" />
			<param name="label2" value="$VAR[skinsettings_Music_Rating_Like_Threshold_Label]" />
			<param name="category" value="14" />
			<param name="previous" value="1404" />
			<param name="id" value="1405" />
			<param name="next" value="1406" />
		</include>
		<control type="label" id="1406">
			<description>Player</description>
			<include content="skinsettings_Default_Label" />
			<textcolor>$VAR[Unfocused_Color]</textcolor>
			<label>$LOCALIZE[14200]</label>
			<visible>ControlGroup(9).HasFocus(14)</visible>
		</control>
		<control type="radiobutton" id="1407">
			<description>Instantly hide progress bar on pause screen</description>
			<label>$LOCALIZE[31429]</label>
			<onclick>Skin.ToggleSetting(Player_Progress_Disabled)</onclick>
			<selected>Skin.HasSetting(Player_Progress_Disabled)</selected>
			<visible>ControlGroup(9).HasFocus(14)</visible>
		</control>
		<control type="radiobutton" id="1408">
			<description>Show info on pause screen</description>
			<label>$LOCALIZE[31430]</label>
			<onclick>Skin.ToggleSetting(Pause_Screen_Info_Enabled)</onclick>
			<selected>Skin.HasSetting(Pause_Screen_Info_Enabled)</selected>
			<visible>ControlGroup(9).HasFocus(14)</visible>
		</control>
		<!-- Extras -->
		<control type="radiobutton" id="1501">
			<description>Enable embedded lists</description>
			<label>$LOCALIZE[31433]</label>
			<onclick>Skin.ToggleSetting(Secondary_List_Enabled)</onclick>
			<selected>Skin.HasSetting(Secondary_List_Enabled)</selected>
			<visible>ControlGroup(9).HasFocus(15)</visible>
		</control>
		<control type="radiobutton" id="1502">
			<description>Enable embedded music player</description>
			<label>$LOCALIZE[31434]</label>
			<onclick>Skin.ToggleSetting(Music_Player_Enabled)</onclick>
			<selected>Skin.HasSetting(Music_Player_Enabled)</selected>
			<visible>ControlGroup(9).HasFocus(15)</visible>
		</control>
		<control type="radiobutton" id="1503">
			<description>Enable multiart slideshows</description>
			<label>$LOCALIZE[31435]</label>
			<onclick>Skin.ToggleSetting(Multiart_Slideshow)</onclick>
			<selected>Skin.HasSetting(Multiart_Slideshow)</selected>
			<visible>ControlGroup(9).HasFocus(15)</visible>
		</control>
		<include content="skinsettings_Slider_Button">
			<param name="visible" value="Skin.HasSetting(Multiart_Slideshow)" />
			<param name="info" value="Multiart_Interval" />
			<param name="label" value="- $LOCALIZE[31437]" />
			<param name="label2" value="$INFO[Skin.String(Multiart_Interval)]" />
			<param name="category" value="15" />
			<param name="previous" value="1503" />
			<param name="id" value="1504" />
			<param name="next" value="1505" />
		</include>
		<control type="radiobutton" id="1505">
			<description>Enable autoplay trailers</description>
			<label>$LOCALIZE[31443]</label>
			<onclick>Skin.ToggleSetting(Trailer_Autoplay)</onclick>
			<selected>Skin.HasSetting(Trailer_Autoplay)</selected>
			<visible>ControlGroup(9).HasFocus(15)</visible>
		</control>
		<control type="radiobutton" id="1506">
			<description>Home</description>
			<label>- $LOCALIZE[31444]</label>
			<selected>Skin.String(Trailer_Autoplay_Home_Enabled,true)</selected>
			<onclick condition="Skin.String(Trailer_Autoplay_Home_Enabled,true)">Skin.SetString(Trailer_Autoplay_Home_Enabled,false)</onclick>
			<onclick condition="!Skin.String(Trailer_Autoplay_Home_Enabled,true)">Skin.SetString(Trailer_Autoplay_Home_Enabled,true)</onclick>
			<visible>ControlGroup(9).HasFocus(15) + Skin.HasSetting(Trailer_Autoplay)</visible>
		</control>
		<control type="radiobutton" id="1507">
			<description>Videos / Movies</description>
			<label>- $LOCALIZE[31445]</label>
			<selected>Skin.String(Trailer_Autoplay_Movies_Enabled,true)</selected>
			<onclick condition="Skin.String(Trailer_Autoplay_Movies_Enabled,true)">Skin.SetString(Trailer_Autoplay_Movies_Enabled,false)</onclick>
			<onclick condition="!Skin.String(Trailer_Autoplay_Movies_Enabled,true)">Skin.SetString(Trailer_Autoplay_Movies_Enabled,true)</onclick>
			<visible>ControlGroup(9).HasFocus(15) + Skin.HasSetting(Trailer_Autoplay)</visible>
		</control>
		<control type="radiobutton" id="1508">
			<description>Videos / TV shows</description>
			<label>- $LOCALIZE[31446]</label>
			<selected>Skin.String(Trailer_Autoplay_TVShows_Enabled,true)</selected>
			<onclick condition="Skin.String(Trailer_Autoplay_TVShows_Enabled,true)">Skin.SetString(Trailer_Autoplay_TVShows_Enabled,false)</onclick>
			<onclick condition="!Skin.String(Trailer_Autoplay_TVShows_Enabled,true)">Skin.SetString(Trailer_Autoplay_TVShows_Enabled,true)</onclick>
			<visible>ControlGroup(9).HasFocus(15) + Skin.HasSetting(Trailer_Autoplay)</visible>
		</control>
		<!-- Experiments -->
		<control type="radiobutton" id="1600">
			<description>Use unwatched count in info details</description>
			<label>$LOCALIZE[31428]</label>
			<onclick>Skin.ToggleSetting(Experiment_Unwatched_Info)</onclick>
			<selected>Skin.HasSetting(Experiment_Unwatched_Info)</selected>
			<visible>ControlGroup(9).HasFocus(16)</visible>
		</control>
		<control type="radiobutton" id="1601">
			<description>Enable fanart display for Grid view in Pictures window</description>
			<label>$LOCALIZE[31469]</label>
			<onclick>Skin.ToggleSetting(Experiment_GridView_Fanart_Pictures)</onclick>
			<selected>Skin.HasSetting(Experiment_GridView_Fanart_Pictures)</selected>
			<visible>ControlGroup(9).HasFocus(16)</visible>
		</control>
	</include>

	<include name="systeminfo_Left_List_Content">
		<control type="button" id="95">
			<description>Summary</description>
			<onclick>SetFocus(500)</onclick>
			<texturefocus />
			<label>20037</label>
		</control>
		<control type="togglebutton" id="94">
			<description>Storage</description>
			<onclick>SetFocus(500)</onclick>
			<texturefocus />
			<label>13277</label>
		</control>
		<control type="button" id="96">
			<description>Network</description>
			<onclick>SetFocus(500)</onclick>
			<texturefocus />
			<label>13279</label>
		</control>
		<control type="button" id="97">
			<description>Video</description>
			<onclick>SetFocus(500)</onclick>
			<texturefocus />
			<label>13280</label>
		</control>
		<control type="button" id="98">
			<description>Hardware</description>
			<onclick>SetFocus(500)</onclick>
			<texturefocus />
			<label>13281</label>
		</control>
		<control type="button" id="99">
			<description>PVR</description>
			<onclick>SetFocus(500)</onclick>
			<texturefocus />
			<label>19191</label>
		</control>
		<control type="button" id="100">
			<description>Privacy Policy</description>
			<label>12389</label>
			<texturefocus />
			<onclick>SetFocus(62)</onclick>
			<onright>SetFocus(62)</onright>
		</control>
	</include>

	<include name="systeminfo_Right_List_Content">
		<control type="button" id="102">
			<label>$INFO[Control.GetLabel(2)]</label>
			<visible>!String.IsEmpty(Control.GetLabel(2))</visible>
		</control>
		<control type="button" id="103">
			<label>$INFO[Control.GetLabel(3)]</label>
			<visible>!String.IsEmpty(Control.GetLabel(3))</visible>
		</control>
		<control type="button" id="104">
			<label>$INFO[Control.GetLabel(4)]</label>
			<visible>!String.IsEmpty(Control.GetLabel(4))</visible>
		</control>
		<control type="button" id="105">
			<label>$INFO[Control.GetLabel(5)]</label>
			<visible>!String.IsEmpty(Control.GetLabel(5))</visible>
		</control>
		<control type="button" id="106">
			<label>$INFO[Control.GetLabel(6)]</label>
			<visible>!String.IsEmpty(Control.GetLabel(6))</visible>
		</control>
		<control type="button" id="107">
			<label>$INFO[Control.GetLabel(7)]</label>
			<visible>!String.IsEmpty(Control.GetLabel(7))</visible>
		</control>
		<control type="button" id="108">
			<label>$INFO[Control.GetLabel(8)]</label>
			<visible>!String.IsEmpty(Control.GetLabel(8))</visible>
		</control>
		<control type="button" id="109">
			<label>$INFO[Control.GetLabel(9)]</label>
			<visible>!String.IsEmpty(Control.GetLabel(9))</visible>
		</control>
		<control type="button" id="110">
			<label>$INFO[Control.GetLabel(10)]</label>
			<visible>!String.IsEmpty(Control.GetLabel(10))</visible>
		</control>
		<control type="button" id="111">
			<label>$INFO[Control.GetLabel(11)]</label>
			<visible>!String.IsEmpty(Control.GetLabel(11))</visible>
		</control>
	</include>

</includes>