<includes>

	<include name="BillboardView_Container">
		<control type="group">
			<visible>$EXP[BillboardView_IsVisible]</visible>
			<include content="Custom_List">
				<param name="visible" value="![Container.Content() + !Window.Is(programs)] + !Container.Content(files) + !Container.Content(albums) + !Container.Content(songs) + !$EXP[Programs_Container_IsFolders] + !$EXP[Background_Containers] + !Container.Content(actors)" />
				<param name="type" value="list" />
				<param name="id" value="501" />
				<param name="viewtype_label" value="Billboard" />
				<param name="viewtype" value="wide" />
				<param name="orientation" value="horizontal" />
			</include>
		</control>
	</include>

	<include name="BillboardView_Display">
		<param name="id" default="501" />
		<param name="art_icon" default="Thumbnail" />
		<param name="media_view" default="true" />
		<param name="widget_view" default="false" />
		<param name="widget_position" />
		<definition>
			<include content="Viewtype_Display_Template">
				<param name="viewtype_label" value="Billboard" />
				<param name="media_view" value="$PARAM[media_view]" />
				<include content="Artwork_Transition_Fade" condition="$PARAM[media_view]">
					<param name="target_id" value="$PARAM[id]" />
					<param name="art_icon" value="$PARAM[art_icon]" />
				</include>
				<include content="Artwork_Transition_Fade" condition="$PARAM[widget_view] + Skin.HasSetting(Widget$PARAM[widget_position]_View_Billboard)">
					<param name="target_id" value="$PARAM[id]" />
					<param name="art_icon" value="$PARAM[art_icon]" />
					<param name="show_breadcrumb_overlay" value="true" />
				</include>
			</include>
		</definition>
	</include>

	<include name="BillboardView_Details">
		<param name="id" default="501" />
		<definition>
			<include content="Viewtype_Details_Template">
				<param name="viewtype_label" value="Billboard" />
				<param name="visible" value="$PARAM[visible]" />
				<include content="Progress" condition="Window.Is(videos) | Window.Is(music) | Window.Is(home) | Window.Is(movieinformation)">
					<param name="id" value="$PARAM[id]" />
				</include>
				<include content="Common_Details" />
			</include>
		</definition>
	</include>

</includes>