<?xml version="1.0" encoding="UTF-8"?>
<includes>

  <include name="Background_Multiart_Template">
    <definition>
      <control type="fadelabel" id="3401">
        <include content="Hidden_Control" />
        <font>Body</font>
        <info>Container(3300).ListItem.Art(fanart1)</info>
        <info>Container(3300).ListItem.Art(fanart2)</info>
        <info>Container(3300).ListItem.Art(fanart3)</info>
        <info>Container(3300).ListItem.Art(fanart4)</info>
        <info>Container(3300).ListItem.Art(fanart5)</info>
        <info>Container(3300).ListItem.Art(fanart6)</info>
        <info>Container(3300).ListItem.Art(fanart7)</info>
        <info>Container(3300).ListItem.Art(fanart8)</info>
        <info>Container(3300).ListItem.Art(fanart9)</info>
        <info>Container(3300).ListItem.Art(fanart10)</info>
        <info>Container(3300).ListItem.Art(fanart11)</info>
        <info>Container(3300).ListItem.Art(fanart12)</info>
        <info>Container(3300).ListItem.Art(fanart13)</info>
        <info>Container(3300).ListItem.Art(fanart14)</info>
        <info>Container(3300).ListItem.Art(fanart15)</info>
        <randomize>true</randomize>
        <pauseatend>$PARAM[transition_time]</pauseatend>
        <scroll>false</scroll>
        <scrollout>false</scrollout>
        <resetonlabelchange>true</resetonlabelchange>
      </control>
    </definition>
  </include>

  <include name="Infoscreen_Multiart_Template">
    <definition>
      <control type="fadelabel" id="3401">
        <include content="Hidden_Control" />
        <font>Body</font>
        <info>ListItem.Art(fanart)</info>
        <info>ListItem.Art(fanart1)</info>
        <info>ListItem.Art(fanart2)</info>
        <info>ListItem.Art(fanart3)</info>
        <info>ListItem.Art(fanart4)</info>
        <info>ListItem.Art(fanart5)</info>
        <info>ListItem.Art(fanart6)</info>
        <info>ListItem.Art(fanart7)</info>
        <info>ListItem.Art(fanart8)</info>
        <info>ListItem.Art(fanart9)</info>
        <info>ListItem.Art(fanart10)</info>
        <info>ListItem.Art(fanart11)</info>
        <info>ListItem.Art(fanart12)</info>
        <info>ListItem.Art(fanart13)</info>
        <info>ListItem.Art(fanart14)</info>
        <info>ListItem.Art(fanart15)</info>
        <randomize>true</randomize>
        <pauseatend>$PARAM[transition_time]</pauseatend>
        <scroll>false</scroll>
        <scrollout>false</scrollout>
        <resetonlabelchange>true</resetonlabelchange>
      </control>
    </definition>
  </include>

  <include name="visualisation_Multiart_Template">
    <definition>
      <control type="fadelabel" id="3401">
        <include content="Hidden_Control" />
        <font>Body</font>
        <info>Player.Art(artist.fanart)</info>
        <info>Player.Art(artist.fanart1)</info>
        <info>Player.Art(artist.fanart2)</info>
        <info>Player.Art(artist.fanart3)</info>
        <info>Player.Art(artist.fanart4)</info>
        <info>Player.Art(artist.fanart5)</info>
        <info>Player.Art(artist.fanart6)</info>
        <info>Player.Art(artist.fanart7)</info>
        <info>Player.Art(artist.fanart8)</info>
        <info>Player.Art(artist.fanart9)</info>
        <info>Player.Art(artist.fanart10)</info>
        <info>Player.Art(artist.fanart11)</info>
        <info>Player.Art(artist.fanart12)</info>
        <info>Player.Art(artist.fanart13)</info>
        <info>Player.Art(artist.fanart14)</info>
        <info>Player.Art(artist.fanart15)</info>
        <randomize>true</randomize>
        <pauseatend>$PARAM[transition_time]</pauseatend>
        <scroll>false</scroll>
        <scrollout>false</scrollout>
        <resetonlabelchange>true</resetonlabelchange>
      </control>
    </definition>
  </include> 
  
  <include name="Multiart_Template">
    <control type="fadelabel" id="3400">
      <include content="Hidden_Control" />
      <font>Body</font>
      <info>Window(home).Property(Multiart_0)</info>
      <info>Window(home).Property(Multiart_1)</info>
      <info>Window(home).Property(Multiart_2)</info>
      <info>Window(home).Property(Multiart_3)</info>
      <info>Window(home).Property(Multiart_4)</info>
      <info>Window(home).Property(Multiart_5)</info>
      <info>Window(home).Property(Multiart_6)</info>
      <info>Window(home).Property(Multiart_7)</info>
      <info>Window(home).Property(Multiart_8)</info>
      <info>Window(home).Property(Multiart_9)</info>
      <info>Window(home).Property(Multiart_10)</info>
      <info>Window(home).Property(Multiart_11)</info>
      <info>Window(home).Property(Multiart_12)</info>
      <info>Window(home).Property(Multiart_13)</info>
      <info>Window(home).Property(Multiart_14)</info>
      <info>Window(home).Property(Multiart_15)</info>
      <randomize>true</randomize>
      <pauseatend>$PARAM[transition_time]</pauseatend>
      <scroll>false</scroll>
      <scrollout>false</scrollout>
      <resetonlabelchange>true</resetonlabelchange>
    </control>
  </include>

  <include name="MyViews_Multiart_Labels">
    <param name="include_type_label" default="true" />
    <param name="template" default="Multiart" />
    <definition>
      <include content="Hidden_Components" condition="$PARAM[include_type_label]">
        <control type="label" id="6400">
          <label>$VAR[Multiart_Type]</label>
        </control>
      </include>
      <include content="$PARAM[template]_Template" condition="Skin.String(Multiart_Interval,3)">
        <param name="transition_time" value="3000" />
      </include>
      <include content="$PARAM[template]_Template" condition="Skin.String(Multiart_Interval,4) | !Skin.String(Multiart_Interval)">
        <param name="transition_time" value="4000" />
      </include>
      <include content="$PARAM[template]_Template" condition="Skin.String(Multiart_Interval,5)">
        <param name="transition_time" value="5000" />
      </include>
      <include content="$PARAM[template]_Template" condition="Skin.String(Multiart_Interval,7)">
        <param name="transition_time" value="7000" />
      </include>
      <include content="$PARAM[template]_Template" condition="Skin.String(Multiart_Interval,10)">
        <param name="transition_time" value="10000" />
      </include>
    </definition>
  </include>

  <include name="Set_Multiart_OnFocus_Conditions">
    <onfocus>ClearProperty(Multiart_0,home)</onfocus>
    <onfocus>ClearProperty(Multiart_1,home)</onfocus>
    <onfocus>ClearProperty(Multiart_2,home)</onfocus>
    <onfocus>ClearProperty(Multiart_3,home)</onfocus>
    <onfocus>ClearProperty(Multiart_4,home)</onfocus>
    <onfocus>ClearProperty(Multiart_5,home)</onfocus>
    <onfocus>ClearProperty(Multiart_6,home)</onfocus>
    <onfocus>ClearProperty(Multiart_7,home)</onfocus>
    <onfocus>ClearProperty(Multiart_8,home)</onfocus>
    <onfocus>ClearProperty(Multiart_9,home)</onfocus>
    <onfocus>ClearProperty(Multiart_10,home)</onfocus>
    <onfocus>ClearProperty(Multiart_11,home)</onfocus>
    <onfocus>ClearProperty(Multiart_12,home)</onfocus>
    <onfocus>ClearProperty(Multiart_13,home)</onfocus>
    <onfocus>ClearProperty(Multiart_14,home)</onfocus>
    <onfocus>ClearProperty(Multiart_15,home)</onfocus>
    <onfocus condition="String.IsEqual(Control.GetLabel(6400),thumb) + !String.IsEmpty(ListItem.Art(thumb))">SetProperty(Multiart_0,$ESCINFO[Container.ListItem.Art(thumb)],home)</onfocus>
    <onfocus condition="String.IsEqual(Control.GetLabel(6400),thumb) + !String.IsEmpty(ListItem.Art(thumb1))">SetProperty(Multiart_1,$ESCINFO[Container.ListItem.Art(thumb1)],home)</onfocus>
    <onfocus condition="String.IsEqual(Control.GetLabel(6400),thumb) + !String.IsEmpty(ListItem.Art(thumb2))">SetProperty(Multiart_2,$ESCINFO[Container.ListItem.Art(thumb2)],home)</onfocus>
    <onfocus condition="String.IsEqual(Control.GetLabel(6400),thumb) + !String.IsEmpty(ListItem.Art(thumb3))">SetProperty(Multiart_3,$ESCINFO[Container.ListItem.Art(thumb3)],home)</onfocus>
    <onfocus condition="String.IsEqual(Control.GetLabel(6400),thumb) + !String.IsEmpty(ListItem.Art(thumb4))">SetProperty(Multiart_4,$ESCINFO[Container.ListItem.Art(thumb4)],home)</onfocus>
    <onfocus condition="String.IsEqual(Control.GetLabel(6400),thumb) + !String.IsEmpty(ListItem.Art(thumb5))">SetProperty(Multiart_5,$ESCINFO[Container.ListItem.Art(thumb5)],home)</onfocus>
    <onfocus condition="String.IsEqual(Control.GetLabel(6400),thumb) + !String.IsEmpty(ListItem.Art(thumb6))">SetProperty(Multiart_6,$ESCINFO[Container.ListItem.Art(thumb6)],home)</onfocus>
    <onfocus condition="String.IsEqual(Control.GetLabel(6400),thumb) + !String.IsEmpty(ListItem.Art(thumb7))">SetProperty(Multiart_7,$ESCINFO[Container.ListItem.Art(thumb7)],home)</onfocus>
    <onfocus condition="String.IsEqual(Control.GetLabel(6400),thumb) + !String.IsEmpty(ListItem.Art(thumb8))">SetProperty(Multiart_8,$ESCINFO[Container.ListItem.Art(thumb8)],home)</onfocus>
    <onfocus condition="String.IsEqual(Control.GetLabel(6400),thumb) + !String.IsEmpty(ListItem.Art(thumb9))">SetProperty(Multiart_9,$ESCINFO[Container.ListItem.Art(thumb9)],home)</onfocus>
    <onfocus condition="String.IsEqual(Control.GetLabel(6400),thumb) + !String.IsEmpty(ListItem.Art(thumb10))">SetProperty(Multiart_10,$ESCINFO[Container.ListItem.Art(thumb10)],home)</onfocus>
    <onfocus condition="String.IsEqual(Control.GetLabel(6400),thumb) + !String.IsEmpty(ListItem.Art(thumb11))">SetProperty(Multiart_11,$ESCINFO[Container.ListItem.Art(thumb11)],home)</onfocus>
    <onfocus condition="String.IsEqual(Control.GetLabel(6400),thumb) + !String.IsEmpty(ListItem.Art(thumb12))">SetProperty(Multiart_12,$ESCINFO[Container.ListItem.Art(thumb12)],home)</onfocus>
    <onfocus condition="String.IsEqual(Control.GetLabel(6400),thumb) + !String.IsEmpty(ListItem.Art(thumb13))">SetProperty(Multiart_13,$ESCINFO[Container.ListItem.Art(thumb13)],home)</onfocus>
    <onfocus condition="String.IsEqual(Control.GetLabel(6400),thumb) + !String.IsEmpty(ListItem.Art(thumb14))">SetProperty(Multiart_14,$ESCINFO[Container.ListItem.Art(thumb14)],home)</onfocus>
    <onfocus condition="String.IsEqual(Control.GetLabel(6400),thumb) + !String.IsEmpty(ListItem.Art(thumb15))">SetProperty(Multiart_15,$ESCINFO[Container.ListItem.Art(thumb15)],home)</onfocus>
    <onfocus condition="String.IsEqual(Control.GetLabel(6400),keyart) + !String.IsEmpty(ListItem.Art(keyart))">SetProperty(Multiart_0,$ESCINFO[Container.ListItem.Art(keyart)],home)</onfocus>
    <onfocus condition="String.IsEqual(Control.GetLabel(6400),keyart) + !String.IsEmpty(ListItem.Art(keyart1))">SetProperty(Multiart_1,$ESCINFO[Container.ListItem.Art(keyart1)],home)</onfocus>
    <onfocus condition="String.IsEqual(Control.GetLabel(6400),keyart) + !String.IsEmpty(ListItem.Art(keyart2))">SetProperty(Multiart_2,$ESCINFO[Container.ListItem.Art(keyart2)],home)</onfocus>
    <onfocus condition="String.IsEqual(Control.GetLabel(6400),keyart) + !String.IsEmpty(ListItem.Art(keyart3))">SetProperty(Multiart_3,$ESCINFO[Container.ListItem.Art(keyart3)],home)</onfocus>
    <onfocus condition="String.IsEqual(Control.GetLabel(6400),keyart) + !String.IsEmpty(ListItem.Art(keyart4))">SetProperty(Multiart_4,$ESCINFO[Container.ListItem.Art(keyart4)],home)</onfocus>
    <onfocus condition="String.IsEqual(Control.GetLabel(6400),keyart) + !String.IsEmpty(ListItem.Art(keyart5))">SetProperty(Multiart_5,$ESCINFO[Container.ListItem.Art(keyart5)],home)</onfocus>
    <onfocus condition="String.IsEqual(Control.GetLabel(6400),keyart) + !String.IsEmpty(ListItem.Art(keyart6))">SetProperty(Multiart_6,$ESCINFO[Container.ListItem.Art(keyart6)],home)</onfocus>
    <onfocus condition="String.IsEqual(Control.GetLabel(6400),keyart) + !String.IsEmpty(ListItem.Art(keyart7))">SetProperty(Multiart_7,$ESCINFO[Container.ListItem.Art(keyart7)],home)</onfocus>
    <onfocus condition="String.IsEqual(Control.GetLabel(6400),keyart) + !String.IsEmpty(ListItem.Art(keyart8))">SetProperty(Multiart_8,$ESCINFO[Container.ListItem.Art(keyart8)],home)</onfocus>
    <onfocus condition="String.IsEqual(Control.GetLabel(6400),keyart) + !String.IsEmpty(ListItem.Art(keyart9))">SetProperty(Multiart_9,$ESCINFO[Container.ListItem.Art(keyart9)],home)</onfocus>
    <onfocus condition="String.IsEqual(Control.GetLabel(6400),keyart) + !String.IsEmpty(ListItem.Art(keyart10))">SetProperty(Multiart_10,$ESCINFO[Container.ListItem.Art(keyart10)],home)</onfocus>
    <onfocus condition="String.IsEqual(Control.GetLabel(6400),keyart) + !String.IsEmpty(ListItem.Art(keyart11))">SetProperty(Multiart_11,$ESCINFO[Container.ListItem.Art(keyart11)],home)</onfocus>
    <onfocus condition="String.IsEqual(Control.GetLabel(6400),keyart) + !String.IsEmpty(ListItem.Art(keyart12))">SetProperty(Multiart_12,$ESCINFO[Container.ListItem.Art(keyart12)],home)</onfocus>
    <onfocus condition="String.IsEqual(Control.GetLabel(6400),keyart) + !String.IsEmpty(ListItem.Art(keyart13))">SetProperty(Multiart_13,$ESCINFO[Container.ListItem.Art(keyart13)],home)</onfocus>
    <onfocus condition="String.IsEqual(Control.GetLabel(6400),keyart) + !String.IsEmpty(ListItem.Art(keyart14))">SetProperty(Multiart_14,$ESCINFO[Container.ListItem.Art(keyart14)],home)</onfocus>
    <onfocus condition="String.IsEqual(Control.GetLabel(6400),keyart) + !String.IsEmpty(ListItem.Art(keyart15))">SetProperty(Multiart_15,$ESCINFO[Container.ListItem.Art(keyart15)],home)</onfocus>
    <onfocus condition="String.IsEqual(Control.GetLabel(6400),poster) + !String.IsEmpty(ListItem.Art(poster))">SetProperty(Multiart_0,$ESCINFO[Container.ListItem.Art(poster)],home)</onfocus>
    <onfocus condition="String.IsEqual(Control.GetLabel(6400),poster) + !String.IsEmpty(ListItem.Art(poster1))">SetProperty(Multiart_1,$ESCINFO[Container.ListItem.Art(poster1)],home)</onfocus>
    <onfocus condition="String.IsEqual(Control.GetLabel(6400),poster) + !String.IsEmpty(ListItem.Art(poster2))">SetProperty(Multiart_2,$ESCINFO[Container.ListItem.Art(poster2)],home)</onfocus>
    <onfocus condition="String.IsEqual(Control.GetLabel(6400),poster) + !String.IsEmpty(ListItem.Art(poster3))">SetProperty(Multiart_3,$ESCINFO[Container.ListItem.Art(poster3)],home)</onfocus>
    <onfocus condition="String.IsEqual(Control.GetLabel(6400),poster) + !String.IsEmpty(ListItem.Art(poster4))">SetProperty(Multiart_4,$ESCINFO[Container.ListItem.Art(poster4)],home)</onfocus>
    <onfocus condition="String.IsEqual(Control.GetLabel(6400),poster) + !String.IsEmpty(ListItem.Art(poster5))">SetProperty(Multiart_5,$ESCINFO[Container.ListItem.Art(poster5)],home)</onfocus>
    <onfocus condition="String.IsEqual(Control.GetLabel(6400),poster) + !String.IsEmpty(ListItem.Art(poster6))">SetProperty(Multiart_6,$ESCINFO[Container.ListItem.Art(poster6)],home)</onfocus>
    <onfocus condition="String.IsEqual(Control.GetLabel(6400),poster) + !String.IsEmpty(ListItem.Art(poster7))">SetProperty(Multiart_7,$ESCINFO[Container.ListItem.Art(poster7)],home)</onfocus>
    <onfocus condition="String.IsEqual(Control.GetLabel(6400),poster) + !String.IsEmpty(ListItem.Art(poster8))">SetProperty(Multiart_8,$ESCINFO[Container.ListItem.Art(poster8)],home)</onfocus>
    <onfocus condition="String.IsEqual(Control.GetLabel(6400),poster) + !String.IsEmpty(ListItem.Art(poster9))">SetProperty(Multiart_9,$ESCINFO[Container.ListItem.Art(poster9)],home)</onfocus>
    <onfocus condition="String.IsEqual(Control.GetLabel(6400),poster) + !String.IsEmpty(ListItem.Art(poster10))">SetProperty(Multiart_10,$ESCINFO[Container.ListItem.Art(poster10)],home)</onfocus>
    <onfocus condition="String.IsEqual(Control.GetLabel(6400),poster) + !String.IsEmpty(ListItem.Art(poster11))">SetProperty(Multiart_11,$ESCINFO[Container.ListItem.Art(poster11)],home)</onfocus>
    <onfocus condition="String.IsEqual(Control.GetLabel(6400),poster) + !String.IsEmpty(ListItem.Art(poster12))">SetProperty(Multiart_12,$ESCINFO[Container.ListItem.Art(poster12)],home)</onfocus>
    <onfocus condition="String.IsEqual(Control.GetLabel(6400),poster) + !String.IsEmpty(ListItem.Art(poster13))">SetProperty(Multiart_13,$ESCINFO[Container.ListItem.Art(poster13)],home)</onfocus>
    <onfocus condition="String.IsEqual(Control.GetLabel(6400),poster) + !String.IsEmpty(ListItem.Art(poster14))">SetProperty(Multiart_14,$ESCINFO[Container.ListItem.Art(poster14)],home)</onfocus>
    <onfocus condition="String.IsEqual(Control.GetLabel(6400),poster) + !String.IsEmpty(ListItem.Art(poster15))">SetProperty(Multiart_15,$ESCINFO[Container.ListItem.Art(poster15)],home)</onfocus>
    <onfocus condition="String.IsEqual(Control.GetLabel(6400),fanart) + !String.IsEmpty(ListItem.Art(fanart))">SetProperty(Multiart_0,$ESCINFO[Container.ListItem.Art(fanart)],home)</onfocus>
    <onfocus condition="String.IsEqual(Control.GetLabel(6400),fanart) + !String.IsEmpty(ListItem.Art(fanart1))">SetProperty(Multiart_1,$ESCINFO[Container.ListItem.Art(fanart1)],home)</onfocus>
    <onfocus condition="String.IsEqual(Control.GetLabel(6400),fanart) + !String.IsEmpty(ListItem.Art(fanart2))">SetProperty(Multiart_2,$ESCINFO[Container.ListItem.Art(fanart2)],home)</onfocus>
    <onfocus condition="String.IsEqual(Control.GetLabel(6400),fanart) + !String.IsEmpty(ListItem.Art(fanart3))">SetProperty(Multiart_3,$ESCINFO[Container.ListItem.Art(fanart3)],home)</onfocus>
    <onfocus condition="String.IsEqual(Control.GetLabel(6400),fanart) + !String.IsEmpty(ListItem.Art(fanart4))">SetProperty(Multiart_4,$ESCINFO[Container.ListItem.Art(fanart4)],home)</onfocus>
    <onfocus condition="String.IsEqual(Control.GetLabel(6400),fanart) + !String.IsEmpty(ListItem.Art(fanart5))">SetProperty(Multiart_5,$ESCINFO[Container.ListItem.Art(fanart5)],home)</onfocus>
    <onfocus condition="String.IsEqual(Control.GetLabel(6400),fanart) + !String.IsEmpty(ListItem.Art(fanart6))">SetProperty(Multiart_6,$ESCINFO[Container.ListItem.Art(fanart6)],home)</onfocus>
    <onfocus condition="String.IsEqual(Control.GetLabel(6400),fanart) + !String.IsEmpty(ListItem.Art(fanart7))">SetProperty(Multiart_7,$ESCINFO[Container.ListItem.Art(fanart7)],home)</onfocus>
    <onfocus condition="String.IsEqual(Control.GetLabel(6400),fanart) + !String.IsEmpty(ListItem.Art(fanart8))">SetProperty(Multiart_8,$ESCINFO[Container.ListItem.Art(fanart8)],home)</onfocus>
    <onfocus condition="String.IsEqual(Control.GetLabel(6400),fanart) + !String.IsEmpty(ListItem.Art(fanart9))">SetProperty(Multiart_9,$ESCINFO[Container.ListItem.Art(fanart9)],home)</onfocus>
    <onfocus condition="String.IsEqual(Control.GetLabel(6400),fanart) + !String.IsEmpty(ListItem.Art(fanart10))">SetProperty(Multiart_10,$ESCINFO[Container.ListItem.Art(fanart10)],home)</onfocus>
    <onfocus condition="String.IsEqual(Control.GetLabel(6400),fanart) + !String.IsEmpty(ListItem.Art(fanart11))">SetProperty(Multiart_11,$ESCINFO[Container.ListItem.Art(fanart11)],home)</onfocus>
    <onfocus condition="String.IsEqual(Control.GetLabel(6400),fanart) + !String.IsEmpty(ListItem.Art(fanart12))">SetProperty(Multiart_12,$ESCINFO[Container.ListItem.Art(fanart12)],home)</onfocus>
    <onfocus condition="String.IsEqual(Control.GetLabel(6400),fanart) + !String.IsEmpty(ListItem.Art(fanart13))">SetProperty(Multiart_13,$ESCINFO[Container.ListItem.Art(fanart13)],home)</onfocus>
    <onfocus condition="String.IsEqual(Control.GetLabel(6400),fanart) + !String.IsEmpty(ListItem.Art(fanart14))">SetProperty(Multiart_14,$ESCINFO[Container.ListItem.Art(fanart14)],home)</onfocus>
    <onfocus condition="String.IsEqual(Control.GetLabel(6400),fanart) + !String.IsEmpty(ListItem.Art(fanart15))">SetProperty(Multiart_15,$ESCINFO[Container.ListItem.Art(fanart15)],home)</onfocus>
    <onfocus condition="String.IsEqual(Control.GetLabel(6400),square) + !String.IsEmpty(ListItem.Art(square))">SetProperty(Multiart_0,$ESCINFO[Container.ListItem.Art(square)],home)</onfocus>
    <onfocus condition="String.IsEqual(Control.GetLabel(6400),square) + !String.IsEmpty(ListItem.Art(square1))">SetProperty(Multiart_1,$ESCINFO[Container.ListItem.Art(square1)],home)</onfocus>
    <onfocus condition="String.IsEqual(Control.GetLabel(6400),square) + !String.IsEmpty(ListItem.Art(square2))">SetProperty(Multiart_2,$ESCINFO[Container.ListItem.Art(square2)],home)</onfocus>
    <onfocus condition="String.IsEqual(Control.GetLabel(6400),square) + !String.IsEmpty(ListItem.Art(square3))">SetProperty(Multiart_3,$ESCINFO[Container.ListItem.Art(square3)],home)</onfocus>
    <onfocus condition="String.IsEqual(Control.GetLabel(6400),square) + !String.IsEmpty(ListItem.Art(square4))">SetProperty(Multiart_4,$ESCINFO[Container.ListItem.Art(square4)],home)</onfocus>
    <onfocus condition="String.IsEqual(Control.GetLabel(6400),square) + !String.IsEmpty(ListItem.Art(square5))">SetProperty(Multiart_5,$ESCINFO[Container.ListItem.Art(square5)],home)</onfocus>
    <onfocus condition="String.IsEqual(Control.GetLabel(6400),square) + !String.IsEmpty(ListItem.Art(square6))">SetProperty(Multiart_6,$ESCINFO[Container.ListItem.Art(square6)],home)</onfocus>
    <onfocus condition="String.IsEqual(Control.GetLabel(6400),square) + !String.IsEmpty(ListItem.Art(square7))">SetProperty(Multiart_7,$ESCINFO[Container.ListItem.Art(square7)],home)</onfocus>
    <onfocus condition="String.IsEqual(Control.GetLabel(6400),square) + !String.IsEmpty(ListItem.Art(square8))">SetProperty(Multiart_8,$ESCINFO[Container.ListItem.Art(square8)],home)</onfocus>
    <onfocus condition="String.IsEqual(Control.GetLabel(6400),square) + !String.IsEmpty(ListItem.Art(square9))">SetProperty(Multiart_9,$ESCINFO[Container.ListItem.Art(square9)],home)</onfocus>
    <onfocus condition="String.IsEqual(Control.GetLabel(6400),square) + !String.IsEmpty(ListItem.Art(square10))">SetProperty(Multiart_10,$ESCINFO[Container.ListItem.Art(square10)],home)</onfocus>
    <onfocus condition="String.IsEqual(Control.GetLabel(6400),square) + !String.IsEmpty(ListItem.Art(square11))">SetProperty(Multiart_11,$ESCINFO[Container.ListItem.Art(square11)],home)</onfocus>
    <onfocus condition="String.IsEqual(Control.GetLabel(6400),square) + !String.IsEmpty(ListItem.Art(square12))">SetProperty(Multiart_12,$ESCINFO[Container.ListItem.Art(square12)],home)</onfocus>
    <onfocus condition="String.IsEqual(Control.GetLabel(6400),square) + !String.IsEmpty(ListItem.Art(square13))">SetProperty(Multiart_13,$ESCINFO[Container.ListItem.Art(square13)],home)</onfocus>
    <onfocus condition="String.IsEqual(Control.GetLabel(6400),square) + !String.IsEmpty(ListItem.Art(square14))">SetProperty(Multiart_14,$ESCINFO[Container.ListItem.Art(square14)],home)</onfocus>
    <onfocus condition="String.IsEqual(Control.GetLabel(6400),square) + !String.IsEmpty(ListItem.Art(square15))">SetProperty(Multiart_15,$ESCINFO[Container.ListItem.Art(square15)],home)</onfocus>
    <onfocus condition="String.IsEqual(Control.GetLabel(6400),tvshow.keyart) + !String.IsEmpty(ListItem.Art(tvshow.keyart))">SetProperty(Multiart_0,$ESCINFO[Container.ListItem.Art(tvshow.keyart)],home)</onfocus>
    <onfocus condition="String.IsEqual(Control.GetLabel(6400),tvshow.keyart) + !String.IsEmpty(ListItem.Art(tvshow.keyart1))">SetProperty(Multiart_1,$ESCINFO[Container.ListItem.Art(tvshow.keyart1)],home)</onfocus>
    <onfocus condition="String.IsEqual(Control.GetLabel(6400),tvshow.keyart) + !String.IsEmpty(ListItem.Art(tvshow.keyart2))">SetProperty(Multiart_2,$ESCINFO[Container.ListItem.Art(tvshow.keyart2)],home)</onfocus>
    <onfocus condition="String.IsEqual(Control.GetLabel(6400),tvshow.keyart) + !String.IsEmpty(ListItem.Art(tvshow.keyart3))">SetProperty(Multiart_3,$ESCINFO[Container.ListItem.Art(tvshow.keyart3)],home)</onfocus>
    <onfocus condition="String.IsEqual(Control.GetLabel(6400),tvshow.keyart) + !String.IsEmpty(ListItem.Art(tvshow.keyart4))">SetProperty(Multiart_4,$ESCINFO[Container.ListItem.Art(tvshow.keyart4)],home)</onfocus>
    <onfocus condition="String.IsEqual(Control.GetLabel(6400),tvshow.keyart) + !String.IsEmpty(ListItem.Art(tvshow.keyart5))">SetProperty(Multiart_5,$ESCINFO[Container.ListItem.Art(tvshow.keyart5)],home)</onfocus>
    <onfocus condition="String.IsEqual(Control.GetLabel(6400),tvshow.keyart) + !String.IsEmpty(ListItem.Art(tvshow.keyart6))">SetProperty(Multiart_6,$ESCINFO[Container.ListItem.Art(tvshow.keyart6)],home)</onfocus>
    <onfocus condition="String.IsEqual(Control.GetLabel(6400),tvshow.keyart) + !String.IsEmpty(ListItem.Art(tvshow.keyart7))">SetProperty(Multiart_7,$ESCINFO[Container.ListItem.Art(tvshow.keyart7)],home)</onfocus>
    <onfocus condition="String.IsEqual(Control.GetLabel(6400),tvshow.keyart) + !String.IsEmpty(ListItem.Art(tvshow.keyart8))">SetProperty(Multiart_8,$ESCINFO[Container.ListItem.Art(tvshow.keyart8)],home)</onfocus>
    <onfocus condition="String.IsEqual(Control.GetLabel(6400),tvshow.keyart) + !String.IsEmpty(ListItem.Art(tvshow.keyart9))">SetProperty(Multiart_9,$ESCINFO[Container.ListItem.Art(tvshow.keyart9)],home)</onfocus>
    <onfocus condition="String.IsEqual(Control.GetLabel(6400),tvshow.keyart) + !String.IsEmpty(ListItem.Art(tvshow.keyart10))">SetProperty(Multiart_10,$ESCINFO[Container.ListItem.Art(tvshow.keyart10)],home)</onfocus>
    <onfocus condition="String.IsEqual(Control.GetLabel(6400),tvshow.keyart) + !String.IsEmpty(ListItem.Art(tvshow.keyart11))">SetProperty(Multiart_11,$ESCINFO[Container.ListItem.Art(tvshow.keyart11)],home)</onfocus>
    <onfocus condition="String.IsEqual(Control.GetLabel(6400),tvshow.keyart) + !String.IsEmpty(ListItem.Art(tvshow.keyart12))">SetProperty(Multiart_12,$ESCINFO[Container.ListItem.Art(tvshow.keyart12)],home)</onfocus>
    <onfocus condition="String.IsEqual(Control.GetLabel(6400),tvshow.keyart) + !String.IsEmpty(ListItem.Art(tvshow.keyart13))">SetProperty(Multiart_13,$ESCINFO[Container.ListItem.Art(tvshow.keyart13)],home)</onfocus>
    <onfocus condition="String.IsEqual(Control.GetLabel(6400),tvshow.keyart) + !String.IsEmpty(ListItem.Art(tvshow.keyart14))">SetProperty(Multiart_14,$ESCINFO[Container.ListItem.Art(tvshow.keyart14)],home)</onfocus>
    <onfocus condition="String.IsEqual(Control.GetLabel(6400),tvshow.keyart) + !String.IsEmpty(ListItem.Art(tvshow.keyart15))">SetProperty(Multiart_15,$ESCINFO[Container.ListItem.Art(tvshow.keyart15)],home)</onfocus>
    <onfocus condition="String.IsEqual(Control.GetLabel(6400),tvshow.poster) + !String.IsEmpty(ListItem.Art(tvshow.poster))">SetProperty(Multiart_0,$ESCINFO[Container.ListItem.Art(tvshow.poster)],home)</onfocus>
    <onfocus condition="String.IsEqual(Control.GetLabel(6400),tvshow.poster) + !String.IsEmpty(ListItem.Art(tvshow.poster1))">SetProperty(Multiart_1,$ESCINFO[Container.ListItem.Art(tvshow.poster1)],home)</onfocus>
    <onfocus condition="String.IsEqual(Control.GetLabel(6400),tvshow.poster) + !String.IsEmpty(ListItem.Art(tvshow.poster2))">SetProperty(Multiart_2,$ESCINFO[Container.ListItem.Art(tvshow.poster2)],home)</onfocus>
    <onfocus condition="String.IsEqual(Control.GetLabel(6400),tvshow.poster) + !String.IsEmpty(ListItem.Art(tvshow.poster3))">SetProperty(Multiart_3,$ESCINFO[Container.ListItem.Art(tvshow.poster3)],home)</onfocus>
    <onfocus condition="String.IsEqual(Control.GetLabel(6400),tvshow.poster) + !String.IsEmpty(ListItem.Art(tvshow.poster4))">SetProperty(Multiart_4,$ESCINFO[Container.ListItem.Art(tvshow.poster4)],home)</onfocus>
    <onfocus condition="String.IsEqual(Control.GetLabel(6400),tvshow.poster) + !String.IsEmpty(ListItem.Art(tvshow.poster5))">SetProperty(Multiart_5,$ESCINFO[Container.ListItem.Art(tvshow.poster5)],home)</onfocus>
    <onfocus condition="String.IsEqual(Control.GetLabel(6400),tvshow.poster) + !String.IsEmpty(ListItem.Art(tvshow.poster6))">SetProperty(Multiart_6,$ESCINFO[Container.ListItem.Art(tvshow.poster6)],home)</onfocus>
    <onfocus condition="String.IsEqual(Control.GetLabel(6400),tvshow.poster) + !String.IsEmpty(ListItem.Art(tvshow.poster7))">SetProperty(Multiart_7,$ESCINFO[Container.ListItem.Art(tvshow.poster7)],home)</onfocus>
    <onfocus condition="String.IsEqual(Control.GetLabel(6400),tvshow.poster) + !String.IsEmpty(ListItem.Art(tvshow.poster8))">SetProperty(Multiart_8,$ESCINFO[Container.ListItem.Art(tvshow.poster8)],home)</onfocus>
    <onfocus condition="String.IsEqual(Control.GetLabel(6400),tvshow.poster) + !String.IsEmpty(ListItem.Art(tvshow.poster9))">SetProperty(Multiart_9,$ESCINFO[Container.ListItem.Art(tvshow.poster9)],home)</onfocus>
    <onfocus condition="String.IsEqual(Control.GetLabel(6400),tvshow.poster) + !String.IsEmpty(ListItem.Art(tvshow.poster10))">SetProperty(Multiart_10,$ESCINFO[Container.ListItem.Art(tvshow.poster10)],home)</onfocus>
    <onfocus condition="String.IsEqual(Control.GetLabel(6400),tvshow.poster) + !String.IsEmpty(ListItem.Art(tvshow.poster11))">SetProperty(Multiart_11,$ESCINFO[Container.ListItem.Art(tvshow.poster11)],home)</onfocus>
    <onfocus condition="String.IsEqual(Control.GetLabel(6400),tvshow.poster) + !String.IsEmpty(ListItem.Art(tvshow.poster12))">SetProperty(Multiart_12,$ESCINFO[Container.ListItem.Art(tvshow.poster12)],home)</onfocus>
    <onfocus condition="String.IsEqual(Control.GetLabel(6400),tvshow.poster) + !String.IsEmpty(ListItem.Art(tvshow.poster13))">SetProperty(Multiart_13,$ESCINFO[Container.ListItem.Art(tvshow.poster13)],home)</onfocus>
    <onfocus condition="String.IsEqual(Control.GetLabel(6400),tvshow.poster) + !String.IsEmpty(ListItem.Art(tvshow.poster14))">SetProperty(Multiart_14,$ESCINFO[Container.ListItem.Art(tvshow.poster14)],home)</onfocus>
    <onfocus condition="String.IsEqual(Control.GetLabel(6400),tvshow.poster) + !String.IsEmpty(ListItem.Art(tvshow.poster15))">SetProperty(Multiart_15,$ESCINFO[Container.ListItem.Art(tvshow.poster15)],home)</onfocus>
    <onfocus condition="String.IsEqual(Control.GetLabel(6400),tvshow.fanart) + !String.IsEmpty(ListItem.Art(tvshow.fanart))">SetProperty(Multiart_0,$ESCINFO[Container.ListItem.Art(tvshow.fanart)],home)</onfocus>
    <onfocus condition="String.IsEqual(Control.GetLabel(6400),tvshow.fanart) + !String.IsEmpty(ListItem.Art(tvshow.fanart1))">SetProperty(Multiart_1,$ESCINFO[Container.ListItem.Art(tvshow.fanart1)],home)</onfocus>
    <onfocus condition="String.IsEqual(Control.GetLabel(6400),tvshow.fanart) + !String.IsEmpty(ListItem.Art(tvshow.fanart2))">SetProperty(Multiart_2,$ESCINFO[Container.ListItem.Art(tvshow.fanart2)],home)</onfocus>
    <onfocus condition="String.IsEqual(Control.GetLabel(6400),tvshow.fanart) + !String.IsEmpty(ListItem.Art(tvshow.fanart3))">SetProperty(Multiart_3,$ESCINFO[Container.ListItem.Art(tvshow.fanart3)],home)</onfocus>
    <onfocus condition="String.IsEqual(Control.GetLabel(6400),tvshow.fanart) + !String.IsEmpty(ListItem.Art(tvshow.fanart4))">SetProperty(Multiart_4,$ESCINFO[Container.ListItem.Art(tvshow.fanart4)],home)</onfocus>
    <onfocus condition="String.IsEqual(Control.GetLabel(6400),tvshow.fanart) + !String.IsEmpty(ListItem.Art(tvshow.fanart5))">SetProperty(Multiart_5,$ESCINFO[Container.ListItem.Art(tvshow.fanart5)],home)</onfocus>
    <onfocus condition="String.IsEqual(Control.GetLabel(6400),tvshow.fanart) + !String.IsEmpty(ListItem.Art(tvshow.fanart6))">SetProperty(Multiart_6,$ESCINFO[Container.ListItem.Art(tvshow.fanart6)],home)</onfocus>
    <onfocus condition="String.IsEqual(Control.GetLabel(6400),tvshow.fanart) + !String.IsEmpty(ListItem.Art(tvshow.fanart7))">SetProperty(Multiart_7,$ESCINFO[Container.ListItem.Art(tvshow.fanart7)],home)</onfocus>
    <onfocus condition="String.IsEqual(Control.GetLabel(6400),tvshow.fanart) + !String.IsEmpty(ListItem.Art(tvshow.fanart8))">SetProperty(Multiart_8,$ESCINFO[Container.ListItem.Art(tvshow.fanart8)],home)</onfocus>
    <onfocus condition="String.IsEqual(Control.GetLabel(6400),tvshow.fanart) + !String.IsEmpty(ListItem.Art(tvshow.fanart9))">SetProperty(Multiart_9,$ESCINFO[Container.ListItem.Art(tvshow.fanart9)],home)</onfocus>
    <onfocus condition="String.IsEqual(Control.GetLabel(6400),tvshow.fanart) + !String.IsEmpty(ListItem.Art(tvshow.fanart10))">SetProperty(Multiart_10,$ESCINFO[Container.ListItem.Art(tvshow.fanart10)],home)</onfocus>
    <onfocus condition="String.IsEqual(Control.GetLabel(6400),tvshow.fanart) + !String.IsEmpty(ListItem.Art(tvshow.fanart11))">SetProperty(Multiart_11,$ESCINFO[Container.ListItem.Art(tvshow.fanart11)],home)</onfocus>
    <onfocus condition="String.IsEqual(Control.GetLabel(6400),tvshow.fanart) + !String.IsEmpty(ListItem.Art(tvshow.fanart12))">SetProperty(Multiart_12,$ESCINFO[Container.ListItem.Art(tvshow.fanart12)],home)</onfocus>
    <onfocus condition="String.IsEqual(Control.GetLabel(6400),tvshow.fanart) + !String.IsEmpty(ListItem.Art(tvshow.fanart13))">SetProperty(Multiart_13,$ESCINFO[Container.ListItem.Art(tvshow.fanart13)],home)</onfocus>
    <onfocus condition="String.IsEqual(Control.GetLabel(6400),tvshow.fanart) + !String.IsEmpty(ListItem.Art(tvshow.fanart14))">SetProperty(Multiart_14,$ESCINFO[Container.ListItem.Art(tvshow.fanart14)],home)</onfocus>
    <onfocus condition="String.IsEqual(Control.GetLabel(6400),tvshow.fanart) + !String.IsEmpty(ListItem.Art(tvshow.fanart15))">SetProperty(Multiart_15,$ESCINFO[Container.ListItem.Art(tvshow.fanart15)],home)</onfocus>
    <onfocus condition="String.IsEqual(Control.GetLabel(6400),tvshow.square) + !String.IsEmpty(ListItem.Art(tvshow.square))">SetProperty(Multiart_0,$ESCINFO[Container.ListItem.Art(tvshow.square)],home)</onfocus>
    <onfocus condition="String.IsEqual(Control.GetLabel(6400),tvshow.square) + !String.IsEmpty(ListItem.Art(tvshow.square1))">SetProperty(Multiart_1,$ESCINFO[Container.ListItem.Art(tvshow.square1)],home)</onfocus>
    <onfocus condition="String.IsEqual(Control.GetLabel(6400),tvshow.square) + !String.IsEmpty(ListItem.Art(tvshow.square2))">SetProperty(Multiart_2,$ESCINFO[Container.ListItem.Art(tvshow.square2)],home)</onfocus>
    <onfocus condition="String.IsEqual(Control.GetLabel(6400),tvshow.square) + !String.IsEmpty(ListItem.Art(tvshow.square3))">SetProperty(Multiart_3,$ESCINFO[Container.ListItem.Art(tvshow.square3)],home)</onfocus>
    <onfocus condition="String.IsEqual(Control.GetLabel(6400),tvshow.square) + !String.IsEmpty(ListItem.Art(tvshow.square4))">SetProperty(Multiart_4,$ESCINFO[Container.ListItem.Art(tvshow.square4)],home)</onfocus>
    <onfocus condition="String.IsEqual(Control.GetLabel(6400),tvshow.square) + !String.IsEmpty(ListItem.Art(tvshow.square5))">SetProperty(Multiart_5,$ESCINFO[Container.ListItem.Art(tvshow.square5)],home)</onfocus>
    <onfocus condition="String.IsEqual(Control.GetLabel(6400),tvshow.square) + !String.IsEmpty(ListItem.Art(tvshow.square6))">SetProperty(Multiart_6,$ESCINFO[Container.ListItem.Art(tvshow.square6)],home)</onfocus>
    <onfocus condition="String.IsEqual(Control.GetLabel(6400),tvshow.square) + !String.IsEmpty(ListItem.Art(tvshow.square7))">SetProperty(Multiart_7,$ESCINFO[Container.ListItem.Art(tvshow.square7)],home)</onfocus>
    <onfocus condition="String.IsEqual(Control.GetLabel(6400),tvshow.square) + !String.IsEmpty(ListItem.Art(tvshow.square8))">SetProperty(Multiart_8,$ESCINFO[Container.ListItem.Art(tvshow.square8)],home)</onfocus>
    <onfocus condition="String.IsEqual(Control.GetLabel(6400),tvshow.square) + !String.IsEmpty(ListItem.Art(tvshow.square9))">SetProperty(Multiart_9,$ESCINFO[Container.ListItem.Art(tvshow.square9)],home)</onfocus>
    <onfocus condition="String.IsEqual(Control.GetLabel(6400),tvshow.square) + !String.IsEmpty(ListItem.Art(tvshow.square10))">SetProperty(Multiart_10,$ESCINFO[Container.ListItem.Art(tvshow.square10)],home)</onfocus>
    <onfocus condition="String.IsEqual(Control.GetLabel(6400),tvshow.square) + !String.IsEmpty(ListItem.Art(tvshow.square11))">SetProperty(Multiart_11,$ESCINFO[Container.ListItem.Art(tvshow.square11)],home)</onfocus>
    <onfocus condition="String.IsEqual(Control.GetLabel(6400),tvshow.square) + !String.IsEmpty(ListItem.Art(tvshow.square12))">SetProperty(Multiart_12,$ESCINFO[Container.ListItem.Art(tvshow.square12)],home)</onfocus>
    <onfocus condition="String.IsEqual(Control.GetLabel(6400),tvshow.square) + !String.IsEmpty(ListItem.Art(tvshow.square13))">SetProperty(Multiart_13,$ESCINFO[Container.ListItem.Art(tvshow.square13)],home)</onfocus>
    <onfocus condition="String.IsEqual(Control.GetLabel(6400),tvshow.square) + !String.IsEmpty(ListItem.Art(tvshow.square14))">SetProperty(Multiart_14,$ESCINFO[Container.ListItem.Art(tvshow.square14)],home)</onfocus>
    <onfocus condition="String.IsEqual(Control.GetLabel(6400),tvshow.square) + !String.IsEmpty(ListItem.Art(tvshow.square15))">SetProperty(Multiart_15,$ESCINFO[Container.ListItem.Art(tvshow.square15)],home)</onfocus>
  </include>

</includes>