<?xml version="1.0" encoding="UTF-8"?>
<window>
	<!-- programs -->
	<onload condition="!String.Contains(Control.GetLabel(8),*) | !Skin.String(AddonBroken)">Skin.SetString(AddonBroken,off)</onload>
	<onunload>ClearProperty(OptionsMenu,home)</onunload>
	<onunload>ClearProperty(Scrollbars,home)</onunload>
	<defaultcontrol always="true">50</defaultcontrol>
	<menucontrol>3000</menucontrol>
	<backgroundcolor>$VAR[Dark_Color]</backgroundcolor>
	<views>50,501,502,504,505</views>
	<controls>
		<include content="Common_Controls" />
		<include content="programs_Views" />
		<include content="MyViews_Menu_and_Scrollbars" />
	</controls>
</window>