<?xml version="1.0" encoding="UTF-8"?>
<window>
	<!-- smartplaylisteditor -->
	<defaultcontrol always="true">100</defaultcontrol>
	<backgroundcolor>$VAR[Dark_Color]</backgroundcolor>
	<controls>
		<include content="smartplaylisteditor_Hidden" />
		<include content="Default_Dialog_Panel_Layout">
			<param name="visible" value="![Window.IsVisible(shutdownmenu) | Window.IsVisible(smartplaylistrule) | Window.IsVisible(selectdialog) | Window.IsVisible(virtualkeyboard) | Window.IsVisible(numericinput)]" />
			<param name="panel_edge_top" value="150" />
			<param name="panel_edge_bottom" value="150" />
			<include content="Breadcrumb_Label">
				<param name="title_label_id" value="2" />
			</include>
			<include content="Settings_Grouplist_Template">
				<param name="id" value="100" />
				<param name="width" value="870" />
				<param name="height" value="720" />
				<param name="onleft" value="20" />
				<param name="onright" value="SetFocus(10,0,absolute)" />
				<param name="include_scrollbar" value="false" />
				<include content="smartplaylisteditor_Left_List_Content" />
			</include>
			<include content="Settings_List_Template">
				<param name="id" value="10" />
				<param name="window_name" value="smartplaylisteditor" />
				<param name="side" value="right" />
				<param name="width" value="870" />
				<param name="height" value="100%" />
				<param name="top" value="0" />
				<param name="onleft" value="100" />
				<param name="onright" value="14" />
				<param name="onright_condition" value="!String.IsEqual(Container(10).ListItem.Label,$LOCALIZE[21423])" />
				<param name="onright2" value="21" />
				<param name="onright2_condition" value="String.IsEqual(Container(10).ListItem.Label,$LOCALIZE[21423])" />
				<param name="focus_color" value="$VAR[Settings_Grouplist_Label_Color]" />
				<param name="focus_border_visible" value="String.IsEqual(Container(100).CurrentItem,-1) + !ControlGroup(4000).HasFocus" />
				<param name="focus_border_margin_right" value="60" />
				<param name="smartplaylisteditor" value="true" />
			</include>
			<include content="Dialog_Divider">
				<param name="left" value="960" />
				<param name="height" value="720" />
			</include>
			<include content="Button_Group_Template">
				<param name="bottom" value="15" />
				<param name="onleft" value="SetFocus(10,0,absolute)" />
				<param name="onright" value="100" />
				<param name="color" value="$VAR[Light_Color]" />
				<param name="unfocused_color" value="$VAR[Light_Color]" />
				<param name="button1" value="true" />
				<param name="button1_id" value="21" />
				<param name="button2" value="true" />
				<param name="button2_id" value="20" />
			</include>
		</include>
	</controls>
</window>