<?xml version="1.0" encoding="UTF-8"?>
<includes>

	<include name="PVR_Date_Label">
		<control type="group">
			<left>$PARAM[left]</left>
			<width>$PARAM[width]</width>
			<top>$PARAM[top]</top>
			<height>90</height>
			<control type="image">
				<height>30</height>
				<centertop>50%</centertop>
				<texture colordiffuse="$VAR[Accent_Color]" border="4">pvr/tvguide_focusedlayout_border_left.png</texture>
			</control>
			<control type="label">
				<height>30</height>
				<centertop>50%</centertop>
				<left>10</left>
				<right>10</right>
				<label>$PARAM[label]</label>
				<font>PVR_Time</font>
				<textcolor>$VAR[Light_Color]</textcolor>
			</control>
		</control>
	</include>

	<include name="PVR_Info_Label">
		<param name="visible" default="true" />
		<param name="height" default="30" />
		<definition>
			<control type="label">
				<visible>$PARAM[visible]</visible>
				<height>$PARAM[height]</height>
				<font>PVR_Info</font>
				<label>$PARAM[label]</label>
				<textcolor>$VAR[Light_Color]</textcolor>
				<nested />
			</control>
		</definition>
	</include>

	<include name="PVR_Info_Box">
		<param name="visible" default="true" />
		<param name="left" default="1230" />
		<param name="right" default="120" />
		<param name="bottom" />
		<param name="height" />
		<param name="align" default="center" />
		<param name="aligny" default="center" />
		<param name="textalign" default="center" />
		<param name="title_padding" default="0" />
		<param name="title_font" default="Grid_Title_Medium" />
		<param name="title_label" default="$VAR[PVR_Info_Box_Title_Label]" />
		<param name="info_label" default="$VAR[PVR_Info_Box_Info_Label]" />
		<param name="plot_padding" default="0" />
		<param name="plot_height_max" />
		<definition>
			<control type="grouplist">
				<visible>$PARAM[visible]</visible>
				<include content="Visible_Fade_Animation" />
				<left>$PARAM[left]</left>
				<right>$PARAM[right]</right>
				<bottom>$PARAM[bottom]</bottom>
				<height>$PARAM[height]</height>
				<itemgap>0</itemgap>
				<align>$PARAM[align]</align>
				<usecontrolcoords>true</usecontrolcoords>
				<nested />
				<control type="textbox" id="6005">
					<top>$PARAM[title_padding]</top>
					<height min="45" max="85">auto</height>
					<visible>!String.IsEmpty(ListItem.Title)</visible>
					<label>$PARAM[title_label]</label>
					<font>$PARAM[title_font]</font>
					<textcolor>$VAR[Light_Color]</textcolor>
					<align>$PARAM[textalign]</align>
					<aligny>bottom</aligny>
					<autoscroll>false</autoscroll>
				</control>
				<include content="PVR_Info_Label">
					<param name="visible" value="!String.IsEmpty(ListItem.Duration)" />
					<param name="label">$PARAM[info_label]</param>
					<align>$PARAM[textalign]</align>
				</include>
				<control type="textbox">
					<top>$PARAM[plot_padding]</top>
					<height>$PARAM[plot_height_max]</height>
					<visible>!String.IsEmpty(ListItem.Plot)</visible>
					<label>$INFO[ListItem.Plot]</label>
					<font>PVR_Description</font>
					<align>$PARAM[textalign]</align>
					<aligny>top</aligny>
				</control>
			</control>
		</definition>
	</include>

	<include name="PVR_Progress">
		<param name="width" default="100%" />
		<param name="height" default="100%" />
		<param name="background_color" default="$VAR[Blank_Color]" />
		<param name="focus_color" default="$VAR[tvchannels_Progress_Color]" />
		<param name="texture" default="views/white_100.png" />
		<definition>
			<control type="progress">
				<visible>ListItem.HasEpg + Integer.IsGreater(ListItem.Progress,0)</visible>
				<width>$PARAM[width]</width>
				<height>$PARAM[height]</height>
				<texturebg colordiffuse="$PARAM[background_color]">$PARAM[texture]</texturebg>
				<midtexture colordiffuse="$PARAM[focus_color]">$PARAM[texture]</midtexture>
				<info>ListItem.Progress</info>
				<nested />
			</control>
		</definition>
	</include>

	<include name="PVR_Recordings_List">
		<control type="panel" id="5000">
			<visible>ListItem.IsFolder</visible>
			<left>1230</left>
			<right>120</right>
			<top>270</top>
			<bottom>270</bottom>
			<orientation>vertical</orientation>
			<focusedlayout height="90" width="570" />
			<itemlayout height="90" width="570">
				<control type="label">
					<height>40</height>
					<top>10</top>
					<label>$INFO[ListItem.Label]$INFO[ListItem.EpisodeName, - ]</label>
					<font>PVR_Channel</font>
				</control>
				<control type="label">
					<height>30</height>
					<bottom>10</bottom>
					<label>$VAR[tvrecordings_dateandsize_label]</label>
					<font>PVR_Info</font>
				</control>
			</itemlayout>
			<content sortby="date" sortorder="descending">$INFO[ListItem.FilenameAndPath]</content>
		</control>
	</include>

	<include name="PVR_Channel_Number_Label">
		<param name="visible" default="!String.IsEqual(VideoPlayer.ChannelName,ListItem.Label)" />
		<param name="color" default="$VAR[Light_Color]" />
		<definition>
			<control type="group">
				<width>90</width>
				<height>90</height>
				<control type="label">
					<visible>$PARAM[visible]</visible>
					<width>100%</width>
					<height>100%</height>
					<label>$INFO[ListItem.ChannelNumberLabel]</label>
					<align>center</align>
					<textcolor>$PARAM[color]</textcolor>
					<font>PVR_Channel</font>
					<selectedcolor>$PARAM[color]</selectedcolor>
				</control>
				<include content="Now_Playing_Icon">
					<param name="visible" value="!$PARAM[visible]" />
					<param name="color" value="$VAR[Light_Color]" />
					<animation effect="slide" end="0,5" time="0" condition="Player.Paused">Conditional</animation>
				</include>
			</control>
		</definition>
	</include>

	<include name="PVR_logo">
		<param name="texture" default="$INFO[ListItem.Icon]" />
		<param name="right" default="120" />
		<param name="top" default="0" />
		<param name="height" default="60" />
		<param name="width" default="90" />
		<param name="align" default="center" />
		<param name="aligny" default="top" />
		<param name="color" defalut="ffffffff" />
		<param name="fadetime" default="0" />
		<definition>
			<control type="image">
				<right>$PARAM[right]</right>
				<top>$PARAM[top]</top>
				<height>$PARAM[height]</height>
				<width>$PARAM[width]</width>
				<texture fallback="flags/blank.png" colordiffuse="$PARAM[color]">$PARAM[texture]</texture>
				<aspectratio align="$PARAM[align]" aligny="$PARAM[aligny]">keep</aspectratio>
				<fadetime>$PARAM[fadetime]</fadetime>
				<nested />
			</control>
		</definition>
	</include>

	<include name="PVR_icon">
		<param name="visible" default="true" />
		<definition>
			<control type="image">
				<visible>$PARAM[visible]</visible>
				<animation effect="fade" start="100" end="33" time="1500" delay="750" tween="sine" easing="inout" pulse="true" condition="ListItem.IsRecording">Conditional</animation>
				<nested />
				<width>30</width>
				<height>30</height>
				<texture fallback="flags/blank.png" colordiffuse="$PARAM[color]">$PARAM[texture]</texture>
				<aspectratio>scale</aspectratio>
				<nested />
			</control>
		</definition>
	</include>

	<include name="PVR_Now_Playing_Label">
		<param name="visible" default="true" />
		<param name="label" default="[UPPERCASE]$INFO[VideoPlayer.ChannelNumberLabel,$LOCALIZE[31634] ][/UPPERCASE]" />
		<param name="left" default="1200" />
		<param name="width" default="600" />
		<param name="top" default="180" />
		<param name="height" default="90" />
		<param name="line_visible" default="true" />
		<param name="label_width" default="570" />
		<param name="label_align" default="center" />
		<param name="line_bottom" default="0" />
		<param name="logo" default="false" />
		<definition>
			<control type="group">
				<top>$PARAM[top]</top>
				<height>$PARAM[height]</height>
				<width>$PARAM[width]</width>
				<left>$PARAM[left]</left>
				<control type="grouplist">
					<visible>$PARAM[visible]</visible>
					<include content="Visible_Fade_Delayed_Animation" />
					<left>30</left>
					<height>40</height>
					<centertop>50%</centertop>
					<orientation>horizontal</orientation>
					<align>$PARAM[label_align]</align>
					<itemgap>15</itemgap>
					<usecontrolusecontrolcoords>true</usecontrolusecontrolcoords>
					<control type="label">
						<height>100%</height>
						<width>$PARAM[label_width]</width>
						<label>$PARAM[label]</label>
						<align>$PARAM[label_align]</align>
						<font>PVR_Info</font>
						<textcolor>$VAR[Light_Color]</textcolor>
					</control>
					<include content="PVR_logo" condition="$PARAM[logo]">
						<param name="texture" value="$INFO[Player.Art(thumb)]" />
						<param name="aligny" value="center" />
						<param name="height" value="40" />
						<param name="width" value="120" />
					</include>
				</control>
				<control type="image">
					<visible>$PARAM[line_visible]</visible>
					<height>1</height>
					<bottom>$PARAM[line_bottom]</bottom>
					<texture colordiffuse="$VAR[Unfocused_Color]">views/white_100.png</texture>
				</control>
			</control>
		</definition>
	</include>

</includes>