<?xml version="1.0" encoding="UTF-8"?>
<includes>

	<include name="StripView_ListIcon_Static_Unfocused">
		<definition>
			<include content="ListIcon_Static_Unfocused">
				<param name="visible" value="$PARAM[visible]" />
				<param name="position" value="$PARAM[position]" />
				<param name="left" value="$PARAM[left]" />
				<param name="top" value="$PARAM[top]" />
				<param name="width" value="$PARAM[width]" />
				<param name="height" value="$PARAM[height]" />
				<param name="art_icon" value="$PARAM[art_icon]" />
				<param name="art_diffuse" value="false" />
				<param name="icon_width" value="50" />
				<param name="now_playing" value="$EXP[ListItem($PARAM[position])_NowPlaying]" />
				<param name="fallback" value="$PARAM[fallback]" />
				<nested />
			</include>
		</definition>
	</include>

	<include name="StripView_ListIcon_Static_Focused">
		<param name="border_visible" default="true" />
		<definition>
			<include content="ListIcon_Static_Focused">
				<param name="visible" value="$PARAM[visible]" />
				<param name="position" value="$PARAM[position]" />
				<param name="left" value="$PARAM[left]" />
				<param name="top" value="$PARAM[top]" />
				<param name="width" value="$PARAM[width]" />
				<param name="height" value="$PARAM[height]" />
				<param name="art_icon" value="$PARAM[art_icon]" />
				<param name="art_diffuse" value="false" />
				<param name="now_playing" value="$EXP[ListItem($PARAM[position])_NowPlaying]" />
				<param name="fallback" value="$PARAM[fallback]" />
				<!-- Multiart -->
				<include content="Icon_Component_Multiart_Static" condition="Skin.HasSetting(Multiart_Slideshow) + !Window.Is(movieinformation) + !Window.Is(musicinformation) + !Window.Is(songinformation) + !WIndow.Is(addoninformation)">
					<param name="art_diffuse" value="false" />
					<param name="now_playing" value="$EXP[ListItem($PARAM[position])_NowPlaying]" />
				</include>
				<!-- Border -->
				<include content="Icon_Component_Border">
					<param name="visible" value="$PARAM[border_visible]" />
					<param name="size" value="$PARAM[border_size]" />
					<param name="color" value="$PARAM[border_color]" />
					<param name="texture" value="$PARAM[border_texture]" />
				</include>
			</include>
			<!-- Secondary List Mask -->
			<include content="Icon_Component_Secondary_Mask" condition="Skin.HasSetting(Secondary_List_Enabled) + [Window.Is(videos) | Window.Is(music)]">
				<param name="left" value="$PARAM[left]" />
				<param name="width" value="$PARAM[width]" />
				<param name="height" value="$PARAM[height]" />
				<param name="top" value="$PARAM[secondary_mask_top]" />
				<param name="bottom" value="$PARAM[secondary_mask_bottom]" />
			</include>
		</definition>
	</include>

	<include name="StripView_ListIcon_Animated">
		<param name="icon_width" default="50" />
		<definition>
			<include content="ListIcon_Animated">
				<param name="visible" value="$PARAM[visible]" />
				<param name="position" value="$PARAM[position]" />
				<param name="left" value="$PARAM[left]" />
				<param name="top" value="$PARAM[top]" />
				<param name="width" value="$PARAM[width]" />
				<param name="height" value="$PARAM[height]" />
				<param name="art_icon" value="$PARAM[art_icon]" />
				<param name="fallback" value="$PARAM[fallback]" />
				<param name="art_diffuse" value="false" />
				<param name="icon_width" value="$PARAM[icon_width]" />
				<param name="now_playing" value="$EXP[ListItem($PARAM[position])_NowPlaying]" />
				<param name="animationtype" value="$PARAM[animationtype]" />
				<param name="animationeffect" value="$PARAM[animationeffect]" />
				<param name="animationend" value="$PARAM[animationend]" />
				<param name="animationcondition" value="$PARAM[animationcondition]" />
			</include>
		</definition>
	</include>

	<include name="StripView_Multiart_Animated">
		<param name="icon_width" default="50" />
		<definition>
			<include content="ListIcon_Animated">
				<param name="visible" value="$PARAM[visible]" />
				<param name="position" value="$PARAM[position]" />
				<param name="left" value="$PARAM[left]" />
				<param name="top" value="$PARAM[top]" />
				<param name="width" value="$PARAM[width]" />
				<param name="height" value="$PARAM[height]" />
				<param name="art_icon" value="$PARAM[art_icon]" />
				<param name="fallback" value="$PARAM[fallback]" />
				<param name="art_diffuse" value="false" />
				<param name="now_playing" value="$EXP[ListItem($PARAM[position])_NowPlaying]" />
				<param name="animationtype" value="$PARAM[animationtype]" />
				<param name="animationeffect" value="$PARAM[animationeffect]" />
				<param name="animationend" value="$PARAM[animationend]" />
				<param name="animationcondition" value="$PARAM[animationcondition]" />
				<!-- Multiart -->
				<include content="Icon_Component_Multiart_Animated" condition="Skin.HasSetting(Multiart_Slideshow) + !Window.Is(movieinformation) + !Window.Is(musicinformation) + !Window.Is(songinformation) + !Window.Is(addoninformation) + !Window.Is(loginscreen)">
					<param name="visible" value="$PARAM[multiart] + String.IsEqual(Window(home).Property(Multiart_Fadeout),true)" />
					<param name="art_diffuse" value="false" />
					<param name="now_playing" value="$EXP[ListItem($PARAM[position])_NowPlaying]" />
					<param name="animationtype" value="$PARAM[multiartanimationtype]" />
					<param name="animationeffect" value="$PARAM[multiartanimationeffect]" />
					<param name="animationend" value="$PARAM[multiartanimationend]" />
					<param name="animationcondition" value="$PARAM[multiartanimationcondition]" />
				</include>
			</include>
		</definition>
	</include>

	<include name="StripView_Animated">
		<param name="target_id" />
		<param name="displaytype_label" />
		<param name="displaytype_isfanart" />
		<param name="top" />
		<param name="item_top" />
		<param name="item_width" />
		<param name="item_height" />
		<param name="focus_width" />
		<param name="focus_height" />
		<param name="2x_item_width" />
		<param name="2x_item_width_plus_focus_width" />
		<param name="2x_item_width_minus_dropshadow_width" />
		<param name="3x_item_width_plus_focus_width" />
		<param name="4x_item_width_plus_focus_width" />
		<param name="art_icon" />
		<param name="fallback" />
		<definition>
			<control type="group">
				<visible>$EXP[StripView_Display_Is$PARAM[displaytype_label]] + !$EXP[Container_Switching]</visible>
				<include content="Visible_Fade_Animation" />
				<animation effect="slide" start="0,0" end="-960,0" time="0" condition="$PARAM[displaytype_isfanart]">Conditional</animation>
				<top>$PARAM[top]</top>
				<!-- On Previous -->
				<control type="group">
					<visible>!String.IsEqual(Container($PARAM[target_id]).NumItems,1)</visible>
					<!-- Move Icon -3 to -2 -->
					<include content="StripView_ListIcon_Animated" condition="!Window.Is(home) + !$PARAM[displaytype_isfanart]">
						<param name="visible" value="Container($PARAM[target_id]).OnPrevious + [$EXP[StripView_Details_Off] | $EXP[StripView_Widget_Infoscreen_IsVisible]]" />
						<param name="position" value="-2" />
						<param name="left" value="-$PARAM[item_width]" />
						<param name="top" value="$PARAM[item_top]" />
						<param name="width" value="$PARAM[item_width]" />
						<param name="height" value="$PARAM[item_height]" />
						<param name="art_icon" value="$PARAM[art_icon]" />
						<param name="fallback" value="$PARAM[fallback]" />
						<param name="animationtype" value="Hidden" />
						<param name="animationcondition" value="true" />
						<param name="animationeffect" value="slide" />
						<param name="animationend" value="$PARAM[item_width],0" />
					</include>
					<!-- Move Icon -2 to -1 -->
					<include content="StripView_ListIcon_Animated" condition="!Window.Is(home)">
						<param name="visible" value="Container($PARAM[target_id]).OnPrevious + [$EXP[StripView_Details_Off] | $EXP[StripView_Widget_Infoscreen_IsVisible]]" />
						<param name="position" value="-1" />
						<param name="left" value="0" />
						<param name="top" value="$PARAM[item_top]" />
						<param name="width" value="$PARAM[item_width]" />
						<param name="height" value="$PARAM[item_height]" />
						<param name="art_icon" value="$PARAM[art_icon]" />
						<param name="fallback" value="$PARAM[fallback]" />
						<param name="animationtype" value="Hidden" />
						<param name="animationcondition" value="true" />
						<param name="animationeffect" value="slide" />
						<param name="animationend" value="$PARAM[item_width],0" />
					</include>
					<!-- Move Icon -1 to 0 -->
					<include content="StripView_ListIcon_Animated" condition="!Window.Is(home)">
						<param name="visible" value="Container($PARAM[target_id]).OnPrevious + [$EXP[StripView_Details_Off] | $EXP[StripView_Widget_Infoscreen_IsVisible]]" />
						<param name="position" value="0" />
						<param name="left" value="$PARAM[item_width]" />
						<param name="top" value="$PARAM[item_top]" />
						<param name="width" value="$PARAM[item_width]" />
						<param name="height" value="$PARAM[item_height]" />
						<param name="art_icon" value="$PARAM[art_icon]" />
						<param name="fallback" value="$PARAM[fallback]" />
						<param name="animationtype" value="Hidden" />
						<param name="animationcondition" value="true" />
						<param name="animationeffect" value="zoom" />
						<param name="animationend" value="$PARAM[2x_item_width],0,$PARAM[focus_width],$PARAM[focus_height]" />
					</include>
					<!-- Move Icon -1 to 0 (Alternative Animation if Details On) -->
					<include content="StripView_ListIcon_Animated" condition="Window.Is(home) | Window.Is(videos) | Window.Is(music) | Window.Is(addonbrowser) | Window.Is(programs) | Window.Is(pictures)">
						<param name="visible" value="Container($PARAM[target_id]).OnPrevious + !$EXP[StripView_Details_Off]" />
						<param name="position" value="0" />
						<param name="left" value="-$PARAM[focus_width]" />
						<param name="top" value="0" />
						<param name="width" value="$PARAM[focus_width]" />
						<param name="height" value="$PARAM[focus_height]" />
						<param name="art_icon" value="$PARAM[art_icon]" />
						<param name="fallback" value="$PARAM[fallback]" />
						<param name="icon_width" value="60" />
						<param name="animationtype" value="Hidden" />
						<param name="animationcondition" value="true" />
						<param name="animationeffect" value="slide" />
						<param name="animationend" value="$PARAM[2x_item_width_plus_focus_width],0" />
					</include>
					<!-- Move Icon 0 to 1 -->
					<include content="StripView_Multiart_Animated">
						<param name="visible" value="Container($PARAM[target_id]).OnPrevious" />
						<param name="position" value="1" />
						<param name="left" value="$PARAM[2x_item_width]" />
						<param name="top" value="0" />
						<param name="width" value="$PARAM[focus_width]" />
						<param name="height" value="$PARAM[focus_height]" />
						<param name="art_icon" value="$PARAM[art_icon]" />
						<param name="fallback" value="$PARAM[fallback]" />
						<param name="icon_width" value="60" />
						<param name="animationtype" value="Hidden" />
						<param name="animationcondition" value="true" />
						<param name="animationeffect" value="zoom" />
						<param name="animationend" value="$PARAM[2x_item_width_plus_focus_width],$PARAM[item_top],$PARAM[item_width],$PARAM[item_height]" />
						<param name="multiart" value="Container($PARAM[target_id]).OnPrevious" />
						<param name="multiartanimationtype" value="Hidden" />
						<param name="multiartanimationeffect" value="fade" />
						<param name="multiartanimationend" value="0" />
						<param name="multiartanimationcondition" value="true" />
					</include>
					<!-- Move Icon 1 to 2 -->
					<include content="StripView_ListIcon_Animated">
						<param name="visible" value="Container($PARAM[target_id]).OnPrevious" />
						<param name="position" value="2" />
						<param name="left" value="$PARAM[2x_item_width_plus_focus_width]" />
						<param name="top" value="$PARAM[item_top]" />
						<param name="width" value="$PARAM[item_width]" />
						<param name="height" value="$PARAM[item_height]" />
						<param name="art_icon" value="$PARAM[art_icon]" />
						<param name="fallback" value="$PARAM[fallback]" />
						<param name="animationtype" value="Hidden" />
						<param name="animationcondition" value="true" />
						<param name="animationeffect" value="slide" />
						<param name="animationend" value="$PARAM[item_width],0" />
					</include>
					<!-- Move Icon 2 to 3 -->
					<include content="StripView_ListIcon_Animated" condition="!$PARAM[displaytype_isfanart]">
						<param name="visible" value="Container($PARAM[target_id]).OnPrevious" />
						<param name="position" value="3" />
						<param name="left" value="$PARAM[3x_item_width_plus_focus_width]" />
						<param name="top" value="$PARAM[item_top]" />
						<param name="width" value="$PARAM[item_width]" />
						<param name="height" value="$PARAM[item_height]" />
						<param name="art_icon" value="$PARAM[art_icon]" />
						<param name="fallback" value="$PARAM[fallback]" />
						<param name="animationtype" value="Hidden" />
						<param name="animationcondition" value="true" />
						<param name="animationeffect" value="slide" />
						<param name="animationend" value="$PARAM[item_width],0" />
					</include>
					<!-- Dropshadow for icon 0 to 1 -->
					<!-- Left Side -->
					<include content="DropShadow" condition="!Window.Is(home)">
						<param name="visible" value="Container($PARAM[target_id]).OnPrevious + [$EXP[StripView_Details_Off] | $EXP[StripView_Widget_Infoscreen_IsVisible]] + ![String.IsEmpty(Container($PARAM[target_id]).ListItemNoWrap(1).Label) + String.IsEmpty(Container($PARAM[target_id]).ListItemNoWrap(1).Art(thumb))]" />
						<param name="left" value="$PARAM[2x_item_width_minus_dropshadow_width]" />
						<param name="top" value="$PARAM[item_top]" />
						<param name="height" value="$PARAM[item_height]" />
						<param name="animationtype" value="Hidden" />
						<param name="animationcondition" value="true" />
						<param name="animationeffect" value="zoom" />
						<param name="animationend" value="$PARAM[2x_item_width_plus_focus_width],0,0,$PARAM[focus_height]" />
						<param name="animationtime" value="Default_Transition_1x" />
						<param name="animation2effect" value="zoom" />
						<param name="animation2end" value="0,100" />
						<param name="animation2time" value="Default_Transition_0.5x" />
						<param name="animation2center" value="$PARAM[2x_item_width],540" />
						<param name="animation3effect" value="fade" />
						<param name="animation3end" value="0" />
						<param name="animation3time" value="Default_Transition_0.5x" />
					</include>
					<!-- Right Side -->
					<include content="DropShadow">
						<param name="visible" value="Container($PARAM[target_id]).OnPrevious + ![String.IsEmpty(Container($PARAM[target_id]).ListItemNoWrap(2).Label) + String.IsEmpty(Container($PARAM[target_id]).ListItemNoWrap(2).Art(thumb))]" />
						<param name="left" value="$PARAM[2x_item_width_plus_focus_width]" />
						<param name="top" value="$PARAM[item_top]" />
						<param name="height" value="$PARAM[item_height]" />
						<param name="flipx" value="true" />
						<param name="animationtype" value="Hidden" />
						<param name="animationcondition" value="true" />
						<param name="animationeffect" value="zoom" />
						<param name="animationend" value="$PARAM[3x_item_width_plus_focus_width],$PARAM[item_top],0,$PARAM[item_height]" />
						<param name="animationtime" value="Default_Transition_1x" />
						<param name="animation2effect" value="fade" />
						<param name="animation2end" value="0" />
						<param name="animation2time" value="Default_Transition_1x" />
					</include>
					<!-- Dropshadow for icon -1 to 0 -->
					<!-- Left Side -->
					<include content="DropShadow" condition="!Window.Is(home)">
						<param name="visible" value="$EXP[Content_Previous] + !Container($PARAM[target_id]).OnPrevious + [$EXP[StripView_Details_Off] | $EXP[StripView_Widget_Infoscreen_IsVisible]] + ![String.IsEmpty(Container($PARAM[target_id]).ListItemNoWrap(-1).Label) + String.IsEmpty(Container($PARAM[target_id]).ListItemNoWrap(-1).Art(thumb))]" />
						<param name="left" value="$PARAM[item_width]" />
						<param name="top" value="$PARAM[item_top]" />
						<param name="width" value="1" />
						<param name="height" value="$PARAM[item_height]" />
						<param name="animationtype" value="Visible" />
						<param name="animationcondition" value="true" />
						<param name="animationeffect" value="zoom" />
						<param name="animationend" value="$PARAM[2x_item_width_minus_dropshadow_width],$PARAM[item_top],120,$PARAM[item_height]" />
						<param name="animationtime" value="Default_Transition_1x" />
						<param name="animation2effect" value="fade" />
						<param name="animation2start" value="0" />
						<param name="animation2end" value="100" />
						<param name="animation2time" value="Default_Transition_1x" />
					</include>
					<!-- Right Side -->
					<include content="DropShadow">
						<param name="visible" value="$EXP[Content_Previous] + !Container($PARAM[target_id]).OnPrevious + ![String.IsEmpty(Container($PARAM[target_id]).ListItemNoWrap(1).Label) + String.IsEmpty(Container($PARAM[target_id]).ListItemNoWrap(1).Art(thumb))]" />
						<param name="left" value="$PARAM[2x_item_width]" />
						<param name="top" value="0" />
						<param name="width" value="1" />
						<param name="height" value="$PARAM[focus_height]" />
						<param name="flipx" value="true" />
						<param name="animationtype" value="Visible" />
						<param name="animationcondition" value="true" />
						<param name="animationeffect" value="zoom" />
						<param name="animationend" value="$PARAM[2x_item_width_plus_focus_width],$PARAM[item_top],120,$PARAM[item_height]" />
						<param name="animationtime" value="Default_Transition_1x" />
						<param name="animation2effect" value="fade" />
						<param name="animation2start" value="0" />
						<param name="animation2end" value="100" />
						<param name="animation2delay" value="Default_Transition_0.5x" />
						<param name="animation2time" value="Default_Transition_0.5x" />
					</include>
				</control>
				<!-- On Next -->
				<control type="group">
					<visible>!String.IsEqual(Container($PARAM[target_id]).NumItems,1)</visible>
					<!-- Move Icon -2 to -3 -->
					<include content="StripView_ListIcon_Animated" condition="!Window.Is(home) + !$PARAM[displaytype_isfanart]">
						<param name="visible" value="Container($PARAM[target_id]).OnNext + [$EXP[StripView_Details_Off] | $EXP[StripView_Widget_Infoscreen_IsVisible]]" />
						<param name="position" value="-3" />
						<param name="left" value="0" />
						<param name="top" value="$PARAM[item_top]" />
						<param name="width" value="$PARAM[item_width]" />
						<param name="height" value="$PARAM[item_height]" />
						<param name="art_icon" value="$PARAM[art_icon]" />
						<param name="fallback" value="$PARAM[fallback]" />
						<param name="animationtype" value="Hidden" />
						<param name="animationcondition" value="true" />
						<param name="animationeffect" value="slide" />
						<param name="animationend" value="-$PARAM[item_width],0" />
					</include>
					<!-- Move Icon -1 to -2 -->
					<include content="StripView_ListIcon_Animated" condition="!Window.Is(home)">
						<param name="visible" value="Container($PARAM[target_id]).OnNext + [$EXP[StripView_Details_Off] | $EXP[StripView_Widget_Infoscreen_IsVisible]]" />
						<param name="position" value="-2" />
						<param name="left" value="$PARAM[item_width]" />
						<param name="top" value="$PARAM[item_top]" />
						<param name="width" value="$PARAM[item_width]" />
						<param name="height" value="$PARAM[item_height]" />
						<param name="art_icon" value="$PARAM[art_icon]" />
						<param name="fallback" value="$PARAM[fallback]" />
						<param name="animationtype" value="Hidden" />
						<param name="animationcondition" value="true" />
						<param name="animationeffect" value="slide" />
						<param name="animationend" value="-$PARAM[item_width],0" />
					</include>
					<!-- Move Icon 0 to -1 -->
					<include content="StripView_Multiart_Animated" condition="!Window.Is(home)">
						<param name="visible" value="Container($PARAM[target_id]).OnNext + [$EXP[StripView_Details_Off] | $EXP[StripView_Widget_Infoscreen_IsVisible]]" />
						<param name="position" value="-1" />
						<param name="left" value="$PARAM[2x_item_width]" />
						<param name="top" value="0" />
						<param name="width" value="$PARAM[focus_width]" />
						<param name="height" value="$PARAM[focus_height]" />
						<param name="art_icon" value="$PARAM[art_icon]" />
						<param name="fallback" value="$PARAM[fallback]" />
						<param name="icon_width" value="60" />
						<param name="animationtype" value="Hidden" />
						<param name="animationcondition" value="true" />
						<param name="animationeffect" value="zoom" />
						<param name="animationend" value="$PARAM[item_width],$PARAM[item_top],$PARAM[item_width],$PARAM[item_height]" />
						<param name="multiart" value="Container($PARAM[target_id]).OnNext" />
						<param name="multiartanimationtype" value="Hidden" />
						<param name="multiartanimationeffect" value="fade" />
						<param name="multiartanimationend" value="0" />
						<param name="multiartanimationcondition" value="true" />
					</include>
					<!-- Alternative Animation if Details On -->
					<include content="StripView_Multiart_Animated" condition="Window.Is(home) | Window.Is(videos) | Window.Is(music) | Window.Is(addonbrowser) | Window.Is(programs) | Window.Is(pictures)">
						<param name="visible" value="Container($PARAM[target_id]).OnNext + !$EXP[StripView_Details_Off]" />
						<param name="position" value="-1" />
						<param name="left" value="$PARAM[2x_item_width]" />
						<param name="top" value="0" />
						<param name="width" value="$PARAM[focus_width]" />
						<param name="height" value="$PARAM[focus_height]" />
						<param name="art_icon" value="$PARAM[art_icon]" />
						<param name="fallback" value="$PARAM[fallback]" />
						<param name="icon_width" value="60" />
						<param name="animationtype" value="Hidden" />
						<param name="animationcondition" value="true" />
						<param name="animationeffect" value="slide" />
						<param name="animationend" value="-$PARAM[2x_item_width_plus_focus_width],0" />
						<param name="multiart" value="Container($PARAM[target_id]).OnNext" />
						<param name="multiartanimationtype" value="Hidden" />
						<param name="multiartanimationeffect" value="fade" />
						<param name="multiartanimationend" value="0" />
						<param name="multiartanimationcondition" value="true" />
					</include>
					<!-- Move Icon 1 to 0 -->
					<include content="StripView_ListIcon_Animated">
						<param name="visible" value="Container($PARAM[target_id]).OnNext" />
						<param name="position" value="0" />
						<param name="left" value="$PARAM[2x_item_width_plus_focus_width]" />
						<param name="top" value="$PARAM[item_top]" />
						<param name="width" value="$PARAM[item_width]" />
						<param name="height" value="$PARAM[item_height]" />
						<param name="art_icon" value="$PARAM[art_icon]" />
						<param name="fallback" value="$PARAM[fallback]" />
						<param name="animationtype" value="Hidden" />
						<param name="animationcondition" value="true" />
						<param name="animationeffect" value="zoom" />
						<param name="animationend" value="$PARAM[2x_item_width],0,$PARAM[focus_width],$PARAM[focus_height]" />
					</include>
					<!-- Move Icon 2 to 1 -->
					<include content="StripView_ListIcon_Animated">
						<param name="visible" value="Container($PARAM[target_id]).OnNext" />
						<param name="position" value="1" />
						<param name="left" value="$PARAM[3x_item_width_plus_focus_width]" />
						<param name="top" value="$PARAM[item_top]" />
						<param name="width" value="$PARAM[item_width]" />
						<param name="height" value="$PARAM[item_height]" />
						<param name="art_icon" value="$PARAM[art_icon]" />
						<param name="fallback" value="$PARAM[fallback]" />
						<param name="animationtype" value="Hidden" />
						<param name="animationcondition" value="true" />
						<param name="animationeffect" value="slide" />
						<param name="animationend" value="-$PARAM[item_width],0" />
					</include>
					<!-- Move Icon 3 to 2 -->
					<include content="StripView_ListIcon_Animated" condition="!$PARAM[displaytype_isfanart]">
						<param name="visible" value="Container($PARAM[target_id]).OnNext" />
						<param name="position" value="2" />
						<param name="left" value="$PARAM[4x_item_width_plus_focus_width]" />
						<param name="top" value="$PARAM[item_top]" />
						<param name="width" value="$PARAM[item_width]" />
						<param name="height" value="$PARAM[item_height]" />
						<param name="art_icon" value="$PARAM[art_icon]" />
						<param name="fallback" value="$PARAM[fallback]" />
						<param name="animationtype" value="Hidden" />
						<param name="animationcondition" value="true" />
						<param name="animationeffect" value="slide" />
						<param name="animationend" value="-$PARAM[item_width],0" />
					</include>
					<!-- Dropshadow for icon 0 to -1 -->
					<!-- Left Side -->
					<include content="DropShadow" condition="!Window.Is(home)">
						<param name="visible" value="Container($PARAM[target_id]).OnNext + [$EXP[StripView_Details_Off] | $EXP[StripView_Widget_Infoscreen_IsVisible]] + ![String.IsEmpty(Container($PARAM[target_id]).ListItemNoWrap(-2).Label) + String.IsEmpty(Container($PARAM[target_id]).ListItemNoWrap(-2).Art(thumb))]" />
						<param name="left" value="$PARAM[2x_item_width_minus_dropshadow_width]" />
						<param name="top" value="$PARAM[item_top]" />
						<param name="height" value="$PARAM[item_height]" />
						<param name="animationtype" value="Hidden" />
						<param name="animationcondition" value="true" />
						<param name="animationeffect" value="zoom" />
						<param name="animationend" value="$PARAM[item_width],$PARAM[item_top],0,$PARAM[item_height]" />
						<param name="animationtime" value="Default_Transition_1x" />
						<param name="animation2effect" value="fade" />
						<param name="animation2end" value="0" />
						<param name="animation2time" value="Default_Transition_1x" />
					</include>
					<!-- Right Side -->
					<include content="DropShadow">
						<param name="visible" value="Container($PARAM[target_id]).OnNext + ![String.IsEmpty(Container($PARAM[target_id]).ListItemNoWrap(-1).Label) + String.IsEmpty(Container($PARAM[target_id]).ListItemNoWrap(-1).Art(thumb))]" />
						<param name="left" value="$PARAM[2x_item_width_plus_focus_width]" />
						<param name="top" value="$PARAM[item_top]" />
						<param name="height" value="$PARAM[item_height]" />
						<param name="flipx" value="true" />
						<param name="animationtype" value="Hidden" />
						<param name="animationcondition" value="true" />
						<param name="animationeffect" value="zoom" />
						<param name="animationend" value="$PARAM[2x_item_width],0,0,$PARAM[focus_height]" />
						<param name="animationtime" value="Default_Transition_1x" />
						<param name="animation2effect" value="zoom" />
						<param name="animation2end" value="0,100" />
						<param name="animation2time" value="Default_Transition_0.5x" />
						<param name="animation2center" value="$PARAM[2x_item_width_plus_focus_width],540" />
						<param name="animation3effect" value="fade" />
						<param name="animation3end" value="0" />
						<param name="animation3time" value="Default_Transition_0.5x" />
					</include>
					<!-- Dropshadow for icon 1 to 0 -->
					<!-- Left Side -->
					<include content="DropShadow" condition="!Window.Is(home)">
						<param name="visible" value="$EXP[Content_Next] + !Container($PARAM[target_id]).OnNext + [$EXP[StripView_Details_Off] | $EXP[StripView_Widget_Infoscreen_IsVisible]] + ![String.IsEmpty(Container($PARAM[target_id]).ListItemNoWrap(-1).Label) + String.IsEmpty(Container($PARAM[target_id]).ListItemNoWrap(-1).Art(thumb))]" />
						<param name="left" value="$PARAM[2x_item_width_plus_focus_width]" />
						<param name="top" value="0" />
						<param name="width" value="1" />
						<param name="height" value="$PARAM[focus_height]" />
						<param name="animationtype" value="Visible" />
						<param name="animationcondition" value="true" />
						<param name="animationeffect" value="zoom" />
						<param name="animationend" value="$PARAM[2x_item_width_minus_dropshadow_width],$PARAM[item_top],120,$PARAM[item_height]" />
						<param name="animationtime" value="Default_Transition_1x" />
						<param name="animation2effect" value="fade" />
						<param name="animation2start" value="0" />
						<param name="animation2end" value="100" />
						<param name="animation2delay" value="Default_Transition_0.5x" />
						<param name="animation2time" value="Default_Transition_0.5x" />
					</include>
					<!-- Right Side -->
					<include content="DropShadow">
						<param name="visible" value="$EXP[Content_Next] + !Container($PARAM[target_id]).OnNext + ![String.IsEmpty(Container($PARAM[target_id]).ListItemNoWrap(1).Label) + String.IsEmpty(Container($PARAM[target_id]).ListItemNoWrap(1).Art(thumb))]" />
						<param name="left" value="$PARAM[3x_item_width_plus_focus_width]" />
						<param name="top" value="$PARAM[item_top]" />
						<param name="width" value="1" />
						<param name="height" value="$PARAM[item_height]" />
						<param name="flipx" value="true" />
						<param name="animationtype" value="Visible" />
						<param name="animationcondition" value="true" />
						<param name="animationeffect" value="zoom" />
						<param name="animationend" value="$PARAM[2x_item_width_plus_focus_width],$PARAM[item_top],120,$PARAM[item_height]" />
						<param name="animationtime" value="Default_Transition_1x" />
						<param name="animation2effect" value="fade" />
						<param name="animation2start" value="0" />
						<param name="animation2end" value="100" />
						<param name="animation2time" value="Default_Transition_1x" />
					</include>
				</control>
			</control>
		</definition>
	</include>

	<include name="StripView_Static">
		<param name="target_id" />
		<param name="displaytype_label" />
		<param name="displaytype_isfanart" />
		<param name="left" default="0" />
		<param name="top" default="0" />
		<param name="item_top" />
		<param name="item_width" />
		<param name="item_height" />
		<param name="focus_width" />
		<param name="focus_height" />
		<param name="2x_item_width" />
		<param name="2x_item_width_plus_focus_width" />
		<param name="3x_item_width_plus_focus_width" />
		<param name="2x_item_width_minus_dropshadow_width" />
		<param name="art_icon" />
		<param name="fallback" />
		<param name="progress_overlay" default="false" />
		<param name="focus_border_visible" />
		<param name="focus_border_protrusion" />
		<param name="focus_border_size" />
		<param name="focus_border_color" />
		<param name="focus_border_texture" />
		<param name="secondary_mask_top" />
		<param name="secondary_mask_bottom" />
		<definition>
			<control type="group">
				<visible>$EXP[StripView_Display_Is$PARAM[displaytype_label]] + !$EXP[Container_Switching] + !$EXP[Options_Switching]</visible>
				<include content="Visible_Fade_Animation" />
				<left>$PARAM[left]</left>
				<top>$PARAM[top]</top>
				<control type="group">
					<visible>!$EXP[Content_Switching_Base]</visible>
					<!-- Unfocused -->
					<include content="StripView_ListIcon_Static_Unfocused" condition="!Window.Is(home) + !$PARAM[displaytype_isfanart]">
						<param name="visible" value="$EXP[StripView_Details_Off] | $EXP[StripView_Widget_Infoscreen_IsVisible]" />
						<param name="position" value="-2" />
						<param name="left" value="0" />
						<param name="top" value="$PARAM[item_top]" />
						<param name="width" value="$PARAM[item_width]" />
						<param name="height" value="$PARAM[item_height]" />
						<param name="art_icon" value="$PARAM[art_icon]" />
						<param name="fallback" value="$PARAM[fallback]" />
						<param name="progress_overlay" value="$PARAM[progress_overlay]" />
					</include>
					<control type="group">
						<animation effect="slide" start="0,0" end="-$PARAM[item_width],0" time="0" condition="$PARAM[displaytype_isfanart]">Conditional</animation>
						<include content="StripView_ListIcon_Static_Unfocused" condition="!Window.Is(home)">
							<param name="visible" value="$EXP[StripView_Details_Off] | $EXP[StripView_Widget_Infoscreen_IsVisible]" />
							<param name="position" value="-1" />
							<param name="left" value="$PARAM[item_width]" />
							<param name="top" value="$PARAM[item_top]" />
							<param name="width" value="$PARAM[item_width]" />
							<param name="height" value="$PARAM[item_height]" />
							<param name="art_icon" value="$PARAM[art_icon]" />
							<param name="fallback" value="$PARAM[fallback]" />
							<param name="progress_overlay" value="$PARAM[progress_overlay]" />
						</include>
						<include content="StripView_ListIcon_Static_Unfocused">
							<param name="position" value="1" />
							<param name="left" value="$PARAM[2x_item_width_plus_focus_width]" />
							<param name="top" value="$PARAM[item_top]" />
							<param name="width" value="$PARAM[item_width]" />
							<param name="height" value="$PARAM[item_height]" />
							<param name="art_icon" value="$PARAM[art_icon]" />
							<param name="fallback" value="$PARAM[fallback]" />
							<param name="progress_overlay" value="$PARAM[progress_overlay]" />
						</include>
						<include content="StripView_ListIcon_Static_Unfocused">
							<param name="position" value="2" />
							<param name="left" value="$PARAM[3x_item_width_plus_focus_width]" />
							<param name="top" value="$PARAM[item_top]" />
							<param name="width" value="$PARAM[item_width]" />
							<param name="height" value="$PARAM[item_height]" />
							<param name="art_icon" value="$PARAM[art_icon]" />
							<param name="fallback" value="$PARAM[fallback]" />
							<param name="progress_overlay" value="$PARAM[progress_overlay]" />
						</include>
						<!-- Dropshadow -->
						<include content="DropShadow" condition="!Window.Is(home)">
							<param name="visible" value="[$EXP[StripView_Details_Off] | $EXP[StripView_Widget_Infoscreen_IsVisible]] + ![String.IsEmpty(Container($PARAM[target_id]).ListItemNoWrap(-1).Label) + String.IsEmpty(Container($PARAM[target_id]).ListItemNoWrap(-1).Art(thumb))]" />
							<param name="left" value="$PARAM[2x_item_width_minus_dropshadow_width]" />
							<param name="top" value="$PARAM[item_top]" />
							<param name="height" value="$PARAM[item_height]" />
						</include>
						<include content="DropShadow">
							<param name="visible" value="![String.IsEmpty(Container($PARAM[target_id]).ListItemNoWrap(1).Label) + String.IsEmpty(Container($PARAM[target_id]).ListItemNoWrap(1).Art(thumb))]" />
							<param name="left" value="$PARAM[2x_item_width_plus_focus_width]" />
							<param name="top" value="$PARAM[item_top]" />
							<param name="height" value="$PARAM[item_height]" />
							<param name="flipx" value="true" />
						</include>
						<!-- Focused -->
						<include content="StripView_ListIcon_Static_Focused">
							<param name="position" value="0" />
							<param name="left" value="$PARAM[2x_item_width]" />
							<param name="width" value="$PARAM[focus_width]" />
							<param name="height" value="$PARAM[focus_height]" />
							<param name="art_icon" value="$PARAM[art_icon]" />
							<param name="fallback" value="$PARAM[fallback]" />
							<param name="progress_overlay" value="$PARAM[progress_overlay]" />
							<param name="border_visible" value="$PARAM[focus_border_visible]" />
							<param name="border_protrusion" value="$PARAM[focus_border_protrusion]" />
							<param name="border_size" value="$PARAM[focus_border_size]" />
							<param name="border_color" value="$PARAM[focus_border_color]" />
							<param name="border_texture" value="$PARAM[focus_border_texture]" />
							<param name="secondary_mask_top" value="$PARAM[secondary_mask_top]" />
							<param name="secondary_mask_bottom" value="$PARAM[secondary_mask_bottom]" />
						</include>
					</control>
				</control>
			</control>
		</definition>
	</include>

	<include name="StripView_Art">
		<param name="target_id" />
		<param name="displaytype_label" />
		<param name="displaytype_isfanart" />
		<param name="top" />
		<param name="item_top" />
		<param name="item_width" />
		<param name="item_height" />
		<param name="focus_width" />
		<param name="focus_height" />
		<param name="2x_item_width" />
		<param name="2x_item_width_plus_focus_width" />
		<param name="2x_item_width_minus_dropshadow_width" />
		<param name="3x_item_width_plus_focus_width" />
		<param name="4x_item_width_plus_focus_width" />
		<param name="art_icon" />
		<param name="fallback" />
		<param name="secondary_mask_top" />
		<param name="secondary_mask_bottom" />
		<definition>
			<control type="group">
				<nested />
				<include content="StripView_Animated" condition="![Skin.HasSetting(Quick_Transitions) + Skin.HasSetting(Zero_Transitions)]">
					<param name="target_id" value="$PARAM[target_id]" />
					<param name="displaytype_label" value="$PARAM[displaytype_label]" />
					<param name="displaytype_isfanart" value="$PARAM[displaytype_isfanart]" />
					<param name="top" value="$PARAM[top]" />
					<param name="item_top" value="$PARAM[item_top]" />
					<param name="item_width" value="$PARAM[item_width]" />
					<param name="item_height" value="$PARAM[item_height]" />
					<param name="focus_width" value="$PARAM[focus_width]" />
					<param name="focus_height" value="$PARAM[focus_height]" />
					<param name="2x_item_width" value="$PARAM[2x_item_width]" />
					<param name="2x_item_width_plus_focus_width" value="$PARAM[2x_item_width_plus_focus_width]" />
					<param name="3x_item_width_plus_focus_width" value="$PARAM[3x_item_width_plus_focus_width]" />
					<param name="4x_item_width_plus_focus_width" value="$PARAM[4x_item_width_plus_focus_width]" />
					<param name="2x_item_width_minus_dropshadow_width" value="$PARAM[2x_item_width_minus_dropshadow_width]" />
					<param name="art_icon" value="$PARAM[art_icon]" />
					<param name="fallback" value="$PARAM[fallback]" />
				</include>
				<include content="StripView_Static">
					<param name="target_id" value="$PARAM[target_id]" />
					<param name="displaytype_label" value="$PARAM[displaytype_label]" />
					<param name="displaytype_isfanart" value="$PARAM[displaytype_isfanart]" />
					<param name="top" value="$PARAM[top]" />
					<param name="item_top" value="$PARAM[item_top]" />
					<param name="item_width" value="$PARAM[item_width]" />
					<param name="item_height" value="$PARAM[item_height]" />
					<param name="focus_width" value="$PARAM[focus_width]" />
					<param name="focus_height" value="$PARAM[focus_height]" />
					<param name="2x_item_width" value="$PARAM[2x_item_width]" />
					<param name="2x_item_width_plus_focus_width" value="$PARAM[2x_item_width_plus_focus_width]" />
					<param name="3x_item_width_plus_focus_width" value="$PARAM[3x_item_width_plus_focus_width]" />
					<param name="2x_item_width_minus_dropshadow_width" value="$PARAM[2x_item_width_minus_dropshadow_width]" />
					<param name="art_icon" value="$PARAM[art_icon]" />
					<param name="fallback" value="$PARAM[fallback]" />
					<param name="focus_border_visible" value="false" />
					<param name="focus_border_edge" value="0" />
					<param name="focus_border_size" value="2" />
					<param name="focus_border_color" value="$VAR[Primary_Color]" />
					<param name="focus_border_texture" value="views/border_1px_10.png" />
					<param name="secondary_mask_top" value="$PARAM[secondary_mask_top]" />
					<param name="secondary_mask_bottom" value="$PARAM[secondary_mask_bottom]" />
				</include>
			</control>
		</definition>
	</include>

	<include name="StripView_Art_Posters">
		<param name="target_id" />
		<param name="art_icon" />
		<definition>
			<include content="StripView_Art">
				<param name="target_id" value="$PARAM[target_id]" />
				<param name="displaytype_label" value="Posters" />
				<param name="displaytype_isfanart" value="false" />
				<param name="top" value="180" />
				<param name="item_top" value="60" />
				<param name="item_width" value="400" />
				<param name="item_height" value="600" />
				<param name="focus_width" value="480" />
				<param name="focus_height" value="720" />
				<param name="2x_item_width" value="800" />
				<param name="2x_item_width_plus_focus_width" value="1280" />
				<param name="2x_item_width_minus_dropshadow_width" value="680" />
				<param name="3x_item_width_plus_focus_width" value="1680" />
				<param name="4x_item_width_plus_focus_width" value="2080" />
				<param name="art_icon" value="$PARAM[art_icon]" />
				<param name="secondary_mask_top" value="180" />
				<param name="secondary_mask_bottom" value="180" />
				<animation effect="slide" start="0,0" end="-80,0" time="0" condition="true">Conditional</animation>
			</include>
		</definition>
	</include>

	<include name="StripView_Art_Fanart">
		<param name="target_id" />
		<param name="art_icon" />
		<definition>
			<include content="StripView_Art">
				<param name="target_id" value="$PARAM[target_id]" />
				<param name="displaytype_label" value="Fanart" />
				<param name="displaytype_isfanart" value="true" />
				<param name="top" value="240" />
				<param name="item_top" value="45" />
				<param name="item_width" value="960" />
				<param name="item_height" value="540" />
				<param name="focus_width" value="1120" />
				<param name="focus_height" value="630" />
				<param name="2x_item_width" value="1920" />
				<param name="2x_item_width_plus_focus_width" value="3040" />
				<param name="2x_item_width_minus_dropshadow_width" value="1800" />
				<param name="3x_item_width_plus_focus_width" value="4000" />
				<param name="art_icon" value="$PARAM[art_icon]" />
				<param name="secondary_mask_top" value="240" />
				<param name="secondary_mask_bottom" value="210" />
				<animation effect="slide" start="0,0" end="-560,0" time="0" condition="true">Conditional</animation>
				<animation effect="slide" start="0,0" end="320,0" time="0" condition="!$EXP[StripView_Details_Off] + !$EXP[StripView_Widget_Infoscreen_IsVisible]">Conditional</animation>
			</include>
		</definition>
	</include>

	<include name="StripView_Art_Square">
		<param name="target_id" />
		<param name="art_icon" />
		<definition>
			<include content="StripView_Art">
				<param name="target_id" value="$PARAM[target_id]" />
				<param name="displaytype_label" value="Square" />
				<param name="displaytype_isfanart" value="false" />
				<param name="top" value="240" />
				<param name="item_top" value="45" />
				<param name="item_width" value="540" />
				<param name="item_height" value="540" />
				<param name="focus_width" value="630" />
				<param name="focus_height" value="630" />
				<param name="2x_item_width" value="1080" />
				<param name="2x_item_width_plus_focus_width" value="1710" />
				<param name="2x_item_width_minus_dropshadow_width" value="960" />
				<param name="3x_item_width_plus_focus_width" value="2250" />
				<param name="4x_item_width_plus_focus_width" value="2790" />
				<param name="art_icon" value="$PARAM[art_icon]" />
				<param name="secondary_mask_top" value="240" />
				<param name="secondary_mask_bottom" value="210" />
				<animation effect="slide" start="0,0" end="-435,0" time="0" condition="true">Conditional</animation>
				<animation effect="slide" start="0,0" end="75,0" time="0" condition="!$EXP[StripView_Details_Off] + !$EXP[StripView_Widget_Infoscreen_IsVisible]">Conditional</animation>
			</include>
		</definition>
	</include>

	<include name="StripView_Art_loginscreen">
		<param name="target_id" default="52" />
		<param name="art_icon" default="loginscreen" />
		<definition>
			<include content="StripView_Art">
				<param name="target_id" value="$PARAM[target_id]" />
				<param name="displaytype_label" value="Square" />
				<param name="displaytype_isfanart" value="false" />
				<param name="top" value="300" />
				<param name="item_top" value="60" />
				<param name="item_width" value="360" />
				<param name="item_height" value="360" />
				<param name="focus_width" value="480" />
				<param name="focus_height" value="480" />
				<param name="2x_item_width" value="720" />
				<param name="2x_item_width_plus_focus_width" value="1200" />
				<param name="2x_item_width_minus_dropshadow_width" value="600" />
				<param name="3x_item_width_plus_focus_width" value="1560" />
				<param name="4x_item_width_plus_focus_width" value="1920" />
				<param name="art_icon" value="$PARAM[art_icon]" />
				<visible>!$EXP[Hidden_Focus_Setter] + !System.HasVisibleModalDialog</visible>
				<include content="Visible_Fade_Delayed_Long_Animation" />
			</include>
		</definition>
	</include>

</includes>