<?xml version="1.0" encoding="UTF-8"?>
<!-- widgetsettings -->
<window type="dialog" id="1140">
	<defaultcontrol always="true">3200</defaultcontrol>
	<controls>
		<include content="Default_Dialog_Panel_Layout">
			<param name="visible" value="!Window.IsVisible(shutdownmenu) + !Window.IsVisible(selectdialog) + !String.Contains(Window(home).Property(SelectDialog),Active) + !Window.IsVisible(virtualkeyboard)" />
			<param name="left_list_id" value="3200" />
			<param name="right_list_id" value="3201" />
			<param name="include_settings_categories" value="false" />
			<include content="Breadcrumb_Label">
				<param name="title_label" value="$LOCALIZE[31489]" />
			</include>
			<include content="Settings_Grouplist_Template">
				<param name="id" value="3200" />
				<param name="width" value="570" />
				<param name="include_permanent_underline" value="true" />
				<param name="permanent_underline_visible" value="ControlGroup(3201).HasFocus" />
				<param name="permanent_underline_width" value="510" />
				<param name="scrollbar_visible" value="ControlGroup(3200).HasFocus" />
				<param name="scrollbar_mirror" value="true" />
				<include content="widgetsettings_Left_List_Content" />
			</include>
			<include content="Settings_Grouplist_Template">
				<param name="id" value="3201" />
				<param name="pagecontrol" value="61" />
				<param name="left" value="660" />
				<param name="width" value="1170" />
				<param name="scrollbar_visible" value="ControlGroup(3201).HasFocus" />
				<onback>3200</onback>
				<include content="widgetsettings_Right_List_Content" />
			</include>
			<include content="Description_Label">
				<param name="type" value="textbox" />
				<param name="height" value="100" />
				<param name="bottom" value="40" />
				<param name="right" value="150" />
				<param name="label" value="$VAR[widgetsettings_Hint_Label]" />
				<param name="textcolor" value="$VAR[Light_Color]" />
			</include>
		</include>
	</controls>
</window>