<?xml version="1.0" encoding="UTF-8"?>
<window>
	<onload>Dialog.Close(fullscreeninfo,true)</onload>
	<onload>Dialog.Close(videoosd,true)</onload>
	<onload>SetProperty(UpNext,true,home)</onload>
	<onunload>ClearProperty(Upnext,home)</onunload>
	<defaultcontrol always="true">3012</defaultcontrol>
	<include content="WindowOpenClose_Fade_Delayed_Animation" />
	<controls>
		<include content="script-upnext_template">
			<param name="title_label" value="Still there?" />
			<param name="show_thumb" value="false" />
			<param name="use_alt_button" value="true" />
		</include>
	</controls>
</window>