<?xml version="1.0" encoding="UTF-8"?>
<window type="dialog" id="1150">
	<visible>String.IsEqual(System.CurrentControlID,6001) | String.IsEqual(System.CurrentControlID,6002) | String.IsEqual(Window(home).Property(Infoscreen_Transition),true)</visible>
	<visible>![Window.IsVisible(musicinformation) + String.IsEqual(Window(musicinformation).Property(Info_Type),album)] + !Window.IsVisible(songinformation) + !Window.IsVisible(addoninformation)</visible>
	<animation effect="fade" start="100" end="0" delay="1080" time="360" tween="sine" easing="inout" reversible="false">WindowClose</animation>
	<controls />
	<!-- <zorder>3</zorder>
	<controls>
		<control type="image">
			<width>200</width>
			<height>200</height>
			<right>0</right>
			<texture colordiffuse="$VAR[Accent_Color]">views/white_100.png</texture>
		</control>
	</controls> -->
</window>