<?xml version="1.0" encoding="UTF-8"?>
<window>
	<!-- script-skinshortcuts -->
	<defaultcontrol always="true">304</defaultcontrol>
	<backgroundcolor>$VAR[Dark_Color]</backgroundcolor>
	<include content="WindowOpenClose_Fade_Delayed_Animation" />
	<controls>
		<include content="skinshortcuts_Hidden" />
		<include content="Light_Theme_Background" condition="Skin.HasSetting(Fanart_Slideshow_Global_Disabled)" />
		<include content="Fanart_Slideshow_Global" condition="!Skin.HasSetting(Fanart_Slideshow_Global_Disabled)" />
		<include content="Default_Dialog_Panel_Layout">
			<param name="visible" value="!$EXP[TransparentDialog_IsVisible] + String.IsEmpty(Window.Property(additionalDialog))" />
			<include content="Breadcrumb_Label">
				<param name="title_label_id" value="500" />
			</include>
			<include content="Settings_List_Template">
				<param name="id" value="211" />
				<param name="window_name" value="skinshortcuts" />
				<param name="side" value="left" />
				<param name="left" value="90" />
				<param name="width" value="870" />
				<param name="top" value="225" />
				<param name="height" value="630" />
				<param name="onleft" value="10" />
				<param name="onright" value="302" />
				<param name="label2_visible" value="false" />
				<param name="focus_border_margin_left" value="60" />
				<param name="skinshortcuts" value="true" />
			</include>
			<include content="Dialog_Divider_With_Scrollbar">
				<param name="scrollbarvisible" value="Control.HasFocus(211) | Control.HasFocus(301) | Control.HasFocus(302) | Control.HasFocus(303) | Control.HasFocus(304)" />
			</include>
			<include content="Settings_Grouplist_Template">
				<param name="id" value="9001" />
				<param name="pagecontrol" value="61" />
				<param name="left" value="960" />
				<param name="width" value="870" />
				<param name="onleft" value="302" />
				<param name="onright" value="308" />
				<param name="include_scrollbar" value="false" />
				<include content="skinshortcuts_Right_List_Content" />
			</include>
			<include content="Button_Group_Template">
				<param name="onleft" value="9001" />
				<param name="onright" value="304" />
				<param name="onup" value="310" />
				<param name="ondown" value="401" />
				<param name="button1" value="true" />
				<param name="button1_id" value="308" />
				<param name="button1_texture" value="Shift" />
				<param name="button2" value="true" />
				<param name="button2_id" value="999" />
				<param name="button2_onclick" value="RunScript(script.skinshortcuts,type=resetall)" />
				<param name="button2_texture" value="Refresh" />
				<param name="button3" value="true" />
				<param name="button3_id" value="10" />
				<param name="button3_onclick" value="Close" />
				<param name="button3_texture" value="Check" />
			</include>
		</include>
	</controls>
</window>