<?xml version="1.0" encoding="UTF-8"?>
<includes>

	<include name="Hidden_Button_Template">
		<font />
		<textoffsetx />
		<textcolor />
		<focused_color />
		<invalidcolor />
		<disabledcolor />
		<texturenofocus />
		<texturefocus />
	</include>

	<include name="Simple_Button_Template">
		<description>$PARAM[description]</description>
		<width>60</width>
		<height>60</height>
		<font></font>
		<texturefocus colordiffuse="$VAR[Light_Color]">osd/icon_$PARAM[icon]_focused.png</texturefocus>
		<texturenofocus colordiffuse="$VAR[Light_Color]">osd/icon_$PARAM[icon]_unfocused.png</texturenofocus>
	</include>

	<include name="Music_Player_Button_Template">
		<param name="visible" default="true" />
		<param name="focused" />
		<param name="icon" />
		<param name="left" />
		<param name="top" />
		<definition>
			<control type="group">
				<visible>$PARAM[visible] + Control.HasFocus(3500)</visible>
				<left>$PARAM[left]</left>
				<top>$PARAM[top]</top>
				<width>60</width>
				<height>60</height>
				<control type="image">
					<visible>!$PARAM[focused]</visible>
					<texture colordiffuse="$VAR[Volume_Focused_Color]">osd/icon_$PARAM[icon]_unfocused.png</texture>
				</control>
				<control type="image">
					<visible>$PARAM[focused]</visible>
					<texture colordiffuse="$VAR[Volume_Focused_Color]">osd/icon_$PARAM[icon]_focused.png</texture>
				</control>
			</control>
		</definition>
	</include>

	<include name="Button_Template">
		<param name="visible" default="true" />
		<param name="target_id" default="" />
		<param name="right" default="0" />
		<param name="width" default="120" />
		<param name="unfocused_color" default="$VAR[Unfocused_Color]" />
		<param name="focused_color" default="$VAR[Light_Color]" />
		<param name="texture" default="Cross" />
		<param name="toggle_button" default="false" />
		<param name="alt_texture" default="Plus" />
		<param name="use_alt_texture" default="false" />
		<definition>
			<control type="group">
				<nested />
				<visible>$PARAM[visible]</visible>
				<visible>[!Window.IsVisible(selectdialog) + !String.IsEqual(Window.Property(xmlfile),DialogSettings.xml) + Control.IsEnabled($PARAM[target_id]) + Control.IsVisible($PARAM[target_id])] | [Window.IsVisible(selectdialog) + Control.IsVisible($PARAM[target_id])] | [String.IsEqual(Window.Property(xmlfile),DialogSettings.xml) + !String.IsEmpty(Control.GetLabel($PARAM[target_id]))]</visible>
				<right>$PARAM[right]</right>
				<width>$PARAM[width]</width>
				<height>$PARAM[width]</height>
				<include content="$PARAM[texture]_unfocused">
					<param name="visible" value="!$PARAM[use_alt_texture] + !Control.HasFocus($PARAM[target_id])" />
					<param name="width" value="$PARAM[width]" />
					<param name="color" value="$PARAM[unfocused_color]" />
				</include>
				<include content="$PARAM[texture]_focused">
					<param name="visible" value="!$PARAM[use_alt_texture] + Control.HasFocus($PARAM[target_id])" />
					<param name="width" value="$PARAM[width]" />
					<param name="color" value="$PARAM[focused_color]" />
				</include>
				<include content="$PARAM[alt_texture]_unfocused" condition="$PARAM[toggle_button]">
					<param name="visible" value="$PARAM[use_alt_texture] + !Control.HasFocus($PARAM[target_id])" />
					<param name="width" value="$PARAM[width]" />
					<param name="color" value="$PARAM[unfocused_color]" />
				</include>
				<include content="$PARAM[alt_texture]_focused" condition="$PARAM[toggle_button]">
					<param name="visible" value="$PARAM[use_alt_texture] + Control.HasFocus($PARAM[target_id])" />
					<param name="width" value="$PARAM[width]" />
					<param name="color" value="$PARAM[focused_color]" />
				</include>
			</control>
		</definition>
	</include>

	<include name="Button_Template_Special">
		<param name="target_id" default="" />
		<param name="right" default="0" />
		<param name="width" default="120" />
		<param name="unfocused_color" default="$VAR[Common_List_Label_Color]" />
		<param name="focused_color" default="$VAR[Common_List_Label_Color]" />
		<param name="texture" default="Cross" />
		<param name="border" default="false" />
		<param name="border_color" default="$VAR[Accent_Color]" />
		<definition>
			<control type="group">
				<visible>[!Window.IsVisible(selectdialog) + !String.IsEqual(Window.Property(xmlfile),DialogSettings.xml) + Control.IsEnabled($PARAM[target_id]) + Control.IsVisible($PARAM[target_id])] | [Window.IsVisible(selectdialog) + Control.IsVisible($PARAM[target_id])] | [String.IsEqual(Window.Property(xmlfile),DialogSettings.xml) + !String.IsEmpty(Control.GetLabel($PARAM[target_id]))]</visible>
				<right>$PARAM[right]</right>
				<width>$PARAM[width]</width>
				<height>$PARAM[width]</height>
				<include content="$PARAM[texture]_unfocused">
					<param name="visible" value="!Control.HasFocus($PARAM[target_id]) + !String.Contains(Control.GetLabel($PARAM[target_id]),*)" />
					<param name="width" value="$PARAM[width]" />
					<param name="color" value="$PARAM[unfocused_color]" />
				</include>
				<include content="$PARAM[texture]_focused">
					<param name="visible" value="Control.HasFocus($PARAM[target_id]) | String.Contains(Control.GetLabel($PARAM[target_id]),*)" />
					<param name="width" value="$PARAM[width]" />
					<param name="color" value="$PARAM[focused_color]" />
				</include>
				<control type="image">
					<visible>String.Contains(Control.GetLabel($PARAM[target_id]),*)</visible>
					<visible>$PARAM[border]</visible>
					<bottom>15</bottom>
					<left>30</left>
					<right>30</right>
					<height>5</height>
					<texture colordiffuse="$PARAM[border_color]">views/white_100.png</texture>
				</control>
			</control>
		</definition>
	</include>

	<include name="Button_Grouplist">
		<param name="visible" default="true" />
		<param name="align" default="right" />
		<param name="itemgap" default="0" />
		<param name="usecontrolcoords" default="false" />
		<definition>
			<control type="grouplist">
				<visible>$PARAM[visible]</visible>
				<right>$PARAM[right]</right>
				<bottom>$PARAM[bottom]</bottom>
				<width>100%</width>
				<height>$PARAM[height]</height>
				<itemgap>$PARAM[itemgap]</itemgap>
				<align>$PARAM[align]</align>
				<orientation>horizontal</orientation>
				<usecontrolcoords>$PARAM[usecontrolcoords]</usecontrolcoords>
				<nested />
			</control>
		</definition>
	</include>

	<include name="Button_Label_Template">
		<param name="align" default="left" />
		<param name="aligny" default="center" />
		<definition>
			<control type="label">
				<visible>!String.IsEmpty(Control.GetLabel($PARAM[target_id])) + Control.IsEnabled($PARAM[target_id]) + Control.IsVisible($PARAM[target_id]) + !Control.HasFocus($PARAM[target_id])</visible>
				<top>$PARAM[unfocused_top]</top>
				<width>auto</width>
				<height>$PARAM[unfocused_height]</height>
				<label>$INFO[Control.GetLabel($PARAM[target_id])]</label>
				<font>$PARAM[unfocused_font]</font>
				<textcolor>$PARAM[color]</textcolor>
				<align>$PARAM[align]</align>
				<aligny>$PARAM[aligny]</aligny>
			</control>
			<control type="label">
				<visible>!String.IsEmpty(Control.GetLabel($PARAM[target_id])) + Control.IsEnabled($PARAM[target_id]) + Control.IsVisible($PARAM[target_id]) + Control.HasFocus($PARAM[target_id])</visible>
				<label>$INFO[Control.GetLabel($PARAM[target_id])]</label>
				<top>0</top>
				<height>100%</height>
				<width>auto</width>
				<font>$PARAM[focused_font]</font>
				<textcolor>$PARAM[color]</textcolor>
				<align>$PARAM[align]</align>
				<aligny>$PARAM[aligny]</aligny>
			</control>
		</definition>
	</include>

	<include name="Button_Label_Divider_Template">
		<control type="label">
			<visible>!String.IsEmpty(Control.GetLabel($PARAM[target_id])) + Control.IsEnabled($PARAM[target_id]) + Control.IsVisible($PARAM[target_id])</visible>
			<visible>$PARAM[visible]</visible>
			<top>$PARAM[unfocused_top]</top>
			<height>$PARAM[unfocused_height]</height>
			<width>auto</width>
			<label>[B]/[/B]</label>
			<textcolor>$VAR[Accent_Color]</textcolor>
			<font>$PARAM[unfocused_font]</font>
			<aligny>center</aligny>
		</control>
	</include>

	<include name="Button_Group_Template">
		<param name="visible" default="true" />
		<param name="id" default="4000" />
		<param name="right" default="60" />
		<param name="bottom" default="30" />
		<param name="onleft" default="4000" />
		<param name="onright" default="4000" />
		<param name="onup" default="noop" />
		<param name="ondown" default="noop" />
		<param name="align" default="right" />
		<param name="unfocused_color" default="$VAR[Breadcrumb_Label_Color]" />
		<param name="color" default="$VAR[Breadcrumb_Label_Color]" />
		<param name="include_textures" default="true" />
		<param name="include_labels" default="false" />
		<param name="show_labels" default="false" />
		<param name="button_width" default="120" />
		<param name="button1" default="false" />
		<param name="button1_id" default="4001" />
		<param name="button1_texture" default="Cross" />
		<param name="button1_toggle_button" default="false" />
		<param name="button1_use_alt_texture" default="false" />
		<param name="button2" default="false" />
		<param name="button2_id" default="4002" />
		<param name="button2_texture" default="Check" />
		<param name="button2_toggle_button" default="false" />
		<param name="button2_use_alt_texture" default="false" />
		<param name="button3" default="false" />
		<param name="button3_id" default="4003" />
		<param name="button3_texture" default="Cross" />
		<param name="button3_toggle_button" default="false" />
		<param name="button3_use_alt_texture" default="false" />
		<param name="button4" default="false" />
		<param name="button4_id" default="4004" />
		<param name="button4_texture" default="Check" />
		<param name="button4_toggle_button" default="false" />
		<param name="button4use_alt_texture" default="false" />
		<param name="label_height" default="60" />
		<param name="focused_font" default="Title_Breadcrumb_Label" />
		<param name="unfocused_font" default="Info_Breadcrumb_Label" />
		<param name="unfocused_top" default="16" />
		<param name="unfocused_height" default="36" />
		<definition>
			<control type="group">
				<nested />
				<visible>$PARAM[visible]</visible>
				<control type="grouplist" id="$PARAM[id]">
					<onup condition="String.Contains(Window.Property(xmlfile),skinshortcuts.xml) + ControlGroup(4005).HasFocus">Control.Move(211,-1)</onup>
					<ondown condition="String.Contains(Window.Property(xmlfile),skinshortcuts.xml) + ControlGroup(4005).HasFocus">Control.Move(211,1)</ondown>
					<onleft>$PARAM[onleft]</onleft>
					<onright>$PARAM[onright]</onright>
					<onup>$PARAM[onup]</onup>
					<ondown>$PARAM[ondown]</ondown>
					<orientation>horizontal</orientation>
					<control type="button" id="$PARAM[button1_id]">
						<visible>$PARAM[button1]</visible>
						<onclick>$PARAM[button1_onclick]</onclick>
						<onclick>$PARAM[button1_onclick2]</onclick>
						<label>$PARAM[button1_label]</label>
						<include content="Hidden_Button_Template" />
					</control>
					<control type="button" id="$PARAM[button2_id]">
						<visible>$PARAM[button2]</visible>
						<onclick>$PARAM[button2_onclick]</onclick>
						<onclick>$PARAM[button2_onclick2]</onclick>
						<label>$PARAM[button2_label]</label>
						<include content="Hidden_Button_Template" />
					</control>
					<control type="button" id="$PARAM[button3_id]">
						<visible>$PARAM[button3]</visible>
						<onclick>$PARAM[button3_onclick]</onclick>
						<onclick>$PARAM[button3_onclick2]</onclick>
						<label>$PARAM[button3_label]</label>
						<include content="Hidden_Button_Template" />
					</control>
					<control type="button" id="$PARAM[button4_id]">
						<visible>$PARAM[button4]</visible>
						<onclick>$PARAM[button4_onclick]</onclick>
						<onclick>$PARAM[button4_onclick2]</onclick>
						<label>$PARAM[button4_label]</label>
						<include content="Hidden_Button_Template" />
					</control>
				</control>
				<include content="Button_Grouplist" condition="$PARAM[include_textures]">
					<param name="visible" value="!$PARAM[show_labels]" />
					<param name="right" value="$PARAM[right]" />
					<param name="bottom" value="$PARAM[bottom]" />
					<param name="height" value="$PARAM[button_width]" />
					<param name="itemgap" value="0" />
					<include content="Button_Template" condition="$PARAM[button1]">
						<param name="target_id" value="$PARAM[button1_id]" />
						<param name="width" value="$PARAM[button_width]" />
						<param name="texture" value="$PARAM[button1_texture]" />
						<param name="toggle_button" value="$PARAM[button1_toggle_button]" />
						<param name="alt_texture" value="$PARAM[button1_alt_texture]" />
						<param name="use_alt_texture" value="$PARAM[button1_use_alt_texture]" />
						<param name="unfocused_color" value="$PARAM[unfocused_color]" />
						<param name="focused_color" value="$PARAM[color]" />
					</include>
					<include content="Button_Template" condition="$PARAM[button2]">
						<param name="target_id" value="$PARAM[button2_id]" />
						<param name="width" value="$PARAM[button_width]" />
						<param name="texture" value="$PARAM[button2_texture]" />
						<param name="toggle_button" value="$PARAM[button2_toggle_button]" />
						<param name="alt_texture" value="$PARAM[button2_alt_texture]" />
						<param name="use_alt_texture" value="$PARAM[button2_use_alt_texture]" />
						<param name="unfocused_color" value="$PARAM[unfocused_color]" />
						<param name="focused_color" value="$PARAM[color]" />
					</include>
					<include content="Button_Template" condition="$PARAM[button3]">
						<param name="target_id" value="$PARAM[button3_id]" />
						<param name="width" value="$PARAM[button_width]" />
						<param name="texture" value="$PARAM[button3_texture]" />
						<param name="toggle_button" value="$PARAM[button3_toggle_button]" />
						<param name="alt_texture" value="$PARAM[button3_alt_texture]" />
						<param name="use_alt_texture" value="$PARAM[button3_use_alt_texture]" />
						<param name="unfocused_color" value="$PARAM[unfocused_color]" />
						<param name="focused_color" value="$PARAM[color]" />
					</include>
					<include content="Button_Template" condition="$PARAM[button4]">
						<param name="target_id" value="$PARAM[button4_id]" />
						<param name="width" value="$PARAM[button_width]" />
						<param name="texture" value="$PARAM[button4_texture]" />
						<param name="toggle_button" value="$PARAM[button4_toggle_button]" />
						<param name="alt_texture" value="$PARAM[button4_alt_texture]" />
						<param name="use_alt_texture" value="$PARAM[button4_use_alt_texture]" />
						<param name="unfocused_color" value="$PARAM[unfocused_color]" />
						<param name="focused_color" value="$PARAM[color]" />
					</include>
				</include>
				<include content="Button_Grouplist" condition="$PARAM[include_labels]">
					<param name="visible" value="$PARAM[show_labels]" />
					<param name="right" value="$PARAM[right]" />
					<param name="bottom" value="56" />
					<param name="height" value="$PARAM[label_height]" />
					<param name="itemgap" value="6" />
					<param name="usecontrolcoords" value="true" />
					<include content="Button_Label_Template" condition="$PARAM[button1]">
						<param name="target_id" value="$PARAM[button1_id]" />
						<param name="color" value="$PARAM[color]" />
						<param name="focused_font" value="$PARAM[focused_font]" />
						<param name="unfocused_top" value="$PARAM[unfocused_top]" />
						<param name="unfocused_height" value="$PARAM[unfocused_height]" />
						<param name="unfocused_font" value="$PARAM[unfocused_font]" />
					</include>
					<include content="Button_Label_Divider_Template" condition="$PARAM[button1]">
						<param name="target_id" value="$PARAM[button1_id]" />
						<param name="visible" value="[!String.IsEmpty(Control.GetLabel($PARAM[button2_id])) + Control.IsEnabled($PARAM[button2_id]) + Control.IsVisible($PARAM[button2_id])] | [!String.IsEmpty(Control.GetLabel($PARAM[button3_id])) + Control.IsEnabled($PARAM[button3_id]) + Control.IsVisible($PARAM[button3_id])] | [!String.IsEmpty(Control.GetLabel($PARAM[button4_id])) + Control.IsEnabled($PARAM[button4_id]) + Control.IsVisible($PARAM[button4_id])]" />
						<param name="unfocused_top" value="$PARAM[unfocused_top]" />
						<param name="unfocused_height" value="$PARAM[unfocused_height]" />
						<param name="unfocused_font" value="$PARAM[unfocused_font]" />
					</include>
					<include content="Button_Label_Template" condition="$PARAM[button2]">
						<param name="target_id" value="$PARAM[button2_id]" />
						<param name="color" value="$PARAM[color]" />
						<param name="focused_font" value="$PARAM[focused_font]" />
						<param name="unfocused_top" value="$PARAM[unfocused_top]" />
						<param name="unfocused_height" value="$PARAM[unfocused_height]" />
						<param name="unfocused_font" value="$PARAM[unfocused_font]" />
					</include>
					<include content="Button_Label_Divider_Template" condition="$PARAM[button2]">
						<param name="target_id" value="$PARAM[button2_id]" />
						<param name="visible" value="[!String.IsEmpty(Control.GetLabel($PARAM[button3_id])) + Control.IsEnabled($PARAM[button3_id]) + Control.IsVisible($PARAM[button3_id])] | [!String.IsEmpty(Control.GetLabel($PARAM[button4_id])) + Control.IsEnabled($PARAM[button4_id]) + Control.IsVisible($PARAM[button4_id])]" />
						<param name="unfocused_top" value="$PARAM[unfocused_top]" />
						<param name="unfocused_height" value="$PARAM[unfocused_height]" />
						<param name="unfocused_font" value="$PARAM[unfocused_font]" />
					</include>
					<include content="Button_Label_Template" condition="$PARAM[button3]">
						<param name="target_id" value="$PARAM[button3_id]" />
						<param name="color" value="$PARAM[color]" />
						<param name="focused_font" value="$PARAM[focused_font]" />
						<param name="unfocused_top" value="$PARAM[unfocused_top]" />
						<param name="unfocused_height" value="$PARAM[unfocused_height]" />
						<param name="unfocused_font" value="$PARAM[unfocused_font]" />
					</include>
					<include content="Button_Label_Divider_Template" condition="$PARAM[button3]">
						<param name="target_id" value="$PARAM[button3_id]" />
						<param name="visible" value="!String.IsEmpty(Control.GetLabel($PARAM[button4_id])) + Control.IsEnabled($PARAM[button4_id]) + Control.IsVisible($PARAM[button4_id])" />
						<param name="unfocused_top" value="$PARAM[unfocused_top]" />
						<param name="unfocused_height" value="$PARAM[unfocused_height]" />
						<param name="unfocused_font" value="$PARAM[unfocused_font]" />
					</include>
					<include content="Button_Label_Template" condition="$PARAM[button4]">
						<param name="target_id" value="$PARAM[button4_id]" />
						<param name="color" value="$PARAM[color]" />
						<param name="focused_font" value="$PARAM[focused_font]" />
						<param name="unfocused_top" value="$PARAM[unfocused_top]" />
						<param name="unfocused_height" value="$PARAM[unfocused_height]" />
						<param name="unfocused_font" value="$PARAM[unfocused_font]" />
					</include>
				</include>
			</control>
		</definition>
	</include>

</includes>