<?xml version="1.0" encoding="UTF-8"?>
<includes>
	<include name="ListView_Menu_Options">
		<param name="visible" default="Control.IsVisible(50)" />
		<definition>
			<item id="1">
				<description>Layout / List</description>
				<onclick>SetFocus(50)</onclick>
				<label>$VAR[Copacetic_Chevron_Left] $LOCALIZE[31000] $VAR[Copacetic_Chevron_Right]</label>
				<label2>$LOCALIZE[31005] $VAR[Copacetic_Divider_Bold] $LOCALIZE[31000]</label2>
				<property name="ActionLeft">Container.PreviousViewMode</property>
				<property name="ActionRight">Container.NextViewMode</property>
				<visible>$PARAM[visible] + Integer.IsGreater(Container.ViewCount,1)</visible>
			</item>
			<!-- Display -->
			<!-- Movies -->
			<item id="2">
				<description>Display (Movies) / Background</description>
				<label>$VAR[Copacetic_Chevron_Left] $LOCALIZE[31443] $VAR[Copacetic_Chevron_Right]</label>
				<label2>$LOCALIZE[131] $VAR[Copacetic_Divider_Bold] $LOCALIZE[31443]</label2>
				<onclick>SetFocus(50)</onclick>
				<property name="ActionLeft">Skin.SetString(ListView_Display_Movies,Thumbnails)</property>
				<property name="ActionRight">Skin.SetString(ListView_Display_Movies,Thumbnails)</property>
				<visible>$PARAM[visible] + $EXP[ListView_Display_IsBackground_Movies]</visible>
			</item>
			<item id="2">
				<description>Display (Movies) / Thumbnails</description>
				<label>$VAR[Copacetic_Chevron_Left] $LOCALIZE[31027] $VAR[Copacetic_Chevron_Right]</label>
				<label2>$LOCALIZE[131] $VAR[Copacetic_Divider_Bold] $LOCALIZE[31027]</label2>
				<onclick>SetFocus(50)</onclick>
				<property name="ActionLeft">Skin.SetString(ListView_Display_Movies,Background)</property>
				<property name="ActionRight">Skin.SetString(ListView_Display_Movies,Background)</property>
				<visible>$PARAM[visible] + $EXP[ListView_Display_IsThumbnails_Movies]</visible>
			</item>
			<!-- Sets -->
			<item id="2">
				<description>Display (Sets) / Background</description>
				<label>$VAR[Copacetic_Chevron_Left] $LOCALIZE[31443] $VAR[Copacetic_Chevron_Right]</label>
				<label2>$LOCALIZE[131] $VAR[Copacetic_Divider_Bold] $LOCALIZE[31443]</label2>
				<onclick>SetFocus(50)</onclick>
				<property name="ActionLeft">Skin.SetString(ListView_Display_Sets,Thumbnails)</property>
				<property name="ActionRight">Skin.SetString(ListView_Display_Sets,Thumbnails)</property>
				<visible>$PARAM[visible] + $EXP[ListView_Display_IsBackground_Sets]</visible>
			</item>
			<item id="2">
				<description>Display (Sets) / Thumbnails</description>
				<label>$VAR[Copacetic_Chevron_Left] $LOCALIZE[31027] $VAR[Copacetic_Chevron_Right]</label>
				<label2>$LOCALIZE[131] $VAR[Copacetic_Divider_Bold] $LOCALIZE[31027]</label2>
				<onclick>SetFocus(50)</onclick>
				<property name="ActionLeft">Skin.SetString(ListView_Display_Sets,Background)</property>
				<property name="ActionRight">Skin.SetString(ListView_Display_Sets,Background)</property>
				<visible>$PARAM[visible] + $EXP[ListView_Display_IsThumbnails_Sets]</visible>
			</item>
			<!-- TVShows -->
			<item id="2">
				<description>Display (TV shows) / Background</description>
				<label>$VAR[Copacetic_Chevron_Left] $LOCALIZE[31443] $VAR[Copacetic_Chevron_Right]</label>
				<label2>$LOCALIZE[131] $VAR[Copacetic_Divider_Bold] $LOCALIZE[31443]</label2>
				<onclick>SetFocus(50)</onclick>
				<property name="ActionLeft">Skin.SetString(ListView_Display_TVShows,Thumbnails)</property>
				<property name="ActionRight">Skin.SetString(ListView_Display_TVShows,Thumbnails)</property>
				<visible>$PARAM[visible] + $EXP[ListView_Display_IsBackground_TVShows]</visible>
			</item>
			<item id="2">
				<description>Display (TV shows) / Thumbnails</description>
				<label>$VAR[Copacetic_Chevron_Left] $LOCALIZE[31027] $VAR[Copacetic_Chevron_Right]</label>
				<label2>$LOCALIZE[131] $VAR[Copacetic_Divider_Bold] $LOCALIZE[31027]</label2>
				<onclick>SetFocus(50)</onclick>
				<property name="ActionLeft">Skin.SetString(ListView_Display_TVShows,Background)</property>
				<property name="ActionRight">Skin.SetString(ListView_Display_TVShows,Background)</property>
				<visible>$PARAM[visible] + $EXP[ListView_Display_IsThumbnails_TVShows]</visible>
			</item>
			<!-- Seasons -->
			<item id="2">
				<description>Display (Seasons) / Background</description>
				<label>$VAR[Copacetic_Chevron_Left] $LOCALIZE[31443] $VAR[Copacetic_Chevron_Right]</label>
				<label2>$LOCALIZE[131] $VAR[Copacetic_Divider_Bold] $LOCALIZE[31443]</label2>
				<onclick>SetFocus(50)</onclick>
				<property name="ActionLeft">Skin.SetString(ListView_Display_Seasons,Thumbnails)</property>
				<property name="ActionRight">Skin.SetString(ListView_Display_Seasons,Thumbnails)</property>
				<visible>$PARAM[visible] + $EXP[ListView_Display_IsBackground_Seasons]</visible>
			</item>
			<item id="2">
				<description>Display (Seasons) / Thumbnails</description>
				<label>$VAR[Copacetic_Chevron_Left] $LOCALIZE[31027] $VAR[Copacetic_Chevron_Right]</label>
				<label2>$LOCALIZE[131] $VAR[Copacetic_Divider_Bold] $LOCALIZE[31027]</label2>
				<onclick>SetFocus(50)</onclick>
				<property name="ActionLeft">Skin.SetString(ListView_Display_Seasons,Background)</property>
				<property name="ActionRight">Skin.SetString(ListView_Display_Seasons,Background)</property>
				<visible>$PARAM[visible] + $EXP[ListView_Display_IsThumbnails_Seasons]</visible>
			</item>
			<!-- Episodes -->
			<item id="2">
				<description>Display (Episodes) / Background</description>
				<label>$VAR[Copacetic_Chevron_Left] $LOCALIZE[31443] $VAR[Copacetic_Chevron_Right]</label>
				<label2>$LOCALIZE[131] $VAR[Copacetic_Divider_Bold] $LOCALIZE[31443]</label2>
				<onclick>SetFocus(50)</onclick>
				<property name="ActionLeft">Skin.SetString(ListView_Display_Episodes,Thumbnails)</property>
				<property name="ActionRight">Skin.SetString(ListView_Display_Episodes,Thumbnails)</property>
				<visible>$PARAM[visible] + $EXP[ListView_Display_IsBackground_Episodes]</visible>
			</item>
			<item id="2">
				<description>Display (Episodes) / Thumbnails</description>
				<label>$VAR[Copacetic_Chevron_Left] $LOCALIZE[31027] $VAR[Copacetic_Chevron_Right]</label>
				<label2>$LOCALIZE[131] $VAR[Copacetic_Divider_Bold] $LOCALIZE[31027]</label2>
				<onclick>SetFocus(50)</onclick>
				<property name="ActionLeft">Skin.SetString(ListView_Display_Episodes,Background)</property>
				<property name="ActionRight">Skin.SetString(ListView_Display_Episodes,Background)</property>
				<visible>$PARAM[visible] + $EXP[ListView_Display_IsThumbnails_Episodes]</visible>
			</item>
			<!-- Artists -->
			<item id="2">
				<description>Display (Artists) / Background</description>
				<label>$VAR[Copacetic_Chevron_Left] $LOCALIZE[31443] $VAR[Copacetic_Chevron_Right]</label>
				<label2>$LOCALIZE[131] $VAR[Copacetic_Divider_Bold] $LOCALIZE[31443]</label2>
				<onclick>SetFocus(50)</onclick>
				<property name="ActionLeft">Skin.SetString(ListView_Display_Artists,Thumbnails)</property>
				<property name="ActionRight">Skin.SetString(ListView_Display_Artists,Thumbnails)</property>
				<visible>$PARAM[visible] + $EXP[ListView_Display_IsBackground_Artists]</visible>
			</item>
			<item id="2">
				<description>Display (Artists) / Thumbnails</description>
				<label>$VAR[Copacetic_Chevron_Left] $LOCALIZE[31027] $VAR[Copacetic_Chevron_Right]</label>
				<label2>$LOCALIZE[131] $VAR[Copacetic_Divider_Bold] $LOCALIZE[31027]</label2>
				<onclick>SetFocus(50)</onclick>
				<property name="ActionLeft">Skin.SetString(ListView_Display_Artists,Background)</property>
				<property name="ActionRight">Skin.SetString(ListView_Display_Artists,Background)</property>
				<visible>$PARAM[visible] + $EXP[ListView_Display_IsThumbnails_Artists]</visible>
			</item>
			<!-- Albums -->
			<item id="2">
				<description>Display (Albums) / Background</description>
				<label>$VAR[Copacetic_Chevron_Left] $LOCALIZE[31443] $VAR[Copacetic_Chevron_Right]</label>
				<label2>$LOCALIZE[131] $VAR[Copacetic_Divider_Bold] $LOCALIZE[31443]</label2>
				<onclick>SetFocus(50)</onclick>
				<property name="ActionLeft">Skin.SetString(ListView_Display_Albums,Thumbnails)</property>
				<property name="ActionRight">Skin.SetString(ListView_Display_Albums,Thumbnails)</property>
				<visible>$PARAM[visible] + $EXP[ListView_Display_IsBackground_Albums]</visible>
			</item>
			<item id="2">
				<description>Display (Albums) / Thumbnails</description>
				<label>$VAR[Copacetic_Chevron_Left] $LOCALIZE[31027] $VAR[Copacetic_Chevron_Right]</label>
				<label2>$LOCALIZE[131] $VAR[Copacetic_Divider_Bold] $LOCALIZE[31027]</label2>
				<onclick>SetFocus(50)</onclick>
				<property name="ActionLeft">Skin.SetString(ListView_Display_Albums,Background)</property>
				<property name="ActionRight">Skin.SetString(ListView_Display_Albums,Background)</property>
				<visible>$PARAM[visible] + $EXP[ListView_Display_IsThumbnails_Albums]</visible>
			</item>
			<!-- Songs -->
			<item id="2">
				<description>Display (Songs) / Background</description>
				<label>$VAR[Copacetic_Chevron_Left] $LOCALIZE[31443] $VAR[Copacetic_Chevron_Right]</label>
				<label2>$LOCALIZE[131] $VAR[Copacetic_Divider_Bold] $LOCALIZE[31443]</label2>
				<onclick>SetFocus(50)</onclick>
				<property name="ActionLeft">Skin.SetString(ListView_Display_Songs,Thumbnails)</property>
				<property name="ActionRight">Skin.SetString(ListView_Display_Songs,Thumbnails)</property>
				<visible>$PARAM[visible] + $EXP[ListView_Display_IsBackground_Songs]</visible>
			</item>
			<item id="2">
				<description>Display (Songs) / Thumbnails</description>
				<label>$VAR[Copacetic_Chevron_Left] $LOCALIZE[31027] $VAR[Copacetic_Chevron_Right]</label>
				<label2>$LOCALIZE[131] $VAR[Copacetic_Divider_Bold] $LOCALIZE[31027]</label2>
				<onclick>SetFocus(50)</onclick>
				<property name="ActionLeft">Skin.SetString(ListView_Display_Songs,Background)</property>
				<property name="ActionRight">Skin.SetString(ListView_Display_Songs,Background)</property>
				<visible>$PARAM[visible] + $EXP[ListView_Display_IsThumbnails_Songs]</visible>
			</item>
			<!-- MusicVideos -->
			<item id="2">
				<description>Display (MusicVideos) / Background</description>
				<label>$VAR[Copacetic_Chevron_Left] $LOCALIZE[31443] $VAR[Copacetic_Chevron_Right]</label>
				<label2>$LOCALIZE[131] $VAR[Copacetic_Divider_Bold] $LOCALIZE[31443]</label2>
				<onclick>SetFocus(50)</onclick>
				<property name="ActionLeft">Skin.SetString(ListView_Display_MusicVideos,Thumbnails)</property>
				<property name="ActionRight">Skin.SetString(ListView_Display_MusicVideos,Thumbnails)</property>
				<visible>$PARAM[visible] + $EXP[ListView_Display_IsBackground_MusicVideos]</visible>
			</item>
			<item id="2">
				<description>Display (MusicVideos) / Thumbnails</description>
				<label>$VAR[Copacetic_Chevron_Left] $LOCALIZE[31027] $VAR[Copacetic_Chevron_Right]</label>
				<label2>$LOCALIZE[131] $VAR[Copacetic_Divider_Bold] $LOCALIZE[31027]</label2>
				<onclick>SetFocus(50)</onclick>
				<property name="ActionLeft">Skin.SetString(ListView_Display_MusicVideos,Background)</property>
				<property name="ActionRight">Skin.SetString(ListView_Display_MusicVideos,Background)</property>
				<visible>$PARAM[visible] + $EXP[ListView_Display_IsThumbnails_MusicVideos]</visible>
			</item>
			<!-- Programs_Files -->
			<item id="2">
				<description>Display (Programs_Files) / Background</description>
				<label>$VAR[Copacetic_Chevron_Left] $LOCALIZE[31443] $VAR[Copacetic_Chevron_Right]</label>
				<label2>$LOCALIZE[131] $VAR[Copacetic_Divider_Bold] $LOCALIZE[31443]</label2>
				<onclick>SetFocus(50)</onclick>
				<property name="ActionLeft">Skin.SetString(ListView_Display_Programs_Files,Thumbnails)</property>
				<property name="ActionRight">Skin.SetString(ListView_Display_Programs_Files,Thumbnails)</property>
				<visible>$PARAM[visible] + $EXP[ListView_Display_IsBackground_Programs_Files]</visible>
			</item>
			<item id="2">
				<description>Display (Programs_Files) / Thumbnails</description>
				<label>$VAR[Copacetic_Chevron_Left] $LOCALIZE[31027] $VAR[Copacetic_Chevron_Right]</label>
				<label2>$LOCALIZE[131] $VAR[Copacetic_Divider_Bold] $LOCALIZE[31027]</label2>
				<onclick>SetFocus(50)</onclick>
				<property name="ActionLeft">Skin.SetString(ListView_Display_Programs_Files,Background)</property>
				<property name="ActionRight">Skin.SetString(ListView_Display_Programs_Files,Background)</property>
				<visible>$PARAM[visible] + $EXP[ListView_Display_IsThumbnails_Programs_Files]</visible>
			</item>
			<!-- Details -->
			<!-- Movies -->
			<item>
				<description>Details (Movies) / Title</description>
				<label>$VAR[Copacetic_Chevron_Left] $LOCALIZE[31017] $VAR[Copacetic_Chevron_Right]</label>
				<label2>$LOCALIZE[31016] $VAR[Copacetic_Divider_Bold] $LOCALIZE[31017]</label2>
				<onclick>SetFocus(50)</onclick>
				<property name="ActionLeft">Skin.SetString(ListView_Details_Movies,TitleAndInfo)</property>
				<property name="ActionRight">Skin.SetString(ListView_Details_Movies,TitleAndInfo)</property>
				<visible>$PARAM[visible] + $EXP[ListView_Display_IsBackground_Movies] + $EXP[ListView_Details_Title_Movies]</visible>
			</item>
			<item>
				<description>Details (Movies) / Title and Info</description>
				<label>$VAR[Copacetic_Chevron_Left] $LOCALIZE[31018] $VAR[Copacetic_Chevron_Right]</label>
				<label2>$LOCALIZE[31016] $VAR[Copacetic_Divider_Bold] $LOCALIZE[31018]</label2>
				<onclick>SetFocus(50)</onclick>
				<property name="ActionLeft">Skin.SetString(ListView_Details_Movies,Title)</property>
				<property name="ActionRight">Skin.SetString(ListView_Details_Movies,Title)</property>
				<visible>$PARAM[visible] + $EXP[ListView_Display_IsBackground_Movies] + $EXP[ListView_Details_Info_Movies]</visible>
			</item>
			<!-- Sets -->
			<item>
				<description>Details (Sets) / Title</description>
				<label>$VAR[Copacetic_Chevron_Left] $LOCALIZE[31017] $VAR[Copacetic_Chevron_Right]</label>
				<label2>$LOCALIZE[31016] $VAR[Copacetic_Divider_Bold] $LOCALIZE[31017]</label2>
				<onclick>SetFocus(50)</onclick>
				<property name="ActionLeft">Skin.SetString(ListView_Details_Sets,TitleAndInfo)</property>
				<property name="ActionRight">Skin.SetString(ListView_Details_Sets,TitleAndInfo)</property>
				<visible>$PARAM[visible] + $EXP[ListView_Display_IsBackground_Sets] + $EXP[ListView_Details_Title_Sets]</visible>
			</item>
			<item>
				<description>Details (Sets) / Title and Info</description>
				<label>$VAR[Copacetic_Chevron_Left] $LOCALIZE[31018] $VAR[Copacetic_Chevron_Right]</label>
				<label2>$LOCALIZE[31016] $VAR[Copacetic_Divider_Bold] $LOCALIZE[31018]</label2>
				<onclick>SetFocus(50)</onclick>
				<property name="ActionLeft">Skin.SetString(ListView_Details_Sets,Title)</property>
				<property name="ActionRight">Skin.SetString(ListView_Details_Sets,Title)</property>
				<visible>$PARAM[visible] + $EXP[ListView_Display_IsBackground_Sets] + $EXP[ListView_Details_Info_Sets]</visible>
			</item>
			<!-- TV shows -->
			<item>
				<description>Details (TV shows) / Title</description>
				<label>$VAR[Copacetic_Chevron_Left] $LOCALIZE[31017] $VAR[Copacetic_Chevron_Right]</label>
				<label2>$LOCALIZE[31016] $VAR[Copacetic_Divider_Bold] $LOCALIZE[31017]</label2>
				<onclick>SetFocus(50)</onclick>
				<property name="ActionLeft">Skin.SetString(ListView_Details_TVShows,TitleAndInfo)</property>
				<property name="ActionRight">Skin.SetString(ListView_Details_TVShows,TitleAndInfo)</property>
				<visible>$PARAM[visible] + $EXP[ListView_Display_IsBackground_TVShows] + $EXP[ListView_Details_Title_TVShows]</visible>
			</item>
			<item>
				<description>Details (TV shows) / Title and Info</description>
				<label>$VAR[Copacetic_Chevron_Left] $LOCALIZE[31018] $VAR[Copacetic_Chevron_Right]</label>
				<label2>$LOCALIZE[31016] $VAR[Copacetic_Divider_Bold] $LOCALIZE[31018]</label2>
				<onclick>SetFocus(50)</onclick>
				<property name="ActionLeft">Skin.SetString(ListView_Details_TVShows,Title)</property>
				<property name="ActionRight">Skin.SetString(ListView_Details_TVShows,Title)</property>
				<visible>$PARAM[visible] + $EXP[ListView_Display_IsBackground_TVShows] + $EXP[ListView_Details_Info_TVShows]</visible>
			</item>
			<!-- Seasons -->
			<item>
				<description>Details (Seasons) / Title</description>
				<label>$VAR[Copacetic_Chevron_Left] $LOCALIZE[31017] $VAR[Copacetic_Chevron_Right]</label>
				<label2>$LOCALIZE[31016] $VAR[Copacetic_Divider_Bold] $LOCALIZE[31017]</label2>
				<onclick>SetFocus(50)</onclick>
				<property name="ActionLeft">Skin.SetString(ListView_Details_Seasons,TitleAndInfo)</property>
				<property name="ActionRight">Skin.SetString(ListView_Details_Seasons,TitleAndInfo)</property>
				<visible>$PARAM[visible] + $EXP[ListView_Display_IsBackground_Seasons] + $EXP[ListView_Details_Title_Seasons]</visible>
			</item>
			<item>
				<description>Details (Seasons) / Title and Info</description>
				<label>$VAR[Copacetic_Chevron_Left] $LOCALIZE[31018] $VAR[Copacetic_Chevron_Right]</label>
				<label2>$LOCALIZE[31016] $VAR[Copacetic_Divider_Bold] $LOCALIZE[31018]</label2>
				<onclick>SetFocus(50)</onclick>
				<property name="ActionLeft">Skin.SetString(ListView_Details_Seasons,Title)</property>
				<property name="ActionRight">Skin.SetString(ListView_Details_Seasons,Title)</property>
				<visible>$PARAM[visible] + $EXP[ListView_Display_IsBackground_Seasons] + $EXP[ListView_Details_Info_Seasons]</visible>
			</item>
			<!-- Episodes -->
			<item>
				<description>Details (Episodes) / Title</description>
				<label>$VAR[Copacetic_Chevron_Left] $LOCALIZE[31017] $VAR[Copacetic_Chevron_Right]</label>
				<label2>$LOCALIZE[31016] $VAR[Copacetic_Divider_Bold] $LOCALIZE[31017]</label2>
				<onclick>SetFocus(50)</onclick>
				<property name="ActionLeft">Skin.SetString(ListView_Details_Episodes,TitleAndInfo)</property>
				<property name="ActionRight">Skin.SetString(ListView_Details_Episodes,TitleAndInfo)</property>
				<visible>$PARAM[visible] + $EXP[ListView_Display_IsBackground_Episodes] + $EXP[ListView_Details_Title_Episodes]</visible>
			</item>
			<item>
				<description>Details (Episodes) / Title and Info</description>
				<label>$VAR[Copacetic_Chevron_Left] $LOCALIZE[31018] $VAR[Copacetic_Chevron_Right]</label>
				<label2>$LOCALIZE[31016] $VAR[Copacetic_Divider_Bold] $LOCALIZE[31018]</label2>
				<onclick>SetFocus(50)</onclick>
				<property name="ActionLeft">Skin.SetString(ListView_Details_Episodes,Title)</property>
				<property name="ActionRight">Skin.SetString(ListView_Details_Episodes,Title)</property>
				<visible>$PARAM[visible] + $EXP[ListView_Display_IsBackground_Episodes] + $EXP[ListView_Details_Info_Episodes]</visible>
			</item>
			<!-- Artists -->
			<item>
				<description>Details (Artists) / Title</description>
				<label>$VAR[Copacetic_Chevron_Left] $LOCALIZE[31017] $VAR[Copacetic_Chevron_Right]</label>
				<label2>$LOCALIZE[31016] $VAR[Copacetic_Divider_Bold] $LOCALIZE[31017]</label2>
				<onclick>SetFocus(50)</onclick>
				<property name="ActionLeft">Skin.SetString(ListView_Details_Artists,TitleAndInfo)</property>
				<property name="ActionRight">Skin.SetString(ListView_Details_Artists,TitleAndInfo)</property>
				<visible>$PARAM[visible] + $EXP[ListView_Display_IsBackground_Artists] + $EXP[ListView_Details_Title_Artists]</visible>
			</item>
			<item>
				<description>Details (Artists) / Title and Info</description>
				<label>$VAR[Copacetic_Chevron_Left] $LOCALIZE[31018] $VAR[Copacetic_Chevron_Right]</label>
				<label2>$LOCALIZE[31016] $VAR[Copacetic_Divider_Bold] $LOCALIZE[31018]</label2>
				<onclick>SetFocus(50)</onclick>
				<property name="ActionLeft">Skin.SetString(ListView_Details_Artists,Title)</property>
				<property name="ActionRight">Skin.SetString(ListView_Details_Artists,Title)</property>
				<visible>$PARAM[visible] + $EXP[ListView_Display_IsBackground_Artists] + $EXP[ListView_Details_Info_Artists]</visible>
			</item>
			<!-- Albums -->
			<item>
				<description>Details (Albums) / Title</description>
				<label>$VAR[Copacetic_Chevron_Left] $LOCALIZE[31017] $VAR[Copacetic_Chevron_Right]</label>
				<label2>$LOCALIZE[31016] $VAR[Copacetic_Divider_Bold] $LOCALIZE[31017]</label2>
				<onclick>SetFocus(50)</onclick>
				<property name="ActionLeft">Skin.SetString(ListView_Details_Albums,TitleAndInfo)</property>
				<property name="ActionRight">Skin.SetString(ListView_Details_Albums,TitleAndInfo)</property>
				<visible>$PARAM[visible] + $EXP[ListView_Display_IsBackground_Albums] + $EXP[ListView_Details_Title_Albums]</visible>
			</item>
			<item>
				<description>Details (Albums) / Title and Info</description>
				<label>$VAR[Copacetic_Chevron_Left] $LOCALIZE[31018] $VAR[Copacetic_Chevron_Right]</label>
				<label2>$LOCALIZE[31016] $VAR[Copacetic_Divider_Bold] $LOCALIZE[31018]</label2>
				<onclick>SetFocus(50)</onclick>
				<property name="ActionLeft">Skin.SetString(ListView_Details_Albums,Title)</property>
				<property name="ActionRight">Skin.SetString(ListView_Details_Albums,Title)</property>
				<visible>$PARAM[visible] + $EXP[ListView_Display_IsBackground_Albums] + $EXP[ListView_Details_Info_Albums]</visible>
			</item>
			<!-- Songs -->
			<item>
				<description>Details (Songs) / Title</description>
				<label>$VAR[Copacetic_Chevron_Left] $LOCALIZE[31017] $VAR[Copacetic_Chevron_Right]</label>
				<label2>$LOCALIZE[31016] $VAR[Copacetic_Divider_Bold] $LOCALIZE[31017]</label2>
				<onclick>SetFocus(50)</onclick>
				<property name="ActionLeft">Skin.SetString(ListView_Details_Songs,TitleAndInfo)</property>
				<property name="ActionRight">Skin.SetString(ListView_Details_Songs,TitleAndInfo)</property>
				<visible>$PARAM[visible] + $EXP[ListView_Display_IsBackground_Songs] + $EXP[ListView_Details_Title_Songs] + !Window.Is(musicplaylist)</visible>
			</item>
			<item>
				<description>Details (Songs) / Title and Info</description>
				<label>$VAR[Copacetic_Chevron_Left] $LOCALIZE[31018] $VAR[Copacetic_Chevron_Right]</label>
				<label2>$LOCALIZE[31016] $VAR[Copacetic_Divider_Bold] $LOCALIZE[31018]</label2>
				<onclick>SetFocus(50)</onclick>
				<property name="ActionLeft">Skin.SetString(ListView_Details_Songs,Title)</property>
				<property name="ActionRight">Skin.SetString(ListView_Details_Songs,Title)</property>
				<visible>$PARAM[visible] + $EXP[ListView_Display_IsBackground_Songs] + $EXP[ListView_Details_Info_Songs] + !Window.Is(musicplaylist)</visible>
			</item>
			<!-- MusicVideos -->
			<item>
				<description>Details (MusicVideos) / Title</description>
				<label>$VAR[Copacetic_Chevron_Left] $LOCALIZE[31017] $VAR[Copacetic_Chevron_Right]</label>
				<label2>$LOCALIZE[31016] $VAR[Copacetic_Divider_Bold] $LOCALIZE[31017]</label2>
				<onclick>SetFocus(50)</onclick>
				<property name="ActionLeft">Skin.SetString(ListView_Details_MusicVideos,TitleAndInfo)</property>
				<property name="ActionRight">Skin.SetString(ListView_Details_MusicVideos,TitleAndInfo)</property>
				<visible>$PARAM[visible] + $EXP[ListView_Display_IsBackground_MusicVideos] + $EXP[ListView_Details_Title_MusicVideos]</visible>
			</item>
			<item>
				<description>Details (MusicVideos) / Title and Info</description>
				<label>$VAR[Copacetic_Chevron_Left] $LOCALIZE[31018] $VAR[Copacetic_Chevron_Right]</label>
				<label2>$LOCALIZE[31016] $VAR[Copacetic_Divider_Bold] $LOCALIZE[31018]</label2>
				<onclick>SetFocus(50)</onclick>
				<property name="ActionLeft">Skin.SetString(ListView_Details_MusicVideos,Title)</property>
				<property name="ActionRight">Skin.SetString(ListView_Details_MusicVideos,Title)</property>
				<visible>$PARAM[visible] + $EXP[ListView_Display_IsBackground_MusicVideos] + $EXP[ListView_Details_Info_MusicVideos]</visible>
			</item>
			<!-- Programs_Files -->
			<item>
				<description>Details (Programs_Files) / Title</description>
				<label>$VAR[Copacetic_Chevron_Left] $LOCALIZE[31017] $VAR[Copacetic_Chevron_Right]</label>
				<label2>$LOCALIZE[31016] $VAR[Copacetic_Divider_Bold] $LOCALIZE[31017]</label2>
				<onclick>SetFocus(50)</onclick>
				<property name="ActionLeft">Skin.SetString(ListView_Details_Programs_Files,TitleAndInfo)</property>
				<property name="ActionRight">Skin.SetString(ListView_Details_Programs_Files,TitleAndInfo)</property>
				<visible>$PARAM[visible] + $EXP[ListView_Display_IsBackground_Programs_Files] + $EXP[ListView_Details_Title_Programs_Files]</visible>
			</item>
			<item>
				<description>Details (Programs_Files) / Title and Info</description>
				<label>$VAR[Copacetic_Chevron_Left] $LOCALIZE[31018] $VAR[Copacetic_Chevron_Right]</label>
				<label2>$LOCALIZE[31016] $VAR[Copacetic_Divider_Bold] $LOCALIZE[31018]</label2>
				<onclick>SetFocus(50)</onclick>
				<property name="ActionLeft">Skin.SetString(ListView_Details_Programs_Files,Title)</property>
				<property name="ActionRight">Skin.SetString(ListView_Details_Programs_Files,Title)</property>
				<visible>$PARAM[visible] + $EXP[ListView_Display_IsBackground_Programs_Files] + $EXP[ListView_Details_Info_Programs_Files]</visible>
			</item>
			<!-- Flags -->
			<!-- Movies -->
			<item>
				<description>Movie flags / Off</description>
				<label>$VAR[Copacetic_Chevron_Left] $LOCALIZE[591] $VAR[Copacetic_Chevron_Right]</label>
				<label2>$LOCALIZE[31024] $VAR[Copacetic_Divider_Bold] $LOCALIZE[591]</label2>
				<onclick>SetFocus(50)</onclick>
				<property name="ActionLeft">Skin.SetString(ListView_Flags_Movies,All)</property>
				<property name="ActionRight">Skin.SetString(ListView_Flags_Movies,Studio)</property>
				<visible>$PARAM[visible] + $EXP[ListView_Flags_Off_Movies]</visible>
			</item>
			<item>
				<description>Movie flags / Studio</description>
				<label>$VAR[Copacetic_Chevron_Left] $LOCALIZE[31025] $VAR[Copacetic_Chevron_Right]</label>
				<label2>$LOCALIZE[31024] $VAR[Copacetic_Divider_Bold] $LOCALIZE[31025]</label2>
				<onclick>SetFocus(50)</onclick>
				<property name="ActionLeft">Skin.SetString(ListView_Flags_Movies,Off)</property>
				<property name="ActionRight">Skin.SetString(ListView_Flags_Movies,Rating)</property>
				<visible>$PARAM[visible] + $EXP[ListView_Flags_Studio_Movies]</visible>
			</item>
			<item>
				<description>Movie flags / Age Rating</description>
				<label>$VAR[Copacetic_Chevron_Left] $LOCALIZE[31026] $VAR[Copacetic_Chevron_Right]</label>
				<label2>$LOCALIZE[31024] $VAR[Copacetic_Divider_Bold] $LOCALIZE[31026]</label2>
				<onclick>SetFocus(50)</onclick>
				<property name="ActionLeft">Skin.SetString(ListView_Flags_Movies,Studio)</property>
				<property name="ActionRight">Skin.SetString(ListView_Flags_Movies,All)</property>
				<visible>$PARAM[visible] + $EXP[ListView_Flags_Rating_Movies]</visible>
			</item>
			<item>
				<description>Movie flags / All</description>
				<label>$VAR[Copacetic_Chevron_Left] $LOCALIZE[593] $VAR[Copacetic_Chevron_Right]</label>
				<label2>$LOCALIZE[31024] $VAR[Copacetic_Divider_Bold] $LOCALIZE[593]</label2>
				<onclick>SetFocus(50)</onclick>
				<property name="ActionLeft">Skin.SetString(ListView_Flags_Movies,Rating)</property>
				<property name="ActionRight">Skin.SetString(ListView_Flags_Movies,Off)</property>
				<visible>$PARAM[visible] + $EXP[ListView_Flags_All_Movies]</visible>
			</item>
			<!-- Sets -->
			<item>
				<description>Set flags / Off</description>
				<label>$VAR[Copacetic_Chevron_Left] $LOCALIZE[591] $VAR[Copacetic_Chevron_Right]</label>
				<label2>$LOCALIZE[31024] $VAR[Copacetic_Divider_Bold] $LOCALIZE[591]</label2>
				<onclick>SetFocus(50)</onclick>
				<property name="ActionLeft">Skin.SetString(ListView_Flags_Sets,All)</property>
				<property name="ActionRight">Skin.SetString(ListView_Flags_Sets,Studio)</property>
				<visible>$PARAM[visible] + $EXP[ListView_Flags_Off_Sets]</visible>
			</item>
			<item>
				<description>Set flags / Studio</description>
				<label>$VAR[Copacetic_Chevron_Left] $LOCALIZE[31025] $VAR[Copacetic_Chevron_Right]</label>
				<label2>$LOCALIZE[31024] $VAR[Copacetic_Divider_Bold] $LOCALIZE[31025]</label2>
				<onclick>SetFocus(50)</onclick>
				<property name="ActionLeft">Skin.SetString(ListView_Flags_Sets,Off)</property>
				<property name="ActionRight">Skin.SetString(ListView_Flags_Sets,Rating)</property>
				<visible>$PARAM[visible] + $EXP[ListView_Flags_Studio_Sets]</visible>
			</item>
			<item>
				<description>Set flags / Age Rating</description>
				<label>$VAR[Copacetic_Chevron_Left] $LOCALIZE[31026] $VAR[Copacetic_Chevron_Right]</label>
				<label2>$LOCALIZE[31024] $VAR[Copacetic_Divider_Bold] $LOCALIZE[31026]</label2>
				<onclick>SetFocus(50)</onclick>
				<property name="ActionLeft">Skin.SetString(ListView_Flags_Sets,Studio)</property>
				<property name="ActionRight">Skin.SetString(ListView_Flags_Sets,All)</property>
				<visible>$PARAM[visible] + $EXP[ListView_Flags_Rating_Sets]</visible>
			</item>
			<item>
				<description>Set flags / All</description>
				<label>$VAR[Copacetic_Chevron_Left] $LOCALIZE[593] $VAR[Copacetic_Chevron_Right]</label>
				<label2>$LOCALIZE[31024] $VAR[Copacetic_Divider_Bold] $LOCALIZE[593]</label2>
				<onclick>SetFocus(50)</onclick>
				<property name="ActionLeft">Skin.SetString(ListView_Flags_Sets,Rating)</property>
				<property name="ActionRight">Skin.SetString(ListView_Flags_Sets,Off)</property>
				<visible>$PARAM[visible] + $EXP[ListView_Flags_All_Sets]</visible>
			</item>
			<!-- TV shows -->
			<item>
				<description>TV show flags / Off</description>
				<label>$VAR[Copacetic_Chevron_Left] $LOCALIZE[591] $VAR[Copacetic_Chevron_Right]</label>
				<label2>$LOCALIZE[31024] $VAR[Copacetic_Divider_Bold] $LOCALIZE[591]</label2>
				<onclick>SetFocus(50)</onclick>
				<property name="ActionLeft">Skin.SetString(ListView_Flags_TVShows,All)</property>
				<property name="ActionRight">Skin.SetString(ListView_Flags_TVShows,Studio)</property>
				<visible>$PARAM[visible] + $EXP[ListView_Flags_Off_TVShows]</visible>
			</item>
			<item>
				<description>TV show flags / Studio</description>
				<label>$VAR[Copacetic_Chevron_Left] $LOCALIZE[31025] $VAR[Copacetic_Chevron_Right]</label>
				<label2>$LOCALIZE[31024] $VAR[Copacetic_Divider_Bold] $LOCALIZE[31025]</label2>
				<onclick>SetFocus(50)</onclick>
				<property name="ActionLeft">Skin.SetString(ListView_Flags_TVShows,Off)</property>
				<property name="ActionRight">Skin.SetString(ListView_Flags_TVShows,Rating)</property>
				<visible>$PARAM[visible] + $EXP[ListView_Flags_Studio_TVShows]</visible>
			</item>
			<item>
				<description>TV show flags / Age Rating</description>
				<label>$VAR[Copacetic_Chevron_Left] $LOCALIZE[31026] $VAR[Copacetic_Chevron_Right]</label>
				<label2>$LOCALIZE[31024] $VAR[Copacetic_Divider_Bold] $LOCALIZE[31026]</label2>
				<onclick>SetFocus(50)</onclick>
				<property name="ActionLeft">Skin.SetString(ListView_Flags_TVShows,Studio)</property>
				<property name="ActionRight">Skin.SetString(ListView_Flags_TVShows,All)</property>
				<visible>$PARAM[visible] + $EXP[ListView_Flags_Rating_TVShows]</visible>
			</item>
			<item>
				<description>TV show flags / All</description>
				<label>$VAR[Copacetic_Chevron_Left] $LOCALIZE[593] $VAR[Copacetic_Chevron_Right]</label>
				<label2>$LOCALIZE[31024] $VAR[Copacetic_Divider_Bold] $LOCALIZE[593]</label2>
				<onclick>SetFocus(50)</onclick>
				<property name="ActionLeft">Skin.SetString(ListView_Flags_TVShows,Rating)</property>
				<property name="ActionRight">Skin.SetString(ListView_Flags_TVShows,Off)</property>
				<visible>$PARAM[visible] + $EXP[ListView_Flags_All_TVShows]</visible>
			</item>
			<!-- Seasons -->
			<item>
				<description>Season flags / Off</description>
				<label>$VAR[Copacetic_Chevron_Left] $LOCALIZE[591] $VAR[Copacetic_Chevron_Right]</label>
				<label2>$LOCALIZE[31024] $VAR[Copacetic_Divider_Bold] $LOCALIZE[591]</label2>
				<onclick>SetFocus(50)</onclick>
				<property name="ActionLeft">Skin.SetString(ListView_Flags_Seasons,All)</property>
				<property name="ActionRight">Skin.SetString(ListView_Flags_Seasons,Studio)</property>
				<visible>$PARAM[visible] + $EXP[ListView_Flags_Off_Seasons]</visible>
			</item>
			<item>
				<description>Season flags / Studio</description>
				<label>$VAR[Copacetic_Chevron_Left] $LOCALIZE[31025] $VAR[Copacetic_Chevron_Right]</label>
				<label2>$LOCALIZE[31024] $VAR[Copacetic_Divider_Bold] $LOCALIZE[31025]</label2>
				<onclick>SetFocus(50)</onclick>
				<property name="ActionLeft">Skin.SetString(ListView_Flags_Seasons,Off)</property>
				<property name="ActionRight">Skin.SetString(ListView_Flags_Seasons,Rating)</property>
				<visible>$PARAM[visible] + $EXP[ListView_Flags_Studio_Seasons]</visible>
			</item>
			<item>
				<description>Season flags / Age Rating</description>
				<label>$VAR[Copacetic_Chevron_Left] $LOCALIZE[31026] $VAR[Copacetic_Chevron_Right]</label>
				<label2>$LOCALIZE[31024] $VAR[Copacetic_Divider_Bold] $LOCALIZE[31026]</label2>
				<onclick>SetFocus(50)</onclick>
				<property name="ActionLeft">Skin.SetString(ListView_Flags_Seasons,Studio)</property>
				<property name="ActionRight">Skin.SetString(ListView_Flags_Seasons,All)</property>
				<visible>$PARAM[visible] + $EXP[ListView_Flags_Rating_Seasons]</visible>
			</item>
			<item>
				<description>Season flags / All</description>
				<label>$VAR[Copacetic_Chevron_Left] $LOCALIZE[593] $VAR[Copacetic_Chevron_Right]</label>
				<label2>$LOCALIZE[31024] $VAR[Copacetic_Divider_Bold] $LOCALIZE[593]</label2>
				<onclick>SetFocus(50)</onclick>
				<property name="ActionLeft">Skin.SetString(ListView_Flags_Seasons,Rating)</property>
				<property name="ActionRight">Skin.SetString(ListView_Flags_Seasons,Off)</property>
				<visible>$PARAM[visible] + $EXP[ListView_Flags_All_Seasons]</visible>
			</item>
			<!-- Episodes -->
			<item>
				<description>Episode flags / Off</description>
				<label>$VAR[Copacetic_Chevron_Left] $LOCALIZE[591] $VAR[Copacetic_Chevron_Right]</label>
				<label2>$LOCALIZE[31024] $VAR[Copacetic_Divider_Bold] $LOCALIZE[591]</label2>
				<onclick>SetFocus(50)</onclick>
				<property name="ActionLeft">Skin.SetString(ListView_Flags_Episodes,All)</property>
				<property name="ActionRight">Skin.SetString(ListView_Flags_Episodes,Studio)</property>
				<visible>$PARAM[visible] + $EXP[ListView_Flags_Off_Episodes]</visible>
			</item>
			<item>
				<description>Episode flags / Studio</description>
				<label>$VAR[Copacetic_Chevron_Left] $LOCALIZE[31025] $VAR[Copacetic_Chevron_Right]</label>
				<label2>$LOCALIZE[31024] $VAR[Copacetic_Divider_Bold] $LOCALIZE[31025]</label2>
				<onclick>SetFocus(50)</onclick>
				<property name="ActionLeft">Skin.SetString(ListView_Flags_Episodes,Off)</property>
				<property name="ActionRight">Skin.SetString(ListView_Flags_Episodes,Rating)</property>
				<visible>$PARAM[visible] + $EXP[ListView_Flags_Studio_Episodes]</visible>
			</item>
			<item>
				<description>Episode flags / Age Rating</description>
				<label>$VAR[Copacetic_Chevron_Left] $LOCALIZE[31026] $VAR[Copacetic_Chevron_Right]</label>
				<label2>$LOCALIZE[31024] $VAR[Copacetic_Divider_Bold] $LOCALIZE[31026]</label2>
				<onclick>SetFocus(50)</onclick>
				<property name="ActionLeft">Skin.SetString(ListView_Flags_Episodes,Studio)</property>
				<property name="ActionRight">Skin.SetString(ListView_Flags_Episodes,All)</property>
				<visible>$PARAM[visible] + $EXP[ListView_Flags_Rating_Episodes]</visible>
			</item>
			<item>
				<description>Episode flags / All</description>
				<label>$VAR[Copacetic_Chevron_Left] $LOCALIZE[593] $VAR[Copacetic_Chevron_Right]</label>
				<label2>$LOCALIZE[31024] $VAR[Copacetic_Divider_Bold] $LOCALIZE[593]</label2>
				<onclick>SetFocus(50)</onclick>
				<property name="ActionLeft">Skin.SetString(ListView_Flags_Episodes,Rating)</property>
				<property name="ActionRight">Skin.SetString(ListView_Flags_Episodes,Off)</property>
				<visible>$PARAM[visible] + $EXP[ListView_Flags_All_Episodes]</visible>
			</item>
			<!-- Programs_Files -->
			<item>
				<description>Programs_File flags / Off</description>
				<label>$VAR[Copacetic_Chevron_Left] $LOCALIZE[591] $VAR[Copacetic_Chevron_Right]</label>
				<label2>$LOCALIZE[31024] $VAR[Copacetic_Divider_Bold] $LOCALIZE[591]</label2>
				<onclick>SetFocus(50)</onclick>
				<property name="ActionLeft">Skin.SetString(ListView_Flags_Programs_Files,All)</property>
				<property name="ActionRight">Skin.SetString(ListView_Flags_Programs_Files,Studio)</property>
				<visible>$PARAM[visible] + $EXP[ListView_Flags_Off_Programs_Files]</visible>
			</item>
			<item>
				<description>Programs_File flags / Studio</description>
				<label>$VAR[Copacetic_Chevron_Left] $LOCALIZE[31025] $VAR[Copacetic_Chevron_Right]</label>
				<label2>$LOCALIZE[31024] $VAR[Copacetic_Divider_Bold] $LOCALIZE[31025]</label2>
				<onclick>SetFocus(50)</onclick>
				<property name="ActionLeft">Skin.SetString(ListView_Flags_Programs_Files,Off)</property>
				<property name="ActionRight">Skin.SetString(ListView_Flags_Programs_Files,Rating)</property>
				<visible>$PARAM[visible] + $EXP[ListView_Flags_Studio_Programs_Files]</visible>
			</item>
			<item>
				<description>Programs_File flags / Age Rating</description>
				<label>$VAR[Copacetic_Chevron_Left] $LOCALIZE[31026] $VAR[Copacetic_Chevron_Right]</label>
				<label2>$LOCALIZE[31024] $VAR[Copacetic_Divider_Bold] $LOCALIZE[31026]</label2>
				<onclick>SetFocus(50)</onclick>
				<property name="ActionLeft">Skin.SetString(ListView_Flags_Programs_Files,Studio)</property>
				<property name="ActionRight">Skin.SetString(ListView_Flags_Programs_Files,All)</property>
				<visible>$PARAM[visible] + $EXP[ListView_Flags_Rating_Programs_Files]</visible>
			</item>
			<item>
				<description>Programs_File flags / All</description>
				<label>$VAR[Copacetic_Chevron_Left] $LOCALIZE[593] $VAR[Copacetic_Chevron_Right]</label>
				<label2>$LOCALIZE[31024] $VAR[Copacetic_Divider_Bold] $LOCALIZE[593]</label2>
				<onclick>SetFocus(50)</onclick>
				<property name="ActionLeft">Skin.SetString(ListView_Flags_Programs_Files,Rating)</property>
				<property name="ActionRight">Skin.SetString(ListView_Flags_Programs_Files,Off)</property>
				<visible>$PARAM[visible] + $EXP[ListView_Flags_All_Programs_Files]</visible>
			</item>
		</definition>
	</include>
</includes>