<?xml version="1.0" encoding="UTF-8"?>
<window>
	<!-- favourites -->
	<defaultcontrol always="true">450</defaultcontrol>
	<include content="WindowOpenClose_Fade_Delayed_Animation" />
	<controls>
		<include content="Default_Dialog_Panel_Layout">
			<param name="visible" value="!Window.IsVisible(shutdownmenu) + !Window.IsVisible(filebrowser)" />
			<include content="Simple_List">
				<param name="id" value="450" />
				<param name="visible" value="!Window.IsVisible(contextmenu)" />
				<include content="Visible_Fade_Delayed_Animation" />
			</include>
			<include content="Simple_ListIcon">
				<param name="top" value="180" />
				<param name="width" value="720" />
				<param name="height" value="720" />
				<param name="align" value="right" />
				<param name="aspectratio" value="keep" />
				<param name="fadetime" value="180" />
			</include>
			<include content="Music_Player_Controls" condition="Skin.HasSetting(Music_Player_Enabled)" />
			<include content="Music_Player_Widget" condition="Skin.HasSetting(Music_Player_Enabled)">
				<param name="left_label_visible" value="true" />
				<param name="background_visible" value="false" />
			</include>
		</include>
	</controls>
</window>