<?xml version="1.0" encoding="UTF-8"?>
<window>
  <!-- smartplaylistrule -->
  <defaultcontrol always="true">5</defaultcontrol>
  <include content="WindowOpenClose_Fade_Delayed_Animation" />
  <controls>
    <include content="Default_Dialog_Panel_Layout">
      <param name="visible" value="![Window.IsVisible(shutdownmenu) | Window.IsVisible(virtualkeyboard) | Window.IsVisible(numericinput) | Window.IsVisible(filebrowser) | Window.IsVisible(selectdialog)]" />
      <param name="panel_edge_top" value="360" />
      <param name="panel_edge_bottom" value="360" />
      <control type="list" id="3300">
        <include>Hidden_Control</include>
        <include content="Fanart_Slideshow_Global_Path" />
        <autoscroll time="7000">true</autoscroll>
        <itemlayout />
        <focusedlayout />
      </control>
      <include content="Breadcrumb_Label">
        <param name="title_label_id" value="2" />
        <param name="label_color" value="$VAR[Settings_Label_Color]" />
      </include>
      <include content="Dialog_Divider">
        <param name="height" value="270" />
      </include>
      <include content="Settings_Grouplist_Template">
        <param name="id" value="5" />
        <param name="left" value="360" />
        <param name="width" value="1200" />
        <param name="onleft" value="18" />
        <param name="onright" value="20" />
        <param name="align" value="center" />
        <param name="include_scrollbar" value="false" />
        <include content="smartplaylistrule_List_Content" />
      </include>
      <control type="image">
        <visible>Control.HasFocus(20)</visible>
        <left>360</left>
        <right>360</right>
        <bottom>585</bottom>
        <height>1</height>
        <texture colordiffuse="$VAR[Unfocused_Color]">views/white_100.png</texture>
      </control>
      <include content="Button_Group_Template">
        <param name="id" value="4005" />
        <param name="onleft" value="15" />
        <param name="onright" value="19" />
        <param name="onup" value="17" />
        <param name="ondown" value="16" />
        <param name="bottom" value="585" />
        <param name="right" value="360" />
        <param name="button_width" value="90" />
        <param name="unfocused_color" value="$VAR[Unfocused_Color]" />
        <param name="color" value="$VAR[Light_Color]" />
        <param name="button1" value="true" />
        <param name="button1_id" value="20" />
        <param name="button1_texture" value="Browse" />
      </include>
      <include content="Button_Group_Template">
        <param name="onleft" value="20" />
        <param name="onright" value="0" />
        <param name="onup" value="20" />
        <param name="color" value="$VAR[Settings_Label_Color]" />
        <param name="button1" value="true" />
        <param name="button1_id" value="19" />
        <param name="button1_texture" value="Cross" />
        <param name="button2" value="true" />
        <param name="button2_id" value="18" />
        <param name="button2_texture" value="Check" />
      </include>
    </include>
  </controls>
</window>