<?xml version="1.0" encoding="UTF-8"?>
<includes>

	<variable name="loginscreen_Welcome_Label">
		<!-- Good morning / afternoon, / evening... Who's watching?... Seasonal messages -->
		<value condition="System.Time(17:00,00:00) + Integer.IsGreaterOrEqual(System.Time(hh),5)">$LOCALIZE[31101] $LOCALIZE[31100]</value>
		<value condition="System.Time(12:00,17:00)">$LOCALIZE[31102] $LOCALIZE[31100]</value>
		<value>$LOCALIZE[31103] $LOCALIZE[31100]</value>
	</variable>

	<variable name="musicplaylisteditor_Override_LeftLabel">
		<value condition="String.IsEqual(ListItem.DBType,song)">$VAR[TrackNumber_Label,,.]$INFO[ListItem.Title, ]</value>
		<value>$INFO[ListItem.Label]</value>
	</variable>

	<variable name="musicplaylisteditor_Override_LeftLabel2">
		<value condition="String.IsEqual(ListItem.DBType,song)">$INFO[ListItem.Label2]</value>
		<value/>
	</variable>

	<variable name="musicplaylisteditor_Directory_Label">
		<!-- items / item / No items -->
		<value condition="Integer.IsGreater(Container(50).NumItems,1)">$INFO[Container(50).NumItems,, $LOCALIZE[31001]]</value>
		<value condition="Integer.IsGreater(Container(50).NumItems,0)">$INFO[Container(50).NumItems,, $LOCALIZE[31000]]</value>
		<value>$LOCALIZE[31136]</value>
	</variable>

	<variable name="musicplaylisteditor_Info_Label">
		<value condition="!Control.HasFocus(50) + !Control.HasFocus(60) + Integer.IsGreater(Container(100).NumItems,1)">$INFO[Container(100).ListItem.Artist][CR]$INFO[Container(100).ListItem.Album][CR]$INFO[Container(100).ListItem.Year]</value>
		<value condition="[Control.HasFocus(50) | Control.HasFocus(60)] + String.IsEqual(Container(50).ListItem.DBType,song)">$INFO[Container(50).ListItem.Artist][CR]$INFO[Container(50).ListItem.Artist][CR]$INFO[Container(50).ListItem.Year]</value>
		<value condition="[Control.HasFocus(50) | Control.HasFocus(60)] + String.IsEqual(Container(50).ListItem.DBType,album)">$INFO[Container(50).ListItem.Artist][CR]$INFO[Container(50).ListItem.Year]</value>
	</variable>

	<variable name="musicplaylisteditor_Playlist_Label">
		<!-- songs / song / No songs added -->
		<value condition="Integer.IsGreater(Container(100).NumItems,1)">$INFO[Container(100).NumItems,, $LOCALIZE[31137]]</value>
		<value condition="Integer.IsGreater(Container(100).NumItems,0)">$INFO[Container(100).NumItems,, $LOCALIZE[31140]]</value>
		<value>$LOCALIZE[31139]</value>
	</variable>

	<variable name="script-upnext_Label">
		<!-- Game of Thrones / 2x02 / The Night Lands -->
		<value condition="!Integer.IsGreater(Window.Property(Episode),9)">$INFO[Window.Property(tvshowtitle)]$INFO[Window.Property(season), $LOCALIZE[31116] ]$INFO[Window.Property(episode),x0]$INFO[Window.Property(title), $LOCALIZE[31116] ]</value>
		<value condition="!Integer.IsGreater(Window.Property(Episode),9)">$INFO[Window.Property(tvshowtitle)]$INFO[Window.Property(season), $LOCALIZE[31116] ]$INFO[Window.Property(episode),x]$INFO[Window.Property(title), $LOCALIZE[31116] ]</value>
	</variable>

	<variable name="skinsettings_Choose_Widget1_Path_Label">
		<value condition="!String.IsEmpty(Skin.String(Widget1_Custom_Path))">$INFO[Skin.String(Widget1_Custom_Path),- ]</value>
		<value>- $LOCALIZE[573]</value>
	</variable>

	<variable name="skinsettings_Choose_Widget2_Path_Label">
		<value condition="!String.IsEmpty(Skin.String(Widget2_Custom_Path))">$INFO[Skin.String(Widget2_Custom_Path),- ]</value>
		<value>- $LOCALIZE[573]</value>
	</variable>

	<variable name="skinsettings_Choose_Widget3_Path_Label">
		<value condition="!String.IsEmpty(Skin.String(Widget3_Custom_Path))">$INFO[Skin.String(Widget3_Custom_Path),- ]</value>
		<value>- $LOCALIZE[573]</value>
	</variable>

	<variable name="skinsettings_Choose_Widget4_Path_Label">
		<value condition="!String.IsEmpty(Skin.String(Widget4_Custom_Path))">$INFO[Skin.String(Widget4_Custom_Path),- ]</value>
		<value>- $LOCALIZE[573]</value>
	</variable>

	<variable name="skinsettings_Choose_Widget5_Path_Label">
		<value condition="!String.IsEmpty(Skin.String(Widget5_Custom_Path))">$INFO[Skin.String(Widget5_Custom_Path),- ]</value>
		<value>- $LOCALIZE[573]</value>
	</variable>

	<variable name="skinsettings_Choose_Widget6_Path_Label">
		<value condition="!String.IsEmpty(Skin.String(Widget6_Custom_Path))">$INFO[Skin.String(Widget6_Custom_Path),- ]</value>
		<value>- $LOCALIZE[573]</value>
	</variable>

	<variable name="skinsettings_Choose_Widget7_Path_Label">
		<value condition="!String.IsEmpty(Skin.String(Widget7_Custom_Path))">$INFO[Skin.String(Widget7_Custom_Path),- ]</value>
		<value>- $LOCALIZE[573]</value>
	</variable>

	<variable name="skinsettings_Choose_Widget8_Path_Label">
		<value condition="!String.IsEmpty(Skin.String(Widget8_Custom_Path))">$INFO[Skin.String(Widget8_Custom_Path),- ]</value>
		<value>- $LOCALIZE[573]</value>
	</variable>

	<variable name="skinsettings_Choose_Widget9_Path_Label">
		<value condition="!String.IsEmpty(Skin.String(Widget9_Custom_Path))">$INFO[Skin.String(Widget9_Custom_Path),- ]</value>
		<value>- $LOCALIZE[573]</value>
	</variable>

	<variable name="skinsettings_Home_Background_Override_Label">
		<!-- Choose new path... / [shows path] -->
		<value condition="Skin.String(Home_Background_Override)">$INFO[Skin.String(Home_Background_Override)]</value>
		<value>$LOCALIZE[31259]</value>
	</variable>

	<variable name="skinsettings_Preferred_MPAA_Label">
		<value condition="Skin.HasSetting(Preferred_Rating_BBFC) | Skin.HasSetting(Preferred_Rating_MPAA) | Skin.HasSetting(Preferred_Rating_CHVRS) | Skin.HasSetting(Preferred_Rating_ACB) | Skin.HasSetting(Preferred_Rating_FSK) | Skin.HasSetting(Preferred_Rating_DJCTQ) | Skin.HasSetting(Preferred_Rating_KIJKWIJZER) | Skin.HasSetting(Preferred_Rating_EIRIN)">$LOCALIZE[31023]</value>
		<value>$LOCALIZE[31021]</value>
	</variable>

	<variable name="skinsettings_Preferred_MPAA_Label2">
		<value condition="Skin.HasSetting(Preferred_Rating_BBFC)">$LOCALIZE[31024]</value>
		<value condition="Skin.HasSetting(Preferred_Rating_MPAA)">$LOCALIZE[31025]</value>
		<value condition="Skin.HasSetting(Preferred_Rating_CHVRS)">$LOCALIZE[31026]</value>
		<value condition="Skin.HasSetting(Preferred_Rating_ACB)">$LOCALIZE[31032]</value>
		<value condition="Skin.HasSetting(Preferred_Rating_FSK)">$LOCALIZE[31029]</value>
		<value condition="Skin.HasSetting(Preferred_Rating_DJCTQ)">$LOCALIZE[31027]</value>
		<value condition="Skin.HasSetting(Preferred_Rating_KIJKWIJZER)">$LOCALIZE[31031]</value>
		<value condition="Skin.HasSetting(Preferred_Rating_EIRIN)">$LOCALIZE[31028]</value>
		<value>$LOCALIZE[31021]</value>
	</variable>

	<variable name="skinshortcuts_Background_Override_Label2">
		<value condition="!String.IsEmpty(Container(211).ListItem.Property(backgroundPlaylist))">$INFO[Container(211).ListItem.Property(backgroundPlaylist)]</value>
		<value condition="!String.IsEmpty(Container(211).ListItem.Property(background))">$INFO[Container(211).ListItem.Property(background)]</value>
		<value/>
	</variable>

	<variable name="subtitlesearch_Label">
		<value condition="ListItem.Property(hearingimp) + ListItem.Property(sync)">$INFO[ListItem.Label,, CC SYNC]$INFO[ListItem.Label2, $LOCALIZE[31116] ]</value>
		<value condition="ListItem.Property(hearingimp)">$INFO[ListItem.Label,, CC]$INFO[ListItem.Label2, $LOCALIZE[31116] ]</value>
		<value condition="ListItem.Property(sync)">$INFO[ListItem.Label,, SYNC]$INFO[ListItem.Label2, $LOCALIZE[31116] ]</value>
		<value>$INFO[ListItem.Label]$INFO[ListItem.Label2, $LOCALIZE[31116] ]</value>
	</variable>

	<variable name="volumebar_Info_Label">
		<!-- Passthrough audio in use / Muted / 33% -->
		<value condition="Player.Passthrough">$LOCALIZE[29802]</value>
		<value condition="Player.Muted">$LOCALIZE[31144]</value>
		<value>$INFO[Control.GetLabel(50660),,%]</value>
	</variable>

</includes>
