<?xml version="1.0" encoding="UTF-8"?>
<includes>

	<include name="Default_Settings_Controls_Togglebutton">
		<control type="togglebutton" id="10">
			<focusedcolor>$VAR[Settings_Grouplist_Label_Color]</focusedcolor>
			<texturefocus border="62,2,2,2" colordiffuse="$VAR[Unfocused_Color]">dialogs/button_underline_except_60_left.png</texturefocus>
			<alttexturefocus border="62,2,2,2" colordiffuse="$VAR[Unfocused_Color]">dialogs/button_underline_except_60_left.png</alttexturefocus>
		</control>
	</include>

	<include name="Default_Settings_Controls_Colorbutton">
		<control type="colorbutton" id="15" />
	</include>

	<include name="Default_Settings_Controls">
		<param name="include_togglebutton" default="false" />
		<param name="include_colorbutton" default="false" />
		<param name="radioposx" default="1140" />
		<definition>
			<control type="button" id="7" />
			<control type="radiobutton" id="8">
				<radioposx>$PARAM[radioposx]</radioposx>
			</control>
			<control type="spincontrolex" id="9" />
			<include content="Default_Settings_Controls_Togglebutton" condition="$PARAM[include_togglebutton]" />
			<control type="image" id="11">
				<height>1</height>
				<texture colordiffuse="$VAR[Blank_Color]">views/white_100.png</texture>
			</control>
			<control type="edit" id="12" />
			<control type="sliderex" id="13" />
			<control type="label" id="14">
				<height>90</height>
				<textoffsetx>30</textoffsetx>
				<font>Default_Settings_Header</font>
				<textcolor>$VAR[Unfocused_Color]</textcolor>
			</control>
			<include content="Default_Settings_Controls_Colorbutton" condition="$PARAM[include_colorbutton]" />
		</definition>
	</include>

	<include name="Settings_Grouplist_Template">
		<param name="id" />
		<param name="pagecontrol" default="60" />
		<param name="left" default="90" />
		<param name="width" default="480" />
		<param name="height" default="630" />
		<param name="onleft" />
		<param name="onleft_condition" default="true" />
		<param name="onleft2" />
		<param name="onleft2_condition" default="false" />
		<param name="onright" />
		<param name="onright_condition" default="true" />
		<param name="onright2" />
		<param name="onright2_condition" default="false" />
		<param name="align" default="top" />
		<param name="include_permanent_underline" default="false" />
		<param name="permanent_underline_visible" default="true" />
		<param name="permanent_underline_width" default="420" />
		<param name="include_scrollbar" default="true" />
		<param name="divider_visible" default="true" />
		<param name="scrollbar_visible" default="false" />
		<param name="scrollbar_height" default="630" />
		<param name="scrollbar_mirror" default="false" />
		<definition>
			<control type="grouplist" id="$PARAM[id]">
				<visible allowhiddenfocus="true">true</visible>
				<left>$PARAM[left]</left>
				<width>$PARAM[width]</width>
				<height>$PARAM[height]</height>
				<centertop>50%</centertop>
				<itemgap>0</itemgap>
				<onleft condition="$PARAM[onleft_condition]">$PARAM[onleft]</onleft>
				<onleft condition="$PARAM[onleft2_condition]">$PARAM[onleft2]</onleft>
				<onright condition="$PARAM[onright_condition]">$PARAM[onright]</onright>
				<onright condition="$PARAM[onright2_condition]">$PARAM[onright2]</onright>
				<orientation>vertical</orientation>
				<align>$PARAM[align]</align>
				<usecontrolcoords>true</usecontrolcoords>
				<scrolltime tween="sine" easing="inout">360</scrolltime>
				<pagecontrol>$PARAM[pagecontrol]</pagecontrol>
				<nested />
			</control>
			<include content="Settings_Grouplist_Underline" condition="$PARAM[include_permanent_underline]">
				<param name="id" value="$PARAM[id]" />
				<param name="visible" value="$PARAM[permanent_underline_visible]" />
				<param name="width" value="$PARAM[permanent_underline_width]" />
			</include>
			<include content="Dialog_Divider_With_Scrollbar" condition="$PARAM[include_scrollbar]">
				<param name="dividervisible" value="$PARAM[divider_visible]" />
				<param name="scrollbarvisible" value="$PARAM[scrollbar_visible]" />
				<param name="id" value="$PARAM[pagecontrol]" />
				<param name="left" value="$PARAM[left]" />
				<param name="height" value="$PARAM[scrollbar_height]" />
				<param name="scrollbaralignleft" value="!$PARAM[scrollbar_mirror]" />
				<animation effect="slide" end="$PARAM[width]" time="0" reversible="false" condition="$PARAM[scrollbar_mirror]">Conditional</animation>
			</include>
		</definition>
	</include>

	<include name="Settings_Grouplist_Underline">
		<param name="id" />
		<param name="left" default="150" />
		<param name="width" default="420" />
		<param name="top" default="314" />
		<definition>
			<control type="image">
				<animation effect="slide" end="0,90" time="0" reversible="false" condition="Container($PARAM[id]).Position(1)">Conditional</animation>
				<animation effect="slide" end="0,180" time="0" reversible="false" condition="Container($PARAM[id]).Position(2)">Conditional</animation>
				<animation effect="slide" end="0,270" time="0" reversible="false" condition="Container($PARAM[id]).Position(3)">Conditional</animation>
				<animation effect="slide" end="0,360" time="0" reversible="false" condition="Container($PARAM[id]).Position(4)">Conditional</animation>
				<animation effect="slide" end="0,450" time="0" reversible="false" condition="Container($PARAM[id]).Position(5)">Conditional</animation>
				<animation effect="slide" end="0,540" time="0" reversible="false" condition="Container($PARAM[id]).Position(6)">Conditional</animation>
				<visible>$PARAM[visible]</visible>
				<left>$PARAM[left]</left>
				<width>$PARAM[width]</width>
				<height>1</height>
				<top>$PARAM[top]</top>
				<texture colordiffuse="$VAR[Unfocused_Color]">views/white_100.png</texture>
			</control>
		</definition>
	</include>

	<include name="Settings_List_Underline">
		<control type="image">
			<visible>$PARAM[focus_border_visible]</visible>
			<left>$PARAM[focus_border_margin_left]</left>
			<right>$PARAM[focus_border_margin_right]</right>
			<height>1</height>
			<bottom>0</bottom>
			<texture colordiffuse="$VAR[Unfocused_Color]">views/white_100.png</texture>
		</control>
	</include>


	<include name="Settings_List_Label">
		<param name="label" default="$INFO[ListItem.Label]" />
		<param name="label2_visible" default="true" />
		<param name="label2" default="$INFO[ListItem.Label2]" />
		<param name="label2_scroll" default="false" />
		<param name="show_underline" default="false" />
		<param name="color" default="$VAR[Unfocused_Color]" />
		<definition>
			<control type="label">
				<height>100%</height>
				<textoffsetx>60</textoffsetx>
				<label>$PARAM[label]</label>
				<textcolor>$PARAM[color]</textcolor>
				<selectedcolor>$PARAM[color]</selectedcolor>
				<scroll>false</scroll>
			</control>
			<control type="label">
				<height>100%</height>
				<visible>$PARAM[label2_visible]</visible>
				<textoffsetx>60</textoffsetx>
				<align>right</align>
				<label>$PARAM[label2]</label>
				<textcolor>$PARAM[color]</textcolor>
				<selectedcolor>$PARAM[color]</selectedcolor>
				<scroll>$PARAM[label2_scroll]</scroll>
			</control>
			<include content="Settings_List_Underline" condition="$PARAM[show_underline]">
				<param name="focus_border_visible" value="$PARAM[focus_border_visible]" />
				<param name="focus_border_margin_left" value="$PARAM[focus_border_margin_left]" />
				<param name="focus_border_margin_right" value="$PARAM[focus_border_margin_right]" />
			</include>
			<nested />
		</definition>
	</include>
	
	<include name="Settings_List_Template">
		<param name="visible" default="true" />
		<param name="pagecontrol" default="60" />
		<param name="left" default="0" />
		<param name="width" default="100%" />
		<param name="top" default="0" />
		<param name="height" default="100%" />
		<param name="item_height" default="90" />
		<param name="onleft_condition" default="true" />
		<param name="onleft2_condition" default="false" />
		<param name="onright_condition" default="true" />
		<param name="onright2_condition" default="false" />
		<param name="focus_border_visible" default="true" />
		<param name="focus_border_margin_left" default="0" />
		<param name="focus_border_margin_right" default="0" />
		<param name="focus_color" default="$VAR[Settings_Left_List_Focus_Color]" />
		<param name="label" default="$INFO[ListItem.Label]" />
		<param name="label2_visible" default="true" />
		<param name="label2" default="$INFO[ListItem.Label2]" />
		<param name="mediasource" default="false" />
		<param name="skinshortcuts" default="false" />
		<param name="smartplaylisteditor" default="false" />
		<definition>
			<control type="list" id="$PARAM[id]">
				<visible allowhiddenfocus="true">$PARAM[visible]</visible>
				<include content="Visible_Fade_Delayed_Animation" condition="!Window.Is(profiles)" />
				<animation effect="slide" end="570,0" time="0" condition="Window.Is(profiles)">Conditional</animation>
				<animation effect="slide" end="960,180" time="0" condition="Window.Is(smartplaylisteditor)">Conditional</animation>
				<animation effect="slide" start="0,0" end="-330,0" time="0" condition="Window.Is(pictureinfo) + !$EXP[ListView_IsVisible]">Conditional</animation>
				<left>$PARAM[left]</left>
				<width>$PARAM[width]</width>
				<height>$PARAM[height]</height>
				<top>$PARAM[top]</top>
				<onfocus>SetProperty(ActiveList,$PARAM[side],$PARAM[window_name])</onfocus>
				<onleft condition="$PARAM[onleft_condition]">$PARAM[onleft]</onleft>
				<onleft condition="$PARAM[onleft2_condition]">$PARAM[onleft2]</onleft>
				<onright condition="$PARAM[onright_condition]">$PARAM[onright]</onright>
				<onright condition="$PARAM[onright2_condition]">$PARAM[onright2]</onright>
				<onup>$PARAM[onup]</onup>
				<ondown>$PARAM[ondown]</ondown>
				<orientation>vertical</orientation>
				<align>top</align>
				<pagecontrol>$PARAM[pagecontrol]</pagecontrol>
				<scrolltime tween="sine" easing="inout">360</scrolltime>
				<itemlayout height="$PARAM[item_height]" width="$PARAM[width]">
					<include content="Settings_List_Label">
						<param name="label" value="$PARAM[label]" />
						<param name="label2_visible" value="$PARAM[label2_visible]" />
						<param name="label2" value="$PARAM[label2]" />
					</include>
				</itemlayout>
				<focusedlayout height="$PARAM[item_height]" width="$PARAM[width]">
					<include content="Settings_List_Label">
						<param name="label" value="$PARAM[label]" />
						<param name="label2_visible" value="$PARAM[label2_visible]" />
						<param name="label2" value="$PARAM[label2]" />
						<param name="label2_scroll" value="$PARAM[label2_scroll]" />
						<param name="color" value="$PARAM[focus_color]" />
						<param name="show_underline" value="true" />
						<param name="focus_border_visible" value="$PARAM[focus_border_visible]" />
						<param name="focus_border_margin_left" value="$PARAM[focus_border_margin_left]" />
						<param name="focus_border_margin_right" value="$PARAM[focus_border_margin_right]" />
						<include content="mediasource_List_Content" condition="$PARAM[mediasource]" />
						<include content="skinshortcuts_Left_List_Content" condition="$PARAM[skinshortcuts]" />
						<include content="smartplaylisteditor_Right_List_Content" condition="$PARAM[smartplaylisteditor]" />
					</include>
				</focusedlayout>
			</control>
			<nested />
		</definition>
	</include>

	<include name="Settings_Left_List_Template">
		<param name="visible" default="true" />
		<param name="id" />
		<param name="pagecontrol" />
		<param name="window_name" />
		<param name="left" default="0" />
		<param name="width" default="900" />
		<param name="height" default="100%" />
		<param name="scrollbar_height" default="100%" />
		<param name="onleft" default="0" />
		<param name="onright" default="0" />
		<param name="focus_border_visible" default="true" />
		<param name="focus_color" default="$VAR[Settings_Left_List_Focus_Color]" />
		<param name="label" default="$INFO[ListItem.Label]" />
		<param name="label2_visible" default="true" />
		<param name="label2" default="$INFO[ListItem.Label2]" />
		<param name="divider_visible" default="true" />
		<param name="divider_left" default="720" />
		<definition>
			<control type="group">
				<width>$PARAM[width]</width>
				<height>$PARAM[height]</height>
				<include content="Settings_List_Template">
					<param name="visible" value="$PARAM[visible]" />
					<param name="id" value="$PARAM[id]" />
					<param name="pagecontrol" value="$PARAM[pagecontrol]" />
					<param name="window_name" value="$PARAM[window_name]" />
					<param name="side" value="left" />
					<param name="width" value="$PARAM[width]" />
					<param name="height" value="$PARAM[height]" />
					<param name="onup" value="$PARAM[id]" />
					<param name="ondown" value="$PARAM[id]" />
					<param name="onleft" value="$PARAM[onleft]" />
					<param name="onright" value="$PARAM[onright]" />
					<param name="onright_condition" value="![Container($PARAM[id]).HasPrevious | Container($PARAM[id]).HasNext]" />
					<param name="onright2" value="$PARAM[pagecontrol]" />
					<param name="onright2_condition" value="Container($PARAM[id]).HasPrevious | Container($PARAM[id]).HasNext" />
					<param name="focus_border_visible" value="$PARAM[focus_border_visible]" />
					<param name="focus_border_margin_left" value="60" />
					<param name="focus_border_margin_right" value="0" />
					<param name="focus_color" value="$PARAM[focus_color]" />
					<param name="label" value="$PARAM[label]" />
					<param name="label2" value="$PARAM[label2]" />
					<param name="label2_visible" value="$PARAM[label2_visible]" />
				</include>
				<include content="Dialog_Divider_With_Scrollbar">
					<param name="scrollbarvisible" value="[Control.HasFocus($PARAM[id]) | Control.HasFocus($PARAM[pagecontrol])] + !Window.IsVisible(contextmenu)" />
					<param name="dividervisible" value="$PARAM[divider_visible]" />
					<param name="id" value="$PARAM[pagecontrol]" />
					<param name="height" value="$PARAM[scrollbar_height]" />
					<param name="left" value="$PARAM[width]" />
					<param name="onleft" value="$PARAM[id]" />
					<param name="onright" value="$PARAM[onright]" />
				</include>
			</control>
		</definition>
	</include>

	<include name="Settings_Right_List_Template">
		<param name="visible" default="true" />
		<param name="id" />
		<param name="pagecontrol" />
		<param name="window_name" />
		<param name="width" default="900" />
		<param name="height" default="100%" />
		<param name="top" default="0" />
		<param name="scrollbar_height" default="100%" />
		<param name="onleft" default="0" />
		<param name="onright" default="0" />
		<param name="focus_border_visible" default="true" />
		<param name="focus_color" default="$VAR[Settings_Right_List_Focus_Color]" />
		<param name="label" default="$INFO[ListItem.Label]" />
		<param name="label2" default="$INFO[ListItem.Label2]" />
		<param name="label2_visible" default="true" />
		<param name="divider_visible" default="false" />
		<param name="divider_left" default="0" />
		<definition>
			<control type="group">
				<width>$PARAM[width]</width>
				<height>100%</height>
				<include content="Settings_List_Template">
					<param name="visible" value="$PARAM[visible]" />
					<param name="id" value="$PARAM[id]" />
					<param name="pagecontrol" value="$PARAM[pagecontrol]" />
					<param name="window_name" value="$PARAM[window_name]" />
					<param name="side" value="right" />
					<param name="width" value="$PARAM[width]" />
					<param name="height" value="$PARAM[height]" />
					<param name="top" value="$PARAM[top]" />
					<param name="onup" value="$PARAM[id]" />
					<param name="ondown" value="$PARAM[id]" />
					<param name="onleft" value="$PARAM[onleft]" />
					<param name="onleft_condition" value="![Container($PARAM[id]).HasPrevious | Container($PARAM[id]).HasNext]" />
					<param name="onleft2" value="$PARAM[pagecontrol]" />
					<param name="onleft2_condition" value="Container($PARAM[id]).HasPrevious | Container($PARAM[id]).HasNext" />
					<param name="onright" value="$PARAM[onright]" />
					<param name="focus_border_visible" value="$PARAM[focus_border_visible]" />
					<param name="focus_border_margin_left" value="0" />
					<param name="focus_border_margin_right" value="60" />
					<param name="focus_color" value="$PARAM[focus_color]" />
					<param name="label" value="$PARAM[label]" />
					<param name="label2" value="$PARAM[label2]" />
					<param name="label2_visible" value="$PARAM[label2_visible]" />
				</include>
				<include content="Dialog_Divider_With_Scrollbar">
					<param name="scrollbarvisible" value="[Control.HasFocus($PARAM[id]) | Control.HasFocus($PARAM[pagecontrol])] + !Window.IsVisible(contextmenu)" />
					<param name="dividervisible" value="$PARAM[divider_visible]" />
					<param name="id" value="$PARAM[pagecontrol]" />
					<param name="height" value="$PARAM[scrollbar_height]" />
					<param name="left" value="0" />
					<param name="scrollbaralignleft" value="true" />
					<param name="onleft" value="$PARAM[onleft]" />
					<param name="onright" value="$PARAM[id]" />
				</include>
			</control>
		</definition>
	</include>

	<include name="SettingsCategory_Layout">
		<param name="left_list_id" />
		<param name="right_list_id" />
		<param name="alt_right_id" default="20" />
		<param name="alt_right_condition" default="false" />
		<param name="iconborder" default="false" />
		<definition>
			<include content="Breadcrumb_Label">
				<param name="left" value="90" />
				<param name="visible" value="!Window.IsVisible(textviewer)" />
			</include>
			<!-- Arrows when focused -->
			<control type="group">
				<animation effect="zoom" center="auto" start="112" end="100" time="135" tween="back" easing="in" condition="ControlGroup(3000).HasFocus">Conditional</animation>
				<visible>ControlGroup(3000).HasFocus</visible>
				<left>30</left>
				<width>60</width>
				<top>30</top>
				<height>120</height>
				<control type="image">
					<top>0</top>
					<width>30</width>
					<height>30</height>
					<texture colordiffuse="$VAR[Light_Color]">settings/category_switcher.png</texture>
				</control>
				<control type="image">
					<animation effect="rotate" center="auto" end="180" time="0" condition="true" reversible="false">Conditional</animation>
					<bottom>0</bottom>
					<width>30</width>
					<height>30</height>
					<texture colordiffuse="$VAR[Light_Color]">settings/category_switcher.png</texture>
					<aspectratio>keep</aspectratio>
				</control>
			</control>
			<!-- Icon -->
			<control type="image">
				<top>60</top>
				<left>15</left>
				<width>60</width>
				<height>60</height>
				<texture colordiffuse="$VAR[Light_Color]">$VAR[SettingsCategory_Icon_Texture]</texture>
			</control>
			<!-- Hidden list -->
			<control type="grouplist" id="3000">
				<visible allowhiddenfocus="true">false</visible>
				<top>60</top>
				<left>15</left>
				<width>60</width>
				<height>60</height>
				<orientation>vertical</orientation>
				<onleft condition="!$PARAM[alt_right_condition]">$PARAM[right_list_id]</onleft>
				<onleft condition="$PARAM[alt_right_condition]">$PARAM[alt_right_id]</onleft>
				<onright>$PARAM[left_list_id]</onright>
				<align>center</align>
				<itemgap>0</itemgap>
				<scrolltime>0</scrolltime>
				<control type="button" id="3001">
					<animation effect="slide" start="0" end="0" time="90">Hidden</animation>
					<onfocus condition="!Window.Is(skinsettings)">ReplaceWindowAndFocus(skinsettings,3001)</onfocus>
				</control>
				<control type="button" id="3002">
					<animation effect="slide" start="0" end="0" time="90">Hidden</animation>
					<onfocus condition="!Window.Is(interfacesettings)">ReplaceWindowAndFocus(interfacesettings,3002)</onfocus>
				</control>
				<control type="button" id="3003">
					<animation effect="slide" start="0" end="0" time="90">Hidden</animation>
					<onfocus condition="!Window.Is(mediasettings)">ReplaceWindowAndFocus(mediasettings,3003)</onfocus>
				</control>
				<control type="button" id="3004">
					<animation effect="slide" start="0" end="0" time="90">Hidden</animation>
					<onfocus condition="!Window.Is(playersettings)">ReplaceWindowAndFocus(playersettings,3004)</onfocus>
				</control>
				<control type="button" id="3005">
					<animation effect="slide" start="0" end="0" time="90">Hidden</animation>
					<onfocus condition="!Window.Is(systemsettings)">ReplaceWindowAndFocus(systemsettings,3005)</onfocus>
				</control>
				<control type="button" id="3006">
					<animation effect="slide" start="0" end="0" time="90">Hidden</animation>
					<onfocus condition="!Window.Is(servicesettings)">ReplaceWindowAndFocus(servicesettings,3006)</onfocus>
				</control>
				<control type="button" id="3007">
					<animation effect="slide" start="0" end="0" time="90">Hidden</animation>
					<onfocus condition="!Window.Is(gamesettings)">ReplaceWindowAndFocus(gamesettings,3007)</onfocus>
				</control>
				<control type="button" id="3008">
					<animation effect="slide" start="0" end="0" time="90">Hidden</animation>
					<onfocus condition="!Window.Is(pvrsettings)">ReplaceWindowAndFocus(pvrsettings,3008)</onfocus>
				</control>
				<control type="button" id="3009">
					<animation effect="slide" start="0" end="0" time="90">Hidden</animation>
					<onfocus condition="!Window.Is(profiles)">ReplaceWindowAndFocus(profiles,3009)</onfocus>
				</control>
				<control type="button" id="3010">
					<animation effect="slide" start="0" end="0" time="90">Hidden</animation>
					<onfocus condition="!Window.Is(systeminfo)">ReplaceWindowAndFocus(systeminfo,3010)</onfocus>
				</control>
				<control type="button" id="3011">
					<animation effect="slide" start="0" end="0" time="90">Hidden</animation>
					<onfocus condition="!Window.Is(filemanager)">ReplaceWindowAndFocus(filemanager,3011)</onfocus>
				</control>
			</control>
		</definition>
	</include>

	<include name="Settings_Level_Button">
		<control type="group">
			<right>30</right>
			<bottom>30</bottom>
			<width>120</width>
			<height>120</height>
			<control type="button" id="20">
				<visible allowhiddenfocus="true">false</visible>
				<onclick>settingslevelchange</onclick>
				<onleft>5</onleft>
				<onright>3000</onright>
			</control>
			<!-- unfocused -->
			<control type="group">
				<visible>!Control.HasFocus(20)</visible>
				<control type="image">
					<visible>String.IsEqual(Control.GetLabel(20),$LOCALIZE[10036])</visible>
					<texture colordiffuse="$VAR[Light_Color]">settings/Settings_Level1_unfocused_120.png</texture>
				</control>
				<control type="image">
					<visible>String.IsEqual(Control.GetLabel(20),$LOCALIZE[10037])</visible>
					<texture colordiffuse="$VAR[Light_Color]">settings/Settings_Level2_unfocused_120.png</texture>
				</control>
				<control type="image">
					<visible>String.IsEqual(Control.GetLabel(20),$LOCALIZE[10038])</visible>
					<texture colordiffuse="$VAR[Light_Color]">settings/Settings_Level3_unfocused_120.png</texture>
				</control>
				<control type="image">
					<visible>String.IsEqual(Control.GetLabel(20),$LOCALIZE[10039])</visible>
					<texture colordiffuse="$VAR[Light_Color]">settings/Settings_Level4_unfocused_120.png</texture>
				</control>
			</control>
			<!-- focused -->
			<control type="group">
				<visible>Control.HasFocus(20)</visible>
				<control type="image">
					<visible>String.IsEqual(Control.GetLabel(20),$LOCALIZE[10036])</visible>
					<texture colordiffuse="$VAR[Light_Color]">settings/Settings_Level1_focused_120.png</texture>
				</control>
				<control type="image">
					<visible>String.IsEqual(Control.GetLabel(20),$LOCALIZE[10037])</visible>
					<texture colordiffuse="$VAR[Light_Color]">settings/Settings_Level2_focused_120.png</texture>
				</control>
				<control type="image">
					<visible>String.IsEqual(Control.GetLabel(20),$LOCALIZE[10038])</visible>
					<texture colordiffuse="$VAR[Light_Color]">settings/Settings_Level3_focused_120.png</texture>
				</control>
				<control type="image">
					<visible>String.IsEqual(Control.GetLabel(20),$LOCALIZE[10039])</visible>
					<texture colordiffuse="$VAR[Light_Color]">settings/Settings_Level4_focused_120.png</texture>
				</control>
			</control>
		</control>
	</include>

	<!-- SkinSettings -->
	<include name="skinsettings_Default_Label">
		<height>90</height>
		<textoffsetx>30</textoffsetx>
		<font>Default_Settings_Header</font>
	</include>

	<include name="widgetsettings_Default_Label">
		<height>90</height>
		<textoffsetx>60</textoffsetx>
		<font>Default_Settings_Header</font>
	</include>

	<include name="skinsettings_Detfault_Image">
		<param name="height" default="450" />
		<param name="fadetime" default="0" />
		<definition>
			<left>60</left>
			<height>$PARAM[height]</height>
			<fadetime>$PARAM[fadetime]</fadetime>
			<aspectratio align="left">keep</aspectratio>
		</definition>
	</include>

	<include name="widgetsettings_Left_Content">
		<param name="list_position" />
		<param name="widget_position" />
		<param name="previous_widget_position" />
		<param name="next_widget_position" />
		<definition>
			<control type="grouplist" id="$PARAM[widget_position]">
				<description>Widget Button</description>
				<orientation>horizontal</orientation>
				<height>90</height>
				<align>left</align>
				<itemgap>0</itemgap>
				<onleft>SetFocus(3201)</onleft>
				<onright>SetFocus(3201)</onright>
				<usecontrolcoords>true</usecontrolcoords>
				<control type="label" id="$PARAM[widget_position]0">
					<textoffsetx>60</textoffsetx>
					<label>$LOCALIZE[31445] $PARAM[widget_position]</label>
					<width>330</width>
				</control>
				<control type="button" id="$PARAM[widget_position]1">
					<visible allowhiddenfocus="true">Integer.IsEqual(Container(3200).CurrentItem,$PARAM[widget_position])</visible>
					<include content="Simple_Button_Template">
						<param name="description" value="MoveDown" />
						<param name="icon" value="chevron_vertical" />
						<param name="rotate_180" value="true" />
						<param name="unfocused_color" value="$VAR[Unfocused_Color]" />
					</include>
					<top>15</top>
					<onclick condition="!Control.HasFocus(91)">RunScript(script.copacetic.helper,action=widget_move,posa=$PARAM[widget_position],posb=$PARAM[next_widget_position])</onclick>
					<onclick condition="!Control.HasFocus(91)">SetFocus($PARAM[next_widget_position]1)</onclick>
					<ondown>$PARAM[next_widget_position]1</ondown>
					<onup>$PARAM[previous_widget_position]1</onup>
				</control>
				<control type="button" id="$PARAM[widget_position]2">
					<visible allowhiddenfocus="true">Integer.IsEqual(Container(3200).CurrentItem,$PARAM[widget_position])</visible>
					<include content="Simple_Button_Template">
						<param name="description" value="Move up" />
						<param name="icon" value="chevron_vertical" />
						<param name="unfocused_color" value="$VAR[Unfocused_Color]" />
					</include>
					<top>15</top>
					<left>15</left>
					<onclick condition="!Control.HasFocus(12)">RunScript(script.copacetic.helper,action=widget_move,posa=$PARAM[widget_position],posb=$PARAM[previous_widget_position])</onclick>
					<onclick condition="!Control.HasFocus(12)">SetFocus($PARAM[previous_widget_position]2)</onclick>
					<ondown>$PARAM[next_widget_position]2</ondown>
					<onup>$PARAM[previous_widget_position]2</onup>
				</control>
				<control type="togglebutton" id="$PARAM[widget_position]3">
					<visible allowhiddenfocus="true">Integer.IsEqual(Container(3200).CurrentItem,$PARAM[widget_position])</visible>
					<width>60</width>
					<height>60</height>
					<top>15</top>
					<left>15</left>
					<texturefocus colordiffuse="$VAR[Light_Color]">icons/icon_stop_focused_60.png</texturefocus>
					<texturenofocus colordiffuse="$VAR[Unfocused_Color]">icons/icon_stop_unfocused_60.png</texturenofocus>
					<usealttexture>Skin.HasSetting(Widget$PARAM[widget_position]_Content_Disabled)</usealttexture>
					<alttexturefocus colordiffuse="$VAR[Light_Color]">icons/icon_repeat_focused_60.png</alttexturefocus>
					<alttexturenofocus colordiffuse="$VAR[Unfocused_Color]">icons/icon_repeat_unfocused_60.png</alttexturenofocus>
					<!-- Reset -->
					<onclick condition="Skin.HasSetting(Widget1_Content_Disabled) + Control.HasFocus(13)">Skin.Reset(Widget1_Content_Disabled)</onclick>
					<onclick condition="Skin.HasSetting(Widget1_Content_Disabled) + Control.HasFocus(13)">Skin.SetBool(Widget1_Content_InProgress)</onclick>
					<onclick condition="Skin.HasSetting(Widget1_Content_Disabled) + Control.HasFocus(13)">Skin.SetString(Widget1_View,Strip)</onclick>
					<onclick condition="Skin.HasSetting(Widget1_Content_Disabled) + Control.HasFocus(13)">Skin.SetString(Widget1_Display,Fanart)</onclick>
					<onclick condition="Skin.HasSetting(Widget2_Content_Disabled) + Control.HasFocus(23)">Skin.Reset(Widget2_Content_Disabled)</onclick>
					<onclick condition="Skin.HasSetting(Widget2_Content_Disabled) + Control.HasFocus(23)">Skin.SetBool(Widget2_Content_NextUp)</onclick>
					<onclick condition="Skin.HasSetting(Widget2_Content_Disabled) + Control.HasFocus(23)">Skin.SetString(Widget2_View,Strip)</onclick>
					<onclick condition="Skin.HasSetting(Widget2_Content_Disabled) + Control.HasFocus(23)">Skin.SetString(Widget2_Display,Posters)</onclick>
					<onclick condition="Skin.HasSetting(Widget3_Content_Disabled) + Control.HasFocus(33)">Skin.Reset(Widget3_Content_Disabled)</onclick>
					<onclick condition="Skin.HasSetting(Widget3_Content_Disabled) + Control.HasFocus(33)">Skin.SetBool(Widget3_Content_LatestMovies)</onclick>
					<onclick condition="Skin.HasSetting(Widget3_Content_Disabled) + Control.HasFocus(33)">Skin.SetString(Widget3_View,Billboard)</onclick>
					<onclick condition="Skin.HasSetting(Widget3_Content_Disabled) + Control.HasFocus(33)">Skin.SetString(Widget3_Display,Fanart)</onclick>
					<onclick condition="Skin.HasSetting(Widget4_Content_Disabled) + Control.HasFocus(43)">Skin.Reset(Widget4_Content_Disabled)</onclick>
					<onclick condition="Skin.HasSetting(Widget4_Content_Disabled) + Control.HasFocus(43)">Skin.SetBool(Widget4_Content_LatestTVShows)</onclick>
					<onclick condition="Skin.HasSetting(Widget4_Content_Disabled) + Control.HasFocus(43)">Skin.SetString(Widget4_View,Grid)</onclick>
					<onclick condition="Skin.HasSetting(Widget4_Content_Disabled) + Control.HasFocus(43)">Skin.SetString(Widget4_Display,Posters)</onclick>
					<!-- Remove-->
					<onclick condition="!Skin.HasSetting(Widget$PARAM[widget_position]_Content_Disabled)">Skin.SetBool(Widget$PARAM[widget_position]_Content_Disabled)</onclick>
					<onclick condition="!Skin.HasSetting(Widget$PARAM[widget_position]_Content_Disabled)">Skin.Reset(Widget$PARAM[widget_position]_Content_InProgress)</onclick>
					<onclick condition="!Skin.HasSetting(Widget$PARAM[widget_position]_Content_Disabled)">Skin.Reset(Widget$PARAM[widget_position]_Content_NextUp)</onclick>
					<onclick condition="!Skin.HasSetting(Widget$PARAM[widget_position]_Content_Disabled)">Skin.Reset(Widget$PARAM[widget_position]_Content_LatestMovies)</onclick>
					<onclick condition="!Skin.HasSetting(Widget$PARAM[widget_position]_Content_Disabled)">Skin.Reset(Widget$PARAM[widget_position]_Content_LatestTVShows)</onclick>
					<onclick condition="!Skin.HasSetting(Widget$PARAM[widget_position]_Content_Disabled)">Skin.Reset(Widget$PARAM[widget_position]_Content_RandomMovies)</onclick>
					<onclick condition="!Skin.HasSetting(Widget$PARAM[widget_position]_Content_Disabled)">Skin.Reset(Widget$PARAM[widget_position]_Content_RandomTVShows)</onclick>
					<onclick condition="!Skin.HasSetting(Widget$PARAM[widget_position]_Content_Disabled)">Skin.Reset(Widget$PARAM[widget_position]_Content_LatestAlbums)</onclick>
					<onclick condition="!Skin.HasSetting(Widget$PARAM[widget_position]_Content_Disabled)">Skin.Reset(Widget$PARAM[widget_position]_Content_RecentAlbums)</onclick>
					<onclick condition="!Skin.HasSetting(Widget$PARAM[widget_position]_Content_Disabled)">Skin.Reset(Widget$PARAM[widget_position]_Content_RandomAlbums)</onclick>
					<onclick condition="!Skin.HasSetting(Widget$PARAM[widget_position]_Content_Disabled)">Skin.Reset(Widget$PARAM[widget_position]_Content_LikedSongs)</onclick>
					<onclick condition="!Skin.HasSetting(Widget$PARAM[widget_position]_Content_Disabled)">Skin.Reset(Widget$PARAM[widget_position]_Content_Favourites)</onclick>
					<onclick condition="!Skin.HasSetting(Widget$PARAM[widget_position]_Content_Disabled)">Skin.Reset(Widget$PARAM[widget_position]_Content_Custom)</onclick>
					<onclick condition="!Skin.HasSetting(Widget$PARAM[widget_position]_Content_Disabled)">Skin.SetString(Widget$PARAM[widget_position]_View,Strip)</onclick>
					<onclick condition="!Skin.HasSetting(Widget$PARAM[widget_position]_Content_Disabled)">Skin.SetString(Widget$PARAM[widget_position]_Display,Posters)</onclick>
					<onclick condition="!Skin.HasSetting(Widget$PARAM[widget_position]_Content_Disabled)">Skin.Reset(Widget$PARAM[widget_position]_Custom_Target)</onclick>
					<onclick condition="!Skin.HasSetting(Widget$PARAM[widget_position]_Content_Disabled)">Skin.SetString(Widget$PARAM[widget_position]_Custom_SortOrder,descending)</onclick>
					<onclick condition="!Skin.HasSetting(Widget$PARAM[widget_position]_Content_Disabled)">Skin.SetString(Widget$PARAM[widget_position]_Custom_SortMethod,name)</onclick>
					<onclick condition="!Skin.HasSetting(Widget$PARAM[widget_position]_Content_Disabled)">Skin.SetString(Widget$PARAM[widget_position]_Custom_SortMethod_Label,$LOCALIZE[551])</onclick>
					<onclick condition="!Skin.HasSetting(Widget$PARAM[widget_position]_Content_Disabled)">Skin.Reset(Widget$PARAM[widget_position]_Custom_Path)</onclick>
					<onclick condition="!Skin.HasSetting(Widget$PARAM[widget_position]_Content_Disabled)">Skin.Reset(Widget$PARAM[widget_position]_Custom_Name)</onclick>
					<onclick condition="!Skin.HasSetting(Widget$PARAM[widget_position]_Content_Disabled)">Skin.SetString(Widget$PARAM[widget_position]_Custom_Limit,20)</onclick>
					<onclick condition="!Skin.HasSetting(Widget$PARAM[widget_position]_Content_Disabled)">Skin.Reset(Widget$PARAM[widget_position]_AutoScroll)</onclick>
					<onclick condition="!Skin.HasSetting(Widget$PARAM[widget_position]_Content_Disabled)">Skin.Reset(Widget$PARAM[widget_position]_Trailer_Autoplay)</onclick>
					<onclick condition="!Skin.HasSetting(Widget$PARAM[widget_position]_Content_Disabled)">Skin.Reset(Widget$PARAM[widget_position]_Clearlogos_Enabled)</onclick>
					<onclick condition="!Skin.HasSetting(Widget$PARAM[widget_position]_Content_Disabled)">Skin.Reset(Widget$PARAM[widget_position]_Prefer_Keyart)</onclick>
					<onclick condition="!Skin.HasSetting(Widget$PARAM[widget_position]_Content_Disabled)">Skin.Reset(Widget$PARAM[widget_position]_Prefer_Landscape)</onclick>
					<onclick condition="!Skin.HasSetting(Widget$PARAM[widget_position]_Content_Disabled)">Skin.Reset(Widget$PARAM[widget_position]_Episode_Thumbs)</onclick>
					<!-- Move -->
					<ondown>$PARAM[next_widget_position]3</ondown>
					<onup>$PARAM[previous_widget_position]3</onup>
				</control>
			</control>
			<control type="image" id="$PARAM[widget_position]4">
				<visible>Integer.IsEqual(Container(3200).CurrentItem,$PARAM[widget_position])</visible>
				<top>-1</top>
				<height>1</height>
				<left>60</left>
				<right>0</right>
				<texture colordiffuse="$VAR[Unfocused_Color]">views/white_100.png</texture>
			</control>
		</definition>
	</include>

	<include name="widgetsettings_Right_Content">
		<param name="list_position" />
		<param name="widget_position" />
		<param name="previous_widget_position" />
		<param name="next_widget_position" />
		<definition>
			<!-- Content -->
			<control type="button" id="$PARAM[widget_position]01">
				<description>Widget content type</description>
				<visible>[ControlGroup(3200).HasFocus($PARAM[widget_position]1) | ControlGroup(3200).HasFocus($PARAM[widget_position]2) | ControlGroup(3200).HasFocus($PARAM[widget_position]3)]</visible>
				<label>$LOCALIZE[31445]</label>
				<label2>$VAR[Widget$PARAM[widget_position]_Content]</label2>
				<onclick>Skin.SelectBool(424, 504|Widget$PARAM[widget_position]_Content_Disabled, 31200|Widget$PARAM[widget_position]_Content_InProgress, 31201|Widget$PARAM[widget_position]_Content_NextUp, 31202|Widget$PARAM[widget_position]_Content_LatestMovies, 31204|Widget$PARAM[widget_position]_Content_RandomMovies, 31203|Widget$PARAM[widget_position]_Content_LatestTVShows, 31205|Widget$PARAM[widget_position]_Content_RandomTVShows, 31206|Widget$PARAM[widget_position]_Content_LatestAlbums, 31207|Widget$PARAM[widget_position]_Content_RecentAlbums, 31208|Widget$PARAM[widget_position]_Content_RandomAlbums, 31209|Widget$PARAM[widget_position]_Content_LikedSongs, 1036|Widget$PARAM[widget_position]_Content_Favourites, 31210|Widget$PARAM[widget_position]_Content_Custom)</onclick>
				<onleft>$PARAM[widget_position]3</onleft>
				<onright>$PARAM[widget_position]1</onright>
			</control>
			<!-- View -->
			<include content="skinsettings_Slider_Button">
				<param name="visible" value="[ControlGroup(3200).HasFocus($PARAM[widget_position]1) | ControlGroup(3200).HasFocus($PARAM[widget_position]2) | ControlGroup(3200).HasFocus($PARAM[widget_position]3)] + !Skin.HasSetting(Widget$PARAM[widget_position]_Content_Disabled)" />
				<param name="left" value="$PARAM[widget_position]3" />
				<param name="right" value="$PARAM[widget_position]1" />
				<param name="info" value="Widget$PARAM[widget_position]_View" />
				<param name="label" value="- $LOCALIZE[31005]" />
				<param name="label2" value="$VAR[Widget$PARAM[widget_position]_View]" />
				<param name="previous" value="$PARAM[widget_position]01" />
				<param name="id" value="$PARAM[widget_position]02" />
				<param name="next" value="$PARAM[widget_position]03" />
				<param name="next_condition" value="Control.IsVisible($PARAM[widget_position]03)" />
				<param name="alt_next" value="$PARAM[widget_position]4" />
				<param name="alt_next_condition" value="!Control.IsVisible($PARAM[widget_position]03) + Control.IsVisible($PARAM[widget_position]04)" />
				<param name="alt2_next" value="$PARAM[widget_position]10" />
				<param name="alt2_next_condition" value="!Control.IsVisible($PARAM[widget_position]03) + !Control.IsVisible($PARAM[widget_position]04)" />
			</include>
			<!-- Display -->
			<include content="skinsettings_Slider_Button">
				<param name="visible" value="[ControlGroup(3200).HasFocus($PARAM[widget_position]1) | ControlGroup(3200).HasFocus($PARAM[widget_position]2) | ControlGroup(3200).HasFocus($PARAM[widget_position]3)] + !Skin.HasSetting(Widget$PARAM[widget_position]_Content_Disabled) + ![Skin.String(Widget$PARAM[widget_position]_View,Billboard) | Skin.HasSetting(Widget$PARAM[widget_position]_Content_Disabled) | Skin.HasSetting(Widget$PARAM[widget_position]_Content_LatestAlbums) | Skin.HasSetting(Widget$PARAM[widget_position]_Content_RecentAlbums) | Skin.HasSetting(Widget$PARAM[widget_position]_Content_RandomAlbums) | Skin.HasSetting(Widget$PARAM[widget_position]_Content_LikedSongs)]" />
				<param name="left" value="$PARAM[widget_position]3" />
				<param name="right" value="$PARAM[widget_position]1" />
				<param name="info" value="Widget$PARAM[widget_position]_Display" />
				<param name="label" value="- $LOCALIZE[131]" />
				<param name="label2" value="$VAR[Widget$PARAM[widget_position]_Display]" />
				<param name="previous" value="$PARAM[widget_position]02" />
				<param name="id" value="$PARAM[widget_position]03" />
				<param name="next" value="$PARAM[widget_position]04" />
				<param name="next_condition" value="Control.IsVisible($PARAM[widget_position]04)" />
				<param name="alt_next" value="$PARAM[widget_position]10" />
				<param name="alt_next_condition" value="!Control.IsVisible($PARAM[widget_position]04)" />
			</include>
			<!-- Custom settings -->
			<control type="button" id="$PARAM[widget_position]04">
				<description>Choose Widget path</description>
				<visible>[ControlGroup(3200).HasFocus($PARAM[widget_position]1) | ControlGroup(3200).HasFocus($PARAM[widget_position]2) | ControlGroup(3200).HasFocus($PARAM[widget_position]3)] + !Skin.HasSetting(Widget$PARAM[widget_position]_Content_Disabled) + Skin.HasSetting(Widget$PARAM[widget_position]_Content_Custom)</visible>
				<label>$VAR[skinsettings_Choose_Widget$PARAM[widget_position]_Path_Label]</label>
				<onclick>RunScript(script.skinshortcuts,type=widgets&amp;skinWidget=Widget$PARAM[widget_position]_Custom_Widget&amp;skinWidgetType=Widget$PARAM[widget_position]_Custom_Type&amp;skinWidgetName=Widget$PARAM[widget_position]_Custom_Name&amp;skinWidgetTarget=Widget$PARAM[widget_position]_Custom_Target&amp;skinWidgetPath=Widget$PARAM[widget_position]_Custom_Path)</onclick>
				<onleft>$PARAM[widget_position]3</onleft>
				<onright>$PARAM[widget_position]1</onright>
			</control>
			<control type="button" id="$PARAM[widget_position]05">
				<description>Widget name</description>
				<visible>[ControlGroup(3200).HasFocus($PARAM[widget_position]1) | ControlGroup(3200).HasFocus($PARAM[widget_position]2) | ControlGroup(3200).HasFocus($PARAM[widget_position]3)] + !Skin.HasSetting(Widget$PARAM[widget_position]_Content_Disabled) + Skin.HasSetting(Widget$PARAM[widget_position]_Content_Custom)</visible>
				<label>- $LOCALIZE[551]</label>
				<label2>$INFO[Skin.String(Widget$PARAM[widget_position]_Custom_Name)]</label2>
				<onclick>Skin.SetString(Widget$PARAM[widget_position]_Custom_Name)</onclick>
				<onleft>$PARAM[widget_position]3</onleft>
				<onright>$PARAM[widget_position]1</onright>
			</control>
			<control type="button" id="$PARAM[widget_position]06">
				<description>Widget sort method</description>
				<visible>[ControlGroup(3200).HasFocus($PARAM[widget_position]1) | ControlGroup(3200).HasFocus($PARAM[widget_position]2) | ControlGroup(3200).HasFocus($PARAM[widget_position]3)] + !Skin.HasSetting(Widget$PARAM[widget_position]_Content_Disabled) + Skin.HasSetting(Widget$PARAM[widget_position]_Content_Custom)</visible>
				<label>- $LOCALIZE[581]</label>
				<label2>$INFO[Skin.String(Widget$PARAM[widget_position]_Custom_SortMethod_Label)]</label2>
				<onclick>RunScript(script.skinshortcuts,type=shortcuts&amp;custom=False&amp;showNone=False&amp;grouping=WidgetSortMethod&amp;skinLabel=Widget$PARAM[widget_position]_Custom_SortMethod_Label&amp;skinAction=Widget$PARAM[widget_position]_Custom_SortMethod)</onclick>
				<onleft>$PARAM[widget_position]3</onleft>
				<onright>$PARAM[widget_position]1</onright>
			</control>
			<control type="radiobutton" id="$PARAM[widget_position]07">
				<description>Widget sort order</description>
				<visible>[ControlGroup(3200).HasFocus($PARAM[widget_position]1) | ControlGroup(3200).HasFocus($PARAM[widget_position]2) | ControlGroup(3200).HasFocus($PARAM[widget_position]3)] + !Skin.HasSetting(Widget$PARAM[widget_position]_Content_Disabled) + Skin.HasSetting(Widget$PARAM[widget_position]_Content_Custom)</visible>
				<label>- $LOCALIZE[31013]</label>
				<label2>$INFO[Skin.String(Widget$PARAM[widget_position]_Custom_SortOrder)]</label2>
				<selected>!Skin.String(Widget$PARAM[widget_position]_Custom_SortOrder,descending)</selected>
				<onclick condition="!Skin.String(Widget$PARAM[widget_position]_Custom_SortOrder,descending)">Skin.SetString(Widget$PARAM[widget_position]_Custom_SortOrder,descending)</onclick>
				<onclick condition="Skin.String(Widget$PARAM[widget_position]_Custom_SortOrder,descending)">Skin.SetString(Widget$PARAM[widget_position]_Custom_SortOrder,ascending)</onclick>
				<textureradioonfocus />
				<textureradioofffocus />
				<textureradioonnofocus />
				<textureradiooffnofocus />
				<textureradioondisabled />
				<textureradiooffdisabled />
				<radioposx>1050</radioposx>
				<onleft>$PARAM[widget_position]3</onleft>
				<onright>$PARAM[widget_position]1</onright>
			</control>
			<control type="button" id="$PARAM[widget_position]08">
				<description>Widget limit</description>
				<visible>[ControlGroup(3200).HasFocus($PARAM[widget_position]1) | ControlGroup(3200).HasFocus($PARAM[widget_position]2) | ControlGroup(3200).HasFocus($PARAM[widget_position]3)] + !Skin.HasSetting(Widget$PARAM[widget_position]_Content_Disabled) + Skin.HasSetting(Widget$PARAM[widget_position]_Content_Custom)</visible>
				<label>- $LOCALIZE[21427]</label>
				<label2>$INFO[Skin.String(Widget$PARAM[widget_position]_Custom_Limit)]</label2>
				<onclick>Skin.SetNumeric(Widget$PARAM[widget_position]_Custom_Limit)</onclick>
				<onleft>$PARAM[widget_position]3</onleft>
				<onright>$PARAM[widget_position]1</onright>
			</control>
			<!-- Movement -->
			<control type="label" id="$PARAM[widget_position]09">
				<description>Movement</description>
				<visible>[ControlGroup(3200).HasFocus($PARAM[widget_position]1) | ControlGroup(3200).HasFocus($PARAM[widget_position]2) | ControlGroup(3200).HasFocus($PARAM[widget_position]3)] + !Skin.HasSetting(Widget$PARAM[widget_position]_Content_Disabled)</visible>
				<include content="widgetsettings_Default_Label" />
				<label>$LOCALIZE[31701]</label>
			</control>
			<control type="radiobutton" id="$PARAM[widget_position]10">
				<description>Spotlight content with auto-scroll</description>
				<visible>[ControlGroup(3200).HasFocus($PARAM[widget_position]1) | ControlGroup(3200).HasFocus($PARAM[widget_position]2) | ControlGroup(3200).HasFocus($PARAM[widget_position]3)] + !Skin.HasSetting(Widget$PARAM[widget_position]_Content_Disabled)</visible>
				<label>- $LOCALIZE[31496]</label>
				<onclick>Skin.ToggleSetting(Widget$PARAM[widget_position]_AutoScroll)</onclick>
				<selected>Skin.HasSetting(Widget$PARAM[widget_position]_AutoScroll)</selected>
				<radioposx>1050</radioposx>
				<onleft>$PARAM[widget_position]3</onleft>
				<onright>$PARAM[widget_position]1</onright>
			</control>
			<control type="radiobutton" id="$PARAM[widget_position]11">
				<description>Enable trailers to autoplay</description>
				<visible>[ControlGroup(3200).HasFocus($PARAM[widget_position]1) | ControlGroup(3200).HasFocus($PARAM[widget_position]2) | ControlGroup(3200).HasFocus($PARAM[widget_position]3)] + !Skin.HasSetting(Widget$PARAM[widget_position]_Content_Disabled) + Skin.HasSetting(Trailer_Autoplay)</visible>
				<label>- $LOCALIZE[31467]</label>
				<onclick>Skin.ToggleSetting(Widget$PARAM[widget_position]_Trailer_Autoplay)</onclick>
				<selected>Skin.HasSetting(Widget$PARAM[widget_position]_Trailer_Autoplay)</selected>
				<radioposx>1050</radioposx>
				<onleft>$PARAM[widget_position]3</onleft>
				<onright>$PARAM[widget_position]1</onright>
			</control>
			<control type="label" id="$PARAM[widget_position]12">
				<description>Artwork</description>
				<visible>[ControlGroup(3200).HasFocus($PARAM[widget_position]1) | ControlGroup(3200).HasFocus($PARAM[widget_position]2) | ControlGroup(3200).HasFocus($PARAM[widget_position]3)] + !Skin.HasSetting(Widget$PARAM[widget_position]_Content_Disabled)</visible>
				<include content="widgetsettings_Default_Label" />
				<label>$LOCALIZE[39123]</label>
			</control>
			<control type="radiobutton" id="$PARAM[widget_position]13">
				<description>Enable clearlogos for widgets</description>
				<visible>[ControlGroup(3200).HasFocus($PARAM[widget_position]1) | ControlGroup(3200).HasFocus($PARAM[widget_position]2) | ControlGroup(3200).HasFocus($PARAM[widget_position]3)] + !Skin.HasSetting(Widget$PARAM[widget_position]_Content_Disabled) + !Skin.String(Widget$PARAM[widget_position]_View,Grid)</visible>
				<label>- $LOCALIZE[31476]</label>
				<onclick>Skin.ToggleSetting(Widget$PARAM[widget_position]_Clearlogos_Enabled)</onclick>
				<selected>Skin.HasSetting(Widget$PARAM[widget_position]_Clearlogos_Enabled)</selected>
				<radioposx>1050</radioposx>
				<onleft>$PARAM[widget_position]3</onleft>
				<onright>$PARAM[widget_position]1</onright>
			</control>
			<control type="radiobutton" id="$PARAM[widget_position]14">
				<description>Prefer keyart for poster views</description>
				<visible>[ControlGroup(3200).HasFocus($PARAM[widget_position]1) | ControlGroup(3200).HasFocus($PARAM[widget_position]2) | ControlGroup(3200).HasFocus($PARAM[widget_position]3)] + !Skin.HasSetting(Widget$PARAM[widget_position]_Content_Disabled) + Skin.String(Widget$PARAM[widget_position]_Display,Posters)</visible>
				<label>- $LOCALIZE[31498]</label>
				<onclick>Skin.ToggleSetting(Widget$PARAM[widget_position]_Prefer_Keyart)</onclick>
				<selected>Skin.HasSetting(Widget$PARAM[widget_position]_Prefer_Keyart)</selected>
				<radioposx>1050</radioposx>
				<onleft>$PARAM[widget_position]3</onleft>
				<onright>$PARAM[widget_position]1</onright>
			</control>
			<control type="radiobutton" id="$PARAM[widget_position]15">
				<description>Prefer landscape art for fanart views</description>
				<visible>[ControlGroup(3200).HasFocus($PARAM[widget_position]1) | ControlGroup(3200).HasFocus($PARAM[widget_position]2) | ControlGroup(3200).HasFocus($PARAM[widget_position]3)] + !Skin.HasSetting(Widget$PARAM[widget_position]_Content_Disabled) + [Skin.String(Widget$PARAM[widget_position]_Display,Fanart) | Skin.String(Widget$PARAM[widget_position]_Display,Spotlight)]</visible>
				<label>- $LOCALIZE[31499]</label>
				<onclick>Skin.ToggleSetting(Widget$PARAM[widget_position]_Prefer_Landscape)</onclick>
				<selected>Skin.HasSetting(Widget$PARAM[widget_position]_Prefer_Landscape)</selected>
				<radioposx>1050</radioposx>
				<onleft>$PARAM[widget_position]3</onleft>
				<onright>$PARAM[widget_position]1</onright>
			</control>
			<control type="radiobutton" id="$PARAM[widget_position]16">
				<description>Prefer thumbnails for episodes instead of show fanart</description>
				<visible>[ControlGroup(3200).HasFocus($PARAM[widget_position]1) | ControlGroup(3200).HasFocus($PARAM[widget_position]2) | ControlGroup(3200).HasFocus($PARAM[widget_position]3)] + !Skin.HasSetting(Widget$PARAM[widget_position]_Content_Disabled) + Skin.HasSetting(Widget$PARAM[widget_position]_Content_Custom) + [Skin.String(Widget$PARAM[widget_position]_Display,Fanart) | Skin.String(Widget$PARAM[widget_position]_Display,Spotlight)]</visible>
				<label>- $LOCALIZE[31477]</label>
				<onclick>Skin.ToggleSetting(Widget$PARAM[widget_position]_Episode_Thumbs)</onclick>
				<selected>Skin.HasSetting(Widget$PARAM[widget_position]_Episode_Thumbs)</selected>
				<radioposx>1050</radioposx>
				<onleft>$PARAM[widget_position]3</onleft>
				<onright>$PARAM[widget_position]1</onright>
			</control>
		</definition>
	</include>

</includes>