<?xml version="1.0" encoding="UTF-8"?>
<includes>


	<include name="Default_NoPanel_Layout">
		<param name="visible" default="!$EXP[TransparentDialog_IsVisible]" />
		<param name="visible_animation" default="Visible_Fade_Delayed_Animation" />
		<definition>
			<control type="group">
				<visible>$PARAM[visible]</visible>
				<include content="$PARAM[visible_animation]" />
				<nested />
			</control>
		</definition>
	</include>

	<include name="Default_Dialog_Panel_Layout">
		<param name="window_animation_panel" default="WindowOpenClose_Fade_Delayed_Animation" />
		<param name="window_animation_content" default="WindowOpenClose_Fade_Delayed_Long_Animation" />
		<param name="window_animation_condition" default="true" />
		<param name="visible" default="!Window.IsVisible(shutdownmenu) + !Window.IsTopMost(networksetup)" />
		<param name="panel_edge_top" default="180" />
		<param name="panel_edge_bottom" default="180" />
		<param name="panel_edge_left" default="60" />
		<param name="panel_edge_right" default="60" />
		<param name="panel_colordiffuse" default="$VAR[Panel_Mask]" />
		<definition>
			<include content="Transparent_Dialog_Panel">
				<param name="visible" value="$PARAM[visible]" />
				<param name="top" value="$PARAM[panel_edge_top]" />
				<param name="bottom" value="$PARAM[panel_edge_bottom]" />
				<param name="left" value="$PARAM[panel_edge_left]" />
				<param name="right" value="$PARAM[panel_edge_right]" />
				<param name="colordiffuse" value="$PARAM[panel_colordiffuse]" />
				<include content="$PARAM[window_animation_panel]" condition="$PARAM[window_animation_condition]" />
				<include content="Visible_Fade_Delayed_Animation" />
				<animation effect="zoom" end="60,240,1800,600" time="0" condition="Window.Is(selectvideoversion)">Conditional</animation>
			</include>
			<control type="group">
				<include content="$PARAM[window_animation_content]" condition="$PARAM[window_animation_condition]" />
				<visible>$PARAM[visible]</visible>
				<include content="Visible_Fade_Delayed_Long_Animation" />
				<nested />
			</control>
		</definition>
	</include>

	<include name="Default_Settings_Panel_Layout">
		<param name="visible" default="!System.HasVisibleModalDialog" />
		<param name="panel_edge_top" default="180" />
		<param name="panel_edge_bottom" default="180" />
		<param name="alt_right_id" default="20" />
		<param name="alt_right_condition" default="false" />
		<param name="include_settings_categories" default="true" />
		<definition>
			<include content="Transparent_Dialog_Panel">
				<param name="visible" value="$PARAM[visible]" />
				<param name="top" value="$PARAM[panel_edge_top]" />
				<param name="bottom" value="$PARAM[panel_edge_bottom]" />
				<include content="Settings_WindowOpenClose_Fade_Delayed_Animation" />
				<include content="Visible_Fade_Animation" />
			</include>
			<control type="group">
				<include content="Settings_WindowOpenClose_Fade_Delayed_Long_Animation" />
				<visible>$PARAM[visible]</visible>
				<include content="Visible_Fade_Delayed_Long_Animation" />
				<include content="SettingsCategory_Layout" condition="$PARAM[include_settings_categories]">
					<param name="settings_level_button_visible" value="$PARAM[settings_level_button_visible]" />
					<param name="left_list_id" value="$PARAM[left_list_id]" />
					<param name="right_list_id" value="$PARAM[right_list_id]" />
					<param name="alt_right_id" value="$PARAM[alt_right_id]" />
					<param name="alt_right_condition" value="$PARAM[alt_right_condition]" />
				</include>
				<nested />
			</control>
		</definition>
	</include>

	<include name="Default_Dialog_Panel_And_Lists_Layout">
		<param name="visible" default="![System.HasVisibleModalDialog + !Window.IsVisible(contextmenu) + !Window.IsVisible(busydialog)]" />
		<param name="window_name" />
		<param name="breadcrumb_label_id" default="6308" />
		<param name="breadcrumb_label" />
		<param name="Info_Breadcrumb_Label_visible" default="false" />
		<param name="Info_Breadcrumb_Label" default="" />
		<param name="grouplist_height" default="630" />
		<param name="grouplist_itemgap" default="0" />
		<param name="left_list_visible" default="true" />
		<param name="left_list_id" />
		<param name="left_list_pagecontrol" default="60" />
		<param name="left_list_width" default="870" />
		<param name="left_list_height" default="100%" />
		<param name="left_list_onleft" />
		<param name="left_list_focus_color" default="$VAR[Settings_Left_List_Focus_Color]" />
		<param name="left_list_label" default="$INFO[ListItem.Label]" />
		<param name="left_list_label2" default="$INFO[ListItem.Label2]" />
		<param name="left_list_label2_visible" default="true" />
		<param name="right_list_visible" default="true" />
		<param name="right_list_id" />
		<param name="right_list_pagecontrol" default="61" />
		<param name="right_list_width" default="870" />
		<param name="right_list_height" default="100%" />
		<param name="right_list_top" default="0" />
		<param name="right_list_onright" />
		<param name="right_list_focus_border_visible" />
		<param name="right_list_focus_color" default="$VAR[Settings_Right_List_Focus_Color]" />
		<param name="right_list_label" default="$INFO[ListItem.Label]" />
		<param name="right_list_label2" default="$INFO[ListItem.Label2]" />
		<param name="right_list_label2_visible" default="true" />
		<param name="right_list_divider_visible" default="false" />
		<definition>
			<include content="Default_Dialog_Panel_Layout">
				<param name="visible" value="$PARAM[visible]" />
				<param name="window_animation_condition" value="!Window.Is(filemanager)" />
				<include content="Breadcrumb_Label" condition="!Window.Is(filemanager) + !Window.Is(musicplaylisteditor)">
					<param name="title_label_id" value="$PARAM[breadcrumb_label_id]" />
					<param name="title_label" value="$PARAM[breadcrumb_label]" />
					<param name="info_label_visible" value="$PARAM[Info_Breadcrumb_Label_visible]" />
					<param name="info_label" value="$PARAM[Info_Breadcrumb_Label]" />
				</include>
				<control type="grouplist">
					<height>$PARAM[grouplist_height]</height>
					<centertop>50%</centertop>
					<orientation>horizontal</orientation>
					<align>center</align>
					<itemgap>$PARAM[grouplist_itemgap]</itemgap>
					<usecontrolcoords>true</usecontrolcoords>
					<include content="Settings_Left_List_Template">
						<param name="visible" value="$PARAM[left_list_visible]" />
						<param name="id" value="$PARAM[left_list_id]" />
						<param name="window_name" value="$PARAM[window_name]" />
						<param name="pagecontrol" value="$PARAM[left_list_pagecontrol]" />
						<param name="width" value="$PARAM[left_list_width]" />
						<param name="height" value="$PARAM[left_list_height]" />
						<param name="onleft" value="$PARAM[left_list_onleft]" />
						<param name="onright" value="$PARAM[right_list_id]" />
						<param name="focus_color" value="$PARAM[left_list_focus_color]" />
						<param name="label" value="$PARAM[left_list_label]" />
						<param name="label2" value="$PARAM[left_list_label2]" />
						<param name="label2_visible" value="$PARAM[left_list_label2_visible]" />
					</include>
					<include content="Settings_Right_List_Template">
						<param name="visible" value="$PARAM[right_list_visible]" />
						<param name="id" value="$PARAM[right_list_id]" />
						<param name="window_name" value="$PARAM[window_name]" />
						<param name="pagecontrol" value="$PARAM[right_list_pagecontrol]" />
						<param name="width" value="$PARAM[right_list_width]" />
						<param name="height" value="$PARAM[right_list_height]" />
						<param name="top" value="$PARAM[right_list_top]" />
						<param name="onleft" value="$PARAM[left_list_id]" />
						<param name="onright" value="$PARAM[right_list_onright]" />
						<param name="focus_color" value="$PARAM[right_list_focus_color]" />
						<param name="focus_border_visible" value="$PARAM[right_list_focus_border_visible]" />
						<param name="label" value="$PARAM[right_list_label]" />
						<param name="label2" value="$PARAM[right_list_label2]" />
						<param name="label2_visible" value="$PARAM[right_list_label2_visible]" />
						<param name="divider_visible" value="$PARAM[right_list_divider_visible]" />
					</include>
				</control>
				<nested />
			</include>
		</definition>
	</include>

	<include name="selectdialog_Template">
		<param name="breadcrumb_label_id" />
		<param name="breadcrumb_info_label_visible" default="false" />
		<param name="breadcrumb_info_label" />
		<param name="description_label_type" default="label" />
		<param name="description_label" />
		<param name="description_label_id" />
		<param name="description_label_left" default="120" />
		<param name="description_label_right" default="240" />
		<param name="thumb_visible" />
		<param name="thumb_texture" />
		<param name="textcolor" default="$VAR[Breadcrumb_Label_Color]" />
		<definition>
			<include content="Default_Dialog_Panel_Layout">
				<param name="visible" value="$PARAM[visible]" />
				<param name="panel_edge_top" value="210" />
				<param name="panel_edge_bottom" value="210" />
				<include content="Breadcrumb_Label">
					<param name="title_label_id" value="$PARAM[breadcrumb_label_id]" />
					<param name="textcolor" value="$PARAM[textcolor]" />
					<param name="info_label" value="$PARAM[breadcrumb_info_label]" />
					<param name="info_label_visible" value="$PARAM[breadcrumb_info_label_visible]" />
				</include>
				<include content="Description_Label">
					<param name="type" value="$PARAM[description_label_type]" />
					<param name="id" value="$PARAM[description_label_id]" />
					<param name="left" value="$PARAM[description_label_left]" />
					<param name="right" value="$PARAM[description_label_right]" />
					<param name="label" value="$PARAM[description_label]" />
					<param name="font" value="$PARAM[description_label_font]" />
					<param name="textcolor" value="$PARAM[textcolor]" />
					<param name="haspath" value="true" />
				</include>
				<include content="Simple_ListIcon">
					<param name="visible" value="$PARAM[thumb_visible]" />
					<param name="fade_diffuse_override" value="true" />
					<param name="top" value="180" />
					<param name="width" value="720" />
					<param name="height" value="720" />
					<param name="align" value="center" />
					<param name="aspectratio" value="keep" />
					<param name="texture" value="$PARAM[thumb_texture]" />
					<param name="fadetime" value="180" />
				</include>
				<nested />
			</include>
		</definition>
	</include>

</includes>