<includes>

	<include name="BillboardView_Container">
		<control type="group">
			<visible>$EXP[BillboardView_IsVisible]</visible>
			<include content="Custom_List">
				<param name="visible" value="![Container.Content() + !Window.Is(programs)] + !Container.Content(files) + !Container.Content(videos) + !Container.Content(albums) + !Container.Content(songs) + !$EXP[Container_Programs_IsFolders] + !$EXP[Content_HasBackground] + !Container.Content(actors)" />
				<param name="type" value="list" />
				<param name="id" value="501" />
				<param name="viewtype_label" value="Billboard" />
				<param name="viewtype" value="wide" />
				<param name="orientation" value="horizontal" />
			</include>
		</control>
	</include>

	<include name="BillboardView_Display">
		<param name="id" default="501" />
		<param name="art_icon" default="Thumbnail" />
		<param name="media_view" default="true" />
		<param name="widget_view" default="false" />
		<param name="widget_position" />
		<definition>
			<include content="Viewtype_Display_Template">
				<param name="viewtype_label" value="Billboard" />
				<param name="media_view" value="$PARAM[media_view]" />
				<include content="Trailer_Autoplay_Fade_Animation" condition="Skin.HasSetting(Trailer_Autoplay)" />
				<include content="BillboardView_Art_Fanart">
					<param name="target_id" value="$PARAM[id]" />
					<param name="art_icon" value="$PARAM[art_icon]" />
				</include>
			</include>
		</definition>
	</include>

	<include name="BillboardView_Details">
		<param name="id" default="501" />
		<param name="widget_clearlogos" default="false" />
		<definition>
			<include content="Viewtype_Details_Template">
				<param name="viewtype_label" value="Billboard" />
				<param name="visible" value="$PARAM[visible]" />
				<include content="Progress" condition="Window.Is(videos) | Window.Is(music) | Window.Is(home) | Window.Is(movieinformation)">
					<param name="id" value="$PARAM[id]" />
				</include>
				<include content="Common_Details" />
				<include content="Now_Playing_Icon" condition="Window.Is(videos) | Window.Is(music)">
					<param name="visible" value="$EXP[ListItem(0)_NowPlaying]" />
					<param name="color" value="$VAR[Light_Color]" />
					<param name="widget_clearlogos" value="$PARAM[widget_clearlogos]" />
					<animation effect="slide" end="510,450" time="0" condition="true">Conditional</animation>
					<animation effect="slide" end="180,0" time="0" condition="!$EXP[BillboardView_Flags_Studio_IsVisible] | String.IsEqual(Control.GetLabel(6303),flags/blank.png)">Conditional</animation>
					<animation effect="slide" end="180,0" time="0" condition="!$EXP[BillboardView_Flags_Rating_IsVisible] | String.IsEqual(Control.GetLabel(6304),flags/blank.png)">Conditional</animation>
				</include>
			</include>
		</definition>
	</include>

	<!-- Now playing icon -->
	<control type="group">
		<width>180</width>
		<height>180</height>
		<left>-30</left>
		<centertop>50%</centertop>
		<animation effect="slide" end="0,-18" time="0" condition="$EXP[BillboardView_Details_NowPlaying_Left_IsVisible] + $EXP[BillboardView_Details_Info_IsVisible]">Conditional</animation>
		<animation effect="slide" end="1770,450" time="0" condition="!$EXP[BillboardView_Details_NowPlaying_Left_IsVisible]">Conditional</animation>
		<animation effect="slide" end="-180,0" time="0" condition="!$EXP[BillboardView_Details_NowPlaying_Left_IsVisible] + [$EXP[BillboardView_Flags_Studio] + !String.IsEqual(Control.GetLabel(914),flags/blank.png)] | [$EXP[BillboardView_Flags_Rating] + !String.IsEqual(Control.GetLabel(915),flags/blank.png)]">Conditional</animation>
		<animation effect="slide" end="-180,0" time="0" condition="!$EXP[BillboardView_Details_NowPlaying_Left_IsVisible] + $EXP[BillboardView_Flags_All] + [[!String.IsEqual(Control.GetLabel(914),flags/blank.png) + String.IsEqual(Control.GetLabel(915),flags/blank.png)] | [String.IsEqual(Control.GetLabel(914),flags/blank.png) + !String.IsEqual(Control.GetLabel(915),flags/blank.png)]]">Conditional</animation>
		<animation effect="slide" end="-360,0" time="0" condition="!$EXP[BillboardView_Details_NowPlaying_Left_IsVisible] + $EXP[BillboardView_Flags_All] + !String.IsEqual(Control.GetLabel(914),flags/blank.png) + !String.IsEqual(Control.GetLabel(915),flags/blank.png)">Conditional</animation>
		<include content="Now_Playing_Icon">
			<param name="visible" value="$EXP[ListItem(0)_NowPlaying]" />
		</include>
	</control>




</includes>