<?xml version="1.0" encoding="UTF-8"?>
<includes>

	<include name="Infoscreen_Header_Template">
		<param name="windowname" />
		<param name="default_control" />
		<param name="visible" default="true" />
		<definition>
			<include content="Focus_Setter">
				<param name="target_id" value="$PARAM[default_control]" />
			</include>
			<include content="Infoscreen_Menu" />
			<include content="User_Scroll_Delay" />
			<include content="Music_Player_Controls" condition="Skin.HasSetting(Music_Player_Enabled)" />
			<include content="Infoscreen_Path_Tracer_Button" condition="Window.Is(movieinformation)" />
			<!-- Background -->
			<include content="Simple_ListIcon" condition="Window.Is(movieinformation) | Window.Is(musicinformation)">
				<include content="VisibleHidden_Fade_Delayed_Animation" />
				<animation effect="fadediffuse" end="ff404040" time="0" condition="true">Conditional</animation> <!-- 25% alpha -->
				<animation effect="fadediffuse" end="ff9a9a9a" time="360" tween="sine" easing="inout" reversible="true" condition="String.IsEqual(Window($PARAM[windowname]).Property(Focused_Button),$LOCALIZE[207]) | String.IsEqual(Window($PARAM[windowname]).Property(Focused_Button),$LOCALIZE[21887])">Conditional</animation> <!-- 15% alpha: 60% of 25% -->
				<param name="visible" value="!$EXP[Infoscreen_Widget_HasFocus] + $PARAM[visible] + ![String.IsEqual(ListItem.DBType,album) + !ControlGroup(3000).HasFocus(12)]" />
				<param name="texture" value="$VAR[Infoscreen_Background_Texture]" />
				<param name="fallback" value="views/dark_grey_100.png" />
			</include>
			<control type="group">
				<visible>!$EXP[Infoscreen_Widget_HasFocus] + $PARAM[visible]</visible>
				<include content="Visible_Fade_Delayed_Animation" />
				<include content="Transparent_Dialog_Panel" condition="[Window.Is(musicinformation) + String.IsEqual(ListItem.DBType,album)] | Window.Is(songinformation) | Window.Is(addoninformation)">
					<param name="visible" value="[!ControlGroup(3000).HasFocus(10) + !ControlGroup(3000).HasFocus(12) + !Window.Is(addoninformation)] | [Window.Is(addoninformation) + !ControlGroup(3000).HasFocus(99)]" />
					<param name="left" value="720" />
					<include content="VisibleHidden_Fade_Delayed_Animation" />
				</include>
				<include content="Simple_ListIcon" condition="[Window.Is(musicinformation) + String.IsEqual(ListItem.DBType,album)] | Window.Is(songinformation) | Window.Is(addoninformation)">
					<include content="VisibleHidden_Fade_Delayed_Animation" />
					<param name="visible" value="[!ControlGroup(3000).HasFocus(10) + !ControlGroup(3000).HasFocus(12) + !Window.Is(addoninformation)] | [Window.Is(addoninformation) + !ControlGroup(3000).HasFocus(99)]" />
					<param name="width" value="720" />
					<param name="top" value="180" />
					<param name="height" value="720" />
					<param name="texture" value="$INFO[ListItem.Art(thumb)]" />
					<param name="fallback" value="views/dark_grey_100.png" />
				</include>
				<include content="Simple_ListIcon" condition="Window.Is(songinformation)">
					<include content="VisibleHidden_Fade_Delayed_Animation" />
					<param name="visible" value="ControlGroup(3000).HasFocus(12)" />
					<param name="left" value="600" />
					<param name="width" value="720" />
					<param name="top" value="180" />
					<param name="height" value="720" />
					<param name="texture" value="$INFO[ListItem.Art(thumb)]" />
					<param name="fallback" value="views/dark_grey_100.png" />
				</include>
			</control>
			<include content="Breadcrumb_Label">
				<param name="visible" value="!Window.IsVisible(1104) + !$EXP[Hidden_Focus_Setter] + !$EXP[Infoscreen_Widget_HasFocus] + !$EXP[TransparentDialog_IsVisible] + $PARAM[visible]" />
				<param name="animation" value="Visible_Fade_Delayed_Animation" />
				<param name="bar" value="false" />
				<param name="title_label" value="$VAR[Copacetic_Chevron_Left] $INFO[Window($PARAM[windowname]).Property(Focused_Button)] $VAR[Copacetic_Chevron_Right]" />
				<param name="label_color" value="$VAR[Breadcrumb_Label_Color]" />
			</include>
			<!-- Content -->
			<control type="group">
				<visible>!Window.IsVisible(1104) + !$EXP[Hidden_Focus_Setter] + !$EXP[Infoscreen_Widget_HasFocus] + !$EXP[TransparentDialog_IsVisible] + $PARAM[visible]</visible>
				<include content="Visible_Fade_Delayed_Animation" />
				<nested />
			</control>
			<include content="Infoscreen_Artwork">
				<param name="visible" value="[[ControlGroup(3000).HasFocus(10) + !Window.Is(addoninformation)] | [ControlGroup(3000).HasFocus(99) + Window.Is(addoninformation)]] + !$EXP[Hidden_Focus_Setter] + !$EXP[Infoscreen_Widget_HasFocus] + $PARAM[visible]" />
			</include>
		</definition>
	</include>

	<include name="Infoscreen_Furniture_Template">
		<param name="visible" default="true" />
		<definition>
			<control type="group">
				<visible>!Window.IsVisible(1104) + !$EXP[Hidden_Focus_Setter] + $PARAM[visible]</visible>
				<include content="Visible_Fade_Delayed_Animation" />
				<nested />
				<include content="Music_Player_Widget" condition="Skin.HasSetting(Music_Player_Enabled)">
					<param name="left_label_visible" value="true" />
					<param name="background_visible" value="false" />
				</include>
				<include content="Transparent_Dialog_Background">
					<param name="visible" value="$EXP[TransparentDialog_IsVisible] + ![ControlGroup(3000).HasFocus + [[!ControlGroup(3000).HasFocus(10) + [Window.Is(movieinformation) | [Window.Is(musicinformation) + String.IsEqual(ListItem.DBType,artist)]]] | [ControlGroup(3000).HasFocus(12) + [Window.Is(songinformation) | [Window.Is(musicinformation) + String.IsEqual(ListItem.DBType,album)]]]]]" />
					<include content="VisibleHidden_Fade_Animation" />
				</include>
			</control>
		</definition>
	</include>

	<include name="DialogContextMenu_Default_Template">
		<control type="group">
			<visible>!Window.IsVisible(shutdownmenu) + !Window.IsVisible(textviewer)</visible>
			<include content="Visible_Fade_Delayed_Long_Animation" />
			<control type="grouplist">
				<animation effect="slide" start="0,0" end="-180,0" condition="Window.IsVisible(favourites)">Conditional</animation>
				<left>960</left>
				<top>60</top>
				<width>900</width>
				<height>960</height>
				<itemgap>0</itemgap>
				<align>center</align>
				<include content="Default_ContextMenu_Label">
					<param name="id" value="1001" />
				</include>
				<include content="Default_ContextMenu_Label">
					<param name="id" value="1002" />
				</include>
				<include content="Default_ContextMenu_Label">
					<param name="id" value="1003" />
				</include>
				<include content="Default_ContextMenu_Label">
					<param name="id" value="1004" />
				</include>
				<include content="Default_ContextMenu_Label">
					<param name="id" value="1005" />
				</include>
				<include content="Default_ContextMenu_Label">
					<param name="id" value="1006" />
				</include>
				<include content="Default_ContextMenu_Label">
					<param name="id" value="1007" />
				</include>
				<include content="Default_ContextMenu_Label">
					<param name="id" value="1008" />
				</include>
				<include content="Default_ContextMenu_Label">
					<param name="id" value="1009" />
				</include>
				<include content="Default_ContextMenu_Label">
					<param name="id" value="1010" />
				</include>
				<include content="Default_ContextMenu_Label">
					<param name="id" value="1011" />
				</include>
				<include content="Default_ContextMenu_Label">
					<param name="id" value="1012" />
				</include>
				<include content="Default_ContextMenu_Label">
					<param name="id" value="1013" />
				</include>
				<include content="Default_ContextMenu_Label">
					<param name="id" value="1014" />
				</include>
				<include content="Default_ContextMenu_Label">
					<param name="id" value="1015" />
				</include>
			</control>
		</control>
		<control type="grouplist" id="996">
			<visible allowhiddenfocus="true">false</visible>
			<onup>0</onup>
			<ondown>0</ondown>
			<onleft>Close</onleft>
			<onright>Close</onright>
		</control>
		<control type="button" id="1000">
			<texturefocus />
		</control>
	</include>

	<include name="DialogContextMenu_Alt_Template">
		<control type="group">
			<visible>!Window.IsVisible(shutdownmenu) + !Window.IsVisible(textviewer)</visible>
			<include content="Visible_Fade_Delayed_Long_Animation" />
			<control type="group">
				<animation effect="slide" start="0,0" end="870,0" condition="Window.IsVisible(filemanager) + String.IsEqual(Window(filemanager).Property(ActiveList),Left)">Conditional</animation>
				<animation effect="slide" start="0,0" end="-30,0" condition="Window.IsVisible(musicplaylisteditor)">Conditional</animation>
				<animation effect="slide" start="0,0" end="1070,0" condition="Window.IsVisible(musicplaylisteditor) + String.IsEqual(Window(musicplaylisteditor).Property(ActiveList),Left)">Conditional</animation>
				<left>90</left>
				<width>870</width>
				<!-- List -->
				<control type="grouplist" id="996">
					<height>630</height>
					<centertop>50%</centertop>
					<onup>0</onup>
					<ondown>0</ondown>
					<onleft>Close</onleft>
					<onright>Close</onright>
					<orientation>vertical</orientation>
					<align>top</align>
					<itemgap>0</itemgap>
					<scrolltime tween="sine" easing="inout">360</scrolltime>
					<pagecontrol>60</pagecontrol>
				</control>
				<!-- Underline -->
				<control type="image">
					<animation effect="zoom" end="60,0,660,1" condition="Window.IsVisible(musicplaylisteditor)">Conditional</animation>
					<animation effect="slide" start="0,0" end="-60,0" condition="[Window.IsVisible(filemanager) + String.IsEqual(Window(filemanager).Property(ActiveList),Left)] | [Window.IsVisible(musicplaylisteditor) + String.IsEqual(Window(musicplaylisteditor).Property(ActiveList),Left)]">Conditional</animation>
					<animation effect="slide" end="0,90" time="0" reversible="false" condition="Container(996).Position(1)">Conditional</animation>
					<animation effect="slide" end="0,180" time="0" reversible="false" condition="Container(996).Position(2)">Conditional</animation>
					<animation effect="slide" end="0,270" time="0" reversible="false" condition="Container(996).Position(3)">Conditional</animation>
					<animation effect="slide" end="0,360" time="0" reversible="false" condition="Container(996).Position(4)">Conditional</animation>
					<animation effect="slide" end="0,450" time="0" reversible="false" condition="Container(996).Position(5)">Conditional</animation>
					<animation effect="slide" end="0,540" time="0" reversible="false" condition="Container(996).Position(6)">Conditional</animation>
					<left>60</left>
					<height>1</height>
					<top>314</top>
					<texture colordiffuse="$VAR[Unfocused_Color]">views/white_100.png</texture>
				</control>
			</control>
			<!-- Scrollbar -->
			<control type="group">
				<animation effect="slide" start="0,0" end="-5,0" condition="[Window.IsVisible(filemanager) + String.IsEqual(Window(filemanager).Property(ActiveList),Left)] | [Window.IsVisible(musicplaylisteditor) + String.IsEqual(Window(musicplaylisteditor).Property(ActiveList),Left)]">Conditional</animation>
				<include content="Dialog_Divider_With_Scrollbar">
					<param name="scrollbarvisible" value="Window.IsVisible(filemanager) | Window.IsVisible(musicplaylisteditor)" />
					<param name="dividervisible" value="false" />
				</include>
			</control>
			<!-- Default button -->
			<control type="button" id="1000">
				<texturefocus />
			</control>
		</control>
	</include>

</includes>