<?xml version="1.0" encoding="UTF-8"?>
<includes>

	<include name="GridView_Container">
		<param name="art_icon" default="Grid" />
		<definition>
			<include content="Hidden_Components">
				<control type="label" id="6351">
					<label>$INFO[ListItemNoWrap(1).Label]</label>
				</control>
				<control type="label" id="6352">
					<label>$INFO[ListItemNoWrap(2).Label]</label>
				</control>
				<control type="label" id="6353">
					<label>$INFO[ListItemNoWrap(3).Label]</label>
				</control>
				<control type="label" id="6354">
					<label>$INFO[ListItemNoWrap(4).Label]</label>
				</control>
				<control type="label" id="6355">
					<label>$INFO[ListItemNoWrap(5).Label]</label>
				</control>
				<control type="label" id="6356">
					<label>$INFO[ListItemNoWrap(6).Label]</label>
				</control>
			</include>
			<control type="group">
				<visible>Control.IsVisible(505) + !$EXP[Options_Switching]</visible>
				<include content="Visible_Fade_Animation" />
				<control type="group">
					<visible>!$EXP[Container_Switching] + !$EXP[TransparentDialog_IsVisible] + !$EXP[Scrollbar_HasFocus] + !$EXP[Infoscreen_IsVisible] + !$EXP[Music_Player_HasFocus]</visible>
					<include content="Visible_Fade_Delayed_Animation" />
					<include content="Breadcrumb_Label">
						<param name="bar" value="$EXP[GridView_Details_Breadcrumb] | [!$EXP[GridView_Details_Off] + !Container.Content(movies) + !Container.Content(sets) + !Container.Content(tvshows) + !Container.Content(artists)]" />
						<param name="visible" value="!$EXP[GridView_Details_Off]" />
						<param name="info_label_visible" value="true" />
						<param name="label_color" value="$VAR[Primary_Color]" />
					</include>
				</control>
			</control>
			<control type="group">
				<visible>Control.IsVisible(505)</visible>
				<animation effect="slide" end="592,193" time="0" reversible="false" condition="$EXP[GridView_Display_IsFanart] + Integer.IsEqual(Container.NumItems,1)">Conditional</animation>
				<animation effect="slide" end="296,193" time="0" reversible="false" condition="$EXP[GridView_Display_IsFanart] + Integer.IsEqual(Container.NumItems,2)">Conditional</animation>
				<animation effect="slide" end="0,193" time="0" reversible="false" condition="$EXP[GridView_Display_IsFanart] + Integer.IsEqual(Container.NumItems,3)">Conditional</animation>
				<animation effect="slide" end="720,90" time="0" reversible="false" condition="$EXP[GridView_Display_IsPosters] + Integer.IsEqual(Container.NumItems,1)">Conditional</animation>
				<animation effect="slide" end="540,90" time="0" reversible="false" condition="$EXP[GridView_Display_IsPosters] + Integer.IsEqual(Container.NumItems,2)">Conditional</animation>
				<animation effect="slide" end="360,90" time="0" reversible="false" condition="$EXP[GridView_Display_IsPosters] + Integer.IsEqual(Container.NumItems,3)">Conditional</animation>
				<animation effect="slide" end="180,90" time="0" reversible="false" condition="$EXP[GridView_Display_IsPosters] + Integer.IsEqual(Container.NumItems,4)">Conditional</animation>
				<animation effect="slide" end="0,90" time="0" reversible="false" condition="$EXP[GridView_Display_IsPosters] + Integer.IsEqual(Container.NumItems,5)">Conditional</animation>
				<animation effect="slide" end="720,180" time="0" reversible="false" condition="$EXP[GridView_Display_IsSquare] + Integer.IsEqual(Container.NumItems,1)">Conditional</animation>
				<animation effect="slide" end="540,180" time="0" reversible="false" condition="$EXP[GridView_Display_IsSquare] + Integer.IsEqual(Container.NumItems,2)">Conditional</animation>
				<animation effect="slide" end="360,180" time="0" reversible="false" condition="$EXP[GridView_Display_IsSquare] + Integer.IsEqual(Container.NumItems,3)">Conditional</animation>
				<animation effect="slide" end="180,180" time="0" reversible="false" condition="$EXP[GridView_Display_IsSquare] + Integer.IsEqual(Container.NumItems,4)">Conditional</animation>
				<animation effect="slide" end="0,180" time="0" reversible="false" condition="$EXP[GridView_Display_IsSquare] + Integer.IsEqual(Container.NumItems,5)">Conditional</animation>
				<!-- List -->
				<control type="panel" id="505">
					<viewtype label="Grid">icon</viewtype>
					<visible>![Container.Content() + !Window.Is(programs)] + !Container.Content(songs) + !Container.Content(playlists) + !$EXP[Background_Containers]</visible>
					<left>50</left>
					<top>180</top>
					<width>1920</width>
					<height>900</height>
					<onfocus condition="Skin.HasSetting(Trailer_Autoplay) + String.IsEqual(Window(home).Property(Trailer_Autoplay),true)">PlayerControl(Stop)</onfocus>
					<onfocus condition="Skin.HasSetting(Trailer_Autoplay) + String.IsEqual(Window(home).Property(Trailer_Autoplay),true)">ClearProperty(Trailer_Autoplay,home)</onfocus>
					<include content="Grid_Navigation" />
					<pagecontrol>60</pagecontrol>
					<preloaditems>2</preloaditems>
					<scrolltime tween="sine" easing="inout">360</scrolltime>
					<include content="GridView_Layout_Fanart" condition="Window.IsMedia">
						<param name="art_icon" value="$PARAM[art_icon]" />
					</include>
					<include content="GridView_Layout_Posters" condition="Window.IsMedia">
						<param name="art_icon" value="$PARAM[art_icon]" />
					</include>
					<include content="GridView_Layout_Square">
						<param name="art_icon" value="$PARAM[art_icon]" />
					</include>
				</control>
				<!-- Details -->
				<control type="group">
					<visible>!$EXP[Container_Switching] + !$EXP[Content_Switching] + !$EXP[TransparentDialog_IsVisible] + !Window.IsVisible(pictureinfo) + !$EXP[Scrollbar_HasFocus] + !$EXP[Music_Player_HasFocus]</visible>
					<include content="Visible_Fade_Delayed_Long_Animation" />
					<control type="label" id="6004">
						<include content="Hidden_Control" />
						<label>$VAR[Info_Label]</label>
					</control>
					<include content="GridView_Overlay">
						<param name="displaytype_label" value="Fanart" />
						<param name="left" value="72" />
						<param name="width" value="592" />
						<param name="height" value="333" />
					</include>
					<include content="GridView_Overlay">
						<param name="displaytype_label" value="Posters" />
						<param name="left" value="60" />
						<param name="width" value="360" />
						<param name="height" value="540" />
					</include>
					<include content="GridView_Overlay">
						<param name="displaytype_label" value="Square" />
						<param name="left" value="60" />
						<param name="width" value="360" />
						<param name="height" value="360" />
					</include>
				</control>
			</control>
		</definition>
	</include>

	<!-- Widget -->
	<include name="GridView_Display">
		<param name="id" />
		<param name="art_icon" />
		<param name="widget_position" />
		<param name="gridview_details_fade" />
		<definition>
			<include content="Viewtype_Display_Template">
				<param name="viewtype_label" value="Grid" />
				<include content="GridView_Art_Posters" condition="!Skin.HasSetting(Widget$PARAM[widget_position]_Display_Fanart) + !Skin.HasSetting(Widget$PARAM[widget_position]_Display_Square) + !Skin.HasSetting(Widget$PARAM[widget_position]_Content_LatestAlbums) + !Skin.HasSetting(Widget$PARAM[widget_position]_Content_RecentAlbums)">
					<param name="target_id" value="$PARAM[id]" />
					<param name="art_icon" value="$PARAM[art_icon]" />
				</include>
				<include content="GridView_Art_Fanart" condition="Skin.HasSetting(Widget$PARAM[widget_position]_Display_Fanart) + !Skin.HasSetting(Widget$PARAM[widget_position]_Content_LatestAlbums) + !Skin.HasSetting(Widget$PARAM[widget_position]_Content_RecentAlbums)">
					<param name="target_id" value="$PARAM[id]" />
					<param name="art_icon" value="$PARAM[art_icon]" />
				</include>
				<include content="GridView_Art_Square" condition="Skin.HasSetting(Widget$PARAM[widget_position]_Display_Square) | Skin.HasSetting(Widget$PARAM[widget_position]_Content_LatestAlbums) | Skin.HasSetting(Widget$PARAM[widget_position]_Content_RecentAlbums)">
					<param name="target_id" value="$PARAM[id]" />
					<param name="art_icon" value="$PARAM[art_icon]" />
				</include>
			</include>
		</definition>
	</include>

	<include name="GridView_Details">
		<param name="id" />
		<param name="widget_position" />
		<param name="widget_display" />
		<definition>
			<include content="Viewtype_Details_Including_Content_Switching_Template">
				<param name="visible" value="$PARAM[visible]" />
				<param name="viewtype_label" value="Grid" />
				<include content="Progress_Grid_$PARAM[widget_display]" condition="Window.Is(movieinformation)">
					<param name="id" value="$PARAM[id]" />
				</include>
				<include content="Progress_Grid_Posters" condition="Window.Is(home) + !Skin.HasSetting(Widget$PARAM[widget_position]_Display_Fanart) + !Skin.HasSetting(Widget$PARAM[widget_position]_Display_Square)">
					<param name="id" value="$PARAM[id]" />
				</include>
				<include content="Progress_Grid_Fanart" condition="Window.Is(home) + Skin.HasSetting(Widget$PARAM[widget_position]_Display_Fanart)">
					<param name="id" value="$PARAM[id]" />
				</include>
				<include content="Progress_Grid_Square" condition="Window.Is(home) + Skin.HasSetting(Widget$PARAM[widget_position]_Display_Square)">
					<param name="id" value="$PARAM[id]" />
				</include>
				<include content="Breadcrumb_Label">
					<param name="bar" value="false" />
					<param name="title_label" value="$VAR[Title_Label]" />
					<param name="title_label_id" value="$PARAM[id]4" />
					<param name="info_label_visible" value="true" />
					<param name="info_label" value="$VAR[Copacetic_Divider_Bold,, ]$VAR[Info_Label]" />
					<param name="label_color" value="$VAR[Primary_Color]" />
					<animation effect="slide" start="0" end="0,780" time="0" condition="String.IsEqual(Control.GetLabel(620$PARAM[widget_position]2),Posters)">Conditional</animation>
					<animation effect="slide" start="0" end="0,780" time="0" condition="Window.Is(home) + !Skin.HasSetting(Widget$PARAM[widget_position]_Display_Fanart) + !Skin.HasSetting(Widget$PARAM[widget_position]_Display_Square)">Conditional</animation>
					<animation effect="slide" start="0" end="0,677" time="0" condition="String.IsEqual(Control.GetLabel(620$PARAM[widget_position]2),Fanart)">Conditional</animation>
					<animation effect="slide" start="0" end="0,677" time="0" condition="Window.Is(home) + Skin.HasSetting(Widget$PARAM[widget_position]_Display_Fanart)">Conditional</animation>
					<animation effect="slide" start="0" end="0,690" time="0" condition="String.IsEqual(Control.GetLabel(620$PARAM[widget_position]2),Square)">Conditional</animation>
					<animation effect="slide" start="0" end="0,690" time="0" condition="Window.Is(home) + Skin.HasSetting(Widget$PARAM[widget_position]_Display_Square)">Conditional</animation>
				</include>
				<nested />
			</include>
		</definition>
	</include>

</includes>