<?xml version="1.0" encoding="UTF-8"?>
<addon id="skin.copacetic" version="0.8.5" name="Copacetic" provider-name="realcopacetic">
	<requires>
		<import addon="xbmc.gui" version="5.16.0" />
		<import addon="script.copacetic.helper" version="0.8.4" />
		<import addon="script.skinshortcuts" version="1.1.5" />
	</requires>
	<extension point="xbmc.gui.skin" defaultthemename="Textures.xbt" effectslowdown="0.8" debugging="false">
		<res width="1920" height="1080" aspect="16:9" default="true" folder="16x9" />
	</extension>
	<extension point="xbmc.addon.metadata">
		<summary lang="en_GB">A real good time with your media.</summary>
		<description lang="en_GB">Clear away the clutter with a minimal skin designed to bring maximum impact to the artwork that you curate for your favourite movies, shows and music. Copacetic is a labour of love more than five years in the making. I hope you enjoy it.</description>
		<platform>all</platform>
		<license>Creative Commons Attribution Non-Commercial Share-Alike 4.0</license>
		<assets>
			<icon>resources/icon.png</icon>
			<fanart>resources/fanart.jpg</fanart>
			<screenshot>resources/screenshot-01.jpg</screenshot>
			<screenshot>resources/screenshot-02.jpg</screenshot>
			<screenshot>resources/screenshot-03.jpg</screenshot>
			<screenshot>resources/screenshot-04.jpg</screenshot>
			<screenshot>resources/screenshot-05.jpg</screenshot>
			<screenshot>resources/screenshot-06.jpg</screenshot>
			<screenshot>resources/screenshot-07.jpg</screenshot>
			<screenshot>resources/screenshot-08.jpg</screenshot>
			<screenshot>resources/screenshot-09.jpg</screenshot>
			<screenshot>resources/screenshot-10.jpg</screenshot>
			<screenshot>resources/screenshot-11.jpg</screenshot>
			<screenshot>resources/screenshot-12.jpg</screenshot>
		</assets>
	</extension>
</addon>