<?xml version="1.0" encoding="UTF-8"?>
<includes>
	<include name="BillboardView_Menu_Options">
		<param name="visible" default="Control.IsVisible(501)" />
		<definition>
			<item id="1">
				<description>Layout / Billboard</description>
				<onclick>SetFocus(501)</onclick>
				<label>$VAR[Copacetic_Chevron_Left] $LOCALIZE[31005] $VAR[Copacetic_Chevron_Right]</label>
				<label2>$LOCALIZE[31009] $VAR[Copacetic_Divider_Bold] $LOCALIZE[31005]</label2>
				<property name="ActionLeft">Container.PreviousViewMode</property>
				<property name="ActionRight">Container.NextViewMode</property>
				<visible>$PARAM[visible] + Integer.IsGreater(Container.ViewCount,1) + !$EXP[Set_BillboardView]</visible>
			</item>
			<!-- Details -->
			<!-- Movies -->
			<item>
				<description>Details (Movies) / Title</description>
				<label>$VAR[Copacetic_Chevron_Left] $LOCALIZE[31018] $VAR[Copacetic_Chevron_Right]</label>
				<label2>$LOCALIZE[31017] $VAR[Copacetic_Divider_Bold] $LOCALIZE[31018]</label2>
				<onclick>SetFocus(501)</onclick>
				<property name="ActionLeft">Skin.SetString(BillboardView_Details_Movies,All)</property>
				<property name="ActionRight">Skin.SetString(BillboardView_Details_Movies,TitleAndInfo)</property>
				<visible>$PARAM[visible] + $EXP[BillboardView_Details_Title_Movies]</visible>
			</item>
			<item>
				<description>Details (Movies) / Title and Info</description>
				<label>$VAR[Copacetic_Chevron_Left] $LOCALIZE[31019] $VAR[Copacetic_Chevron_Right]</label>
				<label2>$LOCALIZE[31017] $VAR[Copacetic_Divider_Bold] $LOCALIZE[31019]</label2>
				<onclick>SetFocus(501)</onclick>
				<property name="ActionLeft">Skin.SetString(BillboardView_Details_Movies,Title)</property>
				<property name="ActionRight">Skin.SetString(BillboardView_Details_Movies,TitleAndPlot)</property>
				<visible>$PARAM[visible] + $EXP[BillboardView_Details_Info_Movies]</visible>
			</item>
			<item>
				<description>Details (Movies) / Title and Plot</description>
				<label>$VAR[Copacetic_Chevron_Left] $LOCALIZE[31020] $VAR[Copacetic_Chevron_Right]</label>
				<label2>$LOCALIZE[31017] $VAR[Copacetic_Divider_Bold] $LOCALIZE[31020]</label2>
				<onclick>SetFocus(501)</onclick>
				<property name="ActionLeft">Skin.SetString(BillboardView_Details_Movies,TitleAndInfo)</property>
				<property name="ActionRight">Skin.SetString(BillboardView_Details_Movies,All)</property>
				<visible>$PARAM[visible] + $EXP[BillboardView_Details_Plot_Movies]</visible>
			</item>
			<item>
				<description>Details (Movies) / All</description>
				<label>$VAR[Copacetic_Chevron_Left] $LOCALIZE[593] $VAR[Copacetic_Chevron_Right]</label>
				<label2>$LOCALIZE[31017] $VAR[Copacetic_Divider_Bold] $LOCALIZE[593]</label2>
				<onclick>SetFocus(501)</onclick>
				<property name="ActionLeft">Skin.SetString(BillboardView_Details_Movies,TitleAndPlot)</property>
				<property name="ActionRight">Skin.SetString(BillboardView_Details_Movies,Title)</property>
				<visible>$PARAM[visible] + $EXP[BillboardView_Details_All_Movies]</visible>
			</item>
			<!-- Sets -->
			<item>
				<description>Details (Sets) / Title</description>
				<label>$VAR[Copacetic_Chevron_Left] $LOCALIZE[31018] $VAR[Copacetic_Chevron_Right]</label>
				<label2>$LOCALIZE[31017] $VAR[Copacetic_Divider_Bold] $LOCALIZE[31018]</label2>
				<onclick>SetFocus(501)</onclick>
				<property name="ActionLeft">Skin.SetString(BillboardView_Details_Sets,All)</property>
				<property name="ActionRight">Skin.SetString(BillboardView_Details_Sets,TitleAndInfo)</property>
				<visible>$PARAM[visible] + $EXP[BillboardView_Details_Title_Sets]</visible>
			</item>
			<item>
				<description>Details (Sets) / Title and Info</description>
				<label>$VAR[Copacetic_Chevron_Left] $LOCALIZE[31019] $VAR[Copacetic_Chevron_Right]</label>
				<label2>$LOCALIZE[31017] $VAR[Copacetic_Divider_Bold] $LOCALIZE[31019]</label2>
				<onclick>SetFocus(501)</onclick>
				<property name="ActionLeft">Skin.SetString(BillboardView_Details_Sets,Title)</property>
				<property name="ActionRight">Skin.SetString(BillboardView_Details_Sets,TitleAndPlot)</property>
				<visible>$PARAM[visible] + $EXP[BillboardView_Details_Info_Sets]</visible>
			</item>
			<item>
				<description>Details (Sets) / Title and Plot</description>
				<label>$VAR[Copacetic_Chevron_Left] $LOCALIZE[31020] $VAR[Copacetic_Chevron_Right]</label>
				<label2>$LOCALIZE[31017] $VAR[Copacetic_Divider_Bold] $LOCALIZE[31020]</label2>
				<onclick>SetFocus(501)</onclick>
				<property name="ActionLeft">Skin.SetString(BillboardView_Details_Sets,TitleAndInfo)</property>
				<property name="ActionRight">Skin.SetString(BillboardView_Details_Sets,All)</property>
				<visible>$PARAM[visible] + $EXP[BillboardView_Details_Plot_Sets]</visible>
			</item>
			<item>
				<description>Details (Sets) / All</description>
				<label>$VAR[Copacetic_Chevron_Left] $LOCALIZE[593] $VAR[Copacetic_Chevron_Right]</label>
				<label2>$LOCALIZE[31017] $VAR[Copacetic_Divider_Bold] $LOCALIZE[593]</label2>
				<onclick>SetFocus(501)</onclick>
				<property name="ActionLeft">Skin.SetString(BillboardView_Details_Sets,TitleAndPlot)</property>
				<property name="ActionRight">Skin.SetString(BillboardView_Details_Sets,Title)</property>
				<visible>$PARAM[visible] + $EXP[BillboardView_Details_All_Sets]</visible>
			</item>
			<!-- TV shows -->
			<item>
				<description>Details (TV Shows) / Title</description>
				<label>$VAR[Copacetic_Chevron_Left] $LOCALIZE[31018] $VAR[Copacetic_Chevron_Right]</label>
				<label2>$LOCALIZE[31017] $VAR[Copacetic_Divider_Bold] $LOCALIZE[31018]</label2>
				<onclick>SetFocus(501)</onclick>
				<property name="ActionLeft">Skin.SetString(BillboardView_Details_TVShows,All)</property>
				<property name="ActionRight">Skin.SetString(BillboardView_Details_TVShows,TitleAndInfo)</property>
				<visible>$PARAM[visible] + $EXP[BillboardView_Details_Title_TVShows]</visible>
			</item>
			<item>
				<description>Details (TV Shows) / Title and Info</description>
				<label>$VAR[Copacetic_Chevron_Left] $LOCALIZE[31019] $VAR[Copacetic_Chevron_Right]</label>
				<label2>$LOCALIZE[31017] $VAR[Copacetic_Divider_Bold] $LOCALIZE[31019]</label2>
				<onclick>SetFocus(501)</onclick>
				<property name="ActionLeft">Skin.SetString(BillboardView_Details_TVShows,Title)</property>
				<property name="ActionRight">Skin.SetString(BillboardView_Details_TVShows,TitleAndPlot)</property>
				<visible>$PARAM[visible] + $EXP[BillboardView_Details_Info_TVShows]</visible>
			</item>
			<item>
				<description>Details (TV Shows) / Title and Plot</description>
				<label>$VAR[Copacetic_Chevron_Left] $LOCALIZE[31020] $VAR[Copacetic_Chevron_Right]</label>
				<label2>$LOCALIZE[31017] $VAR[Copacetic_Divider_Bold] $LOCALIZE[31020]</label2>
				<onclick>SetFocus(501)</onclick>
				<property name="ActionLeft">Skin.SetString(BillboardView_Details_TVShows,TitleAndInfo)</property>
				<property name="ActionRight">Skin.SetString(BillboardView_Details_TVShows,All)</property>
				<visible>$PARAM[visible] + $EXP[BillboardView_Details_Plot_TVShows]</visible>
			</item>
			<item>
				<description>Details (TV Shows) / All</description>
				<label>$VAR[Copacetic_Chevron_Left] $LOCALIZE[593] $VAR[Copacetic_Chevron_Right]</label>
				<label2>$LOCALIZE[31017] $VAR[Copacetic_Divider_Bold] $LOCALIZE[593]</label2>
				<onclick>SetFocus(501)</onclick>
				<property name="ActionLeft">Skin.SetString(BillboardView_Details_TVShows,TitleAndPlot)</property>
				<property name="ActionRight">Skin.SetString(BillboardView_Details_TVShows,Title)</property>
				<visible>$PARAM[visible] + $EXP[BillboardView_Details_All_TVShows]</visible>
			</item>
			<!-- Seasons -->
			<item>
				<description>Details (Seasons) / Title</description>
				<label>$VAR[Copacetic_Chevron_Left] $LOCALIZE[31018] $VAR[Copacetic_Chevron_Right]</label>
				<label2>$LOCALIZE[31017] $VAR[Copacetic_Divider_Bold] $LOCALIZE[31018]</label2>
				<onclick>SetFocus(501)</onclick>
				<property name="ActionLeft">Skin.SetString(BillboardView_Details_Seasons,All)</property>
				<property name="ActionRight">Skin.SetString(BillboardView_Details_Seasons,TitleAndInfo)</property>
				<visible>$PARAM[visible] + $EXP[BillboardView_Details_Title_Seasons]</visible>
			</item>
			<item>
				<description>Details (Seasons) / Title and Info</description>
				<label>$VAR[Copacetic_Chevron_Left] $LOCALIZE[31019] $VAR[Copacetic_Chevron_Right]</label>
				<label2>$LOCALIZE[31017] $VAR[Copacetic_Divider_Bold] $LOCALIZE[31019]</label2>
				<onclick>SetFocus(501)</onclick>
				<property name="ActionLeft">Skin.SetString(BillboardView_Details_Seasons,Title)</property>
				<property name="ActionRight">Skin.SetString(BillboardView_Details_Seasons,TitleAndPlot)</property>
				<visible>$PARAM[visible] + $EXP[BillboardView_Details_Info_Seasons]</visible>
			</item>
			<item>
				<description>Details (Seasons) / Title and Plot</description>
				<label>$VAR[Copacetic_Chevron_Left] $LOCALIZE[31020] $VAR[Copacetic_Chevron_Right]</label>
				<label2>$LOCALIZE[31017] $VAR[Copacetic_Divider_Bold] $LOCALIZE[31020]</label2>
				<onclick>SetFocus(501)</onclick>
				<property name="ActionLeft">Skin.SetString(BillboardView_Details_Seasons,TitleAndInfo)</property>
				<property name="ActionRight">Skin.SetString(BillboardView_Details_Seasons,All)</property>
				<visible>$PARAM[visible] + $EXP[BillboardView_Details_Plot_Seasons]</visible>
			</item>
			<item>
				<description>Details (Seasons) / All</description>
				<label>$VAR[Copacetic_Chevron_Left] $LOCALIZE[593] $VAR[Copacetic_Chevron_Right]</label>
				<label2>$LOCALIZE[31017] $VAR[Copacetic_Divider_Bold] $LOCALIZE[593]</label2>
				<onclick>SetFocus(501)</onclick>
				<property name="ActionLeft">Skin.SetString(BillboardView_Details_Seasons,TitleAndPlot)</property>
				<property name="ActionRight">Skin.SetString(BillboardView_Details_Seasons,Title)</property>
				<visible>$PARAM[visible] + $EXP[BillboardView_Details_All_Seasons]</visible>
			</item>
			<!-- Episodes -->
			<item>
				<description>Details (Episodes) / Title</description>
				<label>$VAR[Copacetic_Chevron_Left] $LOCALIZE[31018] $VAR[Copacetic_Chevron_Right]</label>
				<label2>$LOCALIZE[31017] $VAR[Copacetic_Divider_Bold] $LOCALIZE[31018]</label2>
				<onclick>SetFocus(501)</onclick>
				<property name="ActionLeft">Skin.SetString(BillboardView_Details_Episodes,All)</property>
				<property name="ActionRight">Skin.SetString(BillboardView_Details_Episodes,TitleAndInfo)</property>
				<visible>$PARAM[visible] + $EXP[BillboardView_Details_Title_Episodes]</visible>
			</item>
			<item>
				<description>Details (Episodes) / Title and Info</description>
				<label>$VAR[Copacetic_Chevron_Left] $LOCALIZE[31019] $VAR[Copacetic_Chevron_Right]</label>
				<label2>$LOCALIZE[31017] $VAR[Copacetic_Divider_Bold] $LOCALIZE[31019]</label2>
				<onclick>SetFocus(501)</onclick>
				<property name="ActionLeft">Skin.SetString(BillboardView_Details_Episodes,Title)</property>
				<property name="ActionRight">Skin.SetString(BillboardView_Details_Episodes,TitleAndPlot)</property>
				<visible>$PARAM[visible] + $EXP[BillboardView_Details_Info_Episodes]</visible>
			</item>
			<item>
				<description>Details (Episodes) / Title and Plot</description>
				<label>$VAR[Copacetic_Chevron_Left] $LOCALIZE[31020] $VAR[Copacetic_Chevron_Right]</label>
				<label2>$LOCALIZE[31017] $VAR[Copacetic_Divider_Bold] $LOCALIZE[31020]</label2>
				<onclick>SetFocus(501)</onclick>
				<property name="ActionLeft">Skin.SetString(BillboardView_Details_Episodes,TitleAndInfo)</property>
				<property name="ActionRight">Skin.SetString(BillboardView_Details_Episodes,All)</property>
				<visible>$PARAM[visible] + $EXP[BillboardView_Details_Plot_Episodes]</visible>
			</item>
			<item>
				<description>Details (Episodes) / All</description>
				<label>$VAR[Copacetic_Chevron_Left] $LOCALIZE[593] $VAR[Copacetic_Chevron_Right]</label>
				<label2>$LOCALIZE[31017] $VAR[Copacetic_Divider_Bold] $LOCALIZE[593]</label2>
				<onclick>SetFocus(501)</onclick>
				<property name="ActionLeft">Skin.SetString(BillboardView_Details_Episodes,TitleAndPlot)</property>
				<property name="ActionRight">Skin.SetString(BillboardView_Details_Episodes,Title)</property>
				<visible>$PARAM[visible] + $EXP[BillboardView_Details_All_Episodes]</visible>
			</item>
			<!-- Artists -->
			<item>
				<description>Details (Artists) / Title</description>
				<label>$VAR[Copacetic_Chevron_Left] $LOCALIZE[31018] $VAR[Copacetic_Chevron_Right]</label>
				<label2>$LOCALIZE[31017] $VAR[Copacetic_Divider_Bold] $LOCALIZE[31018]</label2>
				<onclick>SetFocus(501)</onclick>
				<property name="ActionLeft">Skin.SetString(BillboardView_Details_Artists,All)</property>
				<property name="ActionRight">Skin.SetString(BillboardView_Details_Artists,TitleAndInfo)</property>
				<visible>$PARAM[visible] + $EXP[BillboardView_Details_Title_Artists]</visible>
			</item>
			<item>
				<description>Details (Artists) / Title and Info</description>
				<label>$VAR[Copacetic_Chevron_Left] $LOCALIZE[31019] $VAR[Copacetic_Chevron_Right]</label>
				<label2>$LOCALIZE[31017] $VAR[Copacetic_Divider_Bold] $LOCALIZE[31019]</label2>
				<onclick>SetFocus(501)</onclick>
				<property name="ActionLeft">Skin.SetString(BillboardView_Details_Artists,Title)</property>
				<property name="ActionRight">Skin.SetString(BillboardView_Details_Artists,TitleAndPlot)</property>
				<visible>$PARAM[visible] + $EXP[BillboardView_Details_Info_Artists]</visible>
			</item>
			<item>
				<description>Details (Artists) / Title and Bio</description>
				<label>$VAR[Copacetic_Chevron_Left] $LOCALIZE[31021] $VAR[Copacetic_Chevron_Right]</label>
				<label2>$LOCALIZE[31017] $VAR[Copacetic_Divider_Bold] $LOCALIZE[31021]</label2>
				<onclick>SetFocus(501)</onclick>
				<property name="ActionLeft">Skin.SetString(BillboardView_Details_Artists,TitleAndInfo)</property>
				<property name="ActionRight">Skin.SetString(BillboardView_Details_Artists,All)</property>
				<visible>$PARAM[visible] + $EXP[BillboardView_Details_Plot_Artists]</visible>
			</item>
			<item>
				<description>Details (Artists) / All</description>
				<label>$VAR[Copacetic_Chevron_Left] $LOCALIZE[593] $VAR[Copacetic_Chevron_Right]</label>
				<label2>$LOCALIZE[31017] $VAR[Copacetic_Divider_Bold] $LOCALIZE[593]</label2>
				<onclick>SetFocus(501)</onclick>
				<property name="ActionLeft">Skin.SetString(BillboardView_Details_Artists,TitleAndPlot)</property>
				<property name="ActionRight">Skin.SetString(BillboardView_Details_Artists,Title)</property>
				<visible>$PARAM[visible] + $EXP[BillboardView_Details_All_Artists]</visible>
			</item>
			<!-- Programs_Files -->
			<item>
				<description>Details (Programs_Files) / Title</description>
				<label>$VAR[Copacetic_Chevron_Left] $LOCALIZE[31018] $VAR[Copacetic_Chevron_Right]</label>
				<label2>$LOCALIZE[31017] $VAR[Copacetic_Divider_Bold] $LOCALIZE[31018]</label2>
				<onclick>SetFocus(501)</onclick>
				<property name="ActionLeft">Skin.SetString(BillboardView_Details_Programs_Files,All)</property>
				<property name="ActionRight">Skin.SetString(BillboardView_Details_Programs_Files,TitleAndInfo)</property>
				<visible>$PARAM[visible] + $EXP[BillboardView_Details_Title_Programs_Files]</visible>
			</item>
			<item>
				<description>Details (Programs_Files) / Title and Info</description>
				<label>$VAR[Copacetic_Chevron_Left] $LOCALIZE[31019] $VAR[Copacetic_Chevron_Right]</label>
				<label2>$LOCALIZE[31017] $VAR[Copacetic_Divider_Bold] $LOCALIZE[31019]</label2>
				<onclick>SetFocus(501)</onclick>
				<property name="ActionLeft">Skin.SetString(BillboardView_Details_Programs_Files,Title)</property>
				<property name="ActionRight">Skin.SetString(BillboardView_Details_Programs_Files,TitleAndPlot)</property>
				<visible>$PARAM[visible] + $EXP[BillboardView_Details_Info_Programs_Files]</visible>
			</item>
			<item>
				<description>Details (Programs_Files) / Title and Plot</description>
				<label>$VAR[Copacetic_Chevron_Left] $LOCALIZE[31020] $VAR[Copacetic_Chevron_Right]</label>
				<label2>$LOCALIZE[31017] $VAR[Copacetic_Divider_Bold] $LOCALIZE[31020]</label2>
				<onclick>SetFocus(501)</onclick>
				<property name="ActionLeft">Skin.SetString(BillboardView_Details_Programs_Files,TitleAndInfo)</property>
				<property name="ActionRight">Skin.SetString(BillboardView_Details_Programs_Files,All)</property>
				<visible>$PARAM[visible] + $EXP[BillboardView_Details_Plot_Programs_Files]</visible>
			</item>
			<item>
				<description>Details (Programs_Files) / All</description>
				<label>$VAR[Copacetic_Chevron_Left] $LOCALIZE[593] $VAR[Copacetic_Chevron_Right]</label>
				<label2>$LOCALIZE[31017] $VAR[Copacetic_Divider_Bold] $LOCALIZE[593]</label2>
				<onclick>SetFocus(501)</onclick>
				<property name="ActionLeft">Skin.SetString(BillboardView_Details_Programs_Files,TitleAndPlot)</property>
				<property name="ActionRight">Skin.SetString(BillboardView_Details_Programs_Files,Title)</property>
				<visible>$PARAM[visible] + $EXP[BillboardView_Details_All_Programs_Files]</visible>
			</item>
			<!-- Clearlogos -->
			<!-- Movies -->
			<item>
				<description>Movie logos / Off</description>
				<label>$VAR[Copacetic_Chevron_Left] $LOCALIZE[591] $VAR[Copacetic_Chevron_Right]</label>
				<label2>$LOCALIZE[31023] $VAR[Copacetic_Divider_Bold] $LOCALIZE[591]</label2>
				<onclick>SetFocus(501)</onclick>
				<property name="ActionLeft">Skin.SetString(BillboardView_Logo_Movies,On)</property>
				<property name="ActionRight">Skin.SetString(BillboardView_Logo_Movies,On)</property>
				<visible>$PARAM[visible] + $EXP[BillboardView_Logo_Off_Movies]</visible>
			</item>
			<item>
				<description>Movie logos / On</description>
				<label>$VAR[Copacetic_Chevron_Left] $LOCALIZE[34222] $VAR[Copacetic_Chevron_Right]</label>
				<label2>$LOCALIZE[31023] $VAR[Copacetic_Divider_Bold] $LOCALIZE[34222]</label2>
				<onclick>SetFocus(501)</onclick>
				<property name="ActionLeft">Skin.SetString(BillboardView_Logo_Movies,Off)</property>
				<property name="ActionRight">Skin.SetString(BillboardView_Logo_Movies,Off)</property>
				<visible>$PARAM[visible] + $EXP[BillboardView_Logo_On_Movies]</visible>
			</item>
			<!-- Sets -->
			<item>
				<description>Set logos/ Off</description>
				<label>$VAR[Copacetic_Chevron_Left] $LOCALIZE[591] $VAR[Copacetic_Chevron_Right]</label>
				<label2>Logos/ $LOCALIZE[591]</label2>
				<onclick>SetFocus(501)</onclick>
				<property name="ActionLeft">Skin.SetString(BillboardView_Logo_Sets,On)</property>
				<property name="ActionRight">Skin.SetString(BillboardView_Logo_Sets,On)</property>
				<visible>$PARAM[visible] + $EXP[BillboardView_Logo_Off_Sets]</visible>
			</item>
			<item>
				<description>Set logos/ On</description>
				<label>$VAR[Copacetic_Chevron_Left] $LOCALIZE[34222] $VAR[Copacetic_Chevron_Right]</label>
				<label2>Logos/ $LOCALIZE[34222]</label2>
				<onclick>SetFocus(501)</onclick>
				<property name="ActionLeft">Skin.SetString(BillboardView_Logo_Sets,Off)</property>
				<property name="ActionRight">Skin.SetString(BillboardView_Logo_Sets,Off)</property>
				<visible>$PARAM[visible] + $EXP[BillboardView_Logo_On_Sets]</visible>
			</item>
			<!-- TV shows -->
			<item>
				<description>TV show logos/ Off</description>
				<label>$VAR[Copacetic_Chevron_Left] $LOCALIZE[591] $VAR[Copacetic_Chevron_Right]</label>
				<label2>Logos/ $LOCALIZE[591]</label2>
				<onclick>SetFocus(501)</onclick>
				<property name="ActionLeft">Skin.SetString(BillboardView_Logo_TVShows,On)</property>
				<property name="ActionRight">Skin.SetString(BillboardView_Logo_TVShows,On)</property>
				<visible>$PARAM[visible] + $EXP[BillboardView_Logo_Off_TVShows]</visible>
			</item>
			<item>
				<description>TV show logos/ On</description>
				<label>$VAR[Copacetic_Chevron_Left] $LOCALIZE[34222] $VAR[Copacetic_Chevron_Right]</label>
				<label2>Logos/ $LOCALIZE[34222]</label2>
				<onclick>SetFocus(501)</onclick>
				<property name="ActionLeft">Skin.SetString(BillboardView_Logo_TVShows,Off)</property>
				<property name="ActionRight">Skin.SetString(BillboardView_Logo_TVShows,Off)</property>
				<visible>$PARAM[visible] + $EXP[BillboardView_Logo_On_TVShows]</visible>
			</item>
			<!-- Artists -->
			<item>
				<description>Artist logos/ Off</description>
				<label>$VAR[Copacetic_Chevron_Left] $LOCALIZE[591] $VAR[Copacetic_Chevron_Right]</label>
				<label2>Logos/ $LOCALIZE[591]</label2>
				<onclick>SetFocus(501)</onclick>
				<property name="ActionLeft">Skin.SetString(BillboardView_Logo_Artists,On)</property>
				<property name="ActionRight">Skin.SetString(BillboardView_Logo_Artists,On)</property>
				<visible>$PARAM[visible] + $EXP[BillboardView_Logo_Off_Artists]</visible>
			</item>
			<item>
				<description>Artist logos/ On</description>
				<label>$VAR[Copacetic_Chevron_Left] $LOCALIZE[34222] $VAR[Copacetic_Chevron_Right]</label>
				<label2>Logos/ $LOCALIZE[34222]</label2>
				<onclick>SetFocus(501)</onclick>
				<property name="ActionLeft">Skin.SetString(BillboardView_Logo_Artists,Off)</property>
				<property name="ActionRight">Skin.SetString(BillboardView_Logo_Artists,Off)</property>
				<visible>$PARAM[visible] + $EXP[BillboardView_Logo_On_Artists]</visible>
			</item>
			<!-- Programs_Files -->
			<item>
				<description>Programs_Files logos / Off</description>
				<label>$VAR[Copacetic_Chevron_Left] $LOCALIZE[591] $VAR[Copacetic_Chevron_Right]</label>
				<label2>$LOCALIZE[31023] $VAR[Copacetic_Divider_Bold] $LOCALIZE[591]</label2>
				<onclick>SetFocus(501)</onclick>
				<property name="ActionLeft">Skin.SetString(BillboardView_Logo_Programs_Files,On)</property>
				<property name="ActionRight">Skin.SetString(BillboardView_Logo_Programs_Files,On)</property>
				<visible>$PARAM[visible] + $EXP[BillboardView_Logo_Off_Programs_Files]</visible>
			</item>
			<item>
				<description>Programs_Files logos / On</description>
				<label>$VAR[Copacetic_Chevron_Left] $LOCALIZE[34222] $VAR[Copacetic_Chevron_Right]</label>
				<label2>$LOCALIZE[31023] $VAR[Copacetic_Divider_Bold] $LOCALIZE[34222]</label2>
				<onclick>SetFocus(501)</onclick>
				<property name="ActionLeft">Skin.SetString(BillboardView_Logo_Programs_Files,Off)</property>
				<property name="ActionRight">Skin.SetString(BillboardView_Logo_Programs_Files,Off)</property>
				<visible>$PARAM[visible] + $EXP[BillboardView_Logo_On_Programs_Files]</visible>
			</item>
			<!-- Flags -->
			<!-- Movies -->
			<item>
				<description>Movie flags / Off</description>
				<label>$VAR[Copacetic_Chevron_Left] $LOCALIZE[591] $VAR[Copacetic_Chevron_Right]</label>
				<label2>$LOCALIZE[31024] $VAR[Copacetic_Divider_Bold] $LOCALIZE[591]</label2>
				<onclick>SetFocus(501)</onclick>
				<property name="ActionLeft">Skin.SetString(BillboardView_Flags_Movies,All)</property>
				<property name="ActionRight">Skin.SetString(BillboardView_Flags_Movies,Studio)</property>
				<visible>$PARAM[visible] + $EXP[BillboardView_Flags_Off_Movies]</visible>
			</item>
			<item>
				<description>Movie flags / Studio</description>
				<label>$VAR[Copacetic_Chevron_Left] $LOCALIZE[31025] $VAR[Copacetic_Chevron_Right]</label>
				<label2>$LOCALIZE[31024] $VAR[Copacetic_Divider_Bold] $LOCALIZE[31025]</label2>
				<onclick>SetFocus(501)</onclick>
				<property name="ActionLeft">Skin.SetString(BillboardView_Flags_Movies,Off)</property>
				<property name="ActionRight">Skin.SetString(BillboardView_Flags_Movies,Rating)</property>
				<visible>$PARAM[visible] + $EXP[BillboardView_Flags_Studio_Movies]</visible>
			</item>
			<item>
				<description>Movie flags / Age Rating</description>
				<label>$VAR[Copacetic_Chevron_Left] $LOCALIZE[31026] $VAR[Copacetic_Chevron_Right]</label>
				<label2>$LOCALIZE[31024] $VAR[Copacetic_Divider_Bold] $LOCALIZE[31026]</label2>
				<onclick>SetFocus(501)</onclick>
				<property name="ActionLeft">Skin.SetString(BillboardView_Flags_Movies,Studio)</property>
				<property name="ActionRight">Skin.SetString(BillboardView_Flags_Movies,All)</property>
				<visible>$PARAM[visible] + $EXP[BillboardView_Flags_Rating_Movies]</visible>
			</item>
			<item>
				<description>Movie flags / All</description>
				<label>$VAR[Copacetic_Chevron_Left] $LOCALIZE[593] $VAR[Copacetic_Chevron_Right]</label>
				<label2>$LOCALIZE[31024] $VAR[Copacetic_Divider_Bold] $LOCALIZE[593]</label2>
				<onclick>SetFocus(501)</onclick>
				<property name="ActionLeft">Skin.SetString(BillboardView_Flags_Movies,Rating)</property>
				<property name="ActionRight">Skin.SetString(BillboardView_Flags_Movies,Off)</property>
				<visible>$PARAM[visible] + $EXP[BillboardView_Flags_All_Movies]</visible>
			</item>
			<!-- Sets -->
			<item>
				<description>Set flags / Off</description>
				<label>$VAR[Copacetic_Chevron_Left] $LOCALIZE[591] $VAR[Copacetic_Chevron_Right]</label>
				<label2>$LOCALIZE[31024] $VAR[Copacetic_Divider_Bold] $LOCALIZE[591]</label2>
				<onclick>SetFocus(501)</onclick>
				<property name="ActionLeft">Skin.SetString(BillboardView_Flags_Sets,All)</property>
				<property name="ActionRight">Skin.SetString(BillboardView_Flags_Sets,Studio)</property>
				<visible>$PARAM[visible] + $EXP[BillboardView_Flags_Off_Sets]</visible>
			</item>
			<item>
				<description>Set flags / Studio</description>
				<label>$VAR[Copacetic_Chevron_Left] $LOCALIZE[31025] $VAR[Copacetic_Chevron_Right]</label>
				<label2>$LOCALIZE[31024] $VAR[Copacetic_Divider_Bold] $LOCALIZE[31025]</label2>
				<onclick>SetFocus(501)</onclick>
				<property name="ActionLeft">Skin.SetString(BillboardView_Flags_Sets,Off)</property>
				<property name="ActionRight">Skin.SetString(BillboardView_Flags_Sets,Rating)</property>
				<visible>$PARAM[visible] + $EXP[BillboardView_Flags_Studio_Sets]</visible>
			</item>
			<item>
				<description>Set flags / Age Rating</description>
				<label>$VAR[Copacetic_Chevron_Left] $LOCALIZE[31026] $VAR[Copacetic_Chevron_Right]</label>
				<label2>$LOCALIZE[31024] $VAR[Copacetic_Divider_Bold] $LOCALIZE[31026]</label2>
				<onclick>SetFocus(501)</onclick>
				<property name="ActionLeft">Skin.SetString(BillboardView_Flags_Sets,Studio)</property>
				<property name="ActionRight">Skin.SetString(BillboardView_Flags_Sets,All)</property>
				<visible>$PARAM[visible] + $EXP[BillboardView_Flags_Rating_Sets]</visible>
			</item>
			<item>
				<description>Set flags / All</description>
				<label>$VAR[Copacetic_Chevron_Left] $LOCALIZE[593] $VAR[Copacetic_Chevron_Right]</label>
				<label2>$LOCALIZE[31024] $VAR[Copacetic_Divider_Bold] $LOCALIZE[593]</label2>
				<onclick>SetFocus(501)</onclick>
				<property name="ActionLeft">Skin.SetString(BillboardView_Flags_Sets,Rating)</property>
				<property name="ActionRight">Skin.SetString(BillboardView_Flags_Sets,Off)</property>
				<visible>$PARAM[visible] + $EXP[BillboardView_Flags_All_Sets]</visible>
			</item>
			<!-- TV shows -->
			<item>
				<description>TV show flags / Off</description>
				<label>$VAR[Copacetic_Chevron_Left] $LOCALIZE[591] $VAR[Copacetic_Chevron_Right]</label>
				<label2>$LOCALIZE[31024] $VAR[Copacetic_Divider_Bold] $LOCALIZE[591]</label2>
				<onclick>SetFocus(501)</onclick>
				<property name="ActionLeft">Skin.SetString(BillboardView_Flags_TVShows,All)</property>
				<property name="ActionRight">Skin.SetString(BillboardView_Flags_TVShows,Studio)</property>
				<visible>$PARAM[visible] + $EXP[BillboardView_Flags_Off_TVShows]</visible>
			</item>
			<item>
				<description>TV show flags / Studio</description>
				<label>$VAR[Copacetic_Chevron_Left] $LOCALIZE[31025] $VAR[Copacetic_Chevron_Right]</label>
				<label2>$LOCALIZE[31024] $VAR[Copacetic_Divider_Bold] $LOCALIZE[31025]</label2>
				<onclick>SetFocus(501)</onclick>
				<property name="ActionLeft">Skin.SetString(BillboardView_Flags_TVShows,Off)</property>
				<property name="ActionRight">Skin.SetString(BillboardView_Flags_TVShows,Rating)</property>
				<visible>$PARAM[visible] + $EXP[BillboardView_Flags_Studio_TVShows]</visible>
			</item>
			<item>
				<description>TV show flags / Age Rating</description>
				<label>$VAR[Copacetic_Chevron_Left] $LOCALIZE[31026] $VAR[Copacetic_Chevron_Right]</label>
				<label2>$LOCALIZE[31024] $VAR[Copacetic_Divider_Bold] $LOCALIZE[31026]</label2>
				<onclick>SetFocus(501)</onclick>
				<property name="ActionLeft">Skin.SetString(BillboardView_Flags_TVShows,Studio)</property>
				<property name="ActionRight">Skin.SetString(BillboardView_Flags_TVShows,All)</property>
				<visible>$PARAM[visible] + $EXP[BillboardView_Flags_Rating_TVShows]</visible>
			</item>
			<item>
				<description>TV show flags / All</description>
				<label>$VAR[Copacetic_Chevron_Left] $LOCALIZE[593] $VAR[Copacetic_Chevron_Right]</label>
				<label2>$LOCALIZE[31024] $VAR[Copacetic_Divider_Bold] $LOCALIZE[593]</label2>
				<onclick>SetFocus(501)</onclick>
				<property name="ActionLeft">Skin.SetString(BillboardView_Flags_TVShows,Rating)</property>
				<property name="ActionRight">Skin.SetString(BillboardView_Flags_TVShows,Off)</property>
				<visible>$PARAM[visible] + $EXP[BillboardView_Flags_All_TVShows]</visible>
			</item>
			<!-- Seasons -->
			<item>
				<description>Season flags / Off</description>
				<label>$VAR[Copacetic_Chevron_Left] $LOCALIZE[591] $VAR[Copacetic_Chevron_Right]</label>
				<label2>$LOCALIZE[31024] $VAR[Copacetic_Divider_Bold] $LOCALIZE[591]</label2>
				<onclick>SetFocus(501)</onclick>
				<property name="ActionLeft">Skin.SetString(BillboardView_Flags_Seasons,All)</property>
				<property name="ActionRight">Skin.SetString(BillboardView_Flags_Seasons,Studio)</property>
				<visible>$PARAM[visible] + $EXP[BillboardView_Flags_Off_Seasons]</visible>
			</item>
			<item>
				<description>Season flags / Studio</description>
				<label>$VAR[Copacetic_Chevron_Left] $LOCALIZE[31025] $VAR[Copacetic_Chevron_Right]</label>
				<label2>$LOCALIZE[31024] $VAR[Copacetic_Divider_Bold] $LOCALIZE[31025]</label2>
				<onclick>SetFocus(501)</onclick>
				<property name="ActionLeft">Skin.SetString(BillboardView_Flags_Seasons,Off)</property>
				<property name="ActionRight">Skin.SetString(BillboardView_Flags_Seasons,Rating)</property>
				<visible>$PARAM[visible] + $EXP[BillboardView_Flags_Studio_Seasons]</visible>
			</item>
			<item>
				<description>Season flags / Age Rating</description>
				<label>$VAR[Copacetic_Chevron_Left] $LOCALIZE[31026] $VAR[Copacetic_Chevron_Right]</label>
				<label2>$LOCALIZE[31024] $VAR[Copacetic_Divider_Bold] $LOCALIZE[31026]</label2>
				<onclick>SetFocus(501)</onclick>
				<property name="ActionLeft">Skin.SetString(BillboardView_Flags_Seasons,Studio)</property>
				<property name="ActionRight">Skin.SetString(BillboardView_Flags_Seasons,All)</property>
				<visible>$PARAM[visible] + $EXP[BillboardView_Flags_Rating_Seasons]</visible>
			</item>
			<item>
				<description>Season flags / All</description>
				<label>$VAR[Copacetic_Chevron_Left] $LOCALIZE[593] $VAR[Copacetic_Chevron_Right]</label>
				<label2>$LOCALIZE[31024] $VAR[Copacetic_Divider_Bold] $LOCALIZE[593]</label2>
				<onclick>SetFocus(501)</onclick>
				<property name="ActionLeft">Skin.SetString(BillboardView_Flags_Seasons,Rating)</property>
				<property name="ActionRight">Skin.SetString(BillboardView_Flags_Seasons,Off)</property>
				<visible>$PARAM[visible] + $EXP[BillboardView_Flags_All_Seasons]</visible>
			</item>
			<!-- Episodes -->
			<item>
				<description>Episode flags / Off</description>
				<label>$VAR[Copacetic_Chevron_Left] $LOCALIZE[591] $VAR[Copacetic_Chevron_Right]</label>
				<label2>$LOCALIZE[31024] $VAR[Copacetic_Divider_Bold] $LOCALIZE[591]</label2>
				<onclick>SetFocus(501)</onclick>
				<property name="ActionLeft">Skin.SetString(BillboardView_Flags_Episodes,All)</property>
				<property name="ActionRight">Skin.SetString(BillboardView_Flags_Episodes,Studio)</property>
				<visible>$PARAM[visible] + $EXP[BillboardView_Flags_Off_Episodes]</visible>
			</item>
			<item>
				<description>Episode flags / Studio</description>
				<label>$VAR[Copacetic_Chevron_Left] $LOCALIZE[31025] $VAR[Copacetic_Chevron_Right]</label>
				<label2>$LOCALIZE[31024] $VAR[Copacetic_Divider_Bold] $LOCALIZE[31025]</label2>
				<onclick>SetFocus(501)</onclick>
				<property name="ActionLeft">Skin.SetString(BillboardView_Flags_Episodes,Off)</property>
				<property name="ActionRight">Skin.SetString(BillboardView_Flags_Episodes,Rating)</property>
				<visible>$PARAM[visible] + $EXP[BillboardView_Flags_Studio_Episodes]</visible>
			</item>
			<item>
				<description>Episode flags / Age Rating</description>
				<label>$VAR[Copacetic_Chevron_Left] $LOCALIZE[31026] $VAR[Copacetic_Chevron_Right]</label>
				<label2>$LOCALIZE[31024] $VAR[Copacetic_Divider_Bold] $LOCALIZE[31026]</label2>
				<onclick>SetFocus(501)</onclick>
				<property name="ActionLeft">Skin.SetString(BillboardView_Flags_Episodes,Studio)</property>
				<property name="ActionRight">Skin.SetString(BillboardView_Flags_Episodes,All)</property>
				<visible>$PARAM[visible] + $EXP[BillboardView_Flags_Rating_Episodes]</visible>
			</item>
			<item>
				<description>Episode flags / All</description>
				<label>$VAR[Copacetic_Chevron_Left] $LOCALIZE[593] $VAR[Copacetic_Chevron_Right]</label>
				<label2>$LOCALIZE[31024] $VAR[Copacetic_Divider_Bold] $LOCALIZE[593]</label2>
				<onclick>SetFocus(501)</onclick>
				<property name="ActionLeft">Skin.SetString(BillboardView_Flags_Episodes,Rating)</property>
				<property name="ActionRight">Skin.SetString(BillboardView_Flags_Episodes,Off)</property>
				<visible>$PARAM[visible] + $EXP[BillboardView_Flags_All_Episodes]</visible>
			</item>
			<!-- Programs_Files -->
			<item>
				<description>Program flags / Off</description>
				<label>$VAR[Copacetic_Chevron_Left] $LOCALIZE[591] $VAR[Copacetic_Chevron_Right]</label>
				<label2>$LOCALIZE[31024] $VAR[Copacetic_Divider_Bold] $LOCALIZE[591]</label2>
				<onclick>SetFocus(501)</onclick>
				<property name="ActionLeft">Skin.SetString(BillboardView_Flags_Programs_Files,All)</property>
				<property name="ActionRight">Skin.SetString(BillboardView_Flags_Programs_Files,Studio)</property>
				<visible>$PARAM[visible] + $EXP[BillboardView_Flags_Off_Programs_Files]</visible>
			</item>
			<item>
				<description>Program flags / Studio</description>
				<label>$VAR[Copacetic_Chevron_Left] $LOCALIZE[31025] $VAR[Copacetic_Chevron_Right]</label>
				<label2>$LOCALIZE[31024] $VAR[Copacetic_Divider_Bold] $LOCALIZE[31025]</label2>
				<onclick>SetFocus(501)</onclick>
				<property name="ActionLeft">Skin.SetString(BillboardView_Flags_Programs_Files,Off)</property>
				<property name="ActionRight">Skin.SetString(BillboardView_Flags_Programs_Files,Rating)</property>
				<visible>$PARAM[visible] + $EXP[BillboardView_Flags_Studio_Programs_Files]</visible>
			</item>
			<item>
				<description>Program flags / Age Rating</description>
				<label>$VAR[Copacetic_Chevron_Left] $LOCALIZE[31026] $VAR[Copacetic_Chevron_Right]</label>
				<label2>$LOCALIZE[31024] $VAR[Copacetic_Divider_Bold] $LOCALIZE[31026]</label2>
				<onclick>SetFocus(501)</onclick>
				<property name="ActionLeft">Skin.SetString(BillboardView_Flags_Programs_Files,Studio)</property>
				<property name="ActionRight">Skin.SetString(BillboardView_Flags_Programs_Files,All)</property>
				<visible>$PARAM[visible] + $EXP[BillboardView_Flags_Rating_Programs_Files]</visible>
			</item>
			<item>
				<description>Program flags / All</description>
				<label>$VAR[Copacetic_Chevron_Left] $LOCALIZE[593] $VAR[Copacetic_Chevron_Right]</label>
				<label2>$LOCALIZE[31024] $VAR[Copacetic_Divider_Bold] $LOCALIZE[593]</label2>
				<onclick>SetFocus(501)</onclick>
				<property name="ActionLeft">Skin.SetString(BillboardView_Flags_Programs_Files,Rating)</property>
				<property name="ActionRight">Skin.SetString(BillboardView_Flags_Programs_Files,Off)</property>
				<visible>$PARAM[visible] + $EXP[BillboardView_Flags_All_Programs_Files]</visible>
			</item>
		</definition>
	</include>
</includes>
