<?xml version="1.0" encoding="UTF-8"?>
<window>
	<!-- osdvideosettings, osdaudiosettings, networksetup, profilesettings, locksettings, contentsettings, libexportsettings, peripheralsettings, mediafilter, osdcmssettings, infoprovidersettings, osdsubtitlesettings, pvrtimersetting, pvrrecordingsettings, gamevideofilter -->
	<defaultcontrol always="true">5</defaultcontrol>
	<include content="WindowOpenClose_Fade_Delayed_Animation" />
	<controls>
		<include content="Default_Settings_Controls" />
		<include content="Default_Dialog_Panel_Layout">
			<param name="visible" value="![Window.IsVisible(shutdownmenu) | Window.IsVisible(sliderdialog) | Window.IsVisible(yesnodialog) | Window.IsVisible(selectdialog) | Window.IsVisible(filebrowser) | Window.IsVisible(subtitlesearch) | Window.IsVisible(virtualkeyboard)]" />
			<param name="panel_edge_top" value="240" />
			<param name="panel_edge_bottom" value="240" />
			<include content="Breadcrumb_Label">
				<param name="title_label_id" value="2" />
			</include>
			<include content="Settings_Grouplist_Template">
				<param name="id" value="5" />
				<param name="height" value="542" />
				<param name="left" value="360" />
				<param name="width" value="1200" />
				<param name="align" value="center" />
				<param name="onleft" value="4000" />
				<param name="onright" value="4000" />
				<param name="scrollbar_height" value="540" />
				<param name="scrollbar_visible" value="true" />
			</include>
			<include content="Button_Group_Template">
				<param name="onup" value="5" />
				<param name="onleft" value="5" />
				<param name="onright" value="5" />
				<param name="ondown" value="5" />
				<param name="button1" value="true" />
				<param name="button1_id" value="30" />
				<param name="button1_texture" value="Refresh" />
				<param name="button2" value="true" />
				<param name="button2_id" value="29" />
				<param name="button2_texture" value="Cross" />
				<param name="button3" value="true" />
				<param name="button3_id" value="28" />
				<param name="button3_texture" value="Check" />
			</include>
		</include>
	</controls>
</window>