<?xml version="1.0" encoding="UTF-8"?>
<includes>

	<include name="profiles_Left_List_Content">
		<control type="button" id="100">
			<onright>501</onright>
			<label>$LOCALIZE[128]</label>
			<usealttexture>!Control.HasFocus(500)</usealttexture>
			<texturefocus />
		</control>
		<control type="togglebutton" id="101">
			<onright>2</onright>
			<label>$LOCALIZE[13200]</label>
			<texturefocus />
		</control>
	</include>

	<include name="profiles_Right_List_Content">
		<control type="radiobutton" id="4">
			<description>Enable login screen</description>
			<label>20096</label>
		</control>
		<control type="button" id="5">
			<description>Auto login</description>
			<label>33084</label>
			<label2>$INFO[System.ProfileAutoLogin]</label2>
			<enable>!System.HasLoginScreen</enable>
		</control>
	</include>

	<include name="skinsettings_Left_List_Content">
		<control type="button" id="10">
			<description>Menus</description>
			<label>$LOCALIZE[31402]</label>
			<texturefocus />
		</control>
		<control type="button" id="11">
			<description>Home</description>
			<label>$LOCALIZE[31400]</label>
			<texturefocus />
		</control>
		<control type="button" id="12">
			<description>Widgets</description>
			<visible>Skin.HasSetting(Widgets_Enabled)</visible>
			<label>$LOCALIZE[31419]</label>
			<texturefocus />
		</control>
		<control type="button" id="14">
			<description>Look and feel</description>
			<label>$LOCALIZE[24997]</label>
			<texturefocus />
		</control>
		<control type="button" id="13">
			<description>Views</description>
			<label>$LOCALIZE[31422]</label>
			<texturefocus />
		</control>
		<control type="button" id="15">
			<description>Extras</description>
			<label>$LOCALIZE[31432]</label>
			<texturefocus />
		</control>
		<control type="button" id="16">
			<description>Experiments</description>
			<label>$LOCALIZE[31463]</label>
			<texturefocus />
		</control>
	</include>

	<include name="skinsettings_Right_List_Content_Home">
		<!-- Menus -->
		<control type="button" id="1001">
			<description>Configure home menu</description>
			<label>$LOCALIZE[31403]</label>
			<onclick>RunScript(script.skinshortcuts,type=manage&amp;group=mainmenu)</onclick>
			<visible>!ControlGroup(9).HasFocus(11) + !ControlGroup(9).HasFocus(12) + !ControlGroup(9).HasFocus(13) + !ControlGroup(9).HasFocus(14) + !ControlGroup(9).HasFocus(15) + !ControlGroup(9).HasFocus(16)</visible>
		</control>
		<control type="button" id="1002">
			<description>Configure shutdown menu</description>
			<label>$LOCALIZE[31404]</label>
			<onclick>RunScript(script.skinshortcuts,type=manage&amp;group=shutdownmenu)</onclick>
			<visible>!ControlGroup(9).HasFocus(11) + !ControlGroup(9).HasFocus(12) + !ControlGroup(9).HasFocus(13) + !ControlGroup(9).HasFocus(14) + !ControlGroup(9).HasFocus(15) + !ControlGroup(9).HasFocus(16)</visible>
		</control>
		<control type="button" id="1003">
			<description>- Reset home menu</description>
			<label>- $LOCALIZE[31405]</label>
			<onclick>RunScript(script.skinshortcuts,type=resetall)</onclick>
			<visible>!ControlGroup(9).HasFocus(11) + !ControlGroup(9).HasFocus(12) + !ControlGroup(9).HasFocus(13) + !ControlGroup(9).HasFocus(14) + !ControlGroup(9).HasFocus(15) + !ControlGroup(9).HasFocus(16)</visible>
		</control>
		<!--Home-->
		<control type="label" id="1100">
			<description>Layout</description>
			<include content="skinsettings_Default_Label" />
			<textcolor>$VAR[Unfocused_Color]</textcolor>
			<label>$LOCALIZE[31009]</label>
			<visible>ControlGroup(9).HasFocus(11)</visible>
		</control>
		<control type="radiobutton" id="1103">
			<description>Enable widgets</description>
			<label>$LOCALIZE[31406]</label>
			<onclick>Skin.ToggleSetting(Widgets_Enabled)</onclick>
			<selected>Skin.HasSetting(Widgets_Enabled)</selected>
			<visible>ControlGroup(9).HasFocus(11)</visible>
		</control>
		<control type="button" id="1104">
			<description>- Reset widgets</description>
			<label>- $LOCALIZE[31407]</label>
			<onclick>RunScript(script.copacetic.helper,action=dialog_yesno,heading=$LOCALIZE[31407],message=$LOCALIZE[31408],yes_actions=SetFocus(4200))</onclick>
			<visible>ControlGroup(9).HasFocus(11) + Skin.HasSetting(Widgets_Enabled) + System.AddonIsEnabled(script.copacetic.helper)</visible>
		</control>
		<control type="label" id="1105">
			<description>Background</description>
			<include content="skinsettings_Default_Label" />
			<textcolor>$VAR[Unfocused_Color]</textcolor>
			<label>$LOCALIZE[31401]</label>
			<visible>ControlGroup(9).HasFocus(11)</visible>
		</control>
		<control type="radiobutton" id="1106">
			<description>Override home menu artwork</description>
			<label>$LOCALIZE[31409]</label>
			<onclick>Skin.ToggleSetting(Home_Background_Override_Enabled)</onclick>
			<selected>Skin.HasSetting(Home_Background_Override_Enabled)</selected>
			<visible>ControlGroup(9).HasFocus(11)</visible>
		</control>
		<control type="button" id="1107">
			<description>Chooose artwork source for override...</description>
			<label>$VAR[skinsettings_Home_Background_Override_Source_Label,- ]</label>
			<onclick>Skin.SelectBool(31464, 31466|Home_Background_Override_Global, 31467|Home_Background_Override_Videos, 342|Home_Background_Override_Movies, 20343|Home_Background_Override_TVShows, 133|Home_Background_Override_Artists, 31468|Home_Background_Override_Custom)</onclick>
			<visible>ControlGroup(9).HasFocus(11) + Skin.HasSetting(Home_Background_Override_Enabled)</visible>
		</control>
		<control type="button" id="1108">
			<description>- Choose a custom path</description>
			<label>$VAR[skinsettings_Home_Background_Override_Path_Label, - ]</label>
			<onclick>RunScript(script.skinshortcuts,type=shortcuts&amp;custom=True&amp;showNone=False&amp;skinList=Home_Background_Override_Path)</onclick>
			<visible>ControlGroup(9).HasFocus(11) + Skin.HasSetting(Home_Background_Override_Enabled) + Skin.HasSetting(Home_Background_Override_Custom)</visible>
		</control>
		<control type="button" id="1109">
			<description>Set artwork brightness</description>
			<label>$LOCALIZE[31411]</label>
			<onclick>Skin.SelectBool(746, 31412|Home_Screen_Opacity_50, 31413|Home_Screen_Opacity_33, 31414|Home_Screen_Opacity_25)</onclick>
			<visible>ControlGroup(9).HasFocus(11)</visible>
		</control>
		<control type="radiobutton" id="1110">
			<description>Add movement to background</description>
			<label>$LOCALIZE[31415]</label>
			<onclick>Skin.ToggleSetting(Home_Ken_Burns_Effect)</onclick>
			<selected>Skin.HasSetting(Home_Ken_Burns_Effect)</selected>
			<visible>ControlGroup(9).HasFocus(11)</visible>
		</control>
		<control type="radiobutton" id="1111">
			<description>Enable screensaver</description>
			<label>$LOCALIZE[31416]</label>
			<onclick>Skin.ToggleSetting(Home_Screensaver_Enabled)</onclick>
			<selected>Skin.HasSetting(Home_Screensaver_Enabled)</selected>
			<visible>ControlGroup(9).HasFocus(11)</visible>
		</control>
		<control type="radiobutton" id="1112">
			<description> - Show clearlogo</description>
			<label>- $LOCALIZE[31417]</label>
			<onclick>Skin.ToggleSetting(Home_Screensaver_Clearlogo_Enabled)</onclick>
			<selected>Skin.HasSetting(Home_Screensaver_Clearlogo_Enabled)</selected>
			<visible>ControlGroup(9).HasFocus(11) + Skin.HasSetting(Home_Screensaver_Enabled)</visible>
		</control>
		<control type="radiobutton" id="1113">
			<description>Hide clock</description>
			<label>$LOCALIZE[31418]</label>
			<onclick>Skin.ToggleSetting(Hide_Home_Clock)</onclick>
			<selected>Skin.HasSetting(Hide_Home_Clock)</selected>
			<visible>ControlGroup(9).HasFocus(11)</visible>
		</control>
		<!-- Widgets -->
		<include content="Widget_Settings">
			<param name="previous_widget_position" value="9" />
			<param name="widget_position" value="1" />
			<param name="next_widget_position" value="2" />
		</include>
		<include content="Widget_Settings">
			<param name="previous_widget_position" value="1" />
			<param name="widget_position" value="2" />
			<param name="next_widget_position" value="3" />
		</include>
		<include content="Widget_Settings">
			<param name="previous_widget_position" value="2" />
			<param name="widget_position" value="3" />
			<param name="next_widget_position" value="4" />
		</include>
		<include content="Widget_Settings">
			<param name="previous_widget_position" value="3" />
			<param name="widget_position" value="4" />
			<param name="next_widget_position" value="5" />
		</include>
		<include content="Widget_Settings">
			<param name="previous_widget_position" value="4" />
			<param name="widget_position" value="5" />
			<param name="next_widget_position" value="6" />
		</include>
		<include content="Widget_Settings">
			<param name="previous_widget_position" value="5" />
			<param name="widget_position" value="6" />
			<param name="next_widget_position" value="7" />
		</include>
		<include content="Widget_Settings">
			<param name="previous_widget_position" value="6" />
			<param name="widget_position" value="7" />
			<param name="next_widget_position" value="8" />
		</include>
		<include content="Widget_Settings">
			<param name="previous_widget_position" value="7" />
			<param name="widget_position" value="8" />
			<param name="next_widget_position" value="9" />
		</include>
		<include content="Widget_Settings">
			<param name="previous_widget_position" value="8" />
			<param name="widget_position" value="9" />
			<param name="next_widget_position" value="1" />
		</include>
		<!-- Views -->
		<control type="label" id="1301">
			<description>Billboard</description>
			<include content="skinsettings_Default_Label" />
			<textcolor>$VAR[Unfocused_Color]</textcolor>
			<label>$LOCALIZE[31005]</label>
			<visible>ControlGroup(9).HasFocus(13)</visible>
		</control>
		<control type="radiobutton" id="1302">
			<description>Billboard - Videos/Music</description>
			<label>$LOCALIZE[31455]</label>
			<onclick>Skin.ToggleSetting(BillboardView_Enabled)</onclick>
			<selected>Skin.HasSetting(BillboardView_Enabled)</selected>
			<visible>ControlGroup(9).HasFocus(13)</visible>
		</control>
			<control type="radiobutton" id="1303">
			<description>Billboard - Addons/Programs</description>
			<label>$LOCALIZE[31456]</label>
			<onclick>Skin.ToggleSetting(BillboardView_Enabled_Addons)</onclick>
			<selected>Skin.HasSetting(BillboardView_Enabled_Addons)</selected>
			<visible>ControlGroup(9).HasFocus(13)</visible>
		</control>
		<control type="label" id="1304">
			<description>Showcase</description>
			<include content="skinsettings_Default_Label" />
			<textcolor>$VAR[Unfocused_Color]</textcolor>
			<label>$LOCALIZE[31006]</label>
			<visible>ControlGroup(9).HasFocus(13)</visible>
		</control>
		<control type="radiobutton" id="1305">
			<description>Showcase - Videos/Music</description>
			<label>$LOCALIZE[31455]</label>
			<onclick>Skin.ToggleSetting(ShowcaseView_Enabled)</onclick>
			<selected>Skin.HasSetting(ShowcaseView_Enabled)</selected>
			<visible>ControlGroup(9).HasFocus(13)</visible>
		</control>
		<control type="radiobutton" id="1306">
			<description>Showcase - Pictures</description>
			<label>$LOCALIZE[31457]</label>
			<onclick>Skin.ToggleSetting(ShowcaseView_Enabled_Pictures)</onclick>
			<selected>Skin.HasSetting(ShowcaseView_Enabled_Pictures)</selected>
			<visible>ControlGroup(9).HasFocus(13)</visible>
		</control>
		<control type="radiobutton" id="1307">
			<description>Showcase - Addons/Programs</description>
			<label>$LOCALIZE[31456]</label>
			<onclick>Skin.ToggleSetting(ShowcaseView_Enabled_Addons)</onclick>
			<selected>Skin.HasSetting(ShowcaseView_Enabled_Addons)</selected>
			<visible>ControlGroup(9).HasFocus(13)</visible>
		</control>
		<control type="label" id="1308">
			<description>Strip</description>
			<include content="skinsettings_Default_Label" />
			<textcolor>$VAR[Unfocused_Color]</textcolor>
			<label>$LOCALIZE[31007]</label>
			<visible>ControlGroup(9).HasFocus(13)</visible>
		</control>
		<control type="radiobutton" id="1309">
			<description>Strip - Videos/Music</description>
			<label>$LOCALIZE[31455]</label>
			<onclick>Skin.ToggleSetting(StripView_Enabled)</onclick>
			<selected>Skin.HasSetting(StripView_Enabled)</selected>
			<visible>ControlGroup(9).HasFocus(13)</visible>
		</control>
		<control type="radiobutton" id="1310">
			<description>Strip - Pictures</description>
			<label>$LOCALIZE[31457]</label>
			<onclick>Skin.ToggleSetting(StripView_Enabled_Pictures)</onclick>
			<selected>Skin.HasSetting(StripView_Enabled_Pictures)</selected>
			<visible>ControlGroup(9).HasFocus(13)</visible>
		</control>
		<control type="radiobutton" id="1311">
			<description>Strip - Addons/Programs</description>
			<label>$LOCALIZE[31456]</label>
			<onclick>Skin.ToggleSetting(StripView_Enabled_Addons)</onclick>
			<selected>Skin.HasSetting(StripView_Enabled_Addons)</selected>
			<visible>ControlGroup(9).HasFocus(13)</visible>
		</control>
		<control type="label" id="1312">
			<description>Grid</description>
			<include content="skinsettings_Default_Label" />
			<textcolor>$VAR[Unfocused_Color]</textcolor>
			<label>$LOCALIZE[31008]</label>
			<visible>ControlGroup(9).HasFocus(13)</visible>
		</control>
		<control type="radiobutton" id="1313">
			<description>Grid - Videos/Music</description>
			<label>$LOCALIZE[31455]</label>
			<onclick>Skin.ToggleSetting(GridView_Enabled)</onclick>
			<selected>Skin.HasSetting(GridView_Enabled)</selected>
			<visible>ControlGroup(9).HasFocus(13)</visible>
		</control>
		<control type="radiobutton" id="1314">
			<description>Grid - Pictures</description>
			<label>$LOCALIZE[31457]</label>
			<onclick>Skin.ToggleSetting(GridView_Enabled_Pictures)</onclick>
			<selected>Skin.HasSetting(GridView_Enabled_Pictures)</selected>
			<visible>ControlGroup(9).HasFocus(13)</visible>
		</control>
		<control type="radiobutton" id="1315">
			<description>Grid - Addons/Programs</description>
			<label>$LOCALIZE[31456]</label>
			<onclick>Skin.ToggleSetting(GridView_Enabled_Addons)</onclick>
			<selected>Skin.HasSetting(GridView_Enabled_Addons)</selected>
			<visible>ControlGroup(9).HasFocus(13)</visible>
		</control>
		<control type="radiobutton" id="1316">
			<description>Dim thumbnails for watched listitems</description>
			<label>$LOCALIZE[31423]</label>
			<onclick>Skin.ToggleSetting(GridView_WatchedStatus_Enabled)</onclick>
			<selected>Skin.HasSetting(GridView_WatchedStatus_Enabled)</selected>
			<visible>ControlGroup(9).HasFocus(13) + Skin.HasSetting(GridView_Enabled)</visible>
		</control>
		<control type="radiobutton" id="1317">
			<description>Checkmarks instead of completed progresss bar for watched items</description>
			<label>$LOCALIZE[31461]</label>
			<onclick>Skin.ToggleSetting(GridView_AltWatchedStatus_Enabled)</onclick>
			<selected>Skin.HasSetting(GridView_AltWatchedStatus_Enabled)</selected>
			<visible>ControlGroup(9).HasFocus(13) + Skin.HasSetting(GridView_Enabled)</visible>
		</control>
		<!-- Look and feel -->
		<control type="label" id="1400">
			<description>Global</description>
			<include content="skinsettings_Default_Label" />
			<textcolor>$VAR[Unfocused_Color]</textcolor>
			<label>$LOCALIZE[31424]</label>
			<visible>ControlGroup(9).HasFocus(14)</visible>
		</control>
		<control type="radiobutton" id="1401">
			<description>Theme</description>
			<label>$LOCALIZE[15111] / $VAR[Theme_Label]</label>
			<selected>!Skin.String(Theme,Light)</selected>
			<onclick condition="!Skin.String(Theme,Light)">Skin.SetString(Theme,Light)</onclick>
			<onclick condition="Skin.String(Theme,Light)">Skin.SetString(Theme,Dark)</onclick>
			<textureradioonfocus />
			<textureradioofffocus />
			<textureradioonnofocus />
			<textureradiooffnofocus />
			<textureradioondisabled />
			<textureradiooffdisabled />
			<visible>ControlGroup(9).HasFocus(14)</visible>
		</control>
		<control type="colorbutton" id="1402">
			<description>Accent colour</description>
			<label>$LOCALIZE[31458]</label>
			<onclick>Skin.SetColor(User_Defined_Accent_Color,$LOCALIZE[31459],ff5174)</onclick>
			<visible>ControlGroup(9).HasFocus(14)</visible>
			<colorbox>$VAR[Accent_Color]</colorbox>
		</control>
		<control type="radiobutton" id="1403">
			<description>Dark text over accent colour</description>
			<label>- $LOCALIZE[31462]</label>
			<onclick>Skin.ToggleSetting(Dark_Text_Over_Accent_Color)</onclick>
			<selected>Skin.HasSetting(Dark_Text_Over_Accent_Color)</selected>
			<visible>ControlGroup(9).HasFocus(14) + !Skin.String(User_Defined_Accent_Color,copacetic_accent_color)</visible>
		</control>
		<control type="button" id="1404">
			<description>Reset accent colour to Copacetic default</description>
			<label>- $LOCALIZE[31460]</label>
			<onclick>Skin.SetString(User_Defined_Accent_Color,copacetic_accent_color)</onclick>
			<onclick>SetFocus(1402)</onclick>
			<visible>ControlGroup(9).HasFocus(14) + !Skin.String(User_Defined_Accent_Color,copacetic_accent_color)</visible>
		</control>
		<control type="radiobutton" id="1405">
			<description>Enable background fanart slideshow</description>
			<label>$LOCALIZE[31425]</label>
			<onclick>Skin.ToggleSetting(Background_Disabled)</onclick>
			<selected>!Skin.HasSetting(Background_Disabled)</selected>
			<visible>ControlGroup(9).HasFocus(14)</visible>
		</control>
		<control type="button" id="1407">
			<description>Choose preferred classification ratings...</description>
			<label>$VAR[skinsettings_Preferred_MPAA_Label]</label>
			<label2>$VAR[skinsettings_Preferred_MPAA_Label2]</label2>
			<onclick>Skin.SelectBool(31600, 31601|Preferred_Rating_BBFC, 31602|Preferred_Rating_MPAA, 31604|Preferred_Rating_CHVRS, 31603|Preferred_Rating_ACB, 31605|Preferred_Rating_DJCTQ, 31606|Preferred_Rating_EIRIN, 31607|Preferred_Rating_FSK, 31609|Preferred_Rating_KIJKWIJZER)</onclick>
			<visible>ControlGroup(9).HasFocus(14)</visible>
		</control>
		<control type="label" id="1408">
			<description>Views</description>
			<include content="skinsettings_Default_Label" />
			<textcolor>$VAR[Unfocused_Color]</textcolor>
			<label>$LOCALIZE[31422]</label>
			<visible>ControlGroup(9).HasFocus(14)</visible>
		</control>
		<control type="radiobutton" id="1409">
			<description>Prefer keyart for poster views</description>
			<label>$LOCALIZE[31426]</label>
			<onclick>Skin.ToggleSetting(Prefer_Keyart)</onclick>
			<selected>Skin.HasSetting(Prefer_Keyart)</selected>
			<visible>ControlGroup(9).HasFocus(14)</visible>
		</control>
		<control type="radiobutton" id="1410">
			<description>Show unwatched episodes count</description>
			<label>$LOCALIZE[31427]</label>
			<onclick>Skin.ToggleSetting(Unwatched_Indicator)</onclick>
			<selected>Skin.HasSetting(Unwatched_Indicator)</selected>
			<visible>ControlGroup(9).HasFocus(14)</visible>
		</control>
		<control type="radiobutton" id="1411">
			<description>Scroll by sort letter</description>
			<label>$LOCALIZE[31431]</label>
			<onclick>Skin.ToggleSetting(SortLetter_Enabled)</onclick>
			<selected>Skin.HasSetting(SortLetter_Enabled)</selected>
			<visible>ControlGroup(9).HasFocus(14)</visible>
		</control>
		<control type="button" id="1412">
			<description>Liked song rating threshold (1-10)</description>
			<label>$LOCALIZE[31453]</label>
			<label2>$INFO[Skin.String(Music_Rating_Like_Threshold)] </label2>
			<onclick>Skin.SetNumeric(Music_Rating_Like_Threshold)</onclick>
			<visible>ControlGroup(9).HasFocus(14)</visible>
		</control>
		<control type="label" id="1413">
			<description>Player</description>
			<include content="skinsettings_Default_Label" />
			<textcolor>$VAR[Unfocused_Color]</textcolor>
			<label>$LOCALIZE[14200]</label>
			<visible>ControlGroup(9).HasFocus(14)</visible>
		</control>
		<control type="radiobutton" id="1414">
			<description>Disable video player progress bar on pause screen</description>
			<label>$LOCALIZE[31429]</label>
			<onclick>Skin.ToggleSetting(Player_Progress_Disabled)</onclick>
			<selected>Skin.HasSetting(Player_Progress_Disabled)</selected>
			<visible>ControlGroup(9).HasFocus(14)</visible>
		</control>
		<control type="radiobutton" id="1415">
			<description>Show info on pause screen</description>
			<label>$LOCALIZE[31430]</label>
			<onclick>Skin.ToggleSetting(Pause_Screen_Info_Enabled)</onclick>
			<selected>Skin.HasSetting(Pause_Screen_Info_Enabled)</selected>
			<visible>ControlGroup(9).HasFocus(14)</visible>
		</control>
		<!-- Extras -->
		<control type="radiobutton" id="1501">
			<description>Enable embedded lists</description>
			<label>$LOCALIZE[31433]</label>
			<onclick>Skin.ToggleSetting(Secondary_List_Enabled)</onclick>
			<selected>Skin.HasSetting(Secondary_List_Enabled)</selected>
			<visible>ControlGroup(9).HasFocus(15)</visible>
		</control>
		<control type="radiobutton" id="1502">
			<description>Enable embedded music player</description>
			<label>$LOCALIZE[31434]</label>
			<onclick>Skin.ToggleSetting(Music_Player_Enabled)</onclick>
			<selected>Skin.HasSetting(Music_Player_Enabled)</selected>
			<visible>ControlGroup(9).HasFocus(15)</visible>
		</control>
		<control type="radiobutton" id="1503">
			<description>Enable multiart slideshows</description>
			<label>$LOCALIZE[31435]</label>
			<onclick>Skin.ToggleSetting(Multiart_Slideshow)</onclick>
			<selected>Skin.HasSetting(Multiart_Slideshow)</selected>
			<visible>ControlGroup(9).HasFocus(15)</visible>
		</control>
		<control type="button" id="1504">
			<description>Set refresh interval</description>
			<label>- $VAR[Multiart_Refresh_Interval_Label]</label>
			<onclick>Skin.SelectBool(31437, 31438|3_Second_Slideshow, 31439|4_Second_Slideshow, 31440|5_Second_Slideshow, 31441|7_Second_Slideshow, 31442|10_Second_Slideshow)</onclick>
			<visible>ControlGroup(9).HasFocus(15) + Skin.HasSetting(Multiart_Slideshow)</visible>
		</control>
		<control type="radiobutton" id="1505">
			<description>Enable autoplay trailers</description>
			<label>$LOCALIZE[31443]</label>
			<onclick>Skin.ToggleSetting(Trailer_Autoplay)</onclick>
			<selected>Skin.HasSetting(Trailer_Autoplay)</selected>
			<visible>ControlGroup(9).HasFocus(15)</visible>
		</control>
		<control type="radiobutton" id="1506">
			<description>Home</description>
			<label>- $LOCALIZE[31444]</label>
			<selected>Skin.String(Trailer_Autoplay_Home_Enabled,true)</selected>
			<onclick condition="Skin.String(Trailer_Autoplay_Home_Enabled,true)">Skin.SetString(Trailer_Autoplay_Home_Enabled,false)</onclick>
			<onclick condition="!Skin.String(Trailer_Autoplay_Home_Enabled,true)">Skin.SetString(Trailer_Autoplay_Home_Enabled,true)</onclick>
			<visible>ControlGroup(9).HasFocus(15) + Skin.HasSetting(Trailer_Autoplay)</visible>
		</control>
		<control type="radiobutton" id="1507">
			<description>Videos / Movies</description>
			<label>- $LOCALIZE[31445]</label>
			<selected>Skin.String(Trailer_Autoplay_Movies_Enabled,true)</selected>
			<onclick condition="Skin.String(Trailer_Autoplay_Movies_Enabled,true)">Skin.SetString(Trailer_Autoplay_Movies_Enabled,false)</onclick>
			<onclick condition="!Skin.String(Trailer_Autoplay_Movies_Enabled,true)">Skin.SetString(Trailer_Autoplay_Movies_Enabled,true)</onclick>
			<visible>ControlGroup(9).HasFocus(15) + Skin.HasSetting(Trailer_Autoplay)</visible>
		</control>
		<control type="radiobutton" id="1508">
			<description>Videos / TV shows</description>
			<label>- $LOCALIZE[31446]</label>
			<selected>Skin.String(Trailer_Autoplay_TVShows_Enabled,true)</selected>
			<onclick condition="Skin.String(Trailer_Autoplay_TVShows_Enabled,true)">Skin.SetString(Trailer_Autoplay_TVShows_Enabled,false)</onclick>
			<onclick condition="!Skin.String(Trailer_Autoplay_TVShows_Enabled,true)">Skin.SetString(Trailer_Autoplay_TVShows_Enabled,true)</onclick>
			<visible>ControlGroup(9).HasFocus(15) + Skin.HasSetting(Trailer_Autoplay)</visible>
		</control>
		<!-- Experiments -->
		<control type="radiobutton" id="1600">
			<description>Use unwatched details in info lines</description>
			<label>$LOCALIZE[31428]</label>
			<onclick>Skin.ToggleSetting(Unwatched_Info)</onclick>
			<selected>Skin.HasSetting(Unwatched_Info)</selected>
			<visible>ControlGroup(9).HasFocus(16)</visible>
		</control>
	</include>

	<include name="systeminfo_Left_List_Content">
		<control type="button" id="95">
			<description>Summary</description>
			<onclick>SetFocus(500)</onclick>
			<texturefocus />
			<label>20037</label>
		</control>
		<control type="togglebutton" id="94">
			<description>Storage</description>
			<onclick>SetFocus(500)</onclick>
			<texturefocus />
			<label>13277</label>
		</control>
		<control type="button" id="96">
			<description>Network</description>
			<onclick>SetFocus(500)</onclick>
			<texturefocus />
			<label>13279</label>
		</control>
		<control type="button" id="97">
			<description>Video</description>
			<onclick>SetFocus(500)</onclick>
			<texturefocus />
			<label>13280</label>
		</control>
		<control type="button" id="98">
			<description>Hardware</description>
			<onclick>SetFocus(500)</onclick>
			<texturefocus />
			<label>13281</label>
		</control>
		<control type="button" id="99">
			<description>PVR</description>
			<onclick>SetFocus(500)</onclick>
			<texturefocus />
			<label>19191</label>
		</control>
		<control type="button" id="100">
			<description>Privacy Policy</description>
			<label>12389</label>
			<texturefocus />
			<onclick>SetFocus(61)</onclick>
			<onright>SetFocus(61)</onright>
		</control>
	</include>

	<include name="systeminfo_Right_List_Content">
		<control type="button" id="102">
			<label>$INFO[Control.GetLabel(2)]</label>
			<visible>!String.IsEmpty(Control.GetLabel(2))</visible>
		</control>
		<control type="button" id="103">
			<label>$INFO[Control.GetLabel(3)]</label>
			<visible>!String.IsEmpty(Control.GetLabel(3))</visible>
		</control>
		<control type="button" id="104">
			<label>$INFO[Control.GetLabel(4)]</label>
			<visible>!String.IsEmpty(Control.GetLabel(4))</visible>
		</control>
		<control type="button" id="105">
			<label>$INFO[Control.GetLabel(5)]</label>
			<visible>!String.IsEmpty(Control.GetLabel(5))</visible>
		</control>
		<control type="button" id="106">
			<label>$INFO[Control.GetLabel(6)]</label>
			<visible>!String.IsEmpty(Control.GetLabel(6))</visible>
		</control>
		<control type="button" id="107">
			<label>$INFO[Control.GetLabel(7)]</label>
			<visible>!String.IsEmpty(Control.GetLabel(7))</visible>
		</control>
		<control type="button" id="108">
			<label>$INFO[Control.GetLabel(8)]</label>
			<visible>!String.IsEmpty(Control.GetLabel(8))</visible>
		</control>
		<control type="button" id="109">
			<label>$INFO[Control.GetLabel(9)]</label>
			<visible>!String.IsEmpty(Control.GetLabel(9))</visible>
		</control>
		<control type="button" id="110">
			<label>$INFO[Control.GetLabel(10)]</label>
			<visible>!String.IsEmpty(Control.GetLabel(10))</visible>
		</control>
		<control type="button" id="111">
			<label>$INFO[Control.GetLabel(11)]</label>
			<visible>!String.IsEmpty(Control.GetLabel(11))</visible>
		</control>
	</include>

</includes>