<?xml version="1.0" encoding="UTF-8"?>
<includes>

	<variable name="defaultsettings_videolibrary.flattentvshows_Label2">
		<value condition="Skin.HasSetting(videolibrary.flattentvshows)">$LOCALIZE[20421]</value>
		<value condition="String.IsEqual(Window(home).Property(videolibrary.flattentvshows),2)">$LOCALIZE[20422]</value>
		<value>$LOCALIZE[20420]</value>
	</variable>
	<variable name="defaultsettings_videolibrary.tvshowsselectfirstunwatcheditem_Label2">
		<value condition="Skin.HasSetting(videolibrary.tvshowsselectfirstunwatcheditem)">$LOCALIZE[20422]</value>
		<value condition="String.IsEqual(Window(home).Property(videolibrary.tvshowsselectfirstunwatcheditem),1)">$LOCALIZE[21471]</value>
		<value>$LOCALIZE[31630]</value>
	</variable>
	<variable name="defaultsettings_videolibrary.tvshowsincludeallseasonsandspecials_Label2">
		<value condition="Skin.HasSetting(videolibrary.tvshowsincludeallseasonsandspecials)">$LOCALIZE[21477]</value>
		<value condition="String.IsEqual(Window(home).Property(videolibrary.tvshowsincludeallseasonsandspecials),2)">$LOCALIZE[21476]</value>
		<value condition="String.IsEqual(Window(home).Property(videolibrary.tvshowsincludeallseasonsandspecials),1)">$LOCALIZE[21475]</value>
		<value>$LOCALIZE[21474]</value>
	</variable>
	<variable name="defaultsettings_videolibrary.artworklevel_Label2">
		<value condition="Skin.HasSetting(videolibrary.artworklevel)">$LOCALIZE[39142]</value>
		<value condition="String.IsEqual(Window(home).Property(videolibrary.artworklevel),3)">$LOCALIZE[231]</value>
		<value condition="String.IsEqual(Window(home).Property(videolibrary.artworklevel),1)">$LOCALIZE[39141]</value>
		<value>$LOCALIZE[39140]</value>
	</variable>
	<variable name="defaultsettings_videolibrary.movieartwhitelist_Label2">
		<value condition="Skin.HasSetting(videolibrary.movieartwhitelist)">keyart, square, clearlogo, clearlogo-alt, clearlogo-billboard</value>
		<value condition="!String.IsEmpty(Window(home).Property(videolibrary.movieartwhitelist))">$INFO[Window(home).Property(videolibrary.movieartwhitelist)]</value>
		<value>$LOCALIZE[231]</value>
	</variable>
	<variable name="defaultsettings_videolibrary.tvshowartwhitelist_Label2">
		<value condition="Skin.HasSetting(videolibrary.tvshowartwhitelist)">keyart, square, clearlogo, clearlogo-alt, clearlogo-billboard</value>
		<value condition="!String.IsEmpty(Window(home).Property(videolibrary.tvshowartwhitelist))">$INFO[Window(home).Property(videolibrary.tvshowartwhitelist)]</value>
		<value>$LOCALIZE[231]</value>
	</variable>
	<variable name="defaultsettings_musicplayer.visualisation_Label2">
		<value condition="Skin.HasSetting(musicplayer.visualisation)">Waveform</value>
		<value condition="!String.IsEmpty(Window(home).Property(musicplayer.visualisation))">$INFO[Window(home).Property(musicplayer.visualisation)]</value>
		<value>$LOCALIZE[231]</value>
	</variable>

	<variable name="loginscreen_Welcome_Label">
		<!-- Good morning / afternoon, / evening / Seasonal messages... Who's watching? -->
		<value condition="System.Date(12-25,12-26)">$LOCALIZE[31911]</value>
		<value condition="System.Date(04-22,04-23)">$LOCALIZE[31914]</value>
		<value condition="System.Date(04-21,04-22) | System.Date(06-28,06-29)">$LOCALIZE[31913]</value>
		<value condition="System.Date(03-12,03-13)">$LOCALIZE[31910]</value>
		<value condition="System.Date(03-11,03-12)">$LOCALIZE[31909]</value>
		<value condition="System.Date(03-22,03-23)">$LOCALIZE[31912]</value>
		<value condition="System.Date(03-08,03-09)">$LOCALIZE[31908][CR]</value>
		<value condition="System.Date(02-19,02-20)">$LOCALIZE[31907]</value>
		<value condition="System.Date(02-11,02-12)">$LOCALIZE[31906]</value>
		<value condition="System.Date(01-19,01-20)">$LOCALIZE[31905][CR]</value>
		<value condition="System.Date(01-01,01-02)">$LOCALIZE[31904]</value>
		<value condition="System.Time(17:00,00:00) + Integer.IsGreaterOrEqual(System.Time(hh),5)">$LOCALIZE[31901]</value>
		<value condition="System.Time(12:00,17:00)">$LOCALIZE[31902]</value>
		<value>$LOCALIZE[31903]</value>
	</variable>

	<variable name="musicplaylisteditor_Override_LeftLabel">
		<value condition="String.IsEqual(ListItem.DBType,song)">$VAR[TrackNumber_Label,,.]$INFO[ListItem.Title, ]</value>
		<value>$INFO[ListItem.Label]</value>
	</variable>
	<variable name="musicplaylisteditor_Override_LeftLabel2">
		<value condition="String.IsEqual(ListItem.DBType,song)">$INFO[ListItem.Label2]</value>
		<value />
	</variable>
	<variable name="musicplaylisteditor_Directory_Label">
		<!-- items / item / No items -->
		<value condition="Integer.IsGreater(Container(50).NumItems,1)">$INFO[Container(50).NumItems,, $LOCALIZE[31622]]</value>
		<value condition="Integer.IsGreater(Container(50).NumItems,0)">$INFO[Container(50).NumItems,, $LOCALIZE[31623]]</value>
		<value>$LOCALIZE[31625]</value>
	</variable>
	<variable name="musicplaylisteditor_Info_Label">
		<value condition="!Control.HasFocus(50) + !Control.HasFocus(60) + Integer.IsGreater(Container(100).NumItems,1)">$INFO[Container(100).ListItem.Artist][CR]$INFO[Container(100).ListItem.Album][CR]$INFO[Container(100).ListItem.Year]</value>
		<value condition="[Control.HasFocus(50) | Control.HasFocus(60)] + String.IsEqual(Container(50).ListItem.DBType,song)">$INFO[Container(50).ListItem.Artist][CR]$INFO[Container(50).ListItem.Artist][CR]$INFO[Container(50).ListItem.Year]</value>
		<value condition="[Control.HasFocus(50) | Control.HasFocus(60)] + String.IsEqual(Container(50).ListItem.DBType,album)">$INFO[Container(50).ListItem.Artist][CR]$INFO[Container(50).ListItem.Year]</value>
	</variable>
	<variable name="musicplaylisteditor_Playlist_Label">
		<!-- songs / song / No songs added -->
		<value condition="Integer.IsGreater(Container(100).NumItems,1)">$INFO[Container(100).NumItems,, $LOCALIZE[31626]]</value>
		<value condition="Integer.IsGreater(Container(100).NumItems,0)">$INFO[Container(100).NumItems,, $LOCALIZE[31627]]</value>
		<value>$LOCALIZE[31628]</value>
	</variable>

	<variable name="script-upnext_Label">
		<!-- Game of Thrones / 2x02 / The Night Lands -->
		<value condition="!Integer.IsGreater(Window.Property(Episode),9)">$INFO[Window.Property(tvshowtitle)]$VAR[Window_Property_Season_Divider_Bold, , ]$INFO[Window.Property(season)]$INFO[Window.Property(episode),x0]$VAR[Window_Property_Title_Divider_Bold, , ]$INFO[Window.Property(title)]</value>
		<value condition="!Integer.IsGreater(Window.Property(Episode),9)">$INFO[Window.Property(tvshowtitle)]$VAR[Window_Property_Season_Divider_Bold, , ]$INFO[Window.Property(season)]$INFO[Window.Property(episode),x]$VAR[Window_Property_Title_Divider_Bold, , ]$INFO[Window.Property(title)]</value>
	</variable>

	<variable name="skinsettings_Choose_Widget1_Path_Label">
		<value condition="Skin.String(Widget1_Custom_Path)">$INFO[Skin.String(Widget1_Custom_Path),- ]</value>
		<value>- $LOCALIZE[573]</value>
	</variable>
	<variable name="skinsettings_Choose_Widget2_Path_Label">
		<value condition="Skin.String(Widget2_Custom_Path)">$INFO[Skin.String(Widget2_Custom_Path),- ]</value>
		<value>- $LOCALIZE[573]</value>
	</variable>
	<variable name="skinsettings_Choose_Widget3_Path_Label">
		<value condition="Skin.String(Widget3_Custom_Path)">$INFO[Skin.String(Widget3_Custom_Path),- ]</value>
		<value>- $LOCALIZE[573]</value>
	</variable>
	<variable name="skinsettings_Choose_Widget4_Path_Label">
		<value condition="Skin.String(Widget4_Custom_Path)">$INFO[Skin.String(Widget4_Custom_Path),- ]</value>
		<value>- $LOCALIZE[573]</value>
	</variable>
	<variable name="skinsettings_Choose_Widget5_Path_Label">
		<value condition="Skin.String(Widget5_Custom_Path)">$INFO[Skin.String(Widget5_Custom_Path),- ]</value>
		<value>- $LOCALIZE[573]</value>
	</variable>
	<variable name="skinsettings_Choose_Widget6_Path_Label">
		<value condition="Skin.String(Widget6_Custom_Path)">$INFO[Skin.String(Widget6_Custom_Path),- ]</value>
		<value>- $LOCALIZE[573]</value>
	</variable>
	<variable name="skinsettings_Choose_Widget7_Path_Label">
		<value condition="Skin.String(Widget7_Custom_Path)">$INFO[Skin.String(Widget7_Custom_Path),- ]</value>
		<value>- $LOCALIZE[573]</value>
	</variable>
	<variable name="skinsettings_Choose_Widget8_Path_Label">
		<value condition="Skin.String(Widget8_Custom_Path)">$INFO[Skin.String(Widget8_Custom_Path),- ]</value>
		<value>- $LOCALIZE[573]</value>
	</variable>
	<variable name="skinsettings_Choose_Widget9_Path_Label">
		<value condition="Skin.String(Widget9_Custom_Path)">$INFO[Skin.String(Widget9_Custom_Path),- ]</value>
		<value>- $LOCALIZE[573]</value>
	</variable>
	<variable name="skinsettings_Help_Label">
		<!-- General -->
		<value condition="Control.HasFocus(1002)">$LOCALIZE[31407]</value>
		<value condition="Control.HasFocus(1003)">$LOCALIZE[31409]</value>
		<value condition="Control.HasFocus(1005)">$LOCALIZE[31415]</value>
		<value condition="Control.HasFocus(1008)">$LOCALIZE[31418]</value>
		<value condition="Control.HasFocus(1009)">$LOCALIZE[31420]</value>
		<value condition="Control.HasFocus(1013)">$LOCALIZE[31424]</value>
		<value condition="Control.HasFocus(1014)">$LOCALIZE[31426]</value>
		<value condition="Control.HasFocus(1015)">$LOCALIZE[31428]</value>
		<value condition="Control.HasFocus(10160) | Control.HasFocus(10161) | Control.HasFocus(10162)">$LOCALIZE[31430]</value>
		<value condition="Control.HasFocus(1017)">$LOCALIZE[31432]</value>
		<value condition="Control.HasFocus(10180) | Control.HasFocus(10181) | Control.HasFocus(10182)">$LOCALIZE[31434]</value>
		<value condition="Control.HasFocus(1022)">$LOCALIZE[31437]</value>
		<!-- Home -->
		<value condition="Control.HasFocus(1104)">$LOCALIZE[31572]</value>
		<value condition="[Control.HasFocus(11050) | Control.HasFocus(11051)] + !Skin.HasSetting(Background_Disabled)">$LOCALIZE[31578]</value>
		<value condition="[Control.HasFocus(11070) | Control.HasFocus(11071)] + Skin.HasSetting(Background_Disabled)">$LOCALIZE[31564]</value>
	</variable>
	<variable name="skinsettings_Background_Slideshow_Label">
		<value condition="Skin.String(Background_Slideshow,Global) | !Skin.String(Background_Slideshow)">$LOCALIZE[31566]</value>
		<value condition="Skin.String(Background_Slideshow,Movies)">$LOCALIZE[342]</value>
		<value condition="Skin.String(Background_Slideshow,TVShows)">$LOCALIZE[20343]</value>
		<value condition="Skin.String(Background_Slideshow,Videos)">$LOCALIZE[31567]</value>
		<value condition="Skin.String(Background_Slideshow,Artists)">$LOCALIZE[133]</value>
	</variable>
	<variable name="skinsettings_Home_Background_Override_Source_Label">
		<value condition="Skin.String(Home_Background_Override_Source,Global) | !Skin.String(Home_Background_Override_Source)">$LOCALIZE[31566]</value>
		<value condition="Skin.String(Home_Background_Override_Source,Movies)">$LOCALIZE[342]</value>
		<value condition="Skin.String(Home_Background_Override_Source,TVShows)">$LOCALIZE[20343]</value>
		<value condition="Skin.String(Home_Background_Override_Source,Videos)">$LOCALIZE[31567]</value>
		<value condition="Skin.String(Home_Background_Override_Source,Artists)">$LOCALIZE[133]</value>
		<value condition="Skin.String(Home_Background_Override_Source,Custom)">$LOCALIZE[31568]</value>
	</variable>
	<variable name="skinsettings_Home_Background_Override_Path_Label">
		<!-- Choose new path... / [shows path] -->
		<value condition="Skin.String(Home_Background_Override_Path)">$INFO[Skin.String(Home_Background_Override_Path)]</value>
		<value>$LOCALIZE[31510]</value>
	</variable>
	<variable name="skinsettings_Music_Rating_Like_Threshold_Label">
		<!-- Music_Rating_Liked_Threshold / Off -->
		<value condition="Integer.IsGreater(Skin.String(Music_Rating_Like_Threshold),0)">$INFO[Skin.String(Music_Rating_Like_Threshold)]</value>
		<value>$LOCALIZE[351]</value>
	</variable>
	<variable name="skinsettings_Preferred_MPAA_Label">
		<value condition="Skin.HasSetting(Preferred_Rating_BBFC) | Skin.HasSetting(Preferred_Rating_MPAA) | Skin.HasSetting(Preferred_Rating_CHVRS) | Skin.HasSetting(Preferred_Rating_ACB) | Skin.HasSetting(Preferred_Rating_FSK) | Skin.HasSetting(Preferred_Rating_DJCTQ) | Skin.HasSetting(Preferred_Rating_KIJKWIJZER) | Skin.HasSetting(Preferred_Rating_EIRIN)">$LOCALIZE[31700]</value>
		<value>$LOCALIZE[31624]</value>
	</variable>
	<variable name="skinsettings_Preferred_MPAA_Label2">
		<value condition="Skin.HasSetting(Preferred_Rating_BBFC)">$LOCALIZE[31701]</value>
		<value condition="Skin.HasSetting(Preferred_Rating_MPAA)">$LOCALIZE[31702]</value>
		<value condition="Skin.HasSetting(Preferred_Rating_CHVRS)">$LOCALIZE[31704]</value>
		<value condition="Skin.HasSetting(Preferred_Rating_ACB)">$LOCALIZE[31703]</value>
		<value condition="Skin.HasSetting(Preferred_Rating_FSK)">$LOCALIZE[31707]</value>
		<value condition="Skin.HasSetting(Preferred_Rating_DJCTQ)">$LOCALIZE[31705]</value>
		<value condition="Skin.HasSetting(Preferred_Rating_KIJKWIJZER)">$LOCALIZE[31709]</value>
		<value condition="Skin.HasSetting(Preferred_Rating_EIRIN)">$LOCALIZE[31706]</value>
		<value>$LOCALIZE[31624]</value>
	</variable>

	<variable name="skinshortcuts_Background_Override_Label2">
		<value condition="!String.IsEmpty(Container(211).ListItem.Property(backgroundPlaylist))">$INFO[Container(211).ListItem.Property(backgroundPlaylist)]</value>
		<value condition="!String.IsEmpty(Container(211).ListItem.Property(background))">$INFO[Container(211).ListItem.Property(background)]</value>
		<value />
	</variable>

	<variable name="subtitlesearch_Label">
		<value condition="ListItem.Property(hearingimp) + ListItem.Property(sync)">$INFO[ListItem.Label,, CC SYNC]$VAR[ListItem_Label2_Divider_Bold, , ]$INFO[ListItem.Label2]</value>
		<value condition="ListItem.Property(hearingimp)">$INFO[ListItem.Label,, CC]$VAR[ListItem_Label2_Divider_Bold, , ]$INFO[ListItem.Label2]</value>
		<value condition="ListItem.Property(sync)">$INFO[ListItem.Label,, SYNC]$VAR[ListItem_Label2_Divider_Bold, , ]$INFO[ListItem.Label2]</value>
		<value>$INFO[ListItem.Label]$VAR[ListItem_Label2_Divider_Bold, , ]$INFO[ListItem.Label2]</value>
	</variable>

	<variable name="volumebar_Info_Label">
		<!-- Passthrough audio in use / Muted / 33% -->
		<value condition="Player.Passthrough">$LOCALIZE[29802]</value>
		<value condition="Player.Muted">$LOCALIZE[31629]</value>
		<value>$INFO[Control.GetLabel(63),,%]</value>
	</variable>

</includes>