<?xml version="1.0" encoding="UTF-8"?>
<includes>

	<include name="Hidden_Button_Template">
		<font />
		<textoffsetx />
		<textcolor />
		<focused_color />
		<invalidcolor />
		<disabledcolor />
		<texturenofocus />
		<texturefocus />
	</include>

	<include name="Simple_Button_Template">
		<param name="color" default="$VAR[Light_Color]" />
		<definition>
			<description>$PARAM[description]</description>
			<width>60</width>
			<height>60</height>
			<font />
			<texturefocus colordiffuse="$PARAM[color]">osd/icon_$PARAM[icon]_focused.png</texturefocus>
			<texturenofocus colordiffuse="$PARAM[color]">osd/icon_$PARAM[icon]_unfocused.png</texturenofocus>
		</definition>
	</include>

	<include name="Music_Player_Button_Template">
		<param name="visible" default="true" />
		<param name="focused" />
		<param name="icon" />
		<param name="color" default="$VAR[Volume_Focused_Color]" />
		<param name="left" />
		<param name="top" />
		<definition>
			<control type="group">
				<visible>$PARAM[visible] + Control.HasFocus(3500)</visible>
				<left>$PARAM[left]</left>
				<top>$PARAM[top]</top>
				<width>60</width>
				<height>60</height>
				<control type="image">
					<visible>!$PARAM[focused]</visible>
					<texture colordiffuse="$PARAM[color]">widget_controls/icon_$PARAM[icon]_unfocused.png</texture>
				</control>
				<control type="image">
					<visible>$PARAM[focused]</visible>
					<texture colordiffuse="$PARAM[color]">widget_controls/icon_$PARAM[icon]_focused.png</texture>
				</control>
			</control>
		</definition>
	</include>

	<include name="Button_Template">
		<param name="visible" default="true" />
		<param name="target_id" default="" />
		<param name="right" default="0" />
		<param name="width" default="120" />
		<param name="unfocused_color" default="$VAR[Unfocused_Color]" />
		<param name="focused_color" default="$VAR[Light_Color]" />
		<param name="texture" default="Cross" />
		<param name="toggle_button" default="false" />
		<param name="alt_texture" default="Plus" />
		<param name="use_alt_texture" default="false" />
		<definition>
			<control type="group">
				<nested />
				<visible>$PARAM[visible]</visible>
				<visible>[!Window.IsVisible(selectdialog) + !String.IsEqual(Window.Property(xmlfile),DialogSettings.xml) + Control.IsEnabled($PARAM[target_id]) + Control.IsVisible($PARAM[target_id])] | [Window.IsVisible(selectdialog) + Control.IsVisible($PARAM[target_id])] | [String.IsEqual(Window.Property(xmlfile),DialogSettings.xml) + !String.IsEmpty(Control.GetLabel($PARAM[target_id]))]</visible>
				<right>$PARAM[right]</right>
				<width>$PARAM[width]</width>
				<height>$PARAM[width]</height>
				<include content="$PARAM[texture]_unfocused">
					<param name="visible" value="!$PARAM[use_alt_texture] + !Control.HasFocus($PARAM[target_id])" />
					<param name="width" value="$PARAM[width]" />
					<param name="color" value="$PARAM[unfocused_color]" />
				</include>
				<include content="$PARAM[texture]_focused">
					<param name="visible" value="!$PARAM[use_alt_texture] + Control.HasFocus($PARAM[target_id])" />
					<param name="width" value="$PARAM[width]" />
					<param name="color" value="$PARAM[focused_color]" />
				</include>
				<include content="$PARAM[alt_texture]_unfocused" condition="$PARAM[toggle_button]">
					<param name="visible" value="$PARAM[use_alt_texture] + !Control.HasFocus($PARAM[target_id])" />
					<param name="width" value="$PARAM[width]" />
					<param name="color" value="$PARAM[unfocused_color]" />
				</include>
				<include content="$PARAM[alt_texture]_focused" condition="$PARAM[toggle_button]">
					<param name="visible" value="$PARAM[use_alt_texture] + Control.HasFocus($PARAM[target_id])" />
					<param name="width" value="$PARAM[width]" />
					<param name="color" value="$PARAM[focused_color]" />
				</include>
			</control>
		</definition>
	</include>

	<include name="Button_Template_Special">
		<param name="target_id" default="" />
		<param name="right" default="0" />
		<param name="width" default="120" />
		<param name="unfocused_color" default="$VAR[Common_List_Label_Color]" />
		<param name="focused_color" default="$VAR[Common_List_Label_Color]" />
		<param name="texture" default="Cross" />
		<param name="border" default="false" />
		<param name="border_color" default="$VAR[Accent_Color]" />
		<definition>
			<control type="group">
				<visible>[!Window.IsVisible(selectdialog) + !String.IsEqual(Window.Property(xmlfile),DialogSettings.xml) + Control.IsEnabled($PARAM[target_id]) + Control.IsVisible($PARAM[target_id])] | [Window.IsVisible(selectdialog) + Control.IsVisible($PARAM[target_id])] | [String.IsEqual(Window.Property(xmlfile),DialogSettings.xml) + !String.IsEmpty(Control.GetLabel($PARAM[target_id]))]</visible>
				<right>$PARAM[right]</right>
				<width>$PARAM[width]</width>
				<height>$PARAM[width]</height>
				<include content="$PARAM[texture]_unfocused">
					<param name="visible" value="!Control.HasFocus($PARAM[target_id]) + !String.Contains(Control.GetLabel($PARAM[target_id]),*)" />
					<param name="width" value="$PARAM[width]" />
					<param name="color" value="$PARAM[unfocused_color]" />
				</include>
				<include content="$PARAM[texture]_focused">
					<param name="visible" value="Control.HasFocus($PARAM[target_id]) | String.Contains(Control.GetLabel($PARAM[target_id]),*)" />
					<param name="width" value="$PARAM[width]" />
					<param name="color" value="$PARAM[focused_color]" />
				</include>
				<control type="image">
					<visible>String.Contains(Control.GetLabel($PARAM[target_id]),*)</visible>
					<visible>$PARAM[border]</visible>
					<bottom>15</bottom>
					<left>30</left>
					<right>30</right>
					<height>5</height>
					<texture colordiffuse="$PARAM[border_color]">views/white_100.png</texture>
				</control>
			</control>
		</definition>
	</include>

	<include name="Button_Grouplist">
		<param name="visible" default="true" />
		<param name="align" default="right" />
		<param name="itemgap" default="0" />
		<param name="usecontrolcoords" default="false" />
		<definition>
			<control type="grouplist">
				<visible>$PARAM[visible]</visible>
				<right>$PARAM[right]</right>
				<bottom>$PARAM[bottom]</bottom>
				<width>100%</width>
				<height>$PARAM[height]</height>
				<itemgap>$PARAM[itemgap]</itemgap>
				<align>$PARAM[align]</align>
				<orientation>horizontal</orientation>
				<usecontrolcoords>$PARAM[usecontrolcoords]</usecontrolcoords>
				<nested />
			</control>
		</definition>
	</include>

	<include name="Button_Label_Template">
		<param name="align" default="left" />
		<param name="aligny" default="center" />
		<definition>
			<control type="label">
				<visible>!String.IsEmpty(Control.GetLabel($PARAM[target_id])) + Control.IsEnabled($PARAM[target_id]) + Control.IsVisible($PARAM[target_id]) + !Control.HasFocus($PARAM[target_id])</visible>
				<top>$PARAM[unfocused_top]</top>
				<width>auto</width>
				<height>$PARAM[unfocused_height]</height>
				<label>$INFO[Control.GetLabel($PARAM[target_id])]</label>
				<font>$PARAM[unfocused_font]</font>
				<textcolor>$PARAM[color]</textcolor>
				<align>$PARAM[align]</align>
				<aligny>$PARAM[aligny]</aligny>
			</control>
			<control type="label">
				<visible>!String.IsEmpty(Control.GetLabel($PARAM[target_id])) + Control.IsEnabled($PARAM[target_id]) + Control.IsVisible($PARAM[target_id]) + Control.HasFocus($PARAM[target_id])</visible>
				<label>$INFO[Control.GetLabel($PARAM[target_id])]</label>
				<top>0</top>
				<height>100%</height>
				<width>auto</width>
				<font>$PARAM[focused_font]</font>
				<textcolor>$PARAM[color]</textcolor>
				<align>$PARAM[align]</align>
				<aligny>$PARAM[aligny]</aligny>
			</control>
		</definition>
	</include>

	<include name="Button_Label_Divider_Template">
		<control type="label">
			<visible>!String.IsEmpty(Control.GetLabel($PARAM[target_id])) + Control.IsEnabled($PARAM[target_id]) + Control.IsVisible($PARAM[target_id])</visible>
			<visible>$PARAM[visible]</visible>
			<top>$PARAM[unfocused_top]</top>
			<height>$PARAM[unfocused_height]</height>
			<width>auto</width>
			<label>[B]/[/B]</label>
			<textcolor>$VAR[Accent_Color]</textcolor>
			<font>$PARAM[unfocused_font]</font>
			<aligny>center</aligny>
		</control>
	</include>

	<include name="Button_Group_Template">
		<param name="visible" default="true" />
		<param name="id" default="4000" />
		<param name="right" default="60" />
		<param name="bottom" default="30" />
		<param name="onleft" default="4000" />
		<param name="onright" default="4000" />
		<param name="onup" default="noop" />
		<param name="ondown" default="noop" />
		<param name="align" default="right" />
		<param name="unfocused_color" default="$VAR[Breadcrumb_Label_Color]" />
		<param name="color" default="$VAR[Breadcrumb_Label_Color]" />
		<param name="include_textures" default="true" />
		<param name="include_labels" default="false" />
		<param name="show_labels" default="false" />
		<param name="button_width" default="120" />
		<param name="button1" default="false" />
		<param name="button1_id" default="4001" />
		<param name="button1_texture" default="Cross" />
		<param name="button1_toggle_button" default="false" />
		<param name="button1_use_alt_texture" default="false" />
		<param name="button2" default="false" />
		<param name="button2_id" default="4002" />
		<param name="button2_texture" default="Check" />
		<param name="button2_toggle_button" default="false" />
		<param name="button2_use_alt_texture" default="false" />
		<param name="button3" default="false" />
		<param name="button3_id" default="4003" />
		<param name="button3_texture" default="Cross" />
		<param name="button3_toggle_button" default="false" />
		<param name="button3_use_alt_texture" default="false" />
		<param name="button4" default="false" />
		<param name="button4_id" default="4004" />
		<param name="button4_texture" default="Check" />
		<param name="button4_toggle_button" default="false" />
		<param name="button4use_alt_texture" default="false" />
		<param name="label_height" default="60" />
		<param name="focused_font" default="Title_Breadcrumb_Label" />
		<param name="unfocused_font" default="Info_Breadcrumb_Label" />
		<param name="unfocused_top" default="16" />
		<param name="unfocused_height" default="36" />
		<definition>
			<control type="group">
				<nested />
				<visible>$PARAM[visible]</visible>
				<control type="grouplist" id="$PARAM[id]">
					<onup condition="String.Contains(Window.Property(xmlfile),skinshortcuts.xml) + ControlGroup(4005).HasFocus">Control.Move(211,-1)</onup>
					<ondown condition="String.Contains(Window.Property(xmlfile),skinshortcuts.xml) + ControlGroup(4005).HasFocus">Control.Move(211,1)</ondown>
					<onleft>$PARAM[onleft]</onleft>
					<onright>$PARAM[onright]</onright>
					<onup>$PARAM[onup]</onup>
					<ondown>$PARAM[ondown]</ondown>
					<orientation>horizontal</orientation>
					<control type="button" id="$PARAM[button1_id]">
						<visible>$PARAM[button1]</visible>
						<onclick>$PARAM[button1_onclick]</onclick>
						<onclick>$PARAM[button1_onclick2]</onclick>
						<label>$PARAM[button1_label]</label>
						<include content="Hidden_Button_Template" />
					</control>
					<control type="button" id="$PARAM[button2_id]">
						<visible>$PARAM[button2]</visible>
						<onclick>$PARAM[button2_onclick]</onclick>
						<onclick>$PARAM[button2_onclick2]</onclick>
						<label>$PARAM[button2_label]</label>
						<include content="Hidden_Button_Template" />
					</control>
					<control type="button" id="$PARAM[button3_id]">
						<visible>$PARAM[button3]</visible>
						<onclick>$PARAM[button3_onclick]</onclick>
						<onclick>$PARAM[button3_onclick2]</onclick>
						<label>$PARAM[button3_label]</label>
						<include content="Hidden_Button_Template" />
					</control>
					<control type="button" id="$PARAM[button4_id]">
						<visible>$PARAM[button4]</visible>
						<onclick>$PARAM[button4_onclick]</onclick>
						<onclick>$PARAM[button4_onclick2]</onclick>
						<label>$PARAM[button4_label]</label>
						<include content="Hidden_Button_Template" />
					</control>
				</control>
				<include content="Button_Grouplist" condition="$PARAM[include_textures]">
					<param name="visible" value="!$PARAM[show_labels]" />
					<param name="right" value="$PARAM[right]" />
					<param name="bottom" value="$PARAM[bottom]" />
					<param name="height" value="$PARAM[button_width]" />
					<param name="itemgap" value="0" />
					<include content="Button_Template" condition="$PARAM[button1]">
						<param name="target_id" value="$PARAM[button1_id]" />
						<param name="width" value="$PARAM[button_width]" />
						<param name="texture" value="$PARAM[button1_texture]" />
						<param name="toggle_button" value="$PARAM[button1_toggle_button]" />
						<param name="alt_texture" value="$PARAM[button1_alt_texture]" />
						<param name="use_alt_texture" value="$PARAM[button1_use_alt_texture]" />
						<param name="unfocused_color" value="$PARAM[unfocused_color]" />
						<param name="focused_color" value="$PARAM[color]" />
					</include>
					<include content="Button_Template" condition="$PARAM[button2]">
						<param name="target_id" value="$PARAM[button2_id]" />
						<param name="width" value="$PARAM[button_width]" />
						<param name="texture" value="$PARAM[button2_texture]" />
						<param name="toggle_button" value="$PARAM[button2_toggle_button]" />
						<param name="alt_texture" value="$PARAM[button2_alt_texture]" />
						<param name="use_alt_texture" value="$PARAM[button2_use_alt_texture]" />
						<param name="unfocused_color" value="$PARAM[unfocused_color]" />
						<param name="focused_color" value="$PARAM[color]" />
					</include>
					<include content="Button_Template" condition="$PARAM[button3]">
						<param name="target_id" value="$PARAM[button3_id]" />
						<param name="width" value="$PARAM[button_width]" />
						<param name="texture" value="$PARAM[button3_texture]" />
						<param name="toggle_button" value="$PARAM[button3_toggle_button]" />
						<param name="alt_texture" value="$PARAM[button3_alt_texture]" />
						<param name="use_alt_texture" value="$PARAM[button3_use_alt_texture]" />
						<param name="unfocused_color" value="$PARAM[unfocused_color]" />
						<param name="focused_color" value="$PARAM[color]" />
					</include>
					<include content="Button_Template" condition="$PARAM[button4]">
						<param name="target_id" value="$PARAM[button4_id]" />
						<param name="width" value="$PARAM[button_width]" />
						<param name="texture" value="$PARAM[button4_texture]" />
						<param name="toggle_button" value="$PARAM[button4_toggle_button]" />
						<param name="alt_texture" value="$PARAM[button4_alt_texture]" />
						<param name="use_alt_texture" value="$PARAM[button4_use_alt_texture]" />
						<param name="unfocused_color" value="$PARAM[unfocused_color]" />
						<param name="focused_color" value="$PARAM[color]" />
					</include>
				</include>
				<include content="Button_Grouplist" condition="$PARAM[include_labels]">
					<param name="visible" value="$PARAM[show_labels]" />
					<param name="right" value="$PARAM[right]" />
					<param name="bottom" value="56" />
					<param name="height" value="$PARAM[label_height]" />
					<param name="itemgap" value="6" />
					<param name="usecontrolcoords" value="true" />
					<include content="Button_Label_Template" condition="$PARAM[button1]">
						<param name="target_id" value="$PARAM[button1_id]" />
						<param name="color" value="$PARAM[color]" />
						<param name="focused_font" value="$PARAM[focused_font]" />
						<param name="unfocused_top" value="$PARAM[unfocused_top]" />
						<param name="unfocused_height" value="$PARAM[unfocused_height]" />
						<param name="unfocused_font" value="$PARAM[unfocused_font]" />
					</include>
					<include content="Button_Label_Divider_Template" condition="$PARAM[button1]">
						<param name="target_id" value="$PARAM[button1_id]" />
						<param name="visible" value="[!String.IsEmpty(Control.GetLabel($PARAM[button2_id])) + Control.IsEnabled($PARAM[button2_id]) + Control.IsVisible($PARAM[button2_id])] | [!String.IsEmpty(Control.GetLabel($PARAM[button3_id])) + Control.IsEnabled($PARAM[button3_id]) + Control.IsVisible($PARAM[button3_id])] | [!String.IsEmpty(Control.GetLabel($PARAM[button4_id])) + Control.IsEnabled($PARAM[button4_id]) + Control.IsVisible($PARAM[button4_id])]" />
						<param name="unfocused_top" value="$PARAM[unfocused_top]" />
						<param name="unfocused_height" value="$PARAM[unfocused_height]" />
						<param name="unfocused_font" value="$PARAM[unfocused_font]" />
					</include>
					<include content="Button_Label_Template" condition="$PARAM[button2]">
						<param name="target_id" value="$PARAM[button2_id]" />
						<param name="color" value="$PARAM[color]" />
						<param name="focused_font" value="$PARAM[focused_font]" />
						<param name="unfocused_top" value="$PARAM[unfocused_top]" />
						<param name="unfocused_height" value="$PARAM[unfocused_height]" />
						<param name="unfocused_font" value="$PARAM[unfocused_font]" />
					</include>
					<include content="Button_Label_Divider_Template" condition="$PARAM[button2]">
						<param name="target_id" value="$PARAM[button2_id]" />
						<param name="visible" value="[!String.IsEmpty(Control.GetLabel($PARAM[button3_id])) + Control.IsEnabled($PARAM[button3_id]) + Control.IsVisible($PARAM[button3_id])] | [!String.IsEmpty(Control.GetLabel($PARAM[button4_id])) + Control.IsEnabled($PARAM[button4_id]) + Control.IsVisible($PARAM[button4_id])]" />
						<param name="unfocused_top" value="$PARAM[unfocused_top]" />
						<param name="unfocused_height" value="$PARAM[unfocused_height]" />
						<param name="unfocused_font" value="$PARAM[unfocused_font]" />
					</include>
					<include content="Button_Label_Template" condition="$PARAM[button3]">
						<param name="target_id" value="$PARAM[button3_id]" />
						<param name="color" value="$PARAM[color]" />
						<param name="focused_font" value="$PARAM[focused_font]" />
						<param name="unfocused_top" value="$PARAM[unfocused_top]" />
						<param name="unfocused_height" value="$PARAM[unfocused_height]" />
						<param name="unfocused_font" value="$PARAM[unfocused_font]" />
					</include>
					<include content="Button_Label_Divider_Template" condition="$PARAM[button3]">
						<param name="target_id" value="$PARAM[button3_id]" />
						<param name="visible" value="!String.IsEmpty(Control.GetLabel($PARAM[button4_id])) + Control.IsEnabled($PARAM[button4_id]) + Control.IsVisible($PARAM[button4_id])" />
						<param name="unfocused_top" value="$PARAM[unfocused_top]" />
						<param name="unfocused_height" value="$PARAM[unfocused_height]" />
						<param name="unfocused_font" value="$PARAM[unfocused_font]" />
					</include>
					<include content="Button_Label_Template" condition="$PARAM[button4]">
						<param name="target_id" value="$PARAM[button4_id]" />
						<param name="color" value="$PARAM[color]" />
						<param name="focused_font" value="$PARAM[focused_font]" />
						<param name="unfocused_top" value="$PARAM[unfocused_top]" />
						<param name="unfocused_height" value="$PARAM[unfocused_height]" />
						<param name="unfocused_font" value="$PARAM[unfocused_font]" />
					</include>
				</include>
			</control>
		</definition>
	</include>

	<include name="defaultsettings_Radio_Button">
		<control type="radiobutton" id="$PARAM[id]">
			<description>$PARAM[info]</description>
			<label>$PARAM[label]</label>
			<label2>$PARAM[label2]</label2>
			<onclick>Skin.ToggleSetting($PARAM[info])</onclick>
			<selected>Skin.HasSetting($PARAM[info])</selected>
			<visible>!String.IsEmpty(Window(home).Property($PARAM[info]))</visible>
			<textcolor>$VAR[defaultsettings_$PARAM[info]_Text_Color]</textcolor>
			<focusedcolor>$VAR[defaultsettings_$PARAM[info]_Focused_Color]</focusedcolor>
			<textureradioonfocus colordiffuse="$VAR[defaultsettings_$PARAM[info]_Focused_Color]">dialogs/Radio_On_Focused.png</textureradioonfocus>
			<textureradioofffocus colordiffuse="$VAR[defaultsettings_$PARAM[info]_Focused_Color]">dialogs/Radio_Off_Focused.png</textureradioofffocus>
			<textureradioonnofocus colordiffuse="$VAR[defaultsettings_$PARAM[info]_Text_Color]">dialogs/Radio_On_Unfocused.png</textureradioonnofocus>
			<textureradiooffnofocus colordiffuse="$VAR[defaultsettings_$PARAM[info]_Text_Color]">dialogs/Radio_Off_Unfocused.png</textureradiooffnofocus>
		</control>
	</include>

	<include name="defaultsettings_Radio_Button_NoTexture">
		<control type="radiobutton" id="$PARAM[id]">
			<description>$PARAM[info]</description>
			<label>$PARAM[label]</label>
			<label2>$PARAM[label2]</label2>
			<onclick>Skin.ToggleSetting($PARAM[info])</onclick>
			<selected>Skin.HasSetting($PARAM[info])</selected>
			<visible>!String.IsEmpty(Window(home).Property($PARAM[info]))</visible>
			<textcolor>$VAR[defaultsettings_$PARAM[info]_Text_Color]</textcolor>
			<focusedcolor>$VAR[defaultsettings_$PARAM[info]_Focused_Color]</focusedcolor>
			<textureradioonfocus />
			<textureradioofffocus />
			<textureradioonnofocus />
			<textureradiooffnofocus />
		</control>
	</include>

	<include name="skinsettings_Slider_Button">
		<param name="visible" default="true" />
		<param name="category" />
		<param name="id" />
		<param name="left" default="9" />
		<param name="right" default="3000" />
		<param name="previous" />
		<param name="next" />
		<param name="label" />
		<param name="label2" />
		<param name="info" />
		<param name="textcolor" />
		<definition>
			<control type="group" id="$PARAM[id]">
				<visible>ControlGroup($PARAM[left]).HasFocus($PARAM[category]) + $PARAM[visible]</visible>
				<height>90</height>
				<defaultcontrol>$PARAM[id]0</defaultcontrol>
				<control type="button" id="$PARAM[id]0">
					<onclick>SetFocus($PARAM[id]1)</onclick>
					<onup>$PARAM[previous]</onup>
					<ondown>$PARAM[next]</ondown>
					<onleft>$PARAM[left]</onleft>
					<onright>$PARAM[right]</onright>
					<label>$PARAM[label]</label>
					<textcolor>$VAR[skinsettings_$PARAM[info]_Button_Textcolor]</textcolor>
				</control>
				<control type="button" id="$PARAM[id]1">
					<include content="skinsettings_$PARAM[info]_Button_Conditions" />
					<onclick>SetFocus($PARAM[id]0)</onclick>
					<onup>$PARAM[previous]</onup>
					<ondown>$PARAM[next]</ondown>
					<align>right</align>
					<label>$PARAM[label2]</label>
					<textcolor>$VAR[skinsettings_$PARAM[info]_Button_Textcolor]</textcolor>
					<textoffsetx>240</textoffsetx>
				</control>
				<control type="group">
					<height>30</height>
					<centertop>50%</centertop>
					<width>120</width>
					<right>60</right>
					<control type="image">
						<height>1</height>
						<centertop>50%</centertop>
						<width>100%</width>
						<texture colordiffuse="$VAR[Unfocused_Color]">views/white_100.png</texture>
					</control>
					<control type="image">
						<visible>!Control.HasFocus($PARAM[id]1)</visible>
						<include content="skinsettings_$PARAM[info]_Unfocused_Slides" />
						<width>1</width>
						<texture colordiffuse="$VAR[Unfocused_Color]">views/white_100.png</texture>
					</control>
					<control type="image">
						<visible>Control.HasFocus($PARAM[id]1)</visible>
						<include content="skinsettings_$PARAM[info]_Focused_Slides" />
						<width>10</width>
						<texture colordiffuse="$VAR[Light_Color]">views/white_100.png</texture>
					</control>
				</control>
			</control>
		</definition>
	</include>

	<include name="skinsettings_Background_Interval_Button_Conditions">
		<onleft condition="Skin.String(Background_Interval,30)">Skin.SetString(Background_Interval,25)</onleft>
		<onleft condition="Skin.String(Background_Interval,25)">Skin.SetString(Background_Interval,20)</onleft>
		<onleft condition="Skin.String(Background_Interval,20)">Skin.SetString(Background_Interval,15)</onleft>
		<onleft condition="Skin.String(Background_Interval,15)">Skin.SetString(Background_Interval,10)</onleft>
		<onleft condition="Skin.String(Background_Interval,10) | !Skin.String(Background_Interval)">Skin.SetString(Background_Interval,5)</onleft>
		<onright condition="Skin.String(Background_Interval,5)">Skin.SetString(Background_Interval,10)</onright>
		<onright condition="Skin.String(Background_Interval,10) | !Skin.String(Background_Interval)">Skin.SetString(Background_Interval,15)</onright>
		<onright condition="Skin.String(Background_Interval,15)">Skin.SetString(Background_Interval,20)</onright>
		<onright condition="Skin.String(Background_Interval,20)">Skin.SetString(Background_Interval,25)</onright>
		<onright condition="Skin.String(Background_Interval,25)">Skin.SetString(Background_Interval,30)</onright>
	</include>
	<include name="skinsettings_Background_Interval_Unfocused_Slides">
		<animation effect="slide" end="24" time="0" condition="Integer.IsGreater(Skin.String(Background_Interval),5)">Conditional</animation>
		<animation effect="slide" end="24" time="0" condition="Integer.IsGreater(Skin.String(Background_Interval),10)">Conditional</animation>
		<animation effect="slide" end="24" time="0" condition="Integer.IsGreater(Skin.String(Background_Interval),15)">Conditional</animation>
		<animation effect="slide" end="24" time="0" condition="Integer.IsGreater(Skin.String(Background_Interval),20)">Conditional</animation>
		<animation effect="slide" end="24" time="0" condition="Integer.IsGreater(Skin.String(Background_Interval),25)">Conditional</animation>
	</include>
	<include name="skinsettings_Background_Interval_Focused_Slides">
		<animation effect="slide" end="22" time="0" condition="Integer.IsGreater(Skin.String(Background_Interval),5)">Conditional</animation>
		<animation effect="slide" end="22" time="0" condition="Integer.IsGreater(Skin.String(Background_Interval),10)">Conditional</animation>
		<animation effect="slide" end="22" time="0" condition="Integer.IsGreater(Skin.String(Background_Interval),15)">Conditional</animation>
		<animation effect="slide" end="22" time="0" condition="Integer.IsGreater(Skin.String(Background_Interval),20)">Conditional</animation>
		<animation effect="slide" end="22" time="0" condition="Integer.IsGreater(Skin.String(Background_Interval),25)">Conditional</animation>
	</include>

	<include name="skinsettings_Home_Background_Brightness_Button_Conditions">
		<onleft condition="Skin.String(Home_Background_Brightness,25)">Skin.SetString(Home_Background_Brightness,33)</onleft>
		<onleft condition="Skin.String(Home_Background_Brightness,33) | !Skin.String(Home_Background_Brightness)">Skin.SetString(Home_Background_Brightness,50)</onleft>
		<onright condition="Skin.String(Home_Background_Brightness,50)">Skin.SetString(Home_Background_Brightness,33)</onright>
		<onright condition="Skin.String(Home_Background_Brightness,33) | !Skin.String(Home_Background_Brightness)">Skin.SetString(Home_Background_Brightness,25)</onright>
	</include>
	<include name="skinsettings_Home_Background_Brightness_Unfocused_Slides">
		<animation effect="slide" end="60" time="0" condition="Integer.IsLess(Skin.String(Home_Background_Brightness),33)">Conditional</animation>
		<animation effect="slide" end="60" time="0" condition="Integer.IsLess(Skin.String(Home_Background_Brightness),50)">Conditional</animation>
	</include>
	<include name="skinsettings_Home_Background_Brightness_Focused_Slides">
		<animation effect="slide" end="55" time="0" condition="Integer.IsLess(Skin.String(Home_Background_Brightness),33)">Conditional</animation>
		<animation effect="slide" end="55" time="0" condition="Integer.IsLess(Skin.String(Home_Background_Brightness),50)">Conditional</animation>
	</include>

	<include name="skinsettings_Home_Background_Override_Source_Button_Conditions">
		<onleft condition="Skin.String(Home_Background_Override_Source,Custom)">Skin.SetString(Home_Background_Override_Source,Artists)</onleft>
		<onleft condition="Skin.String(Home_Background_Override_Source,Artists)">Skin.SetString(Home_Background_Override_Source,TVShows)</onleft>
		<onleft condition="Skin.String(Home_Background_Override_Source,TVShows)">Skin.SetString(Home_Background_Override_Source,Movies)</onleft>
		<onleft condition="Skin.String(Home_Background_Override_Source,Movies)">Skin.SetString(Home_Background_Override_Source,Videos)</onleft>
		<onleft condition="Skin.String(Home_Background_Override_Source,Videos)">Skin.SetString(Home_Background_Override_Source,Global)</onleft>
		<onright condition="Skin.String(Home_Background_Override_Source,Global) | !Skin.String(Home_Background_Override_Source)">Skin.SetString(Home_Background_Override_Source,Videos)</onright>
		<onright condition="Skin.String(Home_Background_Override_Source,Videos)">Skin.SetString(Home_Background_Override_Source,Movies)</onright>
		<onright condition="Skin.String(Home_Background_Override_Source,Movies)">Skin.SetString(Home_Background_Override_Source,TVShows)</onright>
		<onright condition="Skin.String(Home_Background_Override_Source,TVShows)">Skin.SetString(Home_Background_Override_Source,Artists)</onright>
		<onright condition="Skin.String(Home_Background_Override_Source,Artists)">Skin.SetString(Home_Background_Override_Source,Custom)</onright>
	</include>
	<include name="skinsettings_Home_Background_Override_Source_Unfocused_Slides">
		<animation effect="slide" end="24" time="0" condition="String.IsEqual(Skin.String(Home_Background_Override_Source),Videos)">Conditional</animation>
		<animation effect="slide" end="48" time="0" condition="String.IsEqual(Skin.String(Home_Background_Override_Source),Movies)">Conditional</animation>
		<animation effect="slide" end="72" time="0" condition="String.IsEqual(Skin.String(Home_Background_Override_Source),TVShows)">Conditional</animation>
		<animation effect="slide" end="96" time="0" condition="String.IsEqual(Skin.String(Home_Background_Override_Source),Artists)">Conditional</animation>
		<animation effect="slide" end="120" time="0" condition="String.IsEqual(Skin.String(Home_Background_Override_Source),Custom)">Conditional</animation>
	</include>
	<include name="skinsettings_Home_Background_Override_Source_Focused_Slides">
		<animation effect="slide" end="22" time="0" condition="String.IsEqual(Skin.String(Home_Background_Override_Source),Videos)">Conditional</animation>
		<animation effect="slide" end="44" time="0" condition="String.IsEqual(Skin.String(Home_Background_Override_Source),Movies)">Conditional</animation>
		<animation effect="slide" end="66" time="0" condition="String.IsEqual(Skin.String(Home_Background_Override_Source),TVShows)">Conditional</animation>
		<animation effect="slide" end="88" time="0" condition="String.IsEqual(Skin.String(Home_Background_Override_Source),Artists)">Conditional</animation>
		<animation effect="slide" end="110" time="0" condition="String.IsEqual(Skin.String(Home_Background_Override_Source),Custom)">Conditional</animation>
	</include>

	<include name="skinsettings_Multiart_Interval_Button_Conditions">
		<onleft condition="Skin.String(Multiart_Interval,10)">Skin.SetString(Multiart_Interval,7)</onleft>
		<onleft condition="Skin.String(Multiart_Interval,7)">Skin.SetString(Multiart_Interval,5)</onleft>
		<onleft condition="Skin.String(Multiart_Interval,5)">Skin.SetString(Multiart_Interval,4)</onleft>
		<onleft condition="Skin.String(Multiart_Interval,4) | !Skin.String(Multiart_Interval)">Skin.SetString(Multiart_Interval,3)</onleft>
		<onright condition="Skin.String(Multiart_Interval,3)">Skin.SetString(Multiart_Interval,4)</onright>
		<onright condition="Skin.String(Multiart_Interval,4) | !Skin.String(Multiart_Interval)">Skin.SetString(Multiart_Interval,5)</onright>
		<onright condition="Skin.String(Multiart_Interval,5)">Skin.SetString(Multiart_Interval,7)</onright>
		<onright condition="Skin.String(Multiart_Interval,7)">Skin.SetString(Multiart_Interval,10)</onright>
	</include>
	<include name="skinsettings_Multiart_Interval_Unfocused_Slides">
		<animation effect="slide" end="30" time="0" condition="Integer.IsGreater(Skin.String(Multiart_Interval),3)">Conditional</animation>
		<animation effect="slide" end="30" time="0" condition="Integer.IsGreater(Skin.String(Multiart_Interval),4)">Conditional</animation>
		<animation effect="slide" end="30" time="0" condition="Integer.IsGreater(Skin.String(Multiart_Interval),5)">Conditional</animation>
		<animation effect="slide" end="30" time="0" condition="Integer.IsGreater(Skin.String(Multiart_Interval),7)">Conditional</animation>
	</include>
	<include name="skinsettings_Multiart_Interval_Focused_Slides">
		<animation effect="slide" end="27" time="0" condition="Integer.IsGreater(Skin.String(Multiart_Interval),3)">Conditional</animation>
		<animation effect="slide" end="28" time="0" condition="Integer.IsGreater(Skin.String(Multiart_Interval),4)">Conditional</animation>
		<animation effect="slide" end="27" time="0" condition="Integer.IsGreater(Skin.String(Multiart_Interval),5)">Conditional</animation>
		<animation effect="slide" end="28" time="0" condition="Integer.IsGreater(Skin.String(Multiart_Interval),7)">Conditional</animation>
	</include>

	<include name="skinsettings_Music_Rating_Like_Threshold_Button_Conditions">
		<onleft condition="Skin.String(Music_Rating_Like_Threshold,10)">Skin.SetString(Music_Rating_Like_Threshold,9)</onleft>
		<onleft condition="Skin.String(Music_Rating_Like_Threshold,9)">Skin.SetString(Music_Rating_Like_Threshold,8)</onleft>
		<onleft condition="Skin.String(Music_Rating_Like_Threshold,8)">Skin.SetString(Music_Rating_Like_Threshold,7)</onleft>
		<onleft condition="Skin.String(Music_Rating_Like_Threshold,7)">Skin.SetString(Music_Rating_Like_Threshold,6)</onleft>
		<onleft condition="Skin.String(Music_Rating_Like_Threshold,6)">Skin.SetString(Music_Rating_Like_Threshold,5)</onleft>
		<onleft condition="Skin.String(Music_Rating_Like_Threshold,5)">Skin.SetString(Music_Rating_Like_Threshold,4)</onleft>
		<onleft condition="Skin.String(Music_Rating_Like_Threshold,4)">Skin.SetString(Music_Rating_Like_Threshold,3)</onleft>
		<onleft condition="Skin.String(Music_Rating_Like_Threshold,3)">Skin.SetString(Music_Rating_Like_Threshold,2)</onleft>
		<onleft condition="Skin.String(Music_Rating_Like_Threshold,2)">Skin.SetString(Music_Rating_Like_Threshold,1)</onleft>
		<onleft condition="Skin.String(Music_Rating_Like_Threshold,1)">Skin.SetString(Music_Rating_Like_Threshold,)</onleft>
		<onright condition="!Skin.String(Music_Rating_Like_Threshold)">Skin.SetString(Music_Rating_Like_Threshold,1)</onright>
		<onright condition="Skin.String(Music_Rating_Like_Threshold,1)">Skin.SetString(Music_Rating_Like_Threshold,2)</onright>
		<onright condition="Skin.String(Music_Rating_Like_Threshold,2)">Skin.SetString(Music_Rating_Like_Threshold,3)</onright>
		<onright condition="Skin.String(Music_Rating_Like_Threshold,3)">Skin.SetString(Music_Rating_Like_Threshold,4)</onright>
		<onright condition="Skin.String(Music_Rating_Like_Threshold,4)">Skin.SetString(Music_Rating_Like_Threshold,5)</onright>
		<onright condition="Skin.String(Music_Rating_Like_Threshold,5)">Skin.SetString(Music_Rating_Like_Threshold,6)</onright>
		<onright condition="Skin.String(Music_Rating_Like_Threshold,6)">Skin.SetString(Music_Rating_Like_Threshold,7)</onright>
		<onright condition="Skin.String(Music_Rating_Like_Threshold,7)">Skin.SetString(Music_Rating_Like_Threshold,8)</onright>
		<onright condition="Skin.String(Music_Rating_Like_Threshold,8)">Skin.SetString(Music_Rating_Like_Threshold,9)</onright>
		<onright condition="Skin.String(Music_Rating_Like_Threshold,9)">Skin.SetString(Music_Rating_Like_Threshold,10)</onright>
	</include>
	<include name="skinsettings_Music_Rating_Like_Threshold_Unfocused_Slides">
		<animation effect="slide" end="12" time="0" condition="Integer.IsGreater(Skin.String(Music_Rating_Like_Threshold),0)">Conditional</animation>
		<animation effect="slide" end="12" time="0" condition="Integer.IsGreater(Skin.String(Music_Rating_Like_Threshold),1)">Conditional</animation>
		<animation effect="slide" end="12" time="0" condition="Integer.IsGreater(Skin.String(Music_Rating_Like_Threshold),2)">Conditional</animation>
		<animation effect="slide" end="12" time="0" condition="Integer.IsGreater(Skin.String(Music_Rating_Like_Threshold),3)">Conditional</animation>
		<animation effect="slide" end="12" time="0" condition="Integer.IsGreater(Skin.String(Music_Rating_Like_Threshold),4)">Conditional</animation>
		<animation effect="slide" end="12" time="0" condition="Integer.IsGreater(Skin.String(Music_Rating_Like_Threshold),5)">Conditional</animation>
		<animation effect="slide" end="12" time="0" condition="Integer.IsGreater(Skin.String(Music_Rating_Like_Threshold),6)">Conditional</animation>
		<animation effect="slide" end="12" time="0" condition="Integer.IsGreater(Skin.String(Music_Rating_Like_Threshold),7)">Conditional</animation>
		<animation effect="slide" end="12" time="0" condition="Integer.IsGreater(Skin.String(Music_Rating_Like_Threshold),8)">Conditional</animation>
		<animation effect="slide" end="12" time="0" condition="Integer.IsGreater(Skin.String(Music_Rating_Like_Threshold),9)">Conditional</animation>
	</include>
	<include name="skinsettings_Music_Rating_Like_Threshold_Focused_Slides">
		<animation effect="slide" end="11" time="0" condition="Integer.IsGreater(Skin.String(Music_Rating_Like_Threshold),0)">Conditional</animation>
		<animation effect="slide" end="11" time="0" condition="Integer.IsGreater(Skin.String(Music_Rating_Like_Threshold),1)">Conditional</animation>
		<animation effect="slide" end="11" time="0" condition="Integer.IsGreater(Skin.String(Music_Rating_Like_Threshold),2)">Conditional</animation>
		<animation effect="slide" end="11" time="0" condition="Integer.IsGreater(Skin.String(Music_Rating_Like_Threshold),3)">Conditional</animation>
		<animation effect="slide" end="11" time="0" condition="Integer.IsGreater(Skin.String(Music_Rating_Like_Threshold),4)">Conditional</animation>
		<animation effect="slide" end="11" time="0" condition="Integer.IsGreater(Skin.String(Music_Rating_Like_Threshold),5)">Conditional</animation>
		<animation effect="slide" end="11" time="0" condition="Integer.IsGreater(Skin.String(Music_Rating_Like_Threshold),6)">Conditional</animation>
		<animation effect="slide" end="11" time="0" condition="Integer.IsGreater(Skin.String(Music_Rating_Like_Threshold),7)">Conditional</animation>
		<animation effect="slide" end="11" time="0" condition="Integer.IsGreater(Skin.String(Music_Rating_Like_Threshold),8)">Conditional</animation>
		<animation effect="slide" end="11" time="0" condition="Integer.IsGreater(Skin.String(Music_Rating_Like_Threshold),9)">Conditional</animation>
	</include>

</includes>