<includes>

		<!-- Scalable buttons -->
		<!-- Crosses and pluses -->
		<include name="Cross_Template">
			<param name="width"/>
			<param name="sidebar"/>
			<param name="thickness"/>
			<param name="rotated" default="true"/>
			<param name="color" default="$VAR[Common_Overlay_Label_Color]"/>
			<definition>
				<control type="group">
					<width>100%</width>
					<height>100%</height>
					<control type="group">
						<animation effect="rotate" center="auto" end="45" time="0" condition="$PARAM[rotated]" reversible="false">Conditional</animation>
						<centerleft>50%</centerleft>
						<centertop>50%</centertop>
						<width>$PARAM[width]</width>
						<height>$PARAM[width]</height>
						<control type="image">
							<centertop>50%</centertop>
							<height>$PARAM[thickness]</height>
							<left>0</left>
							<width>$PARAM[sidebar]</width>
							<texture colordiffuse="$PARAM[color]">views/white_100.png</texture>
						</control>
						<control type="image">
							<left>$PARAM[sidebar]</left>
							<right>$PARAM[sidebar]</right>
							<height>100%</height>
							<texture colordiffuse="$PARAM[color]">views/white_100.png</texture>
						</control>
						<control type="image">
							<centertop>50%</centertop>
							<height>$PARAM[thickness]</height>
							<right>0</right>
							<width>$PARAM[sidebar]</width>
							<texture colordiffuse="$PARAM[color]">views/white_100.png</texture>
						</control>
					</control>
				</control>
			</definition>
		</include>

		<include name="Cross_unfocused_template_120">
			<param name="color" default="$VAR[Common_Overlay_Label_Color]"/>
			<definition>
					<include content="Cross_Template">
						<param name="width" value="36"/>
						<param name="sidebar" value="17"/>
						<param name="thickness" value="2"/>
						<param name="rotated" value="true"/>
						<param name="color" value="$PARAM[color]"/>
					</include>
			</definition>
		</include>
		<include name="Cross_unfocused_template_90">
			<param name="color" default="$VAR[Common_Overlay_Label_Color]"/>
			<definition>
					<include content="Cross_Template">
						<param name="width" value="36"/>
						<param name="sidebar" value="17"/>
						<param name="thickness" value="2"/>
						<param name="rotated" value="true"/>
						<param name="color" value="$PARAM[color]"/>
					</include>
			</definition>
		</include>
		<include name="Cross_unfocused">
			<param name="color" default="$VAR[Common_Overlay_Label_Color]"/>
			<param name="width" default="120"/>
			<definition>
					<include content="Cross_unfocused_template_$PARAM[width]">
						<param name="color" value="$PARAM[color]"/>
					</include>
			</definition>
		</include>

		<include name="Cross_focused_template_120">
			<param name="color" default="$VAR[Common_Overlay_Label_Color]"/>
			<definition>
				<include content="Cross_Template">
					<param name="width" value="48"/>
					<param name="sidebar" value="20"/>
					<param name="thickness" value="8"/>
					<param name="rotated" value="true"/>
					<param name="color" value="$PARAM[color]"/>
				</include>
			</definition>
		</include>
		<include name="Cross_focused_template_90">
			<param name="color" default="$VAR[Common_Overlay_Label_Color]"/>
			<definition>
				<include content="Cross_Template">
					<param name="width" value="48"/>
					<param name="sidebar" value="20"/>
					<param name="thickness" value="8"/>
					<param name="rotated" value="true"/>
					<param name="color" value="$PARAM[color]"/>
				</include>
			</definition>
		</include>
		<include name="Cross_focused">
			<param name="color" default="$VAR[Common_Overlay_Label_Color]"/>
			<param name="width" default="120"/>
			<definition>
					<include content="Cross_focused_template_$PARAM[width]">
						<param name="color" value="$PARAM[color]"/>
					</include>
			</definition>
		</include>

		<include name="Plus_unfocused_template_120">
			<param name="color" default="$VAR[Common_Overlay_Label_Color]"/>
			<definition>
					<include content="Cross_Template">
						<param name="width" value="32"/>
						<param name="sidebar" value="15"/>
						<param name="thickness" value="2"/>
						<param name="rotated" value="false"/>
						<param name="color" value="$PARAM[color]"/>
					</include>
			</definition>
		</include>
		<include name="Plus_unfocused_template_90">
			<param name="color" default="$VAR[Common_Overlay_Label_Color]"/>
			<definition>
					<include content="Cross_Template">
						<param name="width" value="32"/>
						<param name="sidebar" value="15"/>
						<param name="thickness" value="2"/>
						<param name="rotated" value="false"/>
						<param name="color" value="$PARAM[color]"/>
					</include>
			</definition>
		</include>
		<include name="Plus_unfocused">
			<param name="color" default="$VAR[Common_Overlay_Label_Color]"/>
			<param name="width" default="120"/>
			<definition>
					<include content="Plus_unfocused_template_$PARAM[width]">
						<param name="color" value="$PARAM[color]"/>
					</include>
			</definition>
		</include>

		<include name="Plus_focused_template_120">
			<param name="color" default="$VAR[Common_Overlay_Label_Color]"/>
			<definition>
				<include content="Cross_Template">
					<param name="width" value="40"/>
					<param name="sidebar" value="16"/>
					<param name="thickness" value="8"/>
					<param name="rotated" value="false"/>
					<param name="color" value="$PARAM[color]"/>
				</include>
			</definition>
		</include>
		<include name="Plus_focused_template_90">
			<param name="color" default="$VAR[Common_Overlay_Label_Color]"/>
			<definition>
				<include content="Cross_Template">
					<param name="width" value="40"/>
					<param name="sidebar" value="16"/>
					<param name="thickness" value="8"/>
					<param name="rotated" value="false"/>
					<param name="color" value="$PARAM[color]"/>
				</include>
			</definition>
		</include>
		<include name="Plus_focused">
			<param name="color" default="$VAR[Common_Overlay_Label_Color]"/>
			<param name="width" default="120"/>
			<definition>
					<include content="Plus_focused_template_$PARAM[width]">
						<param name="color" value="$PARAM[color]"/>
					</include>
			</definition>
		</include>

		<!-- Checks -->
		<include name="Check_Template">
			<param name="width" default="27"/>
			<param name="height" default="14"/>
			<param name="thickness" default="2"/>
			<param name="color" default="$VAR[Common_Overlay_Label_Color]"/>
			<definition>
				<control type="group">
					<width>100%</width>
					<height>100%</height>
					<control type="group">
						<animation effect="slide" end="0,-5" time="0" condition="true" reversible="false">Conditional</animation>
						<animation effect="rotate" center="auto" end="45" time="0" condition="true" reversible="false">Conditional</animation>
						<centerleft>50%</centerleft>
						<centertop>50%</centertop>
						<width>$PARAM[width]</width>
						<height>$PARAM[height]</height>
						<control type="image">
							<left>0</left>
							<width>$PARAM[thickness]</width>
							<height>100%</height>
							<texture colordiffuse="$PARAM[color]">views/white_100.png</texture>
						</control>
						<control type="image">
							<left>$PARAM[thickness]</left>
							<bottom>0</bottom>
							<height>$PARAM[thickness]</height>
							<texture colordiffuse="$PARAM[color]">views/white_100.png</texture>
						</control>
					</control>
				</control>
			</definition>
		</include>

		<include name="Check_unfocused_template_120">
			<param name="color"/>
			<definition>
				<include content="Check_Template">
					<param name="width" value="28"/>
					<param name="height" value="14"/>
					<param name="thickness" value="2"/>
					<param name="color" value="$PARAM[color]"/>
				</include>
			</definition>
		</include>
		<include name="Check_unfocused">
			<param name="color" default="$VAR[Common_Overlay_Label_Color]"/>
			<param name="rotated" default="true"/>
			<param name="width" default="120"/>
			<definition>
					<include content="Check_unfocused_template_$PARAM[width]">
						<param name="color" value="$PARAM[color]"/>
						<param name="rotated" value="$PARAM[rotated]"/>
					</include>
			</definition>
		</include>

		<include name="Check_focused_template_120">
			<param name="color"/>
			<definition>
				<include content="Check_Template">
					<param name="width" value="48"/>
					<param name="height" value="24"/>
					<param name="thickness" value="9"/>
					<param name="color" value="$PARAM[color]"/>
				</include>
			</definition>
		</include>
		<include name="Check_focused">
			<param name="color" default="$VAR[Common_Overlay_Label_Color]"/>
			<param name="rotated" default="true"/>
			<param name="width" default="120"/>
			<definition>
					<include content="Check_focused_template_$PARAM[width]">
						<param name="color" value="$PARAM[color]"/>
						<param name="rotated" value="$PARAM[rotated]"/>
					</include>
			</definition>
		</include>

		<!-- Arrows -->
		<include name="Arrow_Template">
			<param name="width" default="20"/>
			<param name="thickness" default="2"/>
			<param name="rotateend" default="-45"/>
			<param name="color" default="$VAR[Common_Overlay_Label_Color]"/>
			<definition>
				<control type="group">
					<width>100%</width>
					<height>100%</height>
					<control type="group">
						<animation effect="rotate" center="auto" end="$PARAM[rotateend]" time="0" condition="true" reversible="false">Conditional</animation>
						<centerleft>50%</centerleft>
						<centertop>50%</centertop>
						<width>$PARAM[width]</width>
						<height>$PARAM[width]</height>
						<control type="image">
							<top>0</top>
							<height>$PARAM[thickness]</height>
							<width>100%</width>
							<texture colordiffuse="$PARAM[color]">views/white_100.png</texture>
						</control>
						<control type="image">
							<right>0</right>
							<width>$PARAM[thickness]</width>
							<height>100%</height>
							<texture colordiffuse="$PARAM[color]">views/white_100.png</texture>
						</control>
					</control>
				</control>
			</definition>
		</include>

		<include name="Left_Arrow_unfocused_template_120">
			<param name="color"/>
			<definition>
				<control type="group">
					<animation effect="slide" end="6,0"  time="0" condition="true" reversible="false">Conditional</animation>
					<include content="Arrow_Template">
						<param name="width" value="20"/>
						<param name="thickness" value="2"/>
						<param name="rotateend" value="135"/>
						<param name="color" value="$PARAM[color]"/>
					</include>
				</control>
			</definition>
		</include>
		<include name="Left_Arrow_unfocused">
			<param name="color" default="$VAR[Common_Overlay_Label_Color]"/>
			<param name="width" default="120"/>
			<definition>
				<include content="Left_Arrow_unfocused_template_$PARAM[width]">
					<param name="color" value="$PARAM[color]"/>
				</include>
			</definition>
		</include>

		<include name="Left_Arrow_focused_template_120">
			<param name="color"/>
			<definition>
				<control type="group">
					<animation effect="slide" end="7,0"  time="0" condition="true" reversible="false">Conditional</animation>
					<include content="Arrow_Template">
						<param name="width" value="28"/>
						<param name="thickness" value="9"/>
						<param name="rotateend" value="135"/>
						<param name="color" value="$PARAM[color]"/>
					</include>
				</control>
			</definition>
		</include>
		<include name="Left_Arrow_focused">
			<param name="color" default="$VAR[Common_Overlay_Label_Color]"/>
			<param name="width" default="120"/>
			<definition>
				<include content="Left_Arrow_focused_template_$PARAM[width]">
					<param name="color" value="$PARAM[color]"/>
				</include>
			</definition>
		</include>

		<include name="Right_Arrow_unfocused_template_120">
			<param name="color"/>
			<definition>
				<control type="group">
					<animation effect="slide" end="-6,0"  time="0" condition="true" reversible="false">Conditional</animation>
					<include content="Arrow_Template">
						<param name="width" value="20"/>
						<param name="thickness" value="2"/>
						<param name="rotateend" value="-45"/>
						<param name="color" value="$PARAM[color]"/>
					</include>
				</control>
			</definition>
		</include>
		<include name="Right_Arrow_unfocused">
			<param name="color" default="$VAR[Common_Overlay_Label_Color]"/>
			<param name="width" default="120"/>
			<definition>
				<include content="Right_Arrow_unfocused_template_$PARAM[width]">
					<param name="color" value="$PARAM[color]"/>
				</include>
			</definition>
		</include>

		<include name="Right_Arrow_focused_template_120">
			<param name="color"/>
			<definition>
				<control type="group">
					<animation effect="slide" end="-7,0"  time="0" condition="true" reversible="false">Conditional</animation>
					<include content="Arrow_Template">
						<param name="width" value="28"/>
						<param name="thickness" value="9"/>
						<param name="rotateend" value="-45"/>
						<param name="color" value="$PARAM[color]"/>
					</include>
				</control>
			</definition>
		</include>
		<include name="Right_Arrow_focused">
			<param name="color" default="$VAR[Common_Overlay_Label_Color]"/>
			<param name="width" default="120"/>
			<definition>
				<include content="Right_Arrow_focused_template_$PARAM[width]">
					<param name="color" value="$PARAM[color]"/>
				</include>
			</definition>
		</include>

		<include name="Up_Arrow_unfocused_template_120">
			<param name="color"/>
			<definition>
				<control type="group">
					<animation effect="slide" end="0,6"  time="0" condition="true" reversible="false">Conditional</animation>
					<include content="Arrow_Template">
						<param name="width" value="20"/>
						<param name="thickness" value="2"/>
						<param name="rotateend" value="45"/>
						<param name="color" value="$PARAM[color]"/>
					</include>
				</control>
			</definition>
		</include>
		<include name="Up_Arrow_unfocused_template_90">
			<param name="color"/>
			<definition>
				<control type="group">
					<animation effect="slide" end="0,5"  time="0" condition="true" reversible="false">Conditional</animation>
					<include content="Arrow_Template">
						<param name="width" value="14"/>
						<param name="thickness" value="2"/>
						<param name="rotateend" value="45"/>
						<param name="color" value="$PARAM[color]"/>
					</include>
				</control>
			</definition>
		</include>
		<include name="Up_Arrow_unfocused">
			<param name="color" default="$VAR[Common_Overlay_Label_Color]"/>
			<param name="width" default="120"/>
			<definition>
				<include content="Up_Arrow_unfocused_template_$PARAM[width]">
					<param name="color" value="$PARAM[color]"/>
				</include>
			</definition>
		</include>

		<include name="Up_Arrow_focused_template_120">
			<param name="color"/>
			<definition>
				<control type="group">
					<animation effect="slide" end="0,7"  time="0" condition="true" reversible="false">Conditional</animation>
					<include content="Arrow_Template">
						<param name="width" value="28"/>
						<param name="thickness" value="9"/>
						<param name="rotateend" value="45"/>
						<param name="color" value="$PARAM[color]"/>
					</include>
				</control>
			</definition>
		</include>
		<include name="Up_Arrow_focused_template_90">
			<param name="color"/>
			<definition>
				<control type="group">
					<animation effect="slide" end="0,5"  time="0" condition="true" reversible="false">Conditional</animation>
					<include content="Arrow_Template">
						<param name="width" value="21"/>
						<param name="thickness" value="6"/>
						<param name="rotateend" value="45"/>
						<param name="color" value="$PARAM[color]"/>
					</include>
				</control>
			</definition>
		</include>
		<include name="Up_Arrow_focused">
			<param name="color" default="$VAR[Common_Overlay_Label_Color]"/>
			<param name="width" default="120"/>
			<definition>
				<include content="Up_Arrow_focused_template_$PARAM[width]">
					<param name="color" value="$PARAM[color]"/>
				</include>
			</definition>
		</include>

		<include name="Down_Arrow_unfocused_template_120">
			<param name="color"/>
			<definition>
				<control type="group">
					<animation effect="slide" end="0,-6"  time="0" condition="true" reversible="false">Conditional</animation>
					<include content="Arrow_Template">
						<param name="width" value="20"/>
						<param name="thickness" value="2"/>
						<param name="rotateend" value="-135"/>
						<param name="color" value="$PARAM[color]"/>
					</include>
				</control>
			</definition>
		</include>
		<include name="Down_Arrow_unfocused_template_90">
			<param name="color"/>
			<definition>
				<control type="group">
					<animation effect="slide" end="0,-5"  time="0" condition="true" reversible="false">Conditional</animation>
					<include content="Arrow_Template">
						<param name="width" value="14"/>
						<param name="thickness" value="2"/>
						<param name="rotateend" value="-135"/>
						<param name="color" value="$PARAM[color]"/>
					</include>
				</control>
			</definition>
		</include>
		<include name="Down_Arrow_unfocused">
			<param name="color" default="$VAR[Common_Overlay_Label_Color]"/>
			<param name="width" default="120"/>
			<definition>
				<include content="Down_Arrow_unfocused_template_$PARAM[width]">
					<param name="color" value="$PARAM[color]"/>
				</include>
			</definition>
		</include>

		<include name="Down_Arrow_focused_template_120">
			<param name="color"/>
			<definition>
				<control type="group">
					<animation effect="slide" end="0,-7"  time="0" condition="true" reversible="false">Conditional</animation>
					<include content="Arrow_Template">
						<param name="width" value="28"/>
						<param name="thickness" value="9"/>
						<param name="rotateend" value="-135"/>
						<param name="color" value="$PARAM[color]"/>
					</include>
				</control>
			</definition>
		</include>
		<include name="Down_Arrow_focused_template_90">
			<param name="color"/>
			<definition>
				<control type="group">
					<animation effect="slide" end="0,-5"  time="0" condition="true" reversible="false">Conditional</animation>
					<include content="Arrow_Template">
						<param name="width" value="21"/>
						<param name="thickness" value="6"/>
						<param name="rotateend" value="-135"/>
						<param name="color" value="$PARAM[color]"/>
					</include>
				</control>
			</definition>
		</include>
		<include name="Down_Arrow_focused">
			<param name="color" default="$VAR[Common_Overlay_Label_Color]"/>
			<param name="width" default="120"/>
			<definition>
				<include content="Down_Arrow_focused_template_$PARAM[width]">
					<param name="color" value="$PARAM[color]"/>
				</include>
			</definition>
		</include>

		<!-- Arrows with tails -->
		<include name="Arrow_With_Tail_Template">
			<param name="width" default="28"/>
			<param name="arrowhead" default="20"/>
			<param name="tail" default="34"/>
			<param name="thickness" default="2"/>
			<param name="basevisible" default="false"/>
			<param name="basethickness" default="2"/>
			<param name="baseadjustment" default="0"/>
			<param name="rotateend" default="45"/>
			<param name="color" default="$VAR[Common_Overlay_Label_Color]"/>
			<definition>
				<control type="group">
					<width>100%</width>
					<height>100%</height>
					<control type="group">
						<animation effect="rotate" center="auto" end="$PARAM[rotateend]" time="0" condition="true" reversible="false">Conditional</animation>
						<centerleft>50%</centerleft>
						<centertop>50%</centertop>
						<width>$PARAM[width]</width>
						<height>$PARAM[width]</height>
						<control type="image">
							<top>0</top>
							<height>$PARAM[thickness]</height>
							<right>0</right>
							<width>$PARAM[arrowhead]</width>
							<texture colordiffuse="$PARAM[color]">views/white_100.png</texture>
						</control>
						<control type="image">
							<right>0</right>
							<width>$PARAM[thickness]</width>
							<top>0</top>
							<height>$PARAM[arrowhead]</height>
							<texture colordiffuse="$PARAM[color]">views/white_100.png</texture>
						</control>
						<control type="group">
							<animation effect="rotate" center="auto" end="45" time="0" condition="true" reversible="false">Conditional</animation>
							<centerleft>50%</centerleft>
							<width>$PARAM[tail]</width>
							<centertop>50%</centertop>
							<height>$PARAM[arrowhead]</height>
							<control type="image">
								<centertop>50%</centertop>
								<height>$PARAM[thickness]</height>
								<width>100%</width>
								<texture colordiffuse="$PARAM[color]">views/white_100.png</texture>
							</control>
						</control>
					</control>
					<control type="image">
						<animation effect="slide" end="0,-$PARAM[baseadjustment]" time="0" condition="true" reversible="false">Conditional</animation>
						<visible>$PARAM[basevisible]</visible>
						<centerleft>50%</centerleft>
						<centertop>50%</centertop>
						<width>$PARAM[width]</width>
						<height>$PARAM[basethickness]</height>
						<texture colordiffuse="$PARAM[color]">views/white_100.png</texture>
					</control>
				</control>
			</definition>
		</include>

		<include name="Backspace_unfocused_template_120">
			<param name="color"/>
			<definition>
				<include content="Arrow_With_Tail_Template">
					<param name="width" value="28"/>
					<param name="arrowhead" value="20"/>
					<param name="tail" value="34"/>
					<param name="thickness" value="2"/>
					<param name="rotateend" value="135"/>
					<param name="color" value="$PARAM[color]"/>
				</include>
			</definition>
		</include>
		<include name="Backspace_unfocused">
			<param name="color" default="$VAR[Common_Overlay_Label_Color]"/>
			<param name="width" default="120"/>
			<definition>
				<include content="Backspace_unfocused_template_$PARAM[width]">
					<param name="color" value="$PARAM[color]"/>
				</include>
			</definition>
		</include>

		<include name="Backspace_focused_template_120">
			<param name="color"/>
			<definition>
				<include content="Arrow_With_Tail_Template">
					<param name="width" value="40"/>
					<param name="arrowhead" value="28"/>
					<param name="tail" value="42"/>
					<param name="thickness" value="9"/>
					<param name="rotateend" value="135"/>
					<param name="color" value="$PARAM[color]"/>
				</include>
			</definition>
		</include>
		<include name="Backspace_focused">
			<param name="color" default="$VAR[Common_Overlay_Label_Color]"/>
			<param name="width" default="120"/>
			<definition>
				<include content="Backspace_focused_template_$PARAM[width]">
					<param name="color" value="$PARAM[color]"/>
				</include>
			</definition>
		</include>

		<include name="Shift_unfocused_template_120">
			<param name="color"/>
			<definition>
				<include content="Arrow_With_Tail_Template">
					<param name="width" value="20"/>
					<param name="arrowhead" value="15"/>
					<param name="tail" value="26"/>
					<param name="thickness" value="2"/>
					<param name="rotateend" value="45"/>
					<param name="color" value="$PARAM[color]"/>
				</include>
			</definition>
		</include>
		<include name="Shift_unfocused">
			<param name="color" default="$VAR[Common_Overlay_Label_Color]"/>
			<param name="width" default="120"/>
			<definition>
				<include content="Shift_unfocused_template_$PARAM[width]">
					<param name="color" value="$PARAM[color]"/>
				</include>
			</definition>
		</include>

		<include name="Shift_focused_template_120">
			<param name="color"/>
			<definition>
				<include content="Arrow_With_Tail_Template">
					<param name="width" value="34"/>
					<param name="arrowhead" value="26"/>
					<param name="tail" value="34"/>
					<param name="thickness" value="8"/>
					<param name="rotateend" value="45"/>
					<param name="color" value="$PARAM[color]"/>
				</include>
			</definition>
		</include>
		<include name="Shift_focused">
			<param name="color" default="$VAR[Common_Overlay_Label_Color]"/>
			<param name="width" default="120"/>
			<definition>
				<include content="Shift_focused_template_$PARAM[width]">
					<param name="color" value="$PARAM[color]"/>
				</include>
			</definition>
		</include>

		<include name="Caps_unfocused_template_120">
			<param name="color"/>
			<definition>
				<include content="Arrow_With_Tail_Template">
					<param name="width" value="20"/>
					<param name="arrowhead" value="15"/>
					<param name="tail" value="26"/>
					<param name="thickness" value="2"/>
					<param name="rotateend" value="45"/>
					<param name="color" value="$PARAM[color]"/>
					<param name="basevisible" value="true"/>
					<param name="basethickness" value="2"/>
					<param name="baseadjustment" value="13"/>
				</include>
			</definition>
		</include>
		<include name="Caps_unfocused">
			<param name="color" default="$VAR[Common_Overlay_Label_Color]"/>
			<param name="width" default="120"/>
			<definition>
				<include content="Caps_unfocused_template_$PARAM[width]">
					<param name="color" value="$PARAM[color]"/>
				</include>
			</definition>
		</include>

		<include name="Caps_focused_template_120">
			<param name="color" default="$VAR[Common_Overlay_Label_Color]"/>
			<definition>
				<include content="Arrow_With_Tail_Template">
					<param name="width" value="40"/>
					<param name="arrowhead" value="26"/>
					<param name="tail" value="34"/>
					<param name="thickness" value="8"/>
					<param name="rotateend" value="45"/>
					<param name="color" value="$PARAM[color]"/>
					<param name="basevisible" value="true"/>
					<param name="basethickness" value="6"/>
					<param name="baseadjustment" value="26"/>
				</include>
			</definition>
		</include>
		<include name="Caps_focused">
			<param name="color" default="$VAR[Common_Overlay_Label_Color]"/>
			<param name="width" default="120"/>
			<definition>
				<include content="Caps_focused_template_$PARAM[width]">
					<param name="color" value="$PARAM[color]"/>
				</include>
			</definition>
		</include>

		<include name="Space_Template">
			<param name="width" default="34"/>
			<param name="height" default="14"/>
			<param name="thickness" default="2"/>
			<param name="color" default="$VAR[Common_Overlay_Label_Color]"/>
			<param name="buckets" default="false"/>
			<definition>
				<control type="group">
					<width>100%</width>
					<height>100%</height>
					<control type="group">
						<centerleft>50%</centerleft>
						<centertop>50%</centertop>
						<width>$PARAM[width]</width>
						<height>$PARAM[height]</height>
						<control type="image">
							<bottom>0</bottom>
							<height>$PARAM[thickness]</height>
							<width>100%</width>
							<texture colordiffuse="$PARAM[color]">views/white_100.png</texture>
						</control>
						<control type="image">
							<visible>$PARAM[buckets]</visible>
							<left>0</left>
							<width>$PARAM[thickness]</width>
							<bottom>$PARAM[thickness]</bottom>
							<top>0</top>
							<texture colordiffuse="$PARAM[color]">views/white_100.png</texture>
						</control>
						<control type="image">
							<visible>$PARAM[buckets]</visible>
							<right>0</right>
							<width>$PARAM[thickness]</width>
							<bottom>$PARAM[thickness]</bottom>
							<top>0</top>
							<texture colordiffuse="$PARAM[color]">views/white_100.png</texture>
						</control>
					</control>
				</control>
			</definition>
		</include>

		<include name="Space_unfocused_template_120">
			<param name="color" default="$VAR[Common_Overlay_Label_Color]"/>
			<definition>
				<include content="Space_Template">
					<param name="width" value="60"/>
					<param name="height" value="28"/>
					<param name="thickness" value="2"/>
					<param name="color" value="$PARAM[color]"/>
				</include>
			</definition>
		</include>
		<include name="Space_unfocused">
			<param name="color" default="$VAR[Common_Overlay_Label_Color]"/>
			<param name="width" default="120"/>
			<definition>
				<include content="Space_unfocused_template_$PARAM[width]">
					<param name="color" value="$PARAM[color]"/>
				</include>
			</definition>
		</include>

		<include name="Space_focused_template_120">
			<param name="color" default="$VAR[Common_Overlay_Label_Color]"/>
			<definition>
				<include content="Space_Template">
					<param name="width" value="90"/>
					<param name="height" value="40"/>
					<param name="thickness" value="9"/>
					<param name="color" value="$PARAM[color]"/>
				</include>
			</definition>
		</include>
		<include name="Space_focused">
			<param name="color" default="$VAR[Common_Overlay_Label_Color]"/>
			<param name="width" default="120"/>
			<definition>
				<include content="Space_focused_template_$PARAM[width]">
					<param name="color" value="$PARAM[color]"/>
				</include>
			</definition>
		</include>

		<!-- Buttons with png textures -->
		<include name="Texture_Button_Template">
			<param name="width"/>
			<param name="texture"/>
			<param name="color"/>
			<definition>
				<control type="image">
					<width>$PARAM[width]</width>
					<height>$PARAM[width]</height>
					<texture colordiffuse="$PARAM[color]">$PARAM[texture]</texture>
					<aspectratio>scale</aspectratio>
				</control>
			</definition>
		</include>

		<include name="Browse_unfocused">
			<param name="color" default="$VAR[Common_Overlay_Label_Color]"/>
			<param name="width" default="120"/>
			<definition>
				<include content="Texture_Button_Template">
					<param name="texture" value="buttons/Browse_unfocused_$PARAM[width].png"/>
					<param name="width" value="$PARAM[width]"/>
					<param name="color" value="$PARAM[color]"/>
				</include>
			</definition>
		</include>

		<include name="Browse_focused">
			<param name="color" default="$VAR[Common_Overlay_Label_Color]"/>
			<param name="width" default="120"/>
			<definition>
				<include content="Texture_Button_Template">
					<param name="texture" value="buttons/Browse_focused_$PARAM[width].png"/>
					<param name="width" value="$PARAM[width]"/>
					<param name="color" value="$PARAM[color]"/>
				</include>
			</definition>
		</include>

		<include name="IP_unfocused">
			<param name="color" default="$VAR[Common_Overlay_Label_Color]"/>
			<param name="width" default="120"/>
			<definition>
				<include content="Texture_Button_Template">
					<param name="texture" value="buttons/IP_unfocused_$PARAM[width].png"/>
					<param name="width" value="$PARAM[width]"/>
					<param name="color" value="$PARAM[color]"/>
				</include>
			</definition>
		</include>

		<include name="IP_focused">
			<param name="color" default="$VAR[Common_Overlay_Label_Color]"/>
			<param name="width" default="120"/>
			<definition>
				<include content="Texture_Button_Template">
					<param name="texture" value="buttons/IP_focused_$PARAM[width].png"/>
					<param name="width" value="$PARAM[width]"/>
					<param name="color" value="$PARAM[color]"/>
				</include>
			</definition>
		</include>

		<include name="Hidden_unfocused">
			<param name="color" default="$VAR[Common_Overlay_Label_Color]"/>
			<param name="width" default="120"/>
			<definition>
				<include content="Texture_Button_Template">
					<param name="texture" value="buttons/Hidden_unfocused_$PARAM[width].png"/>
					<param name="width" value="$PARAM[width]"/>
					<param name="color" value="$PARAM[color]"/>
				</include>
			</definition>
		</include>

		<include name="Hidden_focused">
			<param name="color" default="$VAR[Common_Overlay_Label_Color]"/>
			<param name="width" default="120"/>
			<definition>
				<include content="Texture_Button_Template">
					<param name="texture" value="buttons/Hidden_focused_$PARAM[width].png"/>
					<param name="width" value="$PARAM[width]"/>
					<param name="color" value="$PARAM[color]"/>
				</include>
			</definition>
		</include>

		<include name="Mirrored_unfocused">
			<param name="color" default="$VAR[Common_Overlay_Label_Color]"/>
			<param name="width" default="120"/>
			<definition>
				<include content="Texture_Button_Template">
					<param name="texture" value="buttons/Mirrored_unfocused_$PARAM[width].png"/>
					<param name="width" value="$PARAM[width]"/>
					<param name="color" value="$PARAM[color]"/>
				</include>
			</definition>
		</include>

		<include name="Mirrored_focused">
			<param name="color" default="$VAR[Common_Overlay_Label_Color]"/>
			<param name="width" default="120"/>
			<definition>
				<include content="Texture_Button_Template">
					<param name="texture" value="buttons/Mirrored_focused_$PARAM[width].png"/>
					<param name="width" value="$PARAM[width]"/>
					<param name="color" value="$PARAM[color]"/>
				</include>
			</definition>
		</include>

		<include name="Play_unfocused">
			<param name="color" default="$VAR[Common_Overlay_Label_Color]"/>
			<param name="width" default="60"/>
			<definition>
				<include content="Texture_Button_Template">
					<param name="texture" value="buttons/Play_unfocused_$PARAM[width].png"/>
					<param name="width" value="$PARAM[width]"/>
					<param name="color" value="$PARAM[color]"/>
				</include>
			</definition>
		</include>

		<include name="Play_focused">
			<param name="color" default="$VAR[Common_Overlay_Label_Color]"/>
			<param name="width" default="60"/>
			<definition>
				<include content="Texture_Button_Template">
					<param name="texture" value="buttons/Play_focused_$PARAM[width].png"/>
					<param name="width" value="$PARAM[width]"/>
					<param name="color" value="$PARAM[color]"/>
				</include>
			</definition>
		</include>

		<include name="Power_unfocused">
			<param name="color" default="$VAR[Common_Overlay_Label_Color]"/>
			<param name="width" default="120"/>
			<definition>
				<include content="Texture_Button_Template">
					<param name="texture" value="buttons/Power_unfocused_$PARAM[width].png"/>
					<param name="width" value="$PARAM[width]"/>
					<param name="color" value="$PARAM[color]"/>
				</include>
			</definition>
		</include>

		<include name="Power_focused">
			<param name="color" default="$VAR[Common_Overlay_Label_Color]"/>
			<param name="width" default="120"/>
			<definition>
				<include content="Texture_Button_Template">
					<param name="texture" value="buttons/Power_focused_$PARAM[width].png"/>
					<param name="width" value="$PARAM[width]"/>
					<param name="color" value="$PARAM[color]"/>
				</include>
			</definition>
		</include>

		<include name="Refresh_unfocused">
			<param name="color" default="$VAR[Common_Overlay_Label_Color]"/>
			<param name="width" default="120"/>
			<definition>
				<include content="Texture_Button_Template">
					<param name="texture" value="buttons/Refresh_unfocused_$PARAM[width].png"/>
					<param name="width" value="$PARAM[width]"/>
					<param name="color" value="$PARAM[color]"/>
				</include>
			</definition>
		</include>

		<include name="Refresh_focused">
			<param name="color" default="$VAR[Common_Overlay_Label_Color]"/>
			<param name="width" default="120"/>
			<definition>
				<include content="Texture_Button_Template">
					<param name="texture" value="buttons/Refresh_focused_$PARAM[width].png"/>
					<param name="width" value="$PARAM[width]"/>
					<param name="color" value="$PARAM[color]"/>
				</include>
			</definition>
		</include>

		<include name="Settings_unfocused">
			<param name="color" default="$VAR[Common_Overlay_Label_Color]"/>
			<param name="width" default="120"/>
			<definition>
				<include content="Texture_Button_Template">
					<param name="texture" value="buttons/Settings_unfocused_$PARAM[width].png"/>
					<param name="width" value="$PARAM[width]"/>
					<param name="color" value="$PARAM[color]"/>
				</include>
			</definition>
		</include>

		<include name="Settings_focused">
			<param name="color" default="$VAR[Common_Overlay_Label_Color]"/>
			<param name="width" default="120"/>
			<definition>
				<include content="Texture_Button_Template">
					<param name="texture" value="buttons/Settings_focused_$PARAM[width].png"/>
					<param name="width" value="$PARAM[width]"/>
					<param name="color" value="$PARAM[color]"/>
				</include>
			</definition>
		</include>

		<include name="Symbols_unfocused">
			<param name="color" default="$VAR[Common_Overlay_Label_Color]"/>
			<param name="width" default="120"/>
			<definition>
				<include content="Texture_Button_Template">
					<param name="texture" value="buttons/Symbols_unfocused_$PARAM[width].png"/>
					<param name="width" value="$PARAM[width]"/>
					<param name="color" value="$PARAM[color]"/>
				</include>
			</definition>
		</include>

		<include name="Symbols_focused">
			<param name="color" default="$VAR[Common_Overlay_Label_Color]"/>
			<param name="width" default="120"/>
			<definition>
				<include content="Texture_Button_Template">
					<param name="texture" value="buttons/Symbols_focused_$PARAM[width].png"/>
					<param name="width" value="$PARAM[width]"/>
					<param name="color" value="$PARAM[color]"/>
				</include>
			</definition>
		</include>

		<include name="Visible_unfocused">
			<param name="color" default="$VAR[Common_Overlay_Label_Color]"/>
			<param name="width" default="120"/>
			<definition>
				<include content="Texture_Button_Template">
					<param name="texture" value="buttons/Visible_unfocused_$PARAM[width].png"/>
					<param name="width" value="$PARAM[width]"/>
					<param name="color" value="$PARAM[color]"/>
				</include>
			</definition>
		</include>

		<include name="Visible_focused">
			<param name="color" default="$VAR[Common_Overlay_Label_Color]"/>
			<param name="width" default="120"/>
			<definition>
				<include content="Texture_Button_Template">
					<param name="texture" value="buttons/Visible_focused_$PARAM[width].png"/>
					<param name="width" value="$PARAM[width]"/>
					<param name="color" value="$PARAM[color]"/>
				</include>
			</definition>
		</include>

</includes>
