<?xml version="1.0" encoding="UTF-8"?>
<window>
	<!-- numericinput -->
	<defaultcontrol always="true">9001</defaultcontrol>
	<include>Delayed_Dialog_Fade_Animation</include>
	<controls>

		<!-- Delay content on Load -->
		<include content="Delay_Content_Load">
			<param name="time" value="720"/>
			<param name="target_id" value="SetFocus(1000)"/>
		</include>

		<!-- Hidden buttons -->
		<control type="group">
			<visible allowhiddenfocus="true">false</visible>
			<control type="button" id="10"/>
			<control type="button" id="11"/>
			<control type="button" id="12"/>
			<control type="button" id="13"/>
			<control type="button" id="14"/>
			<control type="button" id="15"/>
			<control type="button" id="16"/>
			<control type="button" id="17"/>
			<control type="button" id="18"/>
			<control type="button" id="19"/>
			<control type="button" id="20"/>
			<control type="button" id="22"/>
			<control type="button" id="23"/>
		</control>

		<!-- Hidden panel -->
		<control type="panel" id="1000">
			<onup>1001</onup>
			<ondown>1001</ondown>
			<onright>301</onright>
			<visible allowhiddenfocus="true">false</visible>
			<width>360</width>
			<height>360</height>
			<orientation>vertical</orientation>
			<itemlayout width="90" height="90"/>
			<focusedlayout width="90" height="90"/>
			<content>
				<item>
					<description>7</description>
					<label>12317</label>
					<onclick>Sendclick(17)</onclick>
				</item>
				<item>
					<description>8</description>
					<label>12318</label>
					<onclick>Sendclick(18)</onclick>
				</item>
				<item>
					<description>9</description>
					<label>12319</label>
					<onclick>Sendclick(19)</onclick>
				</item>
				<item>
					<description>Backspace</description>
					<!--<label>⌫</label>-->
					<label>←</label>
					<onclick>Sendclick(23)</onclick>
				</item>
				<item>
					<description>4</description>
					<label>12314</label>
					<onclick>Sendclick(14)</onclick>
				</item>
				<item>
					<description>5</description>
					<label>12315</label>
					<onclick>Sendclick(15)</onclick>
				</item>
				<item>
					<description>6</description>
					<label>12316</label>
					<onclick>Sendclick(16)</onclick>
				</item>
				<item>
					<description>Left Arrow_With_Tail_Template</description>
					<!--<label>←</label>-->
					<label>‹</label>
					<onclick>Sendclick(20)</onclick>
				</item>
				<item>
					<description>1</description>
					<label>12311</label>
					<onclick>Sendclick(11)</onclick>
				</item>
				<item>
					<description>2</description>
					<label>12312</label>
					<onclick>Sendclick(12)</onclick>
				</item>
				<item>
					<description>3</description>
					<label>12313</label>
					<onclick>Sendclick(13)</onclick>
				</item>
				<item>
					<description>Right Arrow_With_Tail_Template</description>
					<!--<label>←</label>-->
					<label>›</label>
					<onclick>Sendclick(22)</onclick>
				</item>
			</content>
		</control>

		<!-- Hidden panel 2 -->
		<control type="panel" id="1001">
			<onup>SetFocus(1000,9)</onup>
			<onright>301</onright>
			<ondown>301</ondown>
			<visible allowhiddenfocus="true">false</visible>
			<width>120</width>
			<height>120</height>
			<orientation>vertical</orientation>
			<itemlayout width="120" height="120"/>
			<focusedlayout width="120" height="120"/>
			<content>
				<item>
					<description>0</description>
					<label>12310</label>
					<onclick>Sendclick(10)</onclick>
				</item>
			</content>
		</control>


		<control type="group">
			<visible>!Window.IsVisible(shutdownmenu)</visible>
			<include>Delayed_Content_Fade_Animation</include>

			<!-- Window furniture -->
			<include content="Transparent_Dialog_Panel">
				<param name="top" value="435"/>
				<param name="bottom" value="180"/>
			</include>

			<include content="Breadcrumb_Label">
				<param name="title_label_id" value="1"/>
			</include>


			<!--Top bar-->
			<control type="group">
				<width>600</width>
				<centerleft>50%</centerleft>
				<top>390</top>
				<height>90</height>
				<control type="image">
					<texture colordiffuse="$VAR[Light_Color]">views/white_100.png</texture>
				</control>
				<control type="group">
					<visible>!Control.HasFocus(9001)</visible>
					<include>Contente_Fade_Animation</include>
					<control type="label" id="4">
						<align>center</align>
						<aligny>center</aligny>
						<font>List_Title_Unfocused</font>
						<textcolor>$VAR[Dark_Color]</textcolor>
						<textoffsetx>15</textoffsetx>
					</control>
				</control>
			</control>

			<control type="group">
				<visible>!Control.HasFocus(9001)</visible>
				<include>Contente_Fade_Animation</include>

				<control type="grouplist">
					<left>780</left>
					<width>360</width>
					<height>360</height>
					<top>510</top>
					<orientation>vertical</orientation>
					<align>left</align>
					<usecontrolcoords>true</usecontrolcoords>
						<control type="grouplist">
							<height>90</height>
							<width>100%</width>
							<orientation>horizontal</orientation>
							<include content="Numeric_Label_Button">
								<param name="position" value="0"/>
							</include>
							<include content="Numeric_Label_Button">
								<param name="position" value="1"/>
							</include>
							<include content="Numeric_Label_Button">
								<param name="position" value="2"/>
							</include>
							<include content="Numeric_Label_Button">
								<param name="position" value="3"/>
							</include>
						</control>
						<control type="grouplist">
							<height>90</height>
							<width>100%</width>
							<orientation>horizontal</orientation>
							<include content="Numeric_Label_Button">
								<param name="position" value="4"/>
							</include>
							<include content="Numeric_Label_Button">
								<param name="position" value="5"/>
							</include>
							<include content="Numeric_Label_Button">
								<param name="position" value="6"/>
							</include>
							<include content="Numeric_Label_Button">
								<param name="position" value="7"/>
							</include>
						</control>
						<control type="grouplist">
							<height>90</height>
							<width>100%</width>
							<orientation>horizontal</orientation>
							<include content="Numeric_Label_Button">
								<param name="position" value="8"/>
							</include>
							<include content="Numeric_Label_Button">
								<param name="position" value="9"/>
							</include>
							<include content="Numeric_Label_Button">
								<param name="position" value="10"/>
							</include>
							<include content="Numeric_Label_Button">
								<param name="position" value="11"/>
							</include>
						</control>
						<control type="grouplist">
							<height>90</height>
							<width>90</width>
							<left>90</left>
							<orientation>horizontal</orientation>
							<align>left</align>
							<include content="Numeric_Label_Button">
								<param name="id" value="1001"/>
								<param name="position" value="0"/>
							</include>
						</control>
				</control>

				<include content="Button_Group_Template">
					<param name="onleft" value="1001"/>
					<param name="onright" value="1001"/>
					<param name="onup" value="1001"/>
					<param name="ondown" value="SetFocus(1000,1,absolute)"/>
					<param name="icons" value="true"/>
					<param name="button1" value="true"/>
					<param name="button1id" value="301"/>
					<param name="button1onclick" value="Close"/>
					<param name="button2" value="true"/>
					<param name="button2id" value="21"/>
					<param name="buttonsvisible" value="true"/>
				</include>

			</control>
		</control>
	</controls>
</window>
