<includes>

	<include name="ListView_Menu_Options">
		<!-- LISTVIEW DISPLAY -->
		<!-- MOVIES -->
		<item id="942">
			<description>Display (Movies) / Background</description>
			<label>$LOCALIZE[31130] $LOCALIZE[32102] $LOCALIZE[31131]</label>
			<label2>$LOCALIZE[131] $LOCALIZE[31116] $LOCALIZE[32102]</label2>
			<onclick>SetFocus(50)</onclick>
			<property name="ActionLeft">Skin.SetString(ListView_Display_Movies,Thumbnails)</property>
			<property name="ActionRight">Skin.SetString(ListView_Display_Movies,Thumbnails)</property>
			<visible>Control.IsVisible(50) + $EXP[ListView_Display_IsBackground_Movies]</visible>
		</item>
		<item id="942">
			<description>Display (Movies) / Thumbnails</description>
			<label>$LOCALIZE[31130] $LOCALIZE[32101] $LOCALIZE[31131]</label>
			<label2>$LOCALIZE[131] $LOCALIZE[31116] $LOCALIZE[32101]</label2>
			<onclick>SetFocus(50)</onclick>
			<property name="ActionLeft">Skin.SetString(ListView_Display_Movies,Background)</property>
			<property name="ActionRight">Skin.SetString(ListView_Display_Movies,Background)</property>
			<visible>Control.IsVisible(50) + $EXP[ListView_Display_IsThumbnails_Movies]</visible>
		</item>

		<!-- SETS -->
		<item id="942">
			<description>Display (Sets) / Background</description>
			<label>$LOCALIZE[31130] $LOCALIZE[32102] $LOCALIZE[31131]</label>
			<label2>$LOCALIZE[131] $LOCALIZE[31116] $LOCALIZE[32102]</label2>
			<onclick>SetFocus(50)</onclick>
			<property name="ActionLeft">Skin.SetString(ListView_Display_Sets,Thumbnails)</property>
			<property name="ActionRight">Skin.SetString(ListView_Display_Sets,Thumbnails)</property>
			<visible>Control.IsVisible(50) + $EXP[ListView_Display_IsBackground_Sets]</visible>
		</item>
		<item id="942">
			<description>Display (Sets) / Thumbnails</description>
			<label>$LOCALIZE[31130] $LOCALIZE[32101] $LOCALIZE[31131]</label>
			<label2>$LOCALIZE[131] $LOCALIZE[31116] $LOCALIZE[32101]</label2>
			<onclick>SetFocus(50)</onclick>
			<property name="ActionLeft">Skin.SetString(ListView_Display_Sets,Background)</property>
			<property name="ActionRight">Skin.SetString(ListView_Display_Sets,Background)</property>
			<visible>Control.IsVisible(50) + $EXP[ListView_Display_IsThumbnails_Sets]</visible>
		</item>

		<!-- TVSHOWS -->
		<item id="942">
			<description>Display (TV Shows) / Background</description>
			<label>$LOCALIZE[31130] $LOCALIZE[32102] $LOCALIZE[31131]</label>
			<label2>$LOCALIZE[131] $LOCALIZE[31116] $LOCALIZE[32102]</label2>
			<onclick>SetFocus(50)</onclick>
			<property name="ActionLeft">Skin.SetString(ListView_Display_TVShows,Thumbnails)</property>
			<property name="ActionRight">Skin.SetString(ListView_Display_TVShows,Thumbnails)</property>
			<visible>Control.IsVisible(50) + $EXP[ListView_Display_IsBackground_TVShows]</visible>
		</item>
		<item id="942">
			<description>Display (TV Shows) / Thumbnails</description>
			<label>$LOCALIZE[31130] $LOCALIZE[32101] $LOCALIZE[31131]</label>
			<label2>$LOCALIZE[131] $LOCALIZE[31116] $LOCALIZE[32101]</label2>
			<onclick>SetFocus(50)</onclick>
			<property name="ActionLeft">Skin.SetString(ListView_Display_TVShows,Background)</property>
			<property name="ActionRight">Skin.SetString(ListView_Display_TVShows,Background)</property>
			<visible>Control.IsVisible(50) + $EXP[ListView_Display_IsThumbnails_TVShows]</visible>
		</item>

		<!-- SEASONS -->
		<item id="942">
			<description>Display (Seasons) / Background</description>
			<label>$LOCALIZE[31130] $LOCALIZE[32102] $LOCALIZE[31131]</label>
			<label2>$LOCALIZE[131] $LOCALIZE[31116] $LOCALIZE[32102]</label2>
			<onclick>SetFocus(50)</onclick>
			<property name="ActionLeft">Skin.SetString(ListView_Display_Seasons,Thumbnails)</property>
			<property name="ActionRight">Skin.SetString(ListView_Display_Seasons,Thumbnails)</property>
			<visible>Control.IsVisible(50) + $EXP[ListView_Display_IsBackground_Seasons]</visible>
		</item>
		<item id="942">
			<description>Display (Seasons) / Thumbnails</description>
			<label>$LOCALIZE[31130] $LOCALIZE[32101] $LOCALIZE[31131]</label>
			<label2>$LOCALIZE[131] $LOCALIZE[31116] $LOCALIZE[32101]</label2>
			<onclick>SetFocus(50)</onclick>
			<property name="ActionLeft">Skin.SetString(ListView_Display_Seasons,Background)</property>
			<property name="ActionRight">Skin.SetString(ListView_Display_Seasons,Background)</property>
			<visible>Control.IsVisible(50) + $EXP[ListView_Display_IsThumbnails_Seasons]</visible>
		</item>

		<!-- EPISODES -->
		<item id="942">
			<description>Display (Episodes) / Background</description>
			<label>$LOCALIZE[31130] $LOCALIZE[32102] $LOCALIZE[31131]</label>
			<label2>$LOCALIZE[131] $LOCALIZE[31116] $LOCALIZE[32102]</label2>
			<onclick>SetFocus(50)</onclick>
			<property name="ActionLeft">Skin.SetString(ListView_Display_Episodes,Thumbnails)</property>
			<property name="ActionRight">Skin.SetString(ListView_Display_Episodes,Thumbnails)</property>
			<visible>Control.IsVisible(50) + $EXP[ListView_Display_IsBackground_Episodes]</visible>
		</item>
		<item id="942">
			<description>Display (Episodes) / Thumbnails</description>
			<label>$LOCALIZE[31130] $LOCALIZE[32101] $LOCALIZE[31131]</label>
			<label2>$LOCALIZE[131] $LOCALIZE[31116] $LOCALIZE[32101]</label2>
			<onclick>SetFocus(50)</onclick>
			<property name="ActionLeft">Skin.SetString(ListView_Display_Episodes,Background)</property>
			<property name="ActionRight">Skin.SetString(ListView_Display_Episodes,Background)</property>
			<visible>Control.IsVisible(50) + $EXP[ListView_Display_IsThumbnails_Episodes]</visible>
		</item>

		<!-- ARTISTS -->
		<item id="942">
			<description>Display (Artists) / Background</description>
			<label>$LOCALIZE[31130] $LOCALIZE[32102] $LOCALIZE[31131]</label>
			<label2>$LOCALIZE[131] $LOCALIZE[31116] $LOCALIZE[32102]</label2>
			<onclick>SetFocus(50)</onclick>
			<property name="ActionLeft">Skin.SetString(ListView_Display_Artists,Thumbnails)</property>
			<property name="ActionRight">Skin.SetString(ListView_Display_Artists,Thumbnails)</property>
			<visible>Control.IsVisible(50) + $EXP[ListView_Display_IsBackground_Artists]</visible>
		</item>
		<item id="942">
			<description>Display (Artists) / Thumbnails</description>
			<label>$LOCALIZE[31130] $LOCALIZE[32101] $LOCALIZE[31131]</label>
			<label2>$LOCALIZE[131] $LOCALIZE[31116] $LOCALIZE[32101]</label2>
			<onclick>SetFocus(50)</onclick>
			<property name="ActionLeft">Skin.SetString(ListView_Display_Artists,Background)</property>
			<property name="ActionRight">Skin.SetString(ListView_Display_Artists,Background)</property>
			<visible>Control.IsVisible(50) + $EXP[ListView_Display_IsThumbnails_Artists]</visible>
		</item>

		<!-- ALBUMS -->
		<item id="942">
			<description>Display (Albums) / Background</description>
			<label>$LOCALIZE[31130] $LOCALIZE[32102] $LOCALIZE[31131]</label>
			<label2>$LOCALIZE[131] $LOCALIZE[31116] $LOCALIZE[32102]</label2>
			<onclick>SetFocus(50)</onclick>
			<property name="ActionLeft">Skin.SetString(ListView_Display_Albums,Thumbnails)</property>
			<property name="ActionRight">Skin.SetString(ListView_Display_Albums,Thumbnails)</property>
			<visible>Control.IsVisible(50) + $EXP[ListView_Display_IsBackground_Albums]</visible>
		</item>
		<item id="942">
			<description>Display (Albums) / Thumbnails</description>
			<label>$LOCALIZE[31130] $LOCALIZE[32101] $LOCALIZE[31131]</label>
			<label2>$LOCALIZE[131] $LOCALIZE[31116] $LOCALIZE[32101]</label2>
			<onclick>SetFocus(50)</onclick>
			<property name="ActionLeft">Skin.SetString(ListView_Display_Albums,Background)</property>
			<property name="ActionRight">Skin.SetString(ListView_Display_Albums,Background)</property>
			<visible>Control.IsVisible(50) + $EXP[ListView_Display_IsThumbnails_Albums]</visible>
		</item>

		<!-- SONGS -->
		<item id="942">
			<description>Display (Songs) / Background</description>
			<label>$LOCALIZE[31130] $LOCALIZE[32102] $LOCALIZE[31131]</label>
			<label2>$LOCALIZE[131] $LOCALIZE[31116] $LOCALIZE[32102]</label2>
			<onclick>SetFocus(50)</onclick>
			<property name="ActionLeft">Skin.SetString(ListView_Display_Songs,Thumbnails)</property>
			<property name="ActionRight">Skin.SetString(ListView_Display_Songs,Thumbnails)</property>
			<visible>Control.IsVisible(50) + $EXP[ListView_Display_IsBackground_Songs]</visible>
		</item>
		<item id="942">
			<description>Display (Songs) / Thumbnails</description>
			<label>$LOCALIZE[31130] $LOCALIZE[32101] $LOCALIZE[31131]</label>
			<label2>$LOCALIZE[131] $LOCALIZE[31116] $LOCALIZE[32101]</label2>
			<onclick>SetFocus(50)</onclick>
			<property name="ActionLeft">Skin.SetString(ListView_Display_Songs,Background)</property>
			<property name="ActionRight">Skin.SetString(ListView_Display_Songs,Background)</property>
			<visible>Control.IsVisible(50) + $EXP[ListView_Display_IsThumbnails_Songs]</visible>
		</item>

		<!-- LISTVIEW DETAILS -->

		<!-- MOVIES -->
		<item>
			<description>Details (Movies) / Title</description>
			<label>$LOCALIZE[31130] $LOCALIZE[32111] $LOCALIZE[31131]</label>
			<label2>$LOCALIZE[32109] $LOCALIZE[31116] $LOCALIZE[32111]</label2>
			<onclick>SetFocus(50)</onclick>
			<property name="ActionLeft">Skin.SetString(ListView_Details_Movies,TitleAndInfo)</property>
			<property name="ActionRight">Skin.SetString(ListView_Details_Movies,TitleAndInfo)</property>
			<visible>Control.IsVisible(50) + $EXP[ListView_IsMovies] + Skin.String(ListView_Details_Movies,Title)</visible>
		</item>
		<item>
			<description>Details (Movies) / Title and Info</description>
			<label>$LOCALIZE[31130] $LOCALIZE[32150] $LOCALIZE[31131]</label>
			<label2>$LOCALIZE[32109] $LOCALIZE[31116] $LOCALIZE[32150]</label2>
			<onclick>SetFocus(50)</onclick>
			<property name="ActionLeft">Skin.SetString(ListView_Details_Movies,Title)</property>
			<property name="ActionRight">Skin.SetString(ListView_Details_Movies,Title)</property>
			<visible>Control.IsVisible(50) + $EXP[ListView_IsMovies] + Skin.String(ListView_Details_Movies,TitleAndInfo)</visible>
		</item>

		<!-- SETS -->
		<item>
			<description>Details (Sets) / Title</description>
			<label>$LOCALIZE[31130] $LOCALIZE[32111] $LOCALIZE[31131]</label>
			<label2>$LOCALIZE[32109] $LOCALIZE[31116] $LOCALIZE[32111]</label2>
			<onclick>SetFocus(50)</onclick>
			<property name="ActionLeft">Skin.SetString(ListView_Details_Sets,TitleAndInfo)</property>
			<property name="ActionRight">Skin.SetString(ListView_Details_Sets,TitleAndInfo)</property>
			<visible>Control.IsVisible(50) + Container.Content(sets) + Skin.String(ListView_Details_Sets,Title)</visible>
		</item>
		<item>
			<description>Details (Sets) / Title and Info</description>
			<label>$LOCALIZE[31130] $LOCALIZE[32150] $LOCALIZE[31131]</label>
			<label2>$LOCALIZE[32109] $LOCALIZE[31116] $LOCALIZE[32150]</label2>
			<onclick>SetFocus(50)</onclick>
			<property name="ActionLeft">Skin.SetString(ListView_Details_Sets,Title)</property>
			<property name="ActionRight">Skin.SetString(ListView_Details_Sets,Title)</property>
			<visible>Control.IsVisible(50) + Container.Content(sets) + Skin.String(ListView_Details_Sets,TitleAndInfo)</visible>
		</item>

		<!-- TVSHOWS -->
		<item>
			<description>Details (TV Shows) / Title</description>
			<label>$LOCALIZE[31130] $LOCALIZE[32111] $LOCALIZE[31131]</label>
			<label2>$LOCALIZE[32109] $LOCALIZE[31116] $LOCALIZE[32111]</label2>
			<onclick>SetFocus(50)</onclick>
			<property name="ActionLeft">Skin.SetString(ListView_Details_TVShows,TitleAndInfo)</property>
			<property name="ActionRight">Skin.SetString(ListView_Details_TVShows,TitleAndInfo)</property>
			<visible>Control.IsVisible(50) + Container.Content(tvshows) + Skin.String(ListView_Details_TVShows,Title)</visible>
		</item>
		<item>
			<description>Details (TV Shows) / Title and Info</description>
			<label>$LOCALIZE[31130] $LOCALIZE[32150] $LOCALIZE[31131]</label>
			<label2>$LOCALIZE[32109] $LOCALIZE[31116] $LOCALIZE[32150]</label2>
			<onclick>SetFocus(50)</onclick>
			<property name="ActionLeft">Skin.SetString(ListView_Details_TVShows,Title)</property>
			<property name="ActionRight">Skin.SetString(ListView_Details_TVShows,Title)</property>
			<visible>Control.IsVisible(50) + Container.Content(tvshows) + Skin.String(ListView_Details_TVShows,TitleAndInfo)</visible>
		</item>

		<!-- SEASONS -->
		<item>
			<description>Details (Seasons) / Title</description>
			<label>$LOCALIZE[31130] $LOCALIZE[32111] $LOCALIZE[31131]</label>
			<label2>$LOCALIZE[32109] $LOCALIZE[31116] $LOCALIZE[32111]</label2>
			<onclick>SetFocus(50)</onclick>
			<property name="ActionLeft">Skin.SetString(ListView_Details_Seasons,TitleAndInfo)</property>
			<property name="ActionRight">Skin.SetString(ListView_Details_Seasons,TitleAndInfo)</property>
			<visible>Control.IsVisible(50) + Container.Content(seasons) + Skin.String(ListView_Details_Seasons,Title)</visible>
		</item>
		<item>
			<description>Details (Seasons) / Title and Info</description>
			<label>$LOCALIZE[31130] $LOCALIZE[32150] $LOCALIZE[31131]</label>
			<label2>$LOCALIZE[32109] $LOCALIZE[31116] $LOCALIZE[32150]</label2>
			<onclick>SetFocus(50)</onclick>
			<property name="ActionLeft">Skin.SetString(ListView_Details_Seasons,Title)</property>
			<property name="ActionRight">Skin.SetString(ListView_Details_Seasons,Title)</property>
			<visible>Control.IsVisible(50) + Container.Content(seasons) + Skin.String(ListView_Details_Seasons,TitleAndInfo)</visible>
		</item>

		<!-- EPISODES -->
		<item>
			<description>Details (Episodes) / Title</description>
			<label>$LOCALIZE[31130] $LOCALIZE[32111] $LOCALIZE[31131]</label>
			<label2>$LOCALIZE[32109] $LOCALIZE[31116] $LOCALIZE[32111]</label2>
			<onclick>SetFocus(50)</onclick>
			<property name="ActionLeft">Skin.SetString(ListView_Details_Episodes,TitleAndInfo)</property>
			<property name="ActionRight">Skin.SetString(ListView_Details_Episodes,TitleAndInfo)</property>
			<visible>Control.IsVisible(50) + $EXP[ListView_IsEpisodes] + Skin.String(ListView_Details_Episodes,Title)</visible>
		</item>
		<item>
			<description>Details (Episodes) / Title and Info</description>
			<label>$LOCALIZE[31130] $LOCALIZE[32150] $LOCALIZE[31131]</label>
			<label2>$LOCALIZE[32109] $LOCALIZE[31116] $LOCALIZE[32150]</label2>
			<onclick>SetFocus(50)</onclick>
			<property name="ActionLeft">Skin.SetString(ListView_Details_Episodes,Title)</property>
			<property name="ActionRight">Skin.SetString(ListView_Details_Episodes,Title)</property>
			<visible>Control.IsVisible(50) + $EXP[ListView_IsEpisodes] + Skin.String(ListView_Details_Episodes,TitleAndInfo)</visible>
		</item>

		<!-- ARTISTS -->
		<item>
			<description>Details (Artists) / Title</description>
			<label>$LOCALIZE[31130] $LOCALIZE[32111] $LOCALIZE[31131]</label>
			<label2>$LOCALIZE[32109] $LOCALIZE[31116] $LOCALIZE[32111]</label2>
			<onclick>SetFocus(50)</onclick>
			<property name="ActionLeft">Skin.SetString(ListView_Details_Artists,TitleAndInfo)</property>
			<property name="ActionRight">Skin.SetString(ListView_Details_Artists,TitleAndInfo)</property>
			<visible>Control.IsVisible(50) + !$EXP[ListView_Display_IsThumbnails_Artists] + Container.Content(artists) + Skin.String(ListView_Details_Artists,Title)</visible>
		</item>
		<item>
			<description>Details (Artists) / Title and Info</description>
			<label>$LOCALIZE[31130] $LOCALIZE[32150] $LOCALIZE[31131]</label>
			<label2>$LOCALIZE[32109] $LOCALIZE[31116] $LOCALIZE[32150]</label2>
			<onclick>SetFocus(50)</onclick>
			<property name="ActionLeft">Skin.SetString(ListView_Details_Artists,Title)</property>
			<property name="ActionRight">Skin.SetString(ListView_Details_Artists,Title)</property>
			<visible>Control.IsVisible(50) + !$EXP[ListView_Display_IsThumbnails_Artists] + Container.Content(artists) + Skin.String(ListView_Details_Artists,TitleAndInfo)</visible>
		</item>

		<!-- ALBUMS -->
		<item>
			<description>Details (Albums) / Title</description>
			<label>$LOCALIZE[31130] $LOCALIZE[32111] $LOCALIZE[31131]</label>
			<label2>$LOCALIZE[32109] $LOCALIZE[31116] $LOCALIZE[32111]</label2>
			<onclick>SetFocus(50)</onclick>
			<property name="ActionLeft">Skin.SetString(ListView_Details_Albums,TitleAndInfo)</property>
			<property name="ActionRight">Skin.SetString(ListView_Details_Albums,TitleAndInfo)</property>
			<visible>Control.IsVisible(50) + Container.Content(albums) + Skin.String(ListView_Details_Albums,Title)</visible>
		</item>
		<item>
			<description>Details (Albums) / Title and Info</description>
			<label>$LOCALIZE[31130] $LOCALIZE[32150] $LOCALIZE[31131]</label>
			<label2>$LOCALIZE[32109] $LOCALIZE[31116] $LOCALIZE[32150]</label2>
			<onclick>SetFocus(50)</onclick>
			<property name="ActionLeft">Skin.SetString(ListView_Details_Albums,Title)</property>
			<property name="ActionRight">Skin.SetString(ListView_Details_Albums,Title)</property>
			<visible>Control.IsVisible(50) + Container.Content(albums) + Skin.String(ListView_Details_Albums,TitleAndInfo)</visible>
		</item>

		<!-- SONGS -->
		<item>
			<description>Details (Songs) / Title</description>
			<label>$LOCALIZE[31130] $LOCALIZE[32111] $LOCALIZE[31131]</label>
			<label2>$LOCALIZE[32109] $LOCALIZE[31116] $LOCALIZE[32111]</label2>
			<onclick>SetFocus(50)</onclick>
			<property name="ActionLeft">Skin.SetString(ListView_Details_Songs,TitleAndInfo)</property>
			<property name="ActionRight">Skin.SetString(ListView_Details_Songs,TitleAndInfo)</property>
			<visible>Control.IsVisible(50) + Container.Content(songs) + Skin.String(ListView_Details_Songs,Title)</visible>
		</item>
		<item>
			<description>Details (Songs) / Title and Info</description>
			<label>$LOCALIZE[31130] $LOCALIZE[32150] $LOCALIZE[31131]</label>
			<label2>$LOCALIZE[32109] $LOCALIZE[31116] $LOCALIZE[32150]</label2>
			<onclick>SetFocus(50)</onclick>
			<property name="ActionLeft">Skin.SetString(ListView_Details_Songs,Title)</property>
			<property name="ActionRight">Skin.SetString(ListView_Details_Songs,Title)</property>
			<visible>Control.IsVisible(50) + Container.Content(songs) + Skin.String(ListView_Details_Songs,TitleAndInfo)</visible>
		</item>

		<!-- IMAGES -->
		<item>
			<description>Details (Images) / Title</description>
			<label>$LOCALIZE[31130] $LOCALIZE[32111] $LOCALIZE[31131]</label>
			<label2>$LOCALIZE[32109] $LOCALIZE[31116] $LOCALIZE[32111]</label2>
			<onclick>SetFocus(50)</onclick>
			<property name="ActionLeft">Skin.SetString(ListView_Details_Images,TitleAndInfo)</property>
			<property name="ActionRight">Skin.SetString(ListView_Details_Images,TitleAndInfo)</property>
			<visible>Control.IsVisible(50) + Container.Content(images) + Skin.String(ListView_Details_Images,Title)</visible>
		</item>
		<item>
			<description>Details (Songs) / Title and Info</description>
			<label>$LOCALIZE[31130] $LOCALIZE[32150] $LOCALIZE[31131]</label>
			<label2>$LOCALIZE[32109] $LOCALIZE[31116] $LOCALIZE[32150]</label2>
			<onclick>SetFocus(50)</onclick>
			<property name="ActionLeft">Skin.SetString(ListView_Details_Images,Title)</property>
			<property name="ActionRight">Skin.SetString(ListView_Details_Images,Title)</property>
			<visible>Control.IsVisible(50) + Container.Content(images) + Skin.String(ListView_Details_Images,TitleAndInfo)</visible>
		</item>

		<!-- LISTVIEW FLAGS -->

		<!-- MOVIES -->
		<item>
			<description>Movie flags / Off</description>
			<label>$LOCALIZE[31130] $LOCALIZE[591] $LOCALIZE[31131]</label>
			<label2>$LOCALIZE[32115] $LOCALIZE[31116] $LOCALIZE[591]</label2>
			<onclick>SetFocus(50)</onclick>
			<property name="ActionLeft">Skin.SetString(ListView_Flags_Movies,All)</property>
			<property name="ActionRight">Skin.SetString(ListView_Flags_Movies,Studio)</property>
			<visible>Control.IsVisible(50) + $EXP[ListView_IsMovies] + Skin.String(ListView_Flags_Movies,Off)</visible>
		</item>
		<item>
			<description>Movie flags / Studio</description>
			<label>$LOCALIZE[31130] $LOCALIZE[32116] $LOCALIZE[31131]</label>
			<label2>$LOCALIZE[32115] $LOCALIZE[31116] $LOCALIZE[32116]</label2>
			<onclick>SetFocus(50)</onclick>
			<property name="ActionLeft">Skin.SetString(ListView_Flags_Movies,Off)</property>
			<property name="ActionRight">Skin.SetString(ListView_Flags_Movies,Rating)</property>
			<visible>Control.IsVisible(50) + $EXP[ListView_IsMovies] + Skin.String(ListView_Flags_Movies,Studio)</visible>
		</item>
		<item>
			<description>Movie flags / Age Rating</description>
			<label>$LOCALIZE[31130] $LOCALIZE[32117] $LOCALIZE[31131]</label>
			<label2>$LOCALIZE[32115] $LOCALIZE[31116] $LOCALIZE[32117]</label2>
			<onclick>SetFocus(50)</onclick>
			<property name="ActionLeft">Skin.SetString(ListView_Flags_Movies,Studio)</property>
			<property name="ActionRight">Skin.SetString(ListView_Flags_Movies,All)</property>
			<visible>Control.IsVisible(50) + $EXP[ListView_IsMovies] + Skin.String(ListView_Flags_Movies,Rating)</visible>
		</item>
		<item>
			<description>Movie flags / All</description>
			<label>$LOCALIZE[31130] $LOCALIZE[593] $LOCALIZE[31131]</label>
			<label2>$LOCALIZE[32115] $LOCALIZE[31116] $LOCALIZE[593]</label2>
			<onclick>SetFocus(50)</onclick>
			<property name="ActionLeft">Skin.SetString(ListView_Flags_Movies,Rating)</property>
			<property name="ActionRight">Skin.SetString(ListView_Flags_Movies,Off)</property>
			<visible>Control.IsVisible(50) + $EXP[ListView_IsMovies] + [Skin.String(ListView_Flags_Movies,All) | String.IsEmpty(Skin.String(ListView_Flags_Movies))]</visible>
		</item>

		<!-- SETS -->
		<item>
			<description>Set flags / Off</description>
			<label>$LOCALIZE[31130] $LOCALIZE[591] $LOCALIZE[31131]</label>
			<label2>$LOCALIZE[32115] $LOCALIZE[31116] $LOCALIZE[591]</label2>
			<onclick>SetFocus(50)</onclick>
			<property name="ActionLeft">Skin.SetString(ListView_Flags_Sets,All)</property>
			<property name="ActionRight">Skin.SetString(ListView_Flags_Sets,Studio)</property>
			<visible>Control.IsVisible(50) + Container.Content(sets) + Skin.String(ListView_Flags_Sets,Off)</visible>
		</item>
		<item>
			<description>Set flags / Studio</description>
			<label>$LOCALIZE[31130] $LOCALIZE[32116] $LOCALIZE[31131]</label>
			<label2>$LOCALIZE[32115] $LOCALIZE[31116] $LOCALIZE[32116]</label2>
			<onclick>SetFocus(50)</onclick>
			<property name="ActionLeft">Skin.SetString(ListView_Flags_Sets,Off)</property>
			<property name="ActionRight">Skin.SetString(ListView_Flags_Sets,Rating)</property>
			<visible>Control.IsVisible(50) + Container.Content(sets) + Skin.String(ListView_Flags_Sets,Studio)</visible>
		</item>
		<item>
			<description>Set flags / Age Rating</description>
			<label>$LOCALIZE[31130] $LOCALIZE[32117] $LOCALIZE[31131]</label>
			<label2>$LOCALIZE[32115] $LOCALIZE[31116] $LOCALIZE[32117]</label2>
			<onclick>SetFocus(50)</onclick>
			<property name="ActionLeft">Skin.SetString(ListView_Flags_Sets,Studio)</property>
			<property name="ActionRight">Skin.SetString(ListView_Flags_Sets,All)</property>
			<visible>Control.IsVisible(50) + Container.Content(sets) + Skin.String(ListView_Flags_Sets,Rating)</visible>
		</item>
		<item>
			<description>Set flags / All</description>
			<label>$LOCALIZE[31130] $LOCALIZE[593] $LOCALIZE[31131]</label>
			<label2>$LOCALIZE[32115] $LOCALIZE[31116] $LOCALIZE[593]</label2>
			<onclick>SetFocus(50)</onclick>
			<property name="ActionLeft">Skin.SetString(ListView_Flags_Sets,Rating)</property>
			<property name="ActionRight">Skin.SetString(ListView_Flags_Sets,Off)</property>
			<visible>Control.IsVisible(50) + Container.Content(sets) + [Skin.String(ListView_Flags_Sets,All) | String.IsEmpty(Skin.String(ListView_Flags_Sets))]</visible>
		</item>

		<!-- TVSHOWS -->
		<item>
			<description>TV show flags / Off</description>
			<label>$LOCALIZE[31130] $LOCALIZE[591] $LOCALIZE[31131]</label>
			<label2>$LOCALIZE[32115] $LOCALIZE[31116] $LOCALIZE[591]</label2>
			<onclick>SetFocus(50)</onclick>
			<property name="ActionLeft">Skin.SetString(ListView_Flags_TVShows,All)</property>
			<property name="ActionRight">Skin.SetString(ListView_Flags_TVShows,Studio)</property>
			<visible>Control.IsVisible(50) + Container.Content(tvshows) + Skin.String(ListView_Flags_TVShows,Off)</visible>
		</item>
		<item>
			<description>TV show flags / Studio</description>
			<label>$LOCALIZE[31130] $LOCALIZE[32116] $LOCALIZE[31131]</label>
			<label2>$LOCALIZE[32115] $LOCALIZE[31116] $LOCALIZE[32116]</label2>
			<onclick>SetFocus(50)</onclick>
			<property name="ActionLeft">Skin.SetString(ListView_Flags_TVShows,Off)</property>
			<property name="ActionRight">Skin.SetString(ListView_Flags_TVShows,Rating)</property>
			<visible>Control.IsVisible(50) + Container.Content(tvshows) + Skin.String(ListView_Flags_TVShows,Studio)</visible>
		</item>
		<item>
			<description>TV show flags / Age Rating</description>
			<label>$LOCALIZE[31130] $LOCALIZE[32117] $LOCALIZE[31131]</label>
			<label2>$LOCALIZE[32115] $LOCALIZE[31116] $LOCALIZE[32117]</label2>
			<onclick>SetFocus(50)</onclick>
			<property name="ActionLeft">Skin.SetString(ListView_Flags_TVShows,Studio)</property>
			<property name="ActionRight">Skin.SetString(ListView_Flags_TVShows,All)</property>
			<visible>Control.IsVisible(50) + Container.Content(tvshows) + Skin.String(ListView_Flags_TVShows,Rating)</visible>
		</item>
		<item>
			<description>TV show flags / All</description>
			<label>$LOCALIZE[31130] $LOCALIZE[593] $LOCALIZE[31131]</label>
			<label2>$LOCALIZE[32115] $LOCALIZE[31116] $LOCALIZE[593]</label2>
			<onclick>SetFocus(50)</onclick>
			<property name="ActionLeft">Skin.SetString(ListView_Flags_TVShows,Rating)</property>
			<property name="ActionRight">Skin.SetString(ListView_Flags_TVShows,Off)</property>
			<visible>Control.IsVisible(50) + Container.Content(tvshows) + [Skin.String(ListView_Flags_TVShows,All) | String.IsEmpty(Skin.String(ListView_Flags_TVShows))]</visible>
		</item>

		<!-- SEASONS -->
		<item>
			<description>Season flags / Off</description>
			<label>$LOCALIZE[31130] $LOCALIZE[591] $LOCALIZE[31131]</label>
			<label2>$LOCALIZE[32115] $LOCALIZE[31116] $LOCALIZE[591]</label2>
			<onclick>SetFocus(50)</onclick>
			<property name="ActionLeft">Skin.SetString(ListView_Flags_Seasons,All)</property>
			<property name="ActionRight">Skin.SetString(ListView_Flags_Seasons,Studio)</property>
			<visible>Control.IsVisible(50) + Container.Content(seasons) + Skin.String(ListView_Flags_Seasons,Off)</visible>
		</item>
		<item>
			<description>Season flags / Studio</description>
			<label>$LOCALIZE[31130] $LOCALIZE[32116] $LOCALIZE[31131]</label>
			<label2>$LOCALIZE[32115] $LOCALIZE[31116] $LOCALIZE[32116]</label2>
			<onclick>SetFocus(50)</onclick>
			<property name="ActionLeft">Skin.SetString(ListView_Flags_Seasons,Off)</property>
			<property name="ActionRight">Skin.SetString(ListView_Flags_Seasons,Rating)</property>
			<visible>Control.IsVisible(50) + Container.Content(seasons) + Skin.String(ListView_Flags_Seasons,Studio)</visible>
		</item>
		<item>
			<description>Season flags / Age Rating</description>
			<label>$LOCALIZE[31130] $LOCALIZE[32117] $LOCALIZE[31131]</label>
			<label2>$LOCALIZE[32115] $LOCALIZE[31116] $LOCALIZE[32117]</label2>
			<onclick>SetFocus(50)</onclick>
			<property name="ActionLeft">Skin.SetString(ListView_Flags_Seasons,Studio)</property>
			<property name="ActionRight">Skin.SetString(ListView_Flags_Seasons,All)</property>
			<visible>Control.IsVisible(50) + Container.Content(seasons) + Skin.String(ListView_Flags_Seasons,Rating)</visible>
		</item>
		<item>
			<description>Season flags / All</description>
			<label>$LOCALIZE[31130] $LOCALIZE[593] $LOCALIZE[31131]</label>
			<label2>$LOCALIZE[32115] $LOCALIZE[31116] $LOCALIZE[593]</label2>
			<onclick>SetFocus(50)</onclick>
			<property name="ActionLeft">Skin.SetString(ListView_Flags_Seasons,Rating)</property>
			<property name="ActionRight">Skin.SetString(ListView_Flags_Seasons,Off)</property>
			<visible>Control.IsVisible(50) + Container.Content(seasons) + [Skin.String(ListView_Flags_Seasons,All) | String.IsEmpty(Skin.String(ListView_Flags_Seasons))]</visible>
		</item>

		<!-- EPISODES -->
		<item>
			<description>Episode flags / Off</description>
			<label>$LOCALIZE[31130] $LOCALIZE[591] $LOCALIZE[31131]</label>
			<label2>$LOCALIZE[32115] $LOCALIZE[31116] $LOCALIZE[591]</label2>
			<onclick>SetFocus(50)</onclick>
			<property name="ActionLeft">Skin.SetString(ListView_Flags_Episodes,All)</property>
			<property name="ActionRight">Skin.SetString(ListView_Flags_Episodes,Studio)</property>
			<visible>Control.IsVisible(50) + $EXP[ListView_IsEpisodes] + Skin.String(ListView_Flags_Episodes,Off)</visible>
		</item>
		<item>
			<description>Episode flags / Studio</description>
			<label>$LOCALIZE[31130] $LOCALIZE[32116] $LOCALIZE[31131]</label>
			<label2>$LOCALIZE[32115] $LOCALIZE[31116] $LOCALIZE[32116]</label2>
			<onclick>SetFocus(50)</onclick>
			<property name="ActionLeft">Skin.SetString(ListView_Flags_Episodes,Off)</property>
			<property name="ActionRight">Skin.SetString(ListView_Flags_Episodes,Rating)</property>
			<visible>Control.IsVisible(50) + $EXP[ListView_IsEpisodes] + Skin.String(ListView_Flags_Episodes,Studio)</visible>
		</item>
		<item>
			<description>Episode flags / Age Rating</description>
			<label>$LOCALIZE[31130] $LOCALIZE[32117] $LOCALIZE[31131]</label>
			<label2>$LOCALIZE[32115] $LOCALIZE[31116] $LOCALIZE[32117]</label2>
			<onclick>SetFocus(50)</onclick>
			<property name="ActionLeft">Skin.SetString(ListView_Flags_Episodes,Studio)</property>
			<property name="ActionRight">Skin.SetString(ListView_Flags_Episodes,All)</property>
			<visible>Control.IsVisible(50) + $EXP[ListView_IsEpisodes] + Skin.String(ListView_Flags_Episodes,Rating)</visible>
		</item>
		<item>
			<description>Episode flags / All</description>
			<label>$LOCALIZE[31130] $LOCALIZE[593] $LOCALIZE[31131]</label>
			<label2>$LOCALIZE[32115] $LOCALIZE[31116] $LOCALIZE[593]</label2>
			<onclick>SetFocus(50)</onclick>
			<property name="ActionLeft">Skin.SetString(ListView_Flags_Episodes,Rating)</property>
			<property name="ActionRight">Skin.SetString(ListView_Flags_Episodes,Off)</property>
			<visible>Control.IsVisible(50) + $EXP[ListView_IsEpisodes] + [Skin.String(ListView_Flags_Episodes,All) | String.IsEmpty(Skin.String(ListView_Flags_Episodes))]</visible>
		</item>
	</include>

</includes>
