<?xml version="1.0" encoding="UTF-8"?>
<window>
  <!-- smartplaylistrule -->
  <defaultcontrol always="true">9001</defaultcontrol>
  <include>Delayed_Dialog_Fade_Animation</include>
  <controls>

    <!-- Delay content on Load -->
    <include content="Delay_Content_Load">
      <param name="target_id" value="SetFocus(5)"/>
    </include>

    <control type="group">
      <visible>![Window.IsVisible(shutdownmenu) | Window.IsVisible(virtualkeyboard) | Window.IsVisible(numericinput) | Window.IsVisible(filebrowser) | Window.IsVisible(selectdialog)]</visible>
      <include>Delayed_Content_Fade_Animation</include>

      <control type="group">
        <visible>!Control.HasFocus(9001)</visible>
        <include>Content_Fade_Animation</include>
        <include content="Transparent_Dialog_Panel">
          <param name="top" value="360"/>
          <param name="bottom" value="360"/>
        </include>
      </control>

      <control type="group">
        <visible>!Control.HasFocus(9001)</visible>
        <include>Long_Delayed_Content_Fade_Animation</include>

        <include content="Breadcrumb_Label">
          <param name="visible" value="true"/>
          <param name="id" value="2"/>
          <param name="label_color" value="$VAR[Settings_Label_Color]"/>
        </include>

        <include content="DialogDivider">
          <param name="height" value="270"/>
        </include>

        <control type="grouplist" id="5">
          <include>DialogGrouplist</include>
          <onleft>18</onleft>
          <control type="button" id="15">
            <texturefocus border="2,2,2,2" colordiffuse="$VAR[Unfocused_Color]">dialogs/button_underline_focused.png</texturefocus>
          </control>
          <control type="button" id="16">
            <texturefocus border="2,2,2,2" colordiffuse="$VAR[Unfocused_Color]">dialogs/button_underline_focused.png</texturefocus>
          </control>
          <control type="edit" id="17">
            <hinttext>Enter text here...</hinttext>
            <texturefocus border="2,2,2,2" colordiffuse="$VAR[Unfocused_Color]">dialogs/button_underline_focused.png</texturefocus>
          </control>
        </control>

        <control type="button" id="20">
          <include>Hidden_Button</include>
          <ondown>15</ondown>
          <onright>9000</onright>
          <onleft>17</onleft>
          <onup>16</onup>
        </control>

        <control type="group">
          <left>360</left>
          <right>360</right>
          <top>585</top>
          <height>90</height>
          <control type="image">
            <visible>Control.HasFocus(20)</visible>
            <bottom>0</bottom>
            <height>1</height>
            <texture colordiffuse="$VAR[Unfocused_Color]">views/white_100.png</texture>
          </control>
          <control type="group">
            <right>0</right>
            <width>90</width>
            <include content="Button_Template">
              <param name="buttonid" value="20"/>
              <param name="texture" value="Browse"/>
              <param name="width" value="90"/>
              <param name="unfocusedcolor" value="$VAR[Unfocused_Color]"/>
              <param name="focusedcolor" value="$VAR[Light_Color]"/>
            </include>
          </control>
        </control>

        <include content="Button_Group_Template">
          <param name="onleft" value="20"/>
          <param name="onright" value="5"/>
          <param name="onup" value="20" />
          <param name="icons" value="true"/>
          <param name="color" value="$VAR[Settings_Label_Color]"/>
          <param name="button1" value="true"/>
          <param name="button1id" value="19"/>
          <param name="button1texture" value="Cross"/>
          <param name="button2" value="true"/>
          <param name="button2id" value="18"/>
          <param name="button2texture" value="Check"/>
        </include>

      </control>
    </control>
  </controls>
</window>
