<?xml version="1.0" encoding="UTF-8"?>
<timers>
  <timer>
    <name>home_screensaver</name>
    <start reset="true">Skin.HasSetting(Home_Screensaver_Enabled) + Window.Is(home) + Control.HasFocus(9000) + System.IdleTime(10)</start>
    <onstart>SetFocus(9500)</onstart>
    <stop>!Control.HasFocus(9500)</stop>
  </timer>
  <timer>
    <name>video_playback</name>
    <description>timer that starts whenever video has fullscreen playback</description>
    <start reset="true">VideoPlayer.IsFullscreen</start>
    <stop>!VideoPlayer.IsFullscreen</stop>
  </timer>
  <timer>
    <name>video_playback_label_interruptor</name>
    <description>timer started when videoosd or fullscreeninfo are loaded for the first time</description>
    <stop>!Player.HasVideo</stop>
  </timer>
  <timer>
    <name>music_visualisation</name>
    <description>timer that starts whenever music visualisation is showing</description>
  </timer>
  <timer>
    <name>global_fanart_slideshow</name>
    <start reset="true">true</start>
    <stop>Integer.IsGreater(Skin.TimerElapsedSecs(global_fanart_slideshow),6)</stop>
    <onstart>SetProperty(Global_Fanart_Slideshow,$ESCINFO[Container(12342).ListItem.Art(fanart)],home)</onstart>
  </timer>
  <timer>
    <name>season_info_monitor</name>
    <description>Properties set as soon as navigation stops on a listitem</description>
    <start reset="true">Container.Content(seasons)</start>
    <stop>Integer.IsGreaterOrEqual(Skin.TimerElapsedSecs(season_info_monitor),0) + !Window.IsVisible(movieinformation)</stop>
    <onstop>SetProperty(Season_Number,$INFO[ListItem.Season],home)</onstop>
    <onstop>SetProperty(Season_Year,$INFO[ListItem.Year],home)</onstop>
    <onstop>SetProperty(Season_Fanart,$ESCINFO[ListItem.Art(fanart)],home)</onstop>
  </timer>
  <timer>
    <name>trailer_autoplay</name>
    <start reset="true">Skin.HasSetting(Trailer_Autoplay) + Window.Is(videos) + [[Skin.String(Trailer_Autoplay_Movies_Enabled,true) + Container.Content(movies)] | [Skin.String(Trailer_Autoplay_TVShows_Enabled,true) + !Container.Content(movies)]]  + !Window.IsVisible(1120) + String.IsEmpty(Window(home).Property(Trailer_Autoplay)) + !Player.HasMedia + System.IdleTime(2)</start>
    <stop>String.IsEmpty(Window(home).Property(Trailer_Autoplay)) + !Player.HasVideo</stop>
    <onstart condition="[Control.HasFocus(50) | Control.HasFocus(501) | Control.HasFocus(502) | Control.HasFocus(504)] + !String.IsEmpty(ListItem.Trailer)">SetProperty(Trailer_Autoplay,true,home)</onstart>
    <onstart condition="[Control.HasFocus(50) | Control.HasFocus(501) | Control.HasFocus(502) | Control.HasFocus(504)] + !String.IsEmpty(ListItem.Trailer)">PlayMedia($ESCINFO[ListItem.Trailer],1,noresume)</onstart>
    <onstart condition="Control.HasFocus(4501) + !String.IsEmpty(Container(4501).ListItem.Trailer)">SetProperty(Trailer_Autoplay,true,home)</onstart>
    <onstart condition="Control.HasFocus(4501) + !String.IsEmpty(Container(4501).ListItem.Trailer)">PlayMedia($ESCINFO[Container(4501).ListItem.Trailer],1,noresume)</onstart>
  </timer>
  <timer>
    <name>trailer_autoplay_home</name>
    <start reset="true">Window.Is(home) + !Control.HasFocus(9000) + !Window.IsVisible(1122) + Skin.HasSetting(Trailer_Autoplay) + Skin.String(Trailer_Autoplay_Home_Enabled,true) + String.IsEmpty(Window(home).Property(Trailer_Autoplay)) + !Player.HasMedia + System.IdleTime(2)</start>
    <stop>String.IsEmpty(Window(home).Property(Trailer_Autoplay)) + !Player.HasVideo</stop>
    <onstart condition="![[Control.HasFocus(9010) + Window.IsVisible(1131)] | [Control.HasFocus(9020) + Window.IsVisible(1132)] | [Control.HasFocus(9030) + Window.IsVisible(1133)] | [Control.HasFocus(9040) + Window.IsVisible(1134)] | [Control.HasFocus(9050) + Window.IsVisible(1135)] | [Control.HasFocus(9060) + Window.IsVisible(1136)] | [Control.HasFocus(9070) + Window.IsVisible(1137)] | [Control.HasFocus(9080) + Window.IsVisible(1138)] | [Control.HasFocus(9090) + Window.IsVisible(1139)]] + !String.IsEmpty(ListItem.Trailer)">SetProperty(Trailer_Autoplay,true,home)</onstart>
    <onstart condition="![[Control.HasFocus(9010) + Window.IsVisible(1131)] | [Control.HasFocus(9020) + Window.IsVisible(1132)] | [Control.HasFocus(9030) + Window.IsVisible(1133)] | [Control.HasFocus(9040) + Window.IsVisible(1134)] | [Control.HasFocus(9050) + Window.IsVisible(1135)] | [Control.HasFocus(9060) + Window.IsVisible(1136)] | [Control.HasFocus(9070) + Window.IsVisible(1137)] | [Control.HasFocus(9080) + Window.IsVisible(1138)] | [Control.HasFocus(9090) + Window.IsVisible(1139)]] + !String.IsEmpty(ListItem.Trailer)">PlayMedia($ESCINFO[ListItem.Trailer],1,noresume)</onstart>
  </timer>
  <timer>
    <name>multiart_setter</name>
    <start reset="true">Skin.HasSetting(Multiart_Slideshow) + !Window.IsVisible(1126) + !String.IsEqual(Control.GetLabel(38000),flags/blank.png)</start>
    <stop>Integer.IsGreaterOrEqual(Skin.TimerElapsedSecs(multiart_setter),1)</stop>
    <onstop>SetProperty(Multiart_Fadeout,true,home)</onstop>
    <onstop condition="String.IsEqual(Control.GetLabel(38000),thumb)">SetProperty(Multiart_0,$ESCINFO[Container.ListItem.Art(thumb)],home)</onstop>
    <onstop condition="String.IsEqual(Control.GetLabel(38000),thumb)">SetProperty(Multiart_1,$ESCINFO[Container.ListItem.Art(thumb1)],home)</onstop>
    <onstop condition="String.IsEqual(Control.GetLabel(38000),thumb)">SetProperty(Multiart_2,$ESCINFO[Container.ListItem.Art(thumb2)],home)</onstop>
    <onstop condition="String.IsEqual(Control.GetLabel(38000),thumb)">SetProperty(Multiart_3,$ESCINFO[Container.ListItem.Art(thumb3)],home)</onstop>
    <onstop condition="String.IsEqual(Control.GetLabel(38000),thumb)">SetProperty(Multiart_4,$ESCINFO[Container.ListItem.Art(thumb4)],home)</onstop>
    <onstop condition="String.IsEqual(Control.GetLabel(38000),thumb)">SetProperty(Multiart_5,$ESCINFO[Container.ListItem.Art(thumb5)],home)</onstop>
    <onstop condition="String.IsEqual(Control.GetLabel(38000),thumb)">SetProperty(Multiart_6,$ESCINFO[Container.ListItem.Art(thumb6)],home)</onstop>
    <onstop condition="String.IsEqual(Control.GetLabel(38000),thumb)">SetProperty(Multiart_7,$ESCINFO[Container.ListItem.Art(thumb7)],home)</onstop>
    <onstop condition="String.IsEqual(Control.GetLabel(38000),thumb)">SetProperty(Multiart_8,$ESCINFO[Container.ListItem.Art(thumb8)],home)</onstop>
    <onstop condition="String.IsEqual(Control.GetLabel(38000),thumb)">SetProperty(Multiart_9,$ESCINFO[Container.ListItem.Art(thumb9)],home)</onstop>
    <onstop condition="String.IsEqual(Control.GetLabel(38000),thumb)">SetProperty(Multiart_10,$ESCINFO[Container.ListItem.Art(thumb10)],home)</onstop>
    <onstop condition="String.IsEqual(Control.GetLabel(38000),thumb)">SetProperty(Multiart_11,$ESCINFO[Container.ListItem.Art(thumb11)],home)</onstop>
    <onstop condition="String.IsEqual(Control.GetLabel(38000),thumb)">SetProperty(Multiart_12,$ESCINFO[Container.ListItem.Art(thumb12)],home)</onstop>
    <onstop condition="String.IsEqual(Control.GetLabel(38000),thumb)">SetProperty(Multiart_13,$ESCINFO[Container.ListItem.Art(thumb13)],home)</onstop>
    <onstop condition="String.IsEqual(Control.GetLabel(38000),thumb)">SetProperty(Multiart_14,$ESCINFO[Container.ListItem.Art(thumb14)],home)</onstop>
    <onstop condition="String.IsEqual(Control.GetLabel(38000),thumb)">SetProperty(Multiart_15,$ESCINFO[Container.ListItem.Art(thumb15)],home)</onstop>
    <onstop condition="String.IsEqual(Control.GetLabel(38000),keyart)">SetProperty(Multiart_0,$ESCINFO[Container.ListItem.Art(keyart)],home)</onstop>
    <onstop condition="String.IsEqual(Control.GetLabel(38000),keyart)">SetProperty(Multiart_1,$ESCINFO[Container.ListItem.Art(keyart1)],home)</onstop>
    <onstop condition="String.IsEqual(Control.GetLabel(38000),keyart)">SetProperty(Multiart_2,$ESCINFO[Container.ListItem.Art(keyart2)],home)</onstop>
    <onstop condition="String.IsEqual(Control.GetLabel(38000),keyart)">SetProperty(Multiart_3,$ESCINFO[Container.ListItem.Art(keyart3)],home)</onstop>
    <onstop condition="String.IsEqual(Control.GetLabel(38000),keyart)">SetProperty(Multiart_4,$ESCINFO[Container.ListItem.Art(keyart4)],home)</onstop>
    <onstop condition="String.IsEqual(Control.GetLabel(38000),keyart)">SetProperty(Multiart_5,$ESCINFO[Container.ListItem.Art(keyart5)],home)</onstop>
    <onstop condition="String.IsEqual(Control.GetLabel(38000),keyart)">SetProperty(Multiart_6,$ESCINFO[Container.ListItem.Art(keyart6)],home)</onstop>
    <onstop condition="String.IsEqual(Control.GetLabel(38000),keyart)">SetProperty(Multiart_7,$ESCINFO[Container.ListItem.Art(keyart7)],home)</onstop>
    <onstop condition="String.IsEqual(Control.GetLabel(38000),keyart)">SetProperty(Multiart_8,$ESCINFO[Container.ListItem.Art(keyart8)],home)</onstop>
    <onstop condition="String.IsEqual(Control.GetLabel(38000),keyart)">SetProperty(Multiart_9,$ESCINFO[Container.ListItem.Art(keyart9)],home)</onstop>
    <onstop condition="String.IsEqual(Control.GetLabel(38000),keyart)">SetProperty(Multiart_10,$ESCINFO[Container.ListItem.Art(keyart10)],home)</onstop>
    <onstop condition="String.IsEqual(Control.GetLabel(38000),keyart)">SetProperty(Multiart_11,$ESCINFO[Container.ListItem.Art(keyart11)],home)</onstop>
    <onstop condition="String.IsEqual(Control.GetLabel(38000),keyart)">SetProperty(Multiart_12,$ESCINFO[Container.ListItem.Art(keyart12)],home)</onstop>
    <onstop condition="String.IsEqual(Control.GetLabel(38000),keyart)">SetProperty(Multiart_13,$ESCINFO[Container.ListItem.Art(keyart13)],home)</onstop>
    <onstop condition="String.IsEqual(Control.GetLabel(38000),keyart)">SetProperty(Multiart_14,$ESCINFO[Container.ListItem.Art(keyart14)],home)</onstop>
    <onstop condition="String.IsEqual(Control.GetLabel(38000),keyart)">SetProperty(Multiart_15,$ESCINFO[Container.ListItem.Art(keyart15)],home)</onstop>
    <onstop condition="String.IsEqual(Control.GetLabel(38000),poster)">SetProperty(Multiart_0,$ESCINFO[Container.ListItem.Art(poster)],home)</onstop>
    <onstop condition="String.IsEqual(Control.GetLabel(38000),poster)">SetProperty(Multiart_1,$ESCINFO[Container.ListItem.Art(poster1)],home)</onstop>
    <onstop condition="String.IsEqual(Control.GetLabel(38000),poster)">SetProperty(Multiart_2,$ESCINFO[Container.ListItem.Art(poster2)],home)</onstop>
    <onstop condition="String.IsEqual(Control.GetLabel(38000),poster)">SetProperty(Multiart_3,$ESCINFO[Container.ListItem.Art(poster3)],home)</onstop>
    <onstop condition="String.IsEqual(Control.GetLabel(38000),poster)">SetProperty(Multiart_4,$ESCINFO[Container.ListItem.Art(poster4)],home)</onstop>
    <onstop condition="String.IsEqual(Control.GetLabel(38000),poster)">SetProperty(Multiart_5,$ESCINFO[Container.ListItem.Art(poster5)],home)</onstop>
    <onstop condition="String.IsEqual(Control.GetLabel(38000),poster)">SetProperty(Multiart_6,$ESCINFO[Container.ListItem.Art(poster6)],home)</onstop>
    <onstop condition="String.IsEqual(Control.GetLabel(38000),poster)">SetProperty(Multiart_7,$ESCINFO[Container.ListItem.Art(poster7)],home)</onstop>
    <onstop condition="String.IsEqual(Control.GetLabel(38000),poster)">SetProperty(Multiart_8,$ESCINFO[Container.ListItem.Art(poster8)],home)</onstop>
    <onstop condition="String.IsEqual(Control.GetLabel(38000),poster)">SetProperty(Multiart_9,$ESCINFO[Container.ListItem.Art(poster9)],home)</onstop>
    <onstop condition="String.IsEqual(Control.GetLabel(38000),poster)">SetProperty(Multiart_10,$ESCINFO[Container.ListItem.Art(poster10)],home)</onstop>
    <onstop condition="String.IsEqual(Control.GetLabel(38000),poster)">SetProperty(Multiart_11,$ESCINFO[Container.ListItem.Art(poster11)],home)</onstop>
    <onstop condition="String.IsEqual(Control.GetLabel(38000),poster)">SetProperty(Multiart_12,$ESCINFO[Container.ListItem.Art(poster12)],home)</onstop>
    <onstop condition="String.IsEqual(Control.GetLabel(38000),poster)">SetProperty(Multiart_13,$ESCINFO[Container.ListItem.Art(poster13)],home)</onstop>
    <onstop condition="String.IsEqual(Control.GetLabel(38000),poster)">SetProperty(Multiart_14,$ESCINFO[Container.ListItem.Art(poster14)],home)</onstop>
    <onstop condition="String.IsEqual(Control.GetLabel(38000),poster)">SetProperty(Multiart_15,$ESCINFO[Container.ListItem.Art(poster15)],home)</onstop>
    <onstop condition="String.IsEqual(Control.GetLabel(38000),fanart)">SetProperty(Multiart_0,$ESCINFO[Container.ListItem.Art(fanart)],home)</onstop>
    <onstop condition="String.IsEqual(Control.GetLabel(38000),fanart)">SetProperty(Multiart_1,$ESCINFO[Container.ListItem.Art(fanart1)],home)</onstop>
    <onstop condition="String.IsEqual(Control.GetLabel(38000),fanart)">SetProperty(Multiart_2,$ESCINFO[Container.ListItem.Art(fanart2)],home)</onstop>
    <onstop condition="String.IsEqual(Control.GetLabel(38000),fanart)">SetProperty(Multiart_3,$ESCINFO[Container.ListItem.Art(fanart3)],home)</onstop>
    <onstop condition="String.IsEqual(Control.GetLabel(38000),fanart)">SetProperty(Multiart_4,$ESCINFO[Container.ListItem.Art(fanart4)],home)</onstop>
    <onstop condition="String.IsEqual(Control.GetLabel(38000),fanart)">SetProperty(Multiart_5,$ESCINFO[Container.ListItem.Art(fanart5)],home)</onstop>
    <onstop condition="String.IsEqual(Control.GetLabel(38000),fanart)">SetProperty(Multiart_6,$ESCINFO[Container.ListItem.Art(fanart6)],home)</onstop>
    <onstop condition="String.IsEqual(Control.GetLabel(38000),fanart)">SetProperty(Multiart_7,$ESCINFO[Container.ListItem.Art(fanart7)],home)</onstop>
    <onstop condition="String.IsEqual(Control.GetLabel(38000),fanart)">SetProperty(Multiart_8,$ESCINFO[Container.ListItem.Art(fanart8)],home)</onstop>
    <onstop condition="String.IsEqual(Control.GetLabel(38000),fanart)">SetProperty(Multiart_9,$ESCINFO[Container.ListItem.Art(fanart9)],home)</onstop>
    <onstop condition="String.IsEqual(Control.GetLabel(38000),fanart)">SetProperty(Multiart_10,$ESCINFO[Container.ListItem.Art(fanart10)],home)</onstop>
    <onstop condition="String.IsEqual(Control.GetLabel(38000),fanart)">SetProperty(Multiart_11,$ESCINFO[Container.ListItem.Art(fanart11)],home)</onstop>
    <onstop condition="String.IsEqual(Control.GetLabel(38000),fanart)">SetProperty(Multiart_12,$ESCINFO[Container.ListItem.Art(fanart12)],home)</onstop>
    <onstop condition="String.IsEqual(Control.GetLabel(38000),fanart)">SetProperty(Multiart_13,$ESCINFO[Container.ListItem.Art(fanart13)],home)</onstop>
    <onstop condition="String.IsEqual(Control.GetLabel(38000),fanart)">SetProperty(Multiart_14,$ESCINFO[Container.ListItem.Art(fanart14)],home)</onstop>
    <onstop condition="String.IsEqual(Control.GetLabel(38000),fanart)">SetProperty(Multiart_15,$ESCINFO[Container.ListItem.Art(fanart15)],home)</onstop>
    <onstop condition="String.IsEqual(Control.GetLabel(38000),square)">SetProperty(Multiart_0,$ESCINFO[Container.ListItem.Art(square)],home)</onstop>
    <onstop condition="String.IsEqual(Control.GetLabel(38000),square)">SetProperty(Multiart_1,$ESCINFO[Container.ListItem.Art(square1)],home)</onstop>
    <onstop condition="String.IsEqual(Control.GetLabel(38000),square)">SetProperty(Multiart_2,$ESCINFO[Container.ListItem.Art(square2)],home)</onstop>
    <onstop condition="String.IsEqual(Control.GetLabel(38000),square)">SetProperty(Multiart_3,$ESCINFO[Container.ListItem.Art(square3)],home)</onstop>
    <onstop condition="String.IsEqual(Control.GetLabel(38000),square)">SetProperty(Multiart_4,$ESCINFO[Container.ListItem.Art(square4)],home)</onstop>
    <onstop condition="String.IsEqual(Control.GetLabel(38000),square)">SetProperty(Multiart_5,$ESCINFO[Container.ListItem.Art(square5)],home)</onstop>
    <onstop condition="String.IsEqual(Control.GetLabel(38000),square)">SetProperty(Multiart_6,$ESCINFO[Container.ListItem.Art(square6)],home)</onstop>
    <onstop condition="String.IsEqual(Control.GetLabel(38000),square)">SetProperty(Multiart_7,$ESCINFO[Container.ListItem.Art(square7)],home)</onstop>
    <onstop condition="String.IsEqual(Control.GetLabel(38000),square)">SetProperty(Multiart_8,$ESCINFO[Container.ListItem.Art(square8)],home)</onstop>
    <onstop condition="String.IsEqual(Control.GetLabel(38000),square)">SetProperty(Multiart_9,$ESCINFO[Container.ListItem.Art(square9)],home)</onstop>
    <onstop condition="String.IsEqual(Control.GetLabel(38000),square)">SetProperty(Multiart_10,$ESCINFO[Container.ListItem.Art(square10)],home)</onstop>
    <onstop condition="String.IsEqual(Control.GetLabel(38000),square)">SetProperty(Multiart_11,$ESCINFO[Container.ListItem.Art(square11)],home)</onstop>
    <onstop condition="String.IsEqual(Control.GetLabel(38000),square)">SetProperty(Multiart_12,$ESCINFO[Container.ListItem.Art(square12)],home)</onstop>
    <onstop condition="String.IsEqual(Control.GetLabel(38000),square)">SetProperty(Multiart_13,$ESCINFO[Container.ListItem.Art(square13)],home)</onstop>
    <onstop condition="String.IsEqual(Control.GetLabel(38000),square)">SetProperty(Multiart_14,$ESCINFO[Container.ListItem.Art(square14)],home)</onstop>
    <onstop condition="String.IsEqual(Control.GetLabel(38000),square)">SetProperty(Multiart_15,$ESCINFO[Container.ListItem.Art(square15)],home)</onstop>
    <onstop condition="String.IsEqual(Control.GetLabel(38000),tvshow.keyart)">SetProperty(Multiart_0,$ESCINFO[Container.ListItem.Art(tvshow.keyart)],home)</onstop>
    <onstop condition="String.IsEqual(Control.GetLabel(38000),tvshow.keyart)">SetProperty(Multiart_1,$ESCINFO[Container.ListItem.Art(tvshow.keyart1)],home)</onstop>
    <onstop condition="String.IsEqual(Control.GetLabel(38000),tvshow.keyart)">SetProperty(Multiart_2,$ESCINFO[Container.ListItem.Art(tvshow.keyart2)],home)</onstop>
    <onstop condition="String.IsEqual(Control.GetLabel(38000),tvshow.keyart)">SetProperty(Multiart_3,$ESCINFO[Container.ListItem.Art(tvshow.keyart3)],home)</onstop>
    <onstop condition="String.IsEqual(Control.GetLabel(38000),tvshow.keyart)">SetProperty(Multiart_4,$ESCINFO[Container.ListItem.Art(tvshow.keyart4)],home)</onstop>
    <onstop condition="String.IsEqual(Control.GetLabel(38000),tvshow.keyart)">SetProperty(Multiart_5,$ESCINFO[Container.ListItem.Art(tvshow.keyart5)],home)</onstop>
    <onstop condition="String.IsEqual(Control.GetLabel(38000),tvshow.keyart)">SetProperty(Multiart_6,$ESCINFO[Container.ListItem.Art(tvshow.keyart6)],home)</onstop>
    <onstop condition="String.IsEqual(Control.GetLabel(38000),tvshow.keyart)">SetProperty(Multiart_7,$ESCINFO[Container.ListItem.Art(tvshow.keyart7)],home)</onstop>
    <onstop condition="String.IsEqual(Control.GetLabel(38000),tvshow.keyart)">SetProperty(Multiart_8,$ESCINFO[Container.ListItem.Art(tvshow.keyart8)],home)</onstop>
    <onstop condition="String.IsEqual(Control.GetLabel(38000),tvshow.keyart)">SetProperty(Multiart_9,$ESCINFO[Container.ListItem.Art(tvshow.keyart9)],home)</onstop>
    <onstop condition="String.IsEqual(Control.GetLabel(38000),tvshow.keyart)">SetProperty(Multiart_10,$ESCINFO[Container.ListItem.Art(tvshow.keyart10)],home)</onstop>
    <onstop condition="String.IsEqual(Control.GetLabel(38000),tvshow.keyart)">SetProperty(Multiart_11,$ESCINFO[Container.ListItem.Art(tvshow.keyart11)],home)</onstop>
    <onstop condition="String.IsEqual(Control.GetLabel(38000),tvshow.keyart)">SetProperty(Multiart_12,$ESCINFO[Container.ListItem.Art(tvshow.keyart12)],home)</onstop>
    <onstop condition="String.IsEqual(Control.GetLabel(38000),tvshow.keyart)">SetProperty(Multiart_13,$ESCINFO[Container.ListItem.Art(tvshow.keyart13)],home)</onstop>
    <onstop condition="String.IsEqual(Control.GetLabel(38000),tvshow.keyart)">SetProperty(Multiart_14,$ESCINFO[Container.ListItem.Art(tvshow.keyart14)],home)</onstop>
    <onstop condition="String.IsEqual(Control.GetLabel(38000),tvshow.keyart)">SetProperty(Multiart_15,$ESCINFO[Container.ListItem.Art(tvshow.keyart15)],home)</onstop>
    <onstop condition="String.IsEqual(Control.GetLabel(38000),tvshow.poster)">SetProperty(Multiart_0,$ESCINFO[Container.ListItem.Art(tvshow.poster)],home)</onstop>
    <onstop condition="String.IsEqual(Control.GetLabel(38000),tvshow.poster)">SetProperty(Multiart_1,$ESCINFO[Container.ListItem.Art(tvshow.poster1)],home)</onstop>
    <onstop condition="String.IsEqual(Control.GetLabel(38000),tvshow.poster)">SetProperty(Multiart_2,$ESCINFO[Container.ListItem.Art(tvshow.poster2)],home)</onstop>
    <onstop condition="String.IsEqual(Control.GetLabel(38000),tvshow.poster)">SetProperty(Multiart_3,$ESCINFO[Container.ListItem.Art(tvshow.poster3)],home)</onstop>
    <onstop condition="String.IsEqual(Control.GetLabel(38000),tvshow.poster)">SetProperty(Multiart_4,$ESCINFO[Container.ListItem.Art(tvshow.poster4)],home)</onstop>
    <onstop condition="String.IsEqual(Control.GetLabel(38000),tvshow.poster)">SetProperty(Multiart_5,$ESCINFO[Container.ListItem.Art(tvshow.poster5)],home)</onstop>
    <onstop condition="String.IsEqual(Control.GetLabel(38000),tvshow.poster)">SetProperty(Multiart_6,$ESCINFO[Container.ListItem.Art(tvshow.poster6)],home)</onstop>
    <onstop condition="String.IsEqual(Control.GetLabel(38000),tvshow.poster)">SetProperty(Multiart_7,$ESCINFO[Container.ListItem.Art(tvshow.poster7)],home)</onstop>
    <onstop condition="String.IsEqual(Control.GetLabel(38000),tvshow.poster)">SetProperty(Multiart_8,$ESCINFO[Container.ListItem.Art(tvshow.poster8)],home)</onstop>
    <onstop condition="String.IsEqual(Control.GetLabel(38000),tvshow.poster)">SetProperty(Multiart_9,$ESCINFO[Container.ListItem.Art(tvshow.poster9)],home)</onstop>
    <onstop condition="String.IsEqual(Control.GetLabel(38000),tvshow.poster)">SetProperty(Multiart_10,$ESCINFO[Container.ListItem.Art(tvshow.poster10)],home)</onstop>
    <onstop condition="String.IsEqual(Control.GetLabel(38000),tvshow.poster)">SetProperty(Multiart_11,$ESCINFO[Container.ListItem.Art(tvshow.poster11)],home)</onstop>
    <onstop condition="String.IsEqual(Control.GetLabel(38000),tvshow.poster)">SetProperty(Multiart_12,$ESCINFO[Container.ListItem.Art(tvshow.poster12)],home)</onstop>
    <onstop condition="String.IsEqual(Control.GetLabel(38000),tvshow.poster)">SetProperty(Multiart_13,$ESCINFO[Container.ListItem.Art(tvshow.poster13)],home)</onstop>
    <onstop condition="String.IsEqual(Control.GetLabel(38000),tvshow.poster)">SetProperty(Multiart_14,$ESCINFO[Container.ListItem.Art(tvshow.poster14)],home)</onstop>
    <onstop condition="String.IsEqual(Control.GetLabel(38000),tvshow.poster)">SetProperty(Multiart_15,$ESCINFO[Container.ListItem.Art(tvshow.poster15)],home)</onstop>
    <onstop condition="String.IsEqual(Control.GetLabel(38000),tvshow.fanart)">SetProperty(Multiart_0,$ESCINFO[Container.ListItem.Art(tvshow.fanart)],home)</onstop>
    <onstop condition="String.IsEqual(Control.GetLabel(38000),tvshow.fanart)">SetProperty(Multiart_1,$ESCINFO[Container.ListItem.Art(tvshow.fanart1)],home)</onstop>
    <onstop condition="String.IsEqual(Control.GetLabel(38000),tvshow.fanart)">SetProperty(Multiart_2,$ESCINFO[Container.ListItem.Art(tvshow.fanart2)],home)</onstop>
    <onstop condition="String.IsEqual(Control.GetLabel(38000),tvshow.fanart)">SetProperty(Multiart_3,$ESCINFO[Container.ListItem.Art(tvshow.fanart3)],home)</onstop>
    <onstop condition="String.IsEqual(Control.GetLabel(38000),tvshow.fanart)">SetProperty(Multiart_4,$ESCINFO[Container.ListItem.Art(tvshow.fanart4)],home)</onstop>
    <onstop condition="String.IsEqual(Control.GetLabel(38000),tvshow.fanart)">SetProperty(Multiart_5,$ESCINFO[Container.ListItem.Art(tvshow.fanart5)],home)</onstop>
    <onstop condition="String.IsEqual(Control.GetLabel(38000),tvshow.fanart)">SetProperty(Multiart_6,$ESCINFO[Container.ListItem.Art(tvshow.fanart6)],home)</onstop>
    <onstop condition="String.IsEqual(Control.GetLabel(38000),tvshow.fanart)">SetProperty(Multiart_7,$ESCINFO[Container.ListItem.Art(tvshow.fanart7)],home)</onstop>
    <onstop condition="String.IsEqual(Control.GetLabel(38000),tvshow.fanart)">SetProperty(Multiart_8,$ESCINFO[Container.ListItem.Art(tvshow.fanart8)],home)</onstop>
    <onstop condition="String.IsEqual(Control.GetLabel(38000),tvshow.fanart)">SetProperty(Multiart_9,$ESCINFO[Container.ListItem.Art(tvshow.fanart9)],home)</onstop>
    <onstop condition="String.IsEqual(Control.GetLabel(38000),tvshow.fanart)">SetProperty(Multiart_10,$ESCINFO[Container.ListItem.Art(tvshow.fanart10)],home)</onstop>
    <onstop condition="String.IsEqual(Control.GetLabel(38000),tvshow.fanart)">SetProperty(Multiart_11,$ESCINFO[Container.ListItem.Art(tvshow.fanart11)],home)</onstop>
    <onstop condition="String.IsEqual(Control.GetLabel(38000),tvshow.fanart)">SetProperty(Multiart_12,$ESCINFO[Container.ListItem.Art(tvshow.fanart12)],home)</onstop>
    <onstop condition="String.IsEqual(Control.GetLabel(38000),tvshow.fanart)">SetProperty(Multiart_13,$ESCINFO[Container.ListItem.Art(tvshow.fanart13)],home)</onstop>
    <onstop condition="String.IsEqual(Control.GetLabel(38000),tvshow.fanart)">SetProperty(Multiart_14,$ESCINFO[Container.ListItem.Art(tvshow.fanart14)],home)</onstop>
    <onstop condition="String.IsEqual(Control.GetLabel(38000),tvshow.fanart)">SetProperty(Multiart_15,$ESCINFO[Container.ListItem.Art(tvshow.fanart15)],home)</onstop>
    <onstop condition="String.IsEqual(Control.GetLabel(38000),tvshow.square)">SetProperty(Multiart_0,$ESCINFO[Container.ListItem.Art(tvshow.square)],home)</onstop>
    <onstop condition="String.IsEqual(Control.GetLabel(38000),tvshow.square)">SetProperty(Multiart_1,$ESCINFO[Container.ListItem.Art(tvshow.square1)],home)</onstop>
    <onstop condition="String.IsEqual(Control.GetLabel(38000),tvshow.square)">SetProperty(Multiart_2,$ESCINFO[Container.ListItem.Art(tvshow.square2)],home)</onstop>
    <onstop condition="String.IsEqual(Control.GetLabel(38000),tvshow.square)">SetProperty(Multiart_3,$ESCINFO[Container.ListItem.Art(tvshow.square3)],home)</onstop>
    <onstop condition="String.IsEqual(Control.GetLabel(38000),tvshow.square)">SetProperty(Multiart_4,$ESCINFO[Container.ListItem.Art(tvshow.square4)],home)</onstop>
    <onstop condition="String.IsEqual(Control.GetLabel(38000),tvshow.square)">SetProperty(Multiart_5,$ESCINFO[Container.ListItem.Art(tvshow.square5)],home)</onstop>
    <onstop condition="String.IsEqual(Control.GetLabel(38000),tvshow.square)">SetProperty(Multiart_6,$ESCINFO[Container.ListItem.Art(tvshow.square6)],home)</onstop>
    <onstop condition="String.IsEqual(Control.GetLabel(38000),tvshow.square)">SetProperty(Multiart_7,$ESCINFO[Container.ListItem.Art(tvshow.square7)],home)</onstop>
    <onstop condition="String.IsEqual(Control.GetLabel(38000),tvshow.square)">SetProperty(Multiart_8,$ESCINFO[Container.ListItem.Art(tvshow.square8)],home)</onstop>
    <onstop condition="String.IsEqual(Control.GetLabel(38000),tvshow.square)">SetProperty(Multiart_9,$ESCINFO[Container.ListItem.Art(tvshow.square9)],home)</onstop>
    <onstop condition="String.IsEqual(Control.GetLabel(38000),tvshow.square)">SetProperty(Multiart_10,$ESCINFO[Container.ListItem.Art(tvshow.square10)],home)</onstop>
    <onstop condition="String.IsEqual(Control.GetLabel(38000),tvshow.square)">SetProperty(Multiart_11,$ESCINFO[Container.ListItem.Art(tvshow.square11)],home)</onstop>
    <onstop condition="String.IsEqual(Control.GetLabel(38000),tvshow.square)">SetProperty(Multiart_12,$ESCINFO[Container.ListItem.Art(tvshow.square12)],home)</onstop>
    <onstop condition="String.IsEqual(Control.GetLabel(38000),tvshow.square)">SetProperty(Multiart_13,$ESCINFO[Container.ListItem.Art(tvshow.square13)],home)</onstop>
    <onstop condition="String.IsEqual(Control.GetLabel(38000),tvshow.square)">SetProperty(Multiart_14,$ESCINFO[Container.ListItem.Art(tvshow.square14)],home)</onstop>
    <onstop condition="String.IsEqual(Control.GetLabel(38000),tvshow.square)">SetProperty(Multiart_15,$ESCINFO[Container.ListItem.Art(tvshow.square15)],home)</onstop>
  </timer>

</timers>
