<?xml version="1.0" encoding="UTF-8"?>
<window>
	<!-- playerprocessinfo -->
	<defaultcontrol always="true">4000</defaultcontrol>
	<controls>
		<include content="Default_Dialog_Panel_Layout">
			<param name="visible" value="!Window.IsVisible(shutdownmenu) | Window.IsVisible(sliderdialog)" />
			<param name="panel_edge_top" value="540" />
			<param name="panel_edge_bottom" value="0" />
			<param name="panel_edge_left" value="0" />
			<param name="panel_edge_right" value="0" />
			<include content="playerprocessinfo_Grouplist">
				<param name="description" value="Media process info" />
				<param name="visible" value="Control.HasFocus(4002)" />
				<include content="playerprocessinfo_Media_List_Content" />
			</include>
			<include content="playerprocessinfo_Grouplist">
				<param name="description" value="Player process info" />
				<param name="visible" value="Control.HasFocus(4003)" />
				<include content="playerprocessinfo_Player_List_Content" />
			</include>
			<include content="playerprocessinfo_Grouplist">
				<param name="description" value="System process info" />
				<param name="visible" value="Control.HasFocus(4004)" />
				<include content="playerprocessinfo_System_List_Content" />
			</include>
			<include content="Button_Group_Template">
				<param name="right" value="360" />
				<param name="onleft" value="4000" />
				<param name="onright" value="4000" />
				<param name="onup" value="Close" />
				<param name="ondown" value="Close" />
				<param name="include_textures" value="false" />
				<param name="include_labels" value="true" />
				<param name="show_labels" value="true" />
				<param name="button1" value="VideoPlayer.Content(livetv)" />
				<param name="button1_label" value="$LOCALIZE[31619]" />
				<param name="button2" value="true" />
				<param name="button2_label" value="$LOCALIZE[31620]" />
				<param name="button3" value="true" />
				<param name="button3_label" value="$LOCALIZE[31621]" />
				<param name="button4" value="true" />
				<param name="button4_label" value="$LOCALIZE[31604]" />
			</include>
		</include>
	</controls>
</window>