<?xml version="1.0" encoding="utf-8"?>
<window>
	<defaultcontrol always="true">6</defaultcontrol>
	<controls>
		<include content="Default_Dialog_Panel_Layout">
			<include content="Breadcrumb_Label">
				<param name="title_label" value="$LOCALIZE[737]" />
				<param name="title_label_id" value="1" />
				<param name="info_label_visible" value="true" />
				<param name="info_label" value="$VAR[6_ListItem_Label_Divider,, ]$INFO[Container(6).ListItem.Label]$VAR[6_ListItem_Label2_Divider, , #]$INFO[Container(6).ListItem.Label2]" />
			</include>
			<control type="panel" id="6">
				<centertop>50%</centertop>
				<centerleft>50%</centerleft>
				<height>540</height>
				<width>1620</width>
				<onup>6</onup>
				<ondown>6</ondown>
				<onleft>6</onleft>
				<onright>61</onright>
				<orientation>vertical</orientation>
				<pagecontrol>61</pagecontrol>
				<viewtype label="100">icon</viewtype>
				<itemlayout height="180" width="180">
					<control type="image">
						<top>5</top>
						<bottom>5</bottom>
						<left>5</left>
						<right>5</right>
						<texture>views/white_100.png</texture>
						<colordiffuse>$INFO[ListItem.Label2]</colordiffuse>
					</control>
				</itemlayout>
				<focusedlayout height="180" width="180">
					<control type="group">
						<animation effect="zoom" time="200" tween="sine" easing="inout" start="100" end="124" center="auto">Focus</animation>
						<control type="image">
							<texture>views/white_100.png</texture>
							<colordiffuse>$INFO[ListItem.Label2]</colordiffuse>
						</control>
					</control>
				</focusedlayout>
			</control>
			<control type="scrollbar" id="61">
				<visible allowhiddenfocus="true">Container.Scrolling | Control.HasFocus(6) | Control.HasFocus(61)</visible>
				<include content="Scrollbar_Fade_Animation" />
				<right>102</right>
				<bottom>270</bottom>
				<width>6</width>
				<height>540</height>
				<onleft condition="Control.IsVisible(6)">6</onleft>
				<onright>7</onright>
				<showonepage>false</showonepage>
				<orientation>vertical</orientation>
				<texturesliderbackground colordiffuse="$VAR[Scroll_Background_Color]">views/white_100.png</texturesliderbackground>
				<texturesliderbar colordiffuse="$VAR[Scroll_Background_Color]">views/white_100.png</texturesliderbar>
				<texturesliderbarfocus colordiffuse="$VAR[Scroll_Focused_Color]">views/white_100.png</texturesliderbarfocus>
				<textureslidernib></textureslidernib>
				<textureslidernibfocus></textureslidernibfocus>
			</control>
			<include content="Button_Group_Template">
				<param name="onleft" value="61" />
				<param name="onright" value="6" />
				<param name="button1" value="true" />
				<param name="button1_id" value="7" />
			</include>
		</include>
	</controls>
</window>