<?xml version="1.0" encoding="UTF-8"?>
<window>
	<!-- tvchannels / radiochannels -->
	<defaultcontrol always="true">50</defaultcontrol>
	<menucontrol>3000</menucontrol>
	<backgroundcolor>$VAR[Dark_Color]</backgroundcolor>
	<views>50</views>
	<controls>
		<include content="Common_Controls" />
		<include content="tvchannels_Controls" />
		<!-- Background -->
		<include content="Background_Multiart_Global">
			<param name="fadein_animation_condition" value="!$EXP[Background_FadeIn_Exceptions]" />
			<param name="fadeout_animation_condition" value="!$EXP[Background_FadeOut_Exceptions]" />
		</include>
		<include content="Embedded_VideoPlayer">
			<param name="visible" value="VideoPlayer.Content(livetv)" />
		</include>
		<!-- Content -->
		<include content="Default_Dialog_Panel_Layout">
			<param name="visible" value="!$EXP[Infoscreen_IsVisible] + !$EXP[TransparentDialog_IsVisible]" />
			<param name="panel_colordiffuse" value="$VAR[PVR_Panel_Mask]" />
			<control type="list" id="50">
				<viewtype label="List">list</viewtype>
				<left>120</left>
				<width>1080</width>
				<height>630</height>
				<centertop>50%</centertop>
				<preloaditems>2</preloaditems>
				<pagecontrol>60</pagecontrol>
				<orientation>vertical</orientation>
				<onleft>SetFocus(3000,0,absolute)</onleft>
				<onright condition="Integer.IsGreater(Container(50).NumItems,7)">60</onright>
				<onright condition="!Integer.IsGreater(Container(50).NumItems,7)">SetFocus(3000,0,absolute)</onright>
				<scrolltime tween="sine" easing="inout">360</scrolltime>
				<itemlayout width="1080" height="90">
					<include content="PVR_ChannelList_Item" />
				</itemlayout>
				<focusedlayout width="1080" height="90" infoupdate="5000">
					<include content="PVR_ChannelList_Item">
						<param name="color" value="$VAR[Light_Color]" />
					</include>
					<control type="image" infoupdate="5000">
						<bottom>0</bottom>
						<height>1</height>
						<texture colordiffuse="$VAR[Unfocused_Color]">views/white_100.png</texture>
					</control>
				</focusedlayout>
			</control>
			<include content="Dialog_Divider_With_Scrollbar">
				<param name="scrollbarvisible" value="Integer.IsGreater(Container(50).NumItems,7)" />
				<param name="id" value="60" />
				<param name="left" value="1200" />
				<param name="scrollbaralignleft" value="true" />
				<param name="onleft" value="50" />
				<param name="onright" value="50" />
			</include>
			<include content="PVR_Info_Box">
				<param name="visible" default="true" />
				<param name="left" value="1230" />
				<param name="right" value="120" />
				<param name="bottom" value="350" />
				<param name="height" value="450" />
				<param name="align" value="center" />
				<param name="plot_height_max" value="360" />
			</include>
			<include content="PVR_Now_Playing_Info" />
			<include content="PVR_Now_Playing_Info">
				<param name="visible" value="true" />
				<param name="top" value="765" />
				<param name="label_width" value="570" />
				<param name="label_align" value="left" />
				<param name="label" value="$VAR[PVR_Next_Up_Label]" />
				<param name="line_bottom" value="90" />
				<param name="include_logo" value="false" />
			</include>
		</include>
		<include content="MyViews_Menu_and_Scrollbars" />
	</controls>
</window>