<?xml version="1.0" encoding="UTF-8"?>
<includes>

	<include name="managevideoversions_List_Content">
		<control type="button" id="21">
			<description>Play</description>
			<include content="Hidden_Button_Template" />
			<onfocus>SetProperty(Focused_Button,$LOCALIZE[208],managevideoversions)</onfocus>
		</control>
		<control type="button" id="22">
			<description>Add version</description>
			<include content="Hidden_Button_Template" />
			<onfocus>SetProperty(Focused_Button,$LOCALIZE[40014],managevideoversions)</onfocus>
		</control>
		<control type="button" id="27">
			<description>Choose art</description>
			<include content="Hidden_Button_Template" />
			<onfocus>SetProperty(Focused_Button,$LOCALIZE[13511],managevideoversions)</onfocus>
		</control>
		<control type="button" id="24">
			<description>Choose type</description>
			<include content="Hidden_Button_Template" />
			<onfocus>SetProperty(Focused_Button,$LOCALIZE[40004],managevideoversions)</onfocus>
		</control>
		<control type="button" id="25">
			<description>Set default</description>
			<include content="Hidden_Button_Template" />
			<onfocus>SetProperty(Focused_Button,$LOCALIZE[40023],managevideoversions)</onfocus>
		</control>
		<control type="button" id="26">
			<description>Remove</description>
			<include content="Hidden_Button_Template" />
			<onfocus>SetProperty(Focused_Button,$LOCALIZE[15015],managevideoversions)</onfocus>
		</control>
	</include>

	<include name="managevideoversions_Buttons_Content">
		<include content="Button_Template">
			<param name="target_id" value="21" />
			<param name="texture" value="Play" />
		</include>
		<include content="Button_Template">
			<param name="target_id" value="22" />
			<param name="texture" value="Plus" />
		</include>
		<include content="Button_Template">
			<param name="target_id" value="27" />
			<param name="texture" value="Image" />
		</include>
		<include content="Button_Template">
			<param name="target_id" value="24" />
			<param name="texture" value="List" />
		</include>
		<include content="Button_Template">
			<param name="target_id" value="25" />
			<param name="texture" value="Star" />
		</include>
		<include content="Button_Template">
			<param name="target_id" value="26" />
			<param name="texture" value="Cross" />
		</include>
	</include>

	<include name="managevideoextras_List_Content">
		<control type="button" id="21">
			<description>Play</description>
			<include content="Hidden_Button_Template" />
			<onfocus>SetProperty(Focused_Button,$LOCALIZE[208],managevideoversions)</onfocus>
		</control>
		<control type="button" id="23">
			<description>Add extra</description>
			<include content="Hidden_Button_Template" />
			<onfocus>SetProperty(Focused_Button,$LOCALIZE[40014],managevideoversions)</onfocus>
		</control>
		<control type="button" id="27">
			<description>Choose art</description>
			<include content="Hidden_Button_Template" />
			<onfocus>SetProperty(Focused_Button,$LOCALIZE[13511],managevideoversions)</onfocus>
		</control>
		<control type="button" id="28">
			<description>Rename</description>
			<include content="Hidden_Button_Template" />
			<onfocus>SetProperty(Focused_Button,$LOCALIZE[40004],managevideoversions)</onfocus>
		</control>
		<control type="button" id="26">
			<description>Remove</description>
			<include content="Hidden_Button_Template" />
			<onfocus>SetProperty(Focused_Button,$LOCALIZE[15015],managevideoversions)</onfocus>
		</control>
	</include>

	<include name="managevideoextras_Buttons_Content">
		<include content="Button_Template">
			<param name="target_id" value="21" />
			<param name="texture" value="Play" />
		</include>
		<include content="Button_Template">
			<param name="target_id" value="23" />
			<param name="texture" value="Plus" />
		</include>
		<include content="Button_Template">
			<param name="target_id" value="27" />
			<param name="texture" value="Image" />
		</include>
		<include content="Button_Template">
			<param name="target_id" value="28" />
			<param name="texture" value="Write" />
		</include>
		<include content="Button_Template">
			<param name="target_id" value="26" />
			<param name="texture" value="Cross" />
		</include>
	</include>

	<include name="playerprocessinfo_PVR_List_Content">
		<control type="button">
			<description>PVR backend</description>
			<include content="playerprocessinfo_Button" />
			<label>$LOCALIZE[19012]</label>
			<label2>$INFO[PVR.ActStreamClient]</label2>
		</control>
		<control type="button">
			<description>PVR receiving device</description>
			<include content="playerprocessinfo_Button" />
			<label>$LOCALIZE[19006]</label>
			<label2>$INFO[PVR.ActStreamDevice]</label2>
		</control>
		<control type="button">
			<description>PVR stream status</description>
			<include content="playerprocessinfo_Button" />
			<label>$LOCALIZE[19007]</label>
			<label2>$INFO[PVR.ActStreamStatus]</label2>
		</control>
		<control type="button">
			<description>PVR stream service name / provider name</description>
			<include content="playerprocessinfo_Button" />
			<label>$LOCALIZE[19099]$VAR[Copacetic_Divider_Bold, , $LOCALIZE[19101]]</label>
			<label2>$INFO[PVR.ActStreamServiceName]$VAR[Copacetic_Divider_Bold, ]$INFO[PVR.ActStreamProviderName, ]</label2>
		</control>
		<control type="button">
			<description>PVR stream signal / SNR</description>
			<include content="playerprocessinfo_Button" />
			<label>$LOCALIZE[19008]$VAR[Copacetic_Divider_Bold, , $LOCALIZE[19009]]</label>
			<label2>$INFO[PVR.ActStreamSignal]$VAR[Copacetic_Divider_Bold, ]$INFO[PVR.ActStreamSNR, ]</label2>
		</control>
		<control type="button">
			<description>PVR stream BER</description>
			<include content="playerprocessinfo_Button" />
			<label>$LOCALIZE[19010]$VAR[Copacetic_Divider_Bold, , $LOCALIZE[19011]]</label>
			<label2>$INFO[PVR.ActStreamBER]$VAR[Copacetic_Divider_Bold, ]$INFO[PVR.ActStreamUNC, ]</label2>
		</control>
		<control type="button">
			<description>PVR stream encryption</description>
			<include content="playerprocessinfo_Button" />
			<label>$LOCALIZE[19015]</label>
			<label2>$INFO[PVR.ActStreamEncryptionName]</label2>
		</control>
		<control type="button">
			<description>PVR stream mux</description>
			<include content="playerprocessinfo_Button" />
			<label>$LOCALIZE[19100]</label>
			<label2>$INFO[PVR.ActStreamMux]</label2>
		</control>
	</include>


	<include name="playerprocessinfo_Media_List_Content">
		<control type="button">
			<description>Video codec</description>
			<include content="playerprocessinfo_Button" />
			<label>$LOCALIZE[31605]</label>
			<label2>$INFO[VideoPlayer.VideoCodec]</label2>
			<visible>Player.HasVideo</visible>
		</control>
		<control type="button">
			<description>Video resolution</description>
			<include content="playerprocessinfo_Button" />
			<label>$LOCALIZE[31606]</label>
			<label2>$INFO[VideoPlayer.VideoResolution]$INFO[Player.Process(VideoScanType)]</label2>
			<visible>Player.HasVideo</visible>
		</control>
		<control type="button">
			<description>Video aspect ratio</description>
			<include content="playerprocessinfo_Button" />
			<label>$LOCALIZE[31607]</label>
			<label2>$INFO[VideoPlayer.VideoAspect]</label2>
			<visible>Player.HasVideo</visible>
		</control>
		<control type="button">
			<description>Audio codec</description>
			<include content="playerprocessinfo_Button" />
			<label>$LOCALIZE[31608]</label>
			<label2>$INFO[VideoPlayer.AudioCodec]</label2>
			<visible>Player.HasVideo</visible>
		</control>
		<control type="button">
			<description>Audio channels</description>
			<include content="playerprocessinfo_Button" />
			<label>$LOCALIZE[31609]</label>
			<label2>$VAR[AudioChannels_Label]</label2>
			<visible>Player.HasVideo</visible>
		</control>
		<control type="button">
			<description>Audio bitrate</description>
			<include content="playerprocessinfo_Button" />
			<label>$LOCALIZE[31610]</label>
			<label2>$INFO[VideoPlayer.AudioBitRate,, kbps]</label2>
			<visible>Player.HasVideo</visible>
		</control>
	</include>

	<include name="playerprocessinfo_Player_List_Content">
		<control type="button">
			<description>Video stream</description>
			<include content="playerprocessinfo_Button" />
			<label>$LOCALIZE[38031]</label>
			<label2>$INFO[Player.Process(VideoWidth),,x]$INFO[Player.Process(VideoHeight)]$INFO[Player.Process(VideoScanType)]$VAR[Copacetic_Divider_Bold, , ]$INFO[Player.Process(VideoDAR),, AR]$VAR[Copacetic_Divider_Bold, , ]$INFO[Player.Process(VideoFPS), FPS]</label2>
			<visible>Player.HasVideo</visible>
		</control>
		<control type="button">
			<description>Audio stream</description>
			<include content="playerprocessinfo_Button" />
			<label>$LOCALIZE[460]</label>
			<label2>$VAR[AudioChannels_Label]$VAR[Copacetic_Divider_Bold, , ]$INFO[Player.Process(AudioChannels)]$VAR[Copacetic_Divider_Bold, , ]$INFO[Player.Process(AudioDecoder)]$VAR[Copacetic_Divider_Bold, , ]$INFO[Player.Process(AudioBitsPerSample),, bits]$VAR[Copacetic_Divider_Bold, , ]$INFO[Player.Process(AudioSampleRate),, Hz]</label2>
			<visible>Player.HasVideo</visible>
		</control>
		<control type="button">
			<description>usage</description>
			<include content="playerprocessinfo_Button" />
			<label>$LOCALIZE[565]</label>
			<label2>$INFO[System.Memory(used.percent),$LOCALIZE[31611] ]$VAR[Copacetic_Divider_Bold, , ]$INFO[System.CpuUsage,$LOCALIZE[31612] ]</label2>
			<visible>System.SupportsCPUUsage</visible>
		</control>
		<control type="button">
			<description>Video decoder</description>
			<include content="playerprocessinfo_Button" />
			<label>$LOCALIZE[31613]</label>
			<label2>$INFO[Player.Process(videodecoder)]$VAR[Copacetic_Divider_Bold, , ]$VAR[Video_Decoder_Type_Label]</label2>
			<visible>Player.HasVideo</visible>
		</control>
		<control type="button">
			<description>Pixel format</description>
			<include content="playerprocessinfo_Button" />
			<label>$LOCALIZE[31614]</label>
			<label2>$INFO[Player.Process(PixFormat)]</label2>
			<visible>Player.HasVideo</visible>
		</control>
		<control type="button">
			<description>Deinterlace method</description>
			<include content="playerprocessinfo_Button" />
			<label>$LOCALIZE[16038]</label>
			<label2>$INFO[Player.Process(deintmethod)]</label2>
			<visible>Player.HasVideo</visible>
		</control>
	</include>

	<include name="playerprocessinfo_System_List_Content">
		<control type="button">
			<description>Screen resolution</description>
			<include content="playerprocessinfo_Button" />
			<label>$LOCALIZE[31615]</label>
			<label2>$INFO[System.ScreenResolution]</label2>
			<visible>Player.HasVideo</visible>
		</control>
		<control type="button">
			<description>System rendering speed</description>
			<include content="playerprocessinfo_Button" />
			<label>$LOCALIZE[31616]</label>
			<label2>$INFO[System.FPS]</label2>
			<visible>Player.HasVideo</visible>
		</control>
		<control type="button">
			<description>System memory usage</description>
			<include content="playerprocessinfo_Button" />
			<label>$LOCALIZE[31617]</label>
			<label2>$INFO[System.Memory(used.percent)]</label2>
			<visible>Player.HasVideo</visible>
		</control>
		<control type="button">
			<description>System CPU usage</description>
			<include content="playerprocessinfo_Button" />
			<label>$LOCALIZE[31618]</label>
			<label2>$INFO[System.CpuUsage]</label2>
			<visible>System.SupportsCPUUsage</visible>
		</control>
	</include>

	<include name="pvrguidesearch_Left_Grouplist_Content">
		<control type="radiobutton" id="10">
			<description>Include description</description>
			<label>$LOCALIZE[19134]</label>
			<textwidth>660</textwidth>
			<radioposx>750</radioposx>
			<texturefocus border="62,2,2,2" colordiffuse="$VAR[Unfocused_Color]">dialogs/button_underline_except_60_left.png</texturefocus>
		</control>
		<control type="radiobutton" id="11">
			<description>Case sensitive</description>
			<label>$LOCALIZE[19135]</label>
			<textwidth>660</textwidth>
			<radioposx>750</radioposx>
			<texturefocus border="62,2,2,2" colordiffuse="$VAR[Unfocused_Color]">dialogs/button_underline_except_60_left.png</texturefocus>
		</control>
		<control type="edit" id="14">
			<description>Start date</description>
			<label>$LOCALIZE[19128]</label>
			<texturefocus border="62,2,2,2" colordiffuse="$VAR[Unfocused_Color]">dialogs/button_underline_except_60_left.png</texturefocus>
		</control>
		<control type="edit" id="15">
			<description>Stop date</description>
			<label>$LOCALIZE[19129]</label>
			<texturefocus border="62,2,2,2" colordiffuse="$VAR[Unfocused_Color]">dialogs/button_underline_except_60_left.png</texturefocus>
		</control>
		<control type="radiobutton" id="30">
			<description>Ignore finished broadcasts</description>
			<label>$LOCALIZE[19339]</label>
			<textwidth>660</textwidth>
			<radioposx>750</radioposx>
			<texturefocus border="62,2,2,2" colordiffuse="$VAR[Unfocused_Color]">dialogs/button_underline_except_60_left.png</texturefocus>
		</control>
		<control type="spincontrolex" id="18">
			<description>Genre</description>
			<label>$LOCALIZE[515]</label>
			<texturefocus border="62,2,2,2" colordiffuse="$VAR[Unfocused_Color]">dialogs/button_underline_except_60_left.png</texturefocus>
		</control>
		<control type="radiobutton" id="20">
			<description>Include unknown genres</description>
			<label>$LOCALIZE[19132]</label>
			<textwidth>660</textwidth>
			<radioposx>750</radioposx>
			<texturefocus border="62,2,2,2" colordiffuse="$VAR[Unfocused_Color]">dialogs/button_underline_except_60_left.png</texturefocus>
		</control>
		<control type="radiobutton" id="22">
			<description>FTA only</description>
			<label>$LOCALIZE[19123]</label>
			<textwidth>660</textwidth>
			<radioposx>750</radioposx>
			<texturefocus border="62,2,2,2" colordiffuse="$VAR[Unfocused_Color]">dialogs/button_underline_except_60_left.png</texturefocus>
		</control>
		<control type="radiobutton" id="24">
			<description>Ignore timers</description>
			<label>$LOCALIZE[19124]</label>
			<textwidth>660</textwidth>
			<radioposx>750</radioposx>
			<texturefocus border="62,2,2,2" colordiffuse="$VAR[Unfocused_Color]">dialogs/button_underline_except_60_left.png</texturefocus>
		</control>
	</include>

	<include name="pvrgroupmanager_List_Content">
		<include content="Button_Template"><!-- rename -->
			<param name="target_id" value="27" />
			<param name="visible" value="Control.HasFocus(13) | Control.HasFocus(27) | Control.HasFocus(25) | Control.HasFocus(28)" />
			<param name="right" value="270" />
			<param name="width" value="90" />
			<param name="texture" value="Write" />
			<animation effect="slide" end="75,0" time="0" condition="!Control.IsEnabled(25)">Conditional</animation>
			<animation effect="slide" end="75,0" time="0" condition="!Control.IsEnabled(28)">Conditional</animation>
		</include>
		<include content="Button_Template"><!-- hide -->
			<param name="target_id" value="25" />
			<param name="visible" value="Control.HasFocus(13) | Control.HasFocus(27) | Control.HasFocus(25) | Control.HasFocus(28)" />
			<param name="right" value="195" />
			<param name="width" value="90" />
			<param name="texture" value="Visible" />
			<param name="toggle_button" value="true" />
			<param name="alt_texture" value="Hidden" />
			<param name="use_alt_texture" value="!String.Contains(Control.GetLabel(25),*)" />
			<animation effect="slide" end="75,0" time="0" condition="!Control.IsEnabled(28)">Conditional</animation>
		</include>
		<include content="Button_Template"><!-- delete -->
			<param name="target_id" value="28" />
			<param name="visible" value="Control.HasFocus(13) | Control.HasFocus(27) | Control.HasFocus(25) | Control.HasFocus(28)" />
			<param name="right" value="120" />
			<param name="width" value="90" />
			<param name="texture" value="Cross" />
		</include>
	</include>

	<include name="pvrguidesearch_Right_Grouplist_Content">
		<control type="spincontrolex" id="12">
			<description>Min duration</description>
			<label>$LOCALIZE[19130]</label>
		</control>
		<control type="spincontrolex" id="13">
			<description>Max duration</description>
			<label>$LOCALIZE[19131]</label>
		</control>
		<control type="edit" id="16">
			<description>Start time</description>
			<label>$LOCALIZE[19126]</label>
		</control>
		<control type="edit" id="17">
			<description>Stop time</description>
			<label>$LOCALIZE[19127]</label>
		</control>
		<control type="radiobutton" id="31">
			<description>Ignore future broadcasts</description>>
			<label>$LOCALIZE[19340]</label>
			<textwidth>660</textwidth>
			<radioposx>750</radioposx>
		</control>
		<control type="radiobutton" id="19">
			<description>Avoid repeats</description>
			<label>$LOCALIZE[19121]</label>
			<textwidth>660</textwidth>
			<radioposx>750</radioposx>
		</control>
		<control type="spincontrolex" id="21">
			<description>Groups</description>
			<label>$LOCALIZE[19141]</label>
		</control>
		<control type="spincontrolex" id="23">
			<description>Channels</description>
			<label>$LOCALIZE[19148]</label>
		</control>
		<control type="radiobutton" id="27">
			<description>Ignore recordings</description>
			<label>$LOCALIZE[19125]</label>
			<textwidth>660</textwidth>
			<radioposx>750</radioposx>
		</control>
	</include>

	<include name="shutdownmenu_Content">
		<item>
			<description>Home</description>
			<label>$LOCALIZE[31401]</label>
			<onclick>Dialog.Close(all)</onclick>
			<onclick>ActivateWindow(home)</onclick>
			<visible>!Skin.HasSetting(Quick_Home_Disabled) + !Window.IsVisible(home) + !Window.IsVisible(loginscreen)</visible>
		</item>
		<item>
			<description>Night Mode</description>
			<label>$LOCALIZE[31408]</label>
			<onclick>Skin.SetString(Theme,Dark)</onclick>
			<visible>!Skin.HasSetting(Quick_Theme_Switcher_Disabled) + Skin.String(Theme,Light) + !Window.IsVisible(loginscreen)</visible>
		</item>
		<item>
			<description>Light Mode</description>
			<label>$LOCALIZE[31407]</label>
			<onclick>Skin.SetString(Theme,Light)</onclick>
			<visible>!Skin.HasSetting(Quick_Theme_Switcher_Disabled) + !Skin.String(Theme,Light) + !Window.IsVisible(loginscreen)</visible>
		</item>
		<item>
			<description>Settings</description>
			<label>$LOCALIZE[5]</label>
			<onclick>Dialog.Close(all)</onclick>
			<onclick>ActivateWindow(Settings)</onclick>
			<visible>!Window.IsVisible(loginscreen) + !$EXP[Settings_Window_IsVisible]</visible>
		</item>
		<item>
			<label>LibreELEC</label>
			<onclick>Dialog.Close(all)</onclick>
			<onclick>RunAddon(service.libreelec.settings)</onclick>
			<visible>!Skin.HasSetting(Quick_LibreELEC_Menu_Disabled) + System.AddonIsEnabled(service.libreelec.settings) + !Window.IsVisible(loginscreen)</visible>
		</item>
	</include>
	
	<include name="skinshortcuts_Left_List_Content">
		<include content="Button_Template">
			<param name="target_id" value="304" />
			<param name="visible" value="Control.HasFocus(211) | Control.HasFocus(301) | Control.HasFocus(302) | Control.HasFocus(303) | Control.HasFocus(304)" />
			<param name="right" value="300" />
			<param name="width" value="120" />
			<param name="texture" value="Down_Arrow" />
			<bottom>-15</bottom>
		</include>
		<include content="Button_Template">
			<param name="target_id" value="303" />
			<param name="visible" value="Control.HasFocus(211) | Control.HasFocus(301) | Control.HasFocus(302) | Control.HasFocus(303) | Control.HasFocus(304)" />
			<param name="right" value="210" />
			<param name="width" value="120" />
			<param name="texture" value="Up_Arrow" />
			<bottom>-15</bottom>
		</include>
		<include content="Button_Template">
			<param name="target_id" value="301" />
			<param name="visible" value="Control.HasFocus(211) | Control.HasFocus(301) | Control.HasFocus(302) | Control.HasFocus(303) | Control.HasFocus(304)" />
			<param name="right" value="135" />
			<param name="width" value="90" />
			<param name="rotated" value="false" />
			<param name="texture" value="Plus" />
		</include>
		<include content="Button_Template">
			<param name="target_id" value="302" />
			<param name="visible" value="Control.HasFocus(211) | Control.HasFocus(301) | Control.HasFocus(302) | Control.HasFocus(303) | Control.HasFocus(304)" />
			<param name="right" value="45" />
			<param name="width" value="90" />
			<param name="rotated" value="false" />
			<param name="texture" value="Cross" />
		</include>
	</include>

	<include name="skinshortcuts_Right_List_Content">
		<control type="button" id="401">
			<description>Change shortcut</description>
			<label>$ADDON[script.skinshortcuts 32048]</label>
		</control>
		<control type="button" id="305">
			<description>Change label</description>
			<label>$ADDON[script.skinshortcuts 32025]</label>
			<label2>$INFO[Container(211).ListItem.Label]</label2>
		</control>
		<control type="button" id="307">
			<description>Change action</description>
			<label>$ADDON[script.skinshortcuts 32027]</label>
			<label2>$INFO[Container(211).ListItem.Property(displaypath)]</label2>
		</control>
		<control type="button" id="310">
			<visible>String.IsEqual(Window.Property(groupname), mainmenu)</visible>
			<description>Change background path</description>
			<label>$ADDON[script.skinshortcuts 32045]</label>
			<label2>$VAR[skinshortcuts_Background_Override_Label2]</label2>
			<label2></label2>
		</control>
	</include>

	<include name="smartplaylisteditor_Left_List_Content">
		<control type="button" id="22">
			<texturefocus border="62,2,2,2" colordiffuse="$VAR[Unfocused_Color]">dialogs/button_underline_except_60_left.png</texturefocus>
			<description>Set Playlist type</description>
			<label>$LOCALIZE[467]</label>
		</control>
		<control type="button" id="12">
			<texturefocus border="62,2,2,2" colordiffuse="$VAR[Unfocused_Color]">dialogs/button_underline_except_60_left.png</texturefocus>
			<description>Name of the playlist</description>
			<label>$LOCALIZE[551]</label>
		</control>
		<control type="button" id="16">
			<texturefocus border="62,2,2,2" colordiffuse="$VAR[Unfocused_Color]">dialogs/button_underline_except_60_left.png</texturefocus>
			<description>Match rules option</description>
			<label>$LOCALIZE[31600]</label>
		</control>
		<control type="button" id="17">
			<texturefocus border="62,2,2,2" colordiffuse="$VAR[Unfocused_Color]">dialogs/button_underline_except_60_left.png</texturefocus>
			<description>Limit rules option</description>
			<label>$LOCALIZE[31601]</label>
		</control>
		<control type="button" id="18">
			<texturefocus border="62,2,2,2" colordiffuse="$VAR[Unfocused_Color]">dialogs/button_underline_except_60_left.png</texturefocus>
			<description>Sort rules option</description>
			<label>$LOCALIZE[31602]</label>
		</control>
		<control type="button" id="19">
			<texturefocus border="62,2,2,2" colordiffuse="$VAR[Unfocused_Color]">dialogs/button_underline_except_60_left.png</texturefocus>
			<description>Sort direction option</description>
			<label>$LOCALIZE[31603]</label>
		</control>
		<control type="button" id="23">
			<texturefocus border="62,2,2,2" colordiffuse="$VAR[Unfocused_Color]">dialogs/button_underline_except_60_left.png</texturefocus>
			<description>Group by</description>
			<label>$LOCALIZE[19141]</label>
		</control>
		<control type="radiobutton" id="24">
			<texturefocus border="62,2,2,2" colordiffuse="$VAR[Unfocused_Color]">dialogs/button_underline_except_60_left.png</texturefocus>
			<description>Mixed</description>
			<label>$LOCALIZE[467]: $LOCALIZE[21459]</label>
		</control>
	</include>

	<include name="smartplaylistrule_List_Content">
		<control type="togglebutton" id="15">
			<texturefocus border="2,2,2,2" colordiffuse="$VAR[Unfocused_Color]">dialogs/button_underline_focused.png</texturefocus>
			<alttexturefocus border="2,2,2,2" colordiffuse="$VAR[Unfocused_Color]">dialogs/button_underline_focused.png</alttexturefocus>
		</control>
		<control type="button" id="16">
			<texturefocus border="2,2,2,2" colordiffuse="$VAR[Unfocused_Color]">dialogs/button_underline_focused.png</texturefocus>
		</control>
		<control type="edit" id="17">
			<hinttext>$LOCALIZE[16028]...</hinttext>
			<texturefocus border="2,2,2,2" colordiffuse="$VAR[Unfocused_Color]">dialogs/button_underline_focused.png</texturefocus>
		</control>
	</include>


</includes>