<?xml version="1.0" encoding="UTF-8"?>
<window>
	<!-- favouritesbrowser -->
	<onunload>ClearProperty(OptionsMenu,home)</onunload>
	<onunload>ClearProperty(Scrollbars,home)</onunload>
	<defaultcontrol always="true">50</defaultcontrol>
	<menucontrol>3000</menucontrol>
	<views>50,500,501,502,504,505</views>
	<backgroundcolor>$VAR[Dark_Color]</backgroundcolor>
	<controls>
		<include content="Common_Controls" />
		<include content="favourites_Controls" />
		<include content="favourites_Views" />
		<include content="MyViews_Menu_and_Scrollbars" />
	</controls>
</window>