<?xml version="1.0" encoding="UTF-8"?>
<window>
	<!-- videos -->
	<include content="Multiart_Reset_OnLoad" />
	<onunload>ClearProperty(OptionsMenu,home)</onunload>
	<onunload>ClearProperty(Scrollbars,home)</onunload>
	<onunload condition="String.IsEqual(Window(home).Property(Trailer_Autoplay),true) + Player.HasVideo">PlayerControl(Stop)</onunload>
	<onunload condition="String.IsEqual(Window(home).Property(Trailer_Autoplay),true)">ClearProperty(Trailer_Autoplay,home)</onunload>
	<defaultcontrol always="true">50</defaultcontrol>
	<menucontrol>3000</menucontrol>
	<views>50,500,501,502,504,505</views>
	<backgroundcolor>$VAR[Dark_Color]</backgroundcolor>
	<controls>
		<include content="Common_Controls" />
		<include content="videos_Controls" />
		<include content="MyViews_Multiart_Labels" condition="Skin.HasSetting(Multiart_Slideshow)" />
		<include content="videos_Views" />
		<include content="MyViews_Menu_and_Scrollbars" />
	</controls>
</window>