<?xml version="1.0" encoding="UTF-8"?>
<includes>

	<include name="GridView_Vertical_Scrolling">
		<width>1820</width>
		<height>900</height>
	</include>

	<include name="GridView_Horizontal_Scrolling">
		<width>1870</width>
		<height>840</height>
		<orientation>horizontal</orientation>
	</include>

	<include name="GridView_Container">
		<param name="art_icon" default="Grid" />
		<definition>
			<include content="Hidden_Components">
				<control type="label" id="6351">
					<label>$INFO[ListItemNoWrap(1).Label]</label>
				</control>
				<control type="label" id="6352">
					<label>$INFO[ListItemNoWrap(2).Label]</label>
				</control>
				<control type="label" id="6353">
					<label>$INFO[ListItemNoWrap(3).Label]</label>
				</control>
				<control type="label" id="6354">
					<label>$INFO[ListItemNoWrap(4).Label]</label>
				</control>
				<control type="label" id="6355">
					<label>$INFO[ListItemNoWrap(5).Label]</label>
				</control>
				<control type="label" id="6356">
					<label>$INFO[ListItemNoWrap(6).Label]</label>
				</control>
				<control type="label" id="6357">
					<label>$INFO[ListItemNoWrap(7).Label]</label>
				</control>
				<control type="label" id="6358">
					<label>$INFO[ListItemNoWrap(8).Label]</label>
				</control>
			</include>
			<control type="group">
				<visible>Control.IsVisible(505) + !Window.IsVisible(selectvideoversion)</visible>
				<include content="Visible_Fade_Animation" />
				<include content="GridView_Slides_Large" condition="!Skin.String(GridView_Size,Small) + !Skin.String(GridView_Size,Horizontal)" />
				<include content="GridView_Slides_Small" condition="Skin.String(GridView_Size,Small)" />
				<include content="GridView_Slides_Horizontal" condition="Skin.String(GridView_Size,Horizontal)" />
				<!-- List -->
				<control type="panel" id="505">
					<viewtype label="Grid">icon</viewtype>
					<visible>!Container.Content(songs)</visible>
					<left>50</left>
					<top>180</top>
					<include content="GridView_Vertical_Scrolling" condition="!Skin.String(GridView_Size,Horizontal)" />
					<include content="GridView_Horizontal_Scrolling" condition="Skin.String(GridView_Size,Horizontal)" />
					<onfocus>ClearProperty(Widget_DBID,home)</onfocus>
					<onfocus condition="Container.Content(favourites)">Skin.SetString(favourites_Viewmode,Grid)</onfocus>
					<include content="Grid_Vertical_Navigation" condition="!Skin.String(GridView_Size,Horizontal)" />
					<include content="Grid_Horizontal_Navigation" condition="Skin.String(GridView_Size,Horizontal)" />
					<pagecontrol>60</pagecontrol>
					<preloaditems>2</preloaditems>
					<include content="Default_Scrolltime" condition="!Skin.HasSetting(Quick_Transitions)" />
					<include content="Quick_Scrolltime" condition="Skin.HasSetting(Quick_Transitions) + !Skin.HasSetting(Zero_Transitions)" />
					<include content="Zero_Scrolltime" condition="Skin.HasSetting(Quick_Transitions) + Skin.HasSetting(Zero_Transitions)" />
					<include content="GridView_Layout_Array" condition="Window.Is(favouritesbrowser) | Window.Is(music) | Window.Is(pictures) | Window.Is(programs) | Window.Is(videos)">
						<param name="displaytype_label" value="Fanart" />
						<param name="art_icon" value="$PARAM[art_icon]" />
					</include>
					<include content="GridView_Layout_Array" condition="Window.Is(favouritesbrowser) | Window.Is(music) | Window.Is(programs) | Window.Is(videos)">
						<param name="displaytype_label" value="Posters" />
						<param name="art_icon" value="$PARAM[art_icon]" />
					</include>
					<include content="GridView_Layout_Array">
						<param name="displaytype_label" value="Square" />
						<param name="art_icon" value="$PARAM[art_icon]" />
					</include>
				</control>
			</control>
		</definition>
	</include>

	<include name="GridView_Overlay_Details">
		<definition>
			<control type="group">
				<visible>Control.IsVisible(505) + !$EXP[Options_Switching]</visible>
				<include content="Visible_Fade_Animation" />
				<control type="group">
					<visible>!$EXP[Container_Switching] + !$EXP[TransparentDialog_IsVisible] + !$EXP[Scrollbar_HasFocus] + !$EXP[Infoscreen_IsVisible] + !$EXP[Music_Player_HasFocus]</visible>
					<include content="Visible_Fade_Delayed_Animation" />
					<include content="Breadcrumb_Label">
						<param name="bar" value="$EXP[GridView_Details_Breadcrumb] | [!$EXP[GridView_Details_Off] + !Container.Content(movies) + !Container.Content(sets) + !Container.Content(tvshows) + !Container.Content(artists)]" />
						<param name="visible" value="!$EXP[GridView_Details_Off] + !$EXP[Notification_Widget_IsVisible]" />
						<param name="animation" value="VisibleHidden_Fade_Delayed_Animation" />
						<param name="info_label_visible" value="true" />
						<param name="textcolor" value="$VAR[Breadcrumb_Label_Color]" />
					</include>
				</control>
			</control>
			<control type="group">
				<visible>Control.IsVisible(505) + !Control.IsVisible(5006) + !$EXP[Container_Switching] + !$EXP[Content_Switching] + !$EXP[TransparentDialog_IsVisible] + !Window.IsVisible(pictureinfo) + !$EXP[Scrollbar_HasFocus] + !$EXP[Music_Player_HasFocus]</visible>
				<include content="Grid_Details_Overlay_Fade_Animation" />
				<include content="GridView_Slides_Large" condition="!Skin.String(GridView_Size,Small) + !Skin.String(GridView_Size,Horizontal)" />
				<include content="GridView_Slides_Small" condition="Skin.String(GridView_Size,Small)" />
				<include content="GridView_Slides_Horizontal" condition="Skin.String(GridView_Size,Horizontal)" />
				<control type="label" id="6004">
					<include content="Hidden_Control" />
					<label>$VAR[Info_Label]</label>
				</control>
				<include content="GridView_Overlay" condition="!Skin.String(GridView_Size,Small) + !Skin.String(GridView_Size,Horizontal)">
					<param name="displaytype_label" value="Fanart" />
					<param name="left" value="72" />
					<param name="width" value="592" />
					<param name="height" value="333" />
				</include>
				<include content="GridView_Overlay" condition="Skin.String(GridView_Size,Small)">
					<param name="displaytype_label" value="Fanart" />
					<param name="left" value="64" />
					<param name="width" value="448" />
					<param name="height" value="252" />
					<param name="title_font" value="Grid_Title_Small" />
					<param name="info_font" value="Grid_Info_Small" />
				</include>
				<include content="GridView_Overlay" condition="Skin.String(GridView_Size,Horizontal)">
					<param name="displaytype_label" value="Fanart" />
					<param name="left" value="50" />
					<param name="width" value="496" />
					<param name="height" value="279" />
					<param name="title_font" value="Grid_Title_Medium" />
					<param name="info_font" value="Grid_Info" />
				</include>
				<include content="GridView_Overlay" condition="!Skin.String(GridView_Size,Small) + !Skin.String(GridView_Size,Horizontal)">
					<param name="displaytype_label" value="Posters" />
					<param name="left" value="60" />
					<param name="width" value="360" />
					<param name="height" value="540" />
				</include>
				<include content="GridView_Overlay" condition="Skin.String(GridView_Size,Small)">
					<param name="displaytype_label" value="Posters" />
					<param name="left" value="64" />
					<param name="width" value="256" />
					<param name="height" value="384" />
					<param name="title_font" value="Grid_Title_Small" />
					<param name="info_font" value="Grid_Info_Small" />
				</include>
				<include content="GridView_Overlay" condition="Skin.String(GridView_Size,Horizontal)">
					<param name="displaytype_label" value="Posters" />
					<param name="left" value="50" />
					<param name="width" value="280" />
					<param name="height" value="420" />
					<param name="title_font" value="Grid_Title_Small" />
					<param name="info_font" value="Grid_Info_Small" />
				</include>
				<include content="GridView_Overlay" condition="!Skin.String(GridView_Size,Small) + !Skin.String(GridView_Size,Horizontal)">
					<param name="displaytype_label" value="Square" />
					<param name="left" value="60" />
					<param name="width" value="360" />
					<param name="height" value="360" />
				</include>
				<include content="GridView_Overlay" condition="Skin.String(GridView_Size,Small)">
					<param name="displaytype_label" value="Square" />
					<param name="left" value="60" />
					<param name="width" value="256" />
					<param name="height" value="256" />
					<param name="title_font" value="Grid_Title_Small" />
					<param name="info_font" value="Grid_Info_Small" />
				</include>
				<include content="GridView_Overlay" condition="Skin.String(GridView_Size,Horizontal)">
					<param name="displaytype_label" value="Square" />
					<param name="left" value="50" />
					<param name="width" value="420" />
					<param name="height" value="420" />
				</include>
			</control>
		</definition>
	</include>

	<!-- Widget -->
	<include name="GridView_Display">
		<param name="id" />
		<param name="art_icon" />
		<param name="widget_position" />
		<param name="gridview_details_fade" />
		<definition>
			<include content="Viewtype_Display_Template">
				<param name="viewtype_label" value="Grid" />
				<include content="GridView_Art_Posters" condition="!Skin.String(Widget$PARAM[widget_position]_Display,Fanart) + !Skin.String(Widget$PARAM[widget_position]_Display,Spotlight) + !Skin.String(Widget$PARAM[widget_position]_Display,Square)">
					<param name="target_id" value="$PARAM[id]" />
					<param name="art_icon" value="$PARAM[art_icon]" />
				</include>
				<include content="GridView_Art_Fanart" condition="Skin.String(Widget$PARAM[widget_position]_Display,Fanart)">
					<param name="target_id" value="$PARAM[id]" />
					<param name="art_icon" value="$PARAM[art_icon]" />
				</include>
				<include content="GridView_Art_Spotlight" condition="Skin.String(Widget$PARAM[widget_position]_Display,Spotlight)">
					<param name="target_id" value="$PARAM[id]" />
					<param name="art_icon" value="$PARAM[art_icon]" />
					<param name="art_diffuse" value="!Skin.HasSetting(Widget$PARAM[widget_position]_Prefer_Landscape)" />
				</include>
				<include content="GridView_Art_Square" condition="Skin.String(Widget$PARAM[widget_position]_Display,Square)">
					<param name="target_id" value="$PARAM[id]" />
					<param name="art_icon" value="$PARAM[art_icon]" />
				</include>
			</include>
		</definition>
	</include>

	<include name="GridView_Details">
		<param name="id" />
		<param name="widget_position" />
		<param name="widget_display" />
		<param name="include_progress" default="true" />
		<definition>
			<include content="Viewtype_Details_Including_Content_Switching_Template">
				<param name="visible" value="$PARAM[visible]" />
				<param name="viewtype_label" value="Grid" />
				<include content="Progress_Grid_$PARAM[widget_display]" condition="Window.Is(movieinformation) + $PARAM[include_progress]">
					<param name="id" value="$PARAM[id]" />
				</include>
				<include content="Progress_Grid_Posters" condition="Window.Is(home) + !Skin.String(Widget$PARAM[widget_position]_Display,Fanart) + !Skin.String(Widget$PARAM[widget_position]_Display,Spotlight) + !Skin.String(Widget$PARAM[widget_position]_Display,Square) + $PARAM[include_progress]">
					<param name="id" value="$PARAM[id]" />
				</include>
				<include content="Progress_Grid_Fanart" condition="Window.Is(home) + Skin.String(Widget$PARAM[widget_position]_Display,Fanart) + $PARAM[include_progress]">
					<param name="id" value="$PARAM[id]" />
				</include>
				<include content="Progress_Grid_Spotlight" condition="Window.Is(home) + Skin.String(Widget$PARAM[widget_position]_Display,Spotlight) + $PARAM[include_progress]">
					<param name="id" value="$PARAM[id]" />
				</include>
				<include content="Progress_Grid_Square" condition="Window.Is(home) + Skin.String(Widget$PARAM[widget_position]_Display,Square) + $PARAM[include_progress]">
					<param name="id" value="$PARAM[id]" />
				</include>
				<include content="Breadcrumb_Label" condition="![Window.Is(home) + Skin.String(Widget$PARAM[widget_position]_Display,Spotlight)]">
					<param name="bar" value="false" />
					<param name="title_label" value="$VAR[Title_Label]" />
					<param name="title_label_id" value="$PARAM[id]4" />
					<param name="info_label_visible" value="true" />
					<param name="info_label" value="$VAR[GridView_Info_Label_Divider_Bold,, ]$VAR[Info_Label]" />
					<param name="textcolor" value="$VAR[Primary_Color]" />
					<animation effect="slide" start="0" end="0,780" time="0" condition="String.IsEqual(Control.GetLabel(620$PARAM[widget_position]2),Posters)">Conditional</animation>
					<animation effect="slide" start="0" end="0,780" time="0" condition="Window.Is(home) + !Skin.String(Widget$PARAM[widget_position]_Display,Fanart) + !Skin.String(Widget$PARAM[widget_position]_Display,Square)">Conditional</animation>
					<animation effect="slide" start="0" end="0,677" time="0" condition="String.IsEqual(Control.GetLabel(620$PARAM[widget_position]2),Fanart)">Conditional</animation>
					<animation effect="slide" start="0" end="0,677" time="0" condition="Window.Is(home) + Skin.String(Widget$PARAM[widget_position]_Display,Fanart)">Conditional</animation>
					<animation effect="slide" start="0" end="0,690" time="0" condition="String.IsEqual(Control.GetLabel(620$PARAM[widget_position]2),Square)">Conditional</animation>
					<animation effect="slide" start="0" end="0,690" time="0" condition="Window.Is(home) + Skin.String(Widget$PARAM[widget_position]_Display,Square)">Conditional</animation>
				</include>
				<include content="GridView_Widget_Overlay" condition="Window.Is(home) + Skin.String(Widget$PARAM[widget_position]_Display,Spotlight) + !Skin.HasSetting(Widget$PARAM[widget_position]_Prefer_Landscape)" />
			</include>
		</definition>
	</include>

</includes>