<?xml version="1.0" encoding="UTF-8"?>
<includes>

	<variable name="musicplaylisteditor_Icon_Texture">
		<value condition="String.IsEqual(Window(musicplaylisteditor).Property(ActiveList),Right) + !String.IsEmpty(Container(100).ListItem.Art(thumb))">$INFO[Container(100).ListItem.Art(thumb)]</value>
		<value condition="!String.IsEmpty(Container(50).ListItem.Art(thumb))">$INFO[Container(50).ListItem.Art(thumb)]</value>
	</variable>

	<variable name="profiles_Icon_Texture">
		<value condition="ControlGroup(500).HasFocus(101) | !System.IsLoggedOn">$INFO[Container(2).ListItem.Art(thumb)]</value>
		<value>$INFO[System.ProfileThumb]</value>
	</variable>

	<variable name="Repeat_Button_Icon_Texture">
		<value condition="Control.HasFocus(8) + Playlist.IsRepeatOne">icons/icon_repeat1_focused_60.png</value>
		<value condition="Playlist.IsRepeatOne">icons/icon_repeat1_unfocused_60.png</value>
		<value condition="Control.HasFocus(8) + Playlist.IsRepeat">icons/icon_repeat_focused_60.png</value>
		<value condition="Playlist.IsRepeat">icons/icon_repeat_unfocused_60.png</value>
		<value condition="Control.HasFocus(8)">icons/icon_repeat_50%_focused_60.png</value>
		<value>icons/icon_repeat_50%_unfocused_60.png</value>
	</variable>

	<variable name="selectdialog_Icon_Texture">
		<value condition="!String.IsEmpty(Container(6).ListItem.Art(keyart)) + $EXP[Prefer_Keyart]">$INFO[Container(6).ListItem.Art(keyart)]</value>
		<value condition="!String.IsEmpty(Container(6).ListItem.Art(poster))">$INFO[Container(6).ListItem.Art(poster)]</value>
		<value condition="!String.IsEmpty(Container(6).ListItem.Art(square))">$INFO[Container(6).ListItem.Art(square)]</value>
		<value condition="!String.IsEmpty(Container(6).ListItem.Art(fanart))">$INFO[Container(6).ListItem.Art(fanart)]</value>
		<value>$INFO[Container(6).ListItem.Art(thumb)]</value>
	</variable>

	<variable name="SettingsCategory_Icon_Texture">
		<value condition="Window.Is(skinsettings)">settings/Copacetic_focused_60.png</value>
		<value condition="Window.Is(interfacesettings)">settings/Interface_focused_60.png</value>
		<value condition="Window.Is(mediasettings)">settings/Media_focused_60.png</value>
		<value condition="Window.Is(playersettings)">settings/Player_focused_60.png</value>
		<value condition="Window.Is(systemsettings)">settings/System_focused_60.png</value>
		<value condition="Window.Is(servicesettings)">settings/Service_focused_60.png</value>
		<value condition="Window.Is(gamesettings)">settings/Game_focused_60.png</value>
		<value condition="Window.Is(pvrsettings)">settings/PVR_focused_60.png</value>
		<value condition="Window.Is(profiles)">settings/Profiles_focused_60.png</value>
		<value condition="Window.Is(systeminfo)">settings/SystemInfo_focused_60.png</value>
		<value condition="Window.Is(filemanager)">settings/FileManager_focused_60.png</value>
	</variable>

</includes>
