<?xml version="1.0" encoding="UTF-8"?>
<includes>

	<include name="ShowcaseView_Container">
		<control type="group">
			<visible>$EXP[ShowcaseView_IsVisible]</visible>
			<include content="Custom_List">
				<param name="visible" value="![Container.Content() + !Window.Is(programs)] + !Container.Content(files) + !Container.Content(episodes) + !Container.Content(songs) + !Container.Content(musicvideos) + !$EXP[Background_Containers]" />
				<param name="type" value="fixedlist" />
				<param name="id" value="502" />
				<param name="viewtype_label" value="Showcase" />
				<param name="viewtype" value="bigwrap" />
				<param name="orientation" value="horizontal" />
			</include>
		</control>
	</include>

	<include name="ShowcaseView_Display">
		<param name="id" default="502" />
		<param name="art_icon" default="Showcase" />
		<param name="media_view" default="true" />
		<param name="widget_view" default="false" />
		<param name="widget_position" />
		<definition>
			<include content="Viewtype_Display_Template">
				<param name="viewtype_label" value="Showcase" />
				<param name="media_view" value="$PARAM[media_view]" />
				<animation effect="slide" start="0,0" end="360,0" time="0" reversible="true" condition="$PARAM[media_view] + Skin.HasSetting(Music_Player_Enabled) + Player.HasAudio + $EXP[ShowcaseView_Display_IsPosters] + !$EXP[ShowcaseView_Details_Off]">Conditional</animation>
				<include content="ShowcaseView_Art_Posters" condition="$PARAM[media_view] + !Window.Is(addonbrowser)">
					<param name="target_id" value="$PARAM[id]" />
					<param name="art_icon" value="$PARAM[art_icon]" />
				</include>
				<include content="ShowcaseView_Art_Square" condition="$PARAM[media_view]">
					<param name="target_id" value="$PARAM[id]" />
					<param name="art_icon" value="$PARAM[art_icon]" />
				</include>
				<include content="ShowcaseView_Art_Posters" condition="$PARAM[widget_view] + !Skin.HasSetting(Widget$PARAM[widget_position]_Display_Square) + !Skin.HasSetting(Widget$PARAM[widget_position]_Content_LatestAlbums) + !Skin.HasSetting(Widget$PARAM[widget_position]_Content_RecentAlbums)">
					<param name="target_id" value="$PARAM[id]" />
					<param name="art_icon" value="$PARAM[art_icon]" />
					<param name="breadcrumb_overlay" value="true" />
				</include>
				<include content="ShowcaseView_Art_Square" condition="$PARAM[widget_view] + [Skin.HasSetting(Widget$PARAM[widget_position]_Display_Square) | Skin.HasSetting(Widget$PARAM[widget_position]_Content_LatestAlbums) | Skin.HasSetting(Widget$PARAM[widget_position]_Content_RecentAlbums)]">
					<param name="target_id" value="$PARAM[id]" />
					<param name="art_icon" value="$PARAM[art_icon]" />
					<param name="breadcrumb_overlay" value="true" />
				</include>
			</include>
		</definition>
	</include>

	<include name="ShowcaseView_Details">
		<param name="id" default="502" />
		<param name="media_view" default="true" />
		<definition>
			<include content="Viewtype_Details_Template">
				<param name="viewtype_label" value="Showcase" />
				<param name="visible" value="$PARAM[visible]" />
				<include content="Progress" condition="Window.Is(videos) | Window.Is(music) | Window.Is(home) | Window.Is(movieinformation)">
					<param name="id" value="$PARAM[id]" />
					<animation effect="slide" start="0,0" end="-600,0" time="0" condition="true">Conditional</animation>
					<animation effect="slide" start="0,0" end="360,0" time="0" reversible="true" condition="$PARAM[media_view] + Skin.HasSetting(Music_Player_Enabled) + Player.HasAudio + $EXP[ShowcaseView_Display_IsPosters] + !$EXP[ShowcaseView_Details_Off]">Conditional</animation>
					<animation effect="slide" start="0,0" end="180,0" time="0" condition="$EXP[ShowcaseView_Display_IsSquare]">Conditional</animation>
				</include>
				<include content="Common_Details">
					<param name="viewtype_label" value="Showcase" />
					<param name="left" value="990" />
					<param name="width" value="660" />
					<param name="logo_width" value="100%" />
					<param name="title_color" value="$VAR[Primary_Color]" />
					<param name="title_maxheight" value="280" />
					<param name="plot_maxheight" value="235" />
					<animation effect="slide" start="0,0" end="180,0" time="0" reversible="true" condition="$PARAM[media_view] + Skin.HasSetting(Music_Player_Enabled) + Player.HasAudio + $EXP[ShowcaseView_Display_IsPosters] + !$EXP[ShowcaseView_Details_Off]">Conditional</animation>
					<animation effect="slide" start="0,0" end="180,0" time="0" condition="$EXP[ShowcaseView_Display_IsSquare]">Conditional</animation>
				</include>
			</include>
		</definition>
	</include>

</includes>