<?xml version="1.0" encoding="UTF-8"?>
<window>
	<!-- skinsettings -->
	<onunload>RunScript(script.skinshortcuts,type=buildxml&amp;mainmenuID=3000&amp;group=mainmenu|shutdownmenu)</onunload>
	<onunload condition="!Skin.String(User_Defined_Accent_Color,copacetic_accent_color)">RunScript(script.copacetic.helper,action=hex_contrast_check,hex=$INFO[Skin.String(User_Defined_Accent_Color)])</onunload>
	<onunload condition="!ControlGroup(9).HasFocus(10)">SetFocus(10)</onunload>
	<defaultcontrol always="true">3001</defaultcontrol>
	<backgroundcolor>$VAR[Dark_Color]</backgroundcolor>
	<include content="Settings_WindowOpenClose_Fade_Delayed_Animation" />
	<controls>
		<include content="Widget_Reset_Button" condition="Skin.HasSetting(Widgets_Enabled)" />
		<include content="Light_Theme_Background">
			<!-- visibility condition instead of conditional include because slideshow can be turned on/off within this window -->
			<param name="visible" value="Skin.HasSetting(Background_Disabled)" />
		</include>
		<include content="Background_Global">
			<param name="visible" value="!Skin.HasSetting(Background_Disabled)" />
			<param name="animate_slideshow" value="false" />
		</include>
		<include content="Default_Settings_Panel_Layout">
			<param name="left_list_id" value="9" />
			<param name="right_list_id" value="2" />
			<include content="Settings_Grouplist_Template">
				<param name="id" value="9" />
				<param name="onleft" value="3001" />
				<param name="onright" value="2" />
				<param name="include_permanent_underline" value="true" />
				<param name="include_scrollbar" value="false" />
				<include content="skinsettings_Left_List_Content" />
			</include>
			<include content="Settings_Grouplist_Template">
				<param name="id" value="2" />
				<param name="pagecontrol" value="61" />
				<param name="onleft" value="9" />
				<param name="onright" value="3001" />
				<param name="left" value="570" />
				<param name="width" value="1260" />
				<param name="height" value="630" />
				<param name="scrollbar_visible" value="ControlGroup(2).HasFocus" />
				<onback>9</onback>
				<include content="skinsettings_Right_List_Content_Home" />
			</include>
		</include>
	</controls>
</window>