<?xml version="1.0" encoding="UTF-8"?>
<includes>

	<include name="Object_Include">
		<nested />
	</include>

	<include name="Hidden_Components">
		<control type="group">
			<visible>false</visible>
			<nested />
		</control>
	</include>

	<include name="Hidden_Control">
		<animation effect="slide" end="1920,1080" time="0" condition="true">Conditional</animation>
		<bottom>-10</bottom>
		<right>-10</right>
		<width>10</width>
		<height>10</height>
	</include>

	<include name="Busy_Spinner">
		<param name="visible" />
		<param name="size" default="90" />
		<param name="color" default="$VAR[Light_Color]" />
		<definition>
			<control type="image">
				<visible>$PARAM[visible]</visible>
				<include content="Visible_Fade_Animation" />
				<centerleft>50%</centerleft>
				<centertop>50%</centertop>
				<width>$PARAM[size]</width>
				<height>$PARAM[size]</height>
				<texture colordiffuse="$PARAM[color]">dialogs/busy.png</texture>
				<animation effect="rotate" start="0" end="-360" center="auto" time="1800" loop="true" tween="cubic" easing="out" condition="true">Conditional</animation>
				<nested />
			</control>
		</definition>
	</include>

	<include name="Focus_Setter">
		<param name="id" default="4010" />
		<param name="time" default="0" />
		<param name="target_id" />
		<definition>
			<control type="button" id="$PARAM[id]">
				<visible allowhiddenfocus="true">false</visible>
				<animation effect="slide" end="0,0" time="$PARAM[time]" reversible="false">Focus</animation>
				<onfocus>$PARAM[target_id]</onfocus>
				<onright>$PARAM[target_id]</onright>
				<onleft>$PARAM[target_id]</onleft>
				<ontop>$PARAM[target_id]</ontop>
				<onbottom>$PARAM[target_id]</onbottom>
				<nested />
			</control>
		</definition>
	</include>

	<include name="Light_Theme_Background">
		<param name="visible" default="true" />
		<param name="include_animation" default="true" />
		<definition>
			<control type="group">
				<include content="WindowOpenClose_Fade_Delayed_Animation" />
				<include content="Dialog_Over_Light_Background_Fadediffuse_Animation" />
				<include content="Light_Theme_Background_Fade_Animation" condition="$PARAM[include_animation]" />
				<visible>Skin.String(Theme,Light)</visible>
				<visible>$PARAM[visible]</visible>
				<nested />
				<control type="image">
					<texture colordiffuse="$VAR[Light_Background_Color]">views/white_100.png</texture>
				</control>
				<control type="image">
					<bottom>0</bottom>
					<height>50%</height>
					<texture colordiffuse="$VAR[Light_Grey_Color]">views/gradient_light-background.png</texture>
				</control>
			</control>
		</definition>
	</include>

	<include name="Background_Multiart">
		<param name="time" default="10000" />
		<param name="fadein_animation_condition" default="true" />
		<param name="fadeout_animation_condition" default="true" />
		<definition>
			<control type="multiimage">
				<include content="WindowOpenClose_Fade_Delayed_Animation">
					<param name="fadein_condition" value="$PARAM[fadein_animation_condition]" />
					<param name="fadeout_condition" value="$PARAM[fadeout_animation_condition]" />
				</include>
				<imagepath>$PARAM[texture_path]</imagepath>
				<colordiffuse>$PARAM[colordiffuse]</colordiffuse>
				<aspectratio>scale</aspectratio>
				<fadetime>$PARAM[fadetime]</fadetime>
				<timeperimage>$PARAM[time]</timeperimage>
				<randomize>true</randomize>
			</control>
			<include content="Background_Multiart_Template">
				<param name="transition_time" value="$PARAM[time]" />
			</include>
		</definition>
	</include>

	<include name="Background_Multiart_Global">
		<param name="visible" default="true" />
		<param name="texture_path" default="$VAR[Background_Global_Texture]" />
		<param name="fadein_animation_condition" default="true" />
		<param name="fadeout_animation_condition" default="true" />
		<definition>
			<control type="group">
				<visible>!VideoPlayer.IsFullscreen + $PARAM[visible]</visible>
				<include content="VisibleHidden_Background_Fade_Delayed_Animation" />
				<include content="Background_Multiart">
					<param name="colordiffuse" value="$VAR[Home_Artwork_Diffuse]" />
					<param name="texture_path" value="$PARAM[texture_path]" />
					<param name="fadetime" value="0" />
					<param name="fadein_animation_condition" value="$PARAM[fadein_animation_condition]" />
					<param name="fadeout_animation_condition" value="$PARAM[fadeout_animation_condition]" />
				</include>
				<include content="Background_Multiart">
					<param name="colordiffuse" value="$VAR[Home_Artwork_Diffuse]" />
					<param name="texture_path" value="$PARAM[texture_path]" />
					<param name="fadetime" value="360" />
					<param name="fadein_animation_condition" value="$PARAM[fadein_animation_condition]" />
					<param name="fadeout_animation_condition" value="$PARAM[fadeout_animation_condition]" />
				</include>
				<include content="Embedded_VideoPlayer">
					<param name="visible" value="VideoPlayer.Content(livetv)" />
				</include>
				<nested />
			</control>
		</definition>
	</include>

	<include name="Background_Multiart_Settings">
		<include content="Light_Theme_Background" condition="!$EXP[Library_Has_Content]" />
		<include content="Background_Multiart_Global" condition="$EXP[Library_Has_Content]">
			<param name="fadein_animation_condition" value="!$EXP[Background_FadeIn_Exceptions]" />
			<param name="fadeout_animation_condition" value="!$EXP[Background_FadeOut_Exceptions]" />
		</include>
	</include>

	<include name="Background_Multiart_Home">
		<include content="Background_Multiart">
			<param name="fadein_animation_condition" value="!$EXP[Background_FadeIn_Exceptions_home]" />
			<param name="fadeout_animation_condition" value="!$EXP[Background_FadeOut_Exceptions_home]" />
			<param name="colordiffuse" value="$VAR[Home_Artwork_Diffuse]" />
			<param name="texture_path" value="$VAR[Background_Home_Texture]" />
			<param name="fadetime" value="360" />
			<param name="time" value="$PARAM[time]" />
		</include>
	</include>

	<include name="Background_List">
		<param name="content_source" default="Home" />
		<param name="time" default="10000" />
		<definition>
			<control type="list" id="3300">
				<include content="Hidden_Control" />
				<include content="Background_$PARAM[content_source]_Content" />
				<autoscroll time="$PARAM[time]">true</autoscroll>
				<itemlayout />
				<focusedlayout />
			</control>
		</definition>
	</include>

	<include name="Background_Home">
		<include content="Background_List" condition="Skin.String(Background_Interval,5)">
			<param name="time" value="5000" />
		</include>
		<include content="Background_List" condition="Skin.String(Background_Interval,10) | !Skin.String(Background_Interval)">
			<param name="time" value="10000" />
		</include>
		<include content="Background_List" condition="Skin.String(Background_Interval,15)">
			<param name="time" value="15000" />
		</include>
		<include content="Background_List" condition="Skin.String(Background_Interval,20)">
			<param name="time" value="20000" />
		</include>
		<include content="Background_List" condition="Skin.String(Background_Interval,25)">
			<param name="time" value="25000" />
		</include>
		<include content="Background_List" condition="Skin.String(Background_Interval,30)">
			<param name="time" value="30000" />
		</include>
		<control type="image">
			<animation effect="fade" start="0" end="100" time="360" delay="1800" tween="sine" easing="inout" reversible="true">Visible</animation>
			<texture colordiffuse="$VAR[Dark_Color]">views/white_100.png</texture>
		</control>
		<include content="Background_Multiart_Home" condition="Skin.String(Background_Interval,5)">
			<param name="time" value="5000" />
		</include>
		<include content="Background_Multiart_Home" condition="Skin.String(Background_Interval,10) | !Skin.String(Background_Interval)">
			<param name="time" value="10000" />
		</include>
		<include content="Background_Multiart_Home" condition="Skin.String(Background_Interval,15)">
			<param name="time" value="15000" />
		</include>
		<include content="Background_Multiart_Home" condition="Skin.String(Background_Interval,20)">
			<param name="time" value="20000" />
		</include>
		<include content="Background_Multiart_Home" condition="Skin.String(Background_Interval,25)">
			<param name="time" value="25000" />
		</include>
		<include content="Background_Multiart_Home" condition="Skin.String(Background_Interval,30)">
			<param name="time" value="30000" />
		</include>
	</include>

	<include name="Home_Clearlogo">
		<control type="button" id="4300">
			<visible allowhiddenfocus="true">false</visible>
			<onclick>SetFocus(3000)</onclick>
			<onup>SetFocus(3000)</onup>
			<ondown>SetFocus(3000)</ondown>
			<onleft>SetFocus(3000)</onleft>
			<onright>SetFocus(3000)</onright>
			<onback>SetFocus(3000)</onback>
		</control>
		<include content="Common_Details_Logo" condition="Skin.HasSetting(Home_Screensaver_Clearlogo_Enabled)">
			<param name="texture" value="$VAR[Background_Home_Clearlogo_Texture]" />
			<param name="visible" value="Control.HasFocus(4300) + !$EXP[TransparentDialog_IsVisible] + !String.IsEmpty(Container(3300).ListItem.Art(clearlogo))" />
			<include content="Visible_Fade_Delayed_Animation" />
			<left>60</left>
			<bottom>60</bottom>
			<fadetime>360</fadetime>
		</include>
		<include content="Common_Details_Textbox" condition="Skin.HasSetting(Home_Screensaver_Clearlogo_Enabled)">
			<param name="visible" value="String.IsEmpty(Control.Getlabel(6310)) + Control.HasFocus(4300) + !$EXP[TransparentDialog_IsVisible]" />
			<param name="gap" value="960" />
			<param name="maxheight" value="60" />
			<param name="font" value="Title_Breadcrumb_Label" />
			<param name="color" value="$VAR[Light_Color]" />
			<param name="label" value="[UPPERCASE]$VAR[Background_Home_Label][/UPPERCASE]" />
			<param name="align" value="left" />
			<include content="Visible_Fade_Delayed_Animation" />
			<left>60</left>
			<right>60</right>
		</include>
	</include>

	<include name="Embedded_VideoPlayer">
		<definition>
			<control type="group">
				<visible>$PARAM[visible]</visible>
				<include content="Visible_Fade_Animation" />
				<nested />
				<control type="videowindow" />
			</control>
		</definition>
	</include>

	<include name="Visualisation">
		<control type="group">
			<!-- visualisation -->
			<control type="visualisation" id="2">
				<visible>Skin.TimerIsRunning(music_visualisation) + Integer.IsGreaterOrEqual(Skin.TimerElapsedSecs(music_visualisation),1)</visible>
				<visible>Player.HasAudio</visible>
			</control>
			<!-- diffuse layer - solid to 50% opacity -->
			<control type="image">
				<visible>Window.IsVisible(shutdownmenu)</visible>
				<animation effect="fadediffuse" end="80000000" time="360" condition="Skin.TimerIsRunning(music_visualisation) + Integer.IsGreaterOrEqual(Skin.TimerElapsedSecs(music_visualisation),1)" reversible="true">Conditional</animation>
				<texture colordiffuse="$VAR[visualisation_Mask]">views/white_100.png</texture>
				<width>1920</width>
				<height>1080</height>
			</control>
		</control>
	</include>

	<include name="visualisation_Title_and_Info">
		<param name="top" default="360" />
		<param name="width" default="420" />
		<param name="height" default="360" />
		<param name="align" default="center" />
		<param name="textalign" default="left" />
		<param name="textcolor" default="$VAR[Light_Color]" />
		<param name="title_font" default="MusicPlayer_Title" />
		<param name="title_height" default="80" />
		<param name="info_font" default="MusicPlayer_Info" />
		<param name="info_height" default="280" />
		<definition>
			<control type="grouplist">
				<visible>$PARAM[visible]</visible>
				<include content="VisibleHidden_Fade_Delayed_Animation" />
				<height>$PARAM[height]</height>
				<top>$PARAM[top]</top>
				<width>$PARAM[width]</width>
				<left>$PARAM[left]</left>
				<orientation>vertical</orientation>
				<align>$PARAM[align]</align>
				<itemgap>0</itemgap>
				<usecontrolcoords>true</usecontrolcoords>
				<control type="textbox">
					<height max="$PARAM[title_height]">auto</height>
					<label>$PARAM[title]</label>
					<font>$PARAM[title_font]</font>
					<textcolor>$PARAM[textcolor]</textcolor>
					<align>$PARAM[textalign]</align>
				</control>
				<control type="textbox">
					<height max="$PARAM[info_height]">auto</height>
					<label>$PARAM[info]</label>
					<font>$PARAM[info_font]</font>
					<textcolor>$PARAM[textcolor]</textcolor>
					<align>$PARAM[textalign]</align>
				</control>
				<nested />
			</control>
		</definition>
	</include>

</includes>