<?xml version="1.0" encoding="UTF-8"?>
<window>
	<!-- seekbar -->
	<visible>VideoPlayer.IsFullscreen | Window.IsActive(visualisation)</visible>
	<include content="WindowOpenClose_Fade_Delayed_Animation" />
	<zorder>2</zorder>
	<controls>
		<include content="seekbar_Hidden" />
		<include content="Default_NoPanel_Layout">
			<param name="visible" value="VideoPlayer.IsFullscreen | [Window.IsActive(visualisation) + !Window.IsVisible(1103)]" />
			<include content="seekbar_Video" condition="Player.HasVideo" />
			<include content="seekbar_Music" condition="Player.HasAudio" />
		</include>
	</controls>
</window>