<?xml version="1.0" encoding="UTF-8"?>
<window>
	<!-- musicosd -->
	<onload condition="!String.IsEmpty(window(musicosd).property(MusicOSD_Controls))">ClearProperty(MusicOSD_Controls,musicosd)</onload>
	<onunload condition="!String.IsEmpty(window(musicosd).property(MusicOSD_Controls))">ClearProperty(MusicOSD_Controls,musicosd)</onunload>
	<defaultcontrol always="true">4010</defaultcontrol>
	<include content="WindowClose_Fade_Animation" />
	<controls>
		<include content="Focus_Setter">
			<param name="target_id" value="SetFocus(1)" />
		</include>
		<include content="OSD_Template">
			<param name="breadcrumb_color" value="$VAR[Primary_Color]" />
			<param name="windowname" value="musicosd" />
		</include>
	</controls>
</window>