<?xml version="1.0" encoding="UTF-8"?>
<window>
	<!-- tvchannels / radiochannels -->
	<defaultcontrol always="true">50</defaultcontrol>
	<menucontrol>3000</menucontrol>
	<backgroundcolor>$VAR[Dark_Color]</backgroundcolor>
	<views>50</views>
	<include content="WindowOpenClose_Fade_Delayed_Animation" />
	<controls>
		<include content="MyViews_Common_Controls" />

		<control type="grouplist">
			<control type="radiobutton" id="6" />
			<control type="button" id="28" />
			<control type="label" id="29" />
			<control type="radiobutton" id="31" />
		</control>

	</controls>
</window>